# https://github.com/mikedh/trimesh
v -0.91569301 1.21391457 -0.49741901 0.00000000 0.00000000 0.00000000
v -0.89767499 1.21391457 -0.49741901 0.00000000 0.00000000 0.00000000
v -0.87965697 1.21391457 -0.49741901 0.00000000 0.00000000 0.00000000
v -0.86163896 1.21391457 -0.49741901 0.00000000 0.00000000 0.00000000
v -0.84362094 1.21391457 -0.49741901 0.00000000 0.00000000 0.00000000
v -0.82560292 1.21391457 -0.49741901 0.00000000 0.00000000 0.00000000
v -0.80758490 1.21391457 -0.49741901 0.00000000 0.00000000 0.00000000
v -0.78956688 1.21391457 -0.49741901 0.00000000 0.00000000 0.00000000
v -0.77154887 1.21391457 -0.49741901 0.00000000 0.00000000 0.00000000
v -0.75353085 1.21391457 -0.49741901 0.00000000 0.00000000 0.00000000
v -0.73551283 1.21391457 -0.49741901 0.00000000 0.00000000 0.00000000
v -0.71749481 1.21391457 -0.49741901 0.00000000 0.00000000 0.00000000
v -0.69947679 1.21391457 -0.49741901 0.00000000 0.00000000 0.00000000
v -0.68145878 1.21391457 -0.49741901 0.00000000 0.00000000 0.00000000
v -0.66344076 1.21391457 -0.49741901 0.00000000 0.00000000 0.00000000
v -0.64542274 1.21391457 -0.49741901 0.00000000 0.00000000 0.00000000
v -0.62740472 1.21391457 -0.49741901 0.00000000 0.00000000 0.00000000
v -0.60938670 1.21391457 -0.49741901 0.00000000 0.00000000 0.00000000
v -0.59136869 1.21391457 -0.49741901 0.00000000 0.00000000 0.00000000
v -0.57335067 1.21391457 -0.49741901 0.00000000 0.00000000 0.00000000
v -0.55533265 1.21391457 -0.49741901 0.00000000 0.00000000 0.00000000
v -0.53731463 1.21391457 -0.49741901 0.00000000 0.00000000 0.00000000
v -0.51929661 1.21391457 -0.49741901 0.00000000 0.00000000 0.00000000
v -0.50127860 1.21391457 -0.49741901 0.00000000 0.00000000 0.00000000
v -0.48326058 1.21391457 -0.49741901 0.00000000 0.00000000 0.00000000
v -0.46524256 1.21391457 -0.49741901 0.00000000 0.00000000 0.00000000
v -0.44722454 1.21391457 -0.49741901 0.00000000 0.00000000 0.00000000
v -0.42920652 1.21391457 -0.49741901 0.00000000 0.00000000 0.00000000
v -0.41118851 1.21391457 -0.49741901 0.00000000 0.00000000 0.00000000
v -0.39317049 1.21391457 -0.49741901 0.00000000 0.00000000 0.00000000
v -0.37515247 1.21391457 -0.49741901 0.00000000 0.00000000 0.00000000
v -0.35713445 1.21391457 -0.49741901 0.00000000 0.00000000 0.00000000
v -0.33911643 1.21391457 -0.49741901 0.00000000 0.00000000 0.00000000
v -0.32109842 1.21391457 -0.49741901 0.00000000 0.00000000 0.00000000
v -0.30308040 1.21391457 -0.49741901 0.00000000 0.00000000 0.00000000
v -0.28506238 1.21391457 -0.49741901 0.00000000 0.00000000 0.00000000
v -0.26704436 1.21391457 -0.49741901 0.00000000 0.00000000 0.00000000
v -0.24902634 1.21391457 -0.49741901 0.00000000 0.00000000 0.00000000
v -0.23100833 1.21391457 -0.49741901 0.00000000 0.00000000 0.00000000
v -0.21299031 1.21391457 -0.49741901 0.00000000 0.00000000 0.00000000
v -0.19497229 1.21391457 -0.49741901 0.00000000 0.00000000 0.00000000
v -0.17695427 1.21391457 -0.49741901 0.00000000 0.00000000 0.00000000
v -0.15893625 1.21391457 -0.49741901 0.00000000 0.00000000 0.00000000
v -0.14091824 1.21391457 -0.49741901 0.00000000 0.00000000 0.00000000
v -0.12290022 1.21391457 -0.49741901 0.00000000 0.00000000 0.00000000
v -0.10488220 1.21391457 -0.49741901 0.00000000 0.00000000 0.00000000
v -0.08686418 1.21391457 -0.49741901 0.00000000 0.00000000 0.00000000
v -0.06884616 1.21391457 -0.49741901 0.00000000 0.00000000 0.00000000
v -0.05082815 1.21391457 -0.49741901 0.00000000 0.00000000 0.00000000
v -0.03281013 1.21391457 -0.49741901 0.00000000 0.00000000 0.00000000
v -0.01479211 1.21391457 -0.49741901 0.00000000 0.00000000 0.00000000
v 0.00322591 1.21391457 -0.49741901 0.00000000 0.00000000 0.00000000
v 0.02124393 1.21391457 -0.49741901 0.00000000 0.00000000 0.00000000
v 0.03926195 1.21391457 -0.49741901 0.00000000 0.00000000 0.00000000
v 0.05727996 1.21391457 -0.49741901 0.00000000 0.00000000 0.00000000
v 0.07529798 1.21391457 -0.49741901 0.00000000 0.00000000 0.00000000
v 0.09331600 1.21391457 -0.49741901 0.00000000 0.00000000 0.00000000
v 0.11133402 1.21391457 -0.49741901 0.00000000 0.00000000 0.00000000
v 0.12935204 1.21391457 -0.49741901 0.00000000 0.00000000 0.00000000
v 0.14737005 1.21391457 -0.49741901 0.00000000 0.00000000 0.00000000
v 0.16538807 1.21391457 -0.49741901 0.00000000 0.00000000 0.00000000
v 0.18340609 1.21391457 -0.49741901 0.00000000 0.00000000 0.00000000
v 0.20142411 1.21391457 -0.49741901 0.00000000 0.00000000 0.00000000
v 0.21944213 1.21391457 -0.49741901 0.00000000 0.00000000 0.00000000
v 0.23746014 1.21391457 -0.49741901 0.00000000 0.00000000 0.00000000
v 0.25547816 1.21391457 -0.49741901 0.00000000 0.00000000 0.00000000
v 0.27349618 1.21391457 -0.49741901 0.00000000 0.00000000 0.00000000
v 0.29151420 1.21391457 -0.49741901 0.00000000 0.00000000 0.00000000
v 0.30953222 1.21391457 -0.49741901 0.00000000 0.00000000 0.00000000
v 0.32755023 1.21391457 -0.49741901 0.00000000 0.00000000 0.00000000
v 0.34556825 1.21391457 -0.49741901 0.00000000 0.00000000 0.00000000
v 0.36358627 1.21391457 -0.49741901 0.00000000 0.00000000 0.00000000
v 0.38160429 1.21391457 -0.49741901 0.00000000 0.00000000 0.00000000
v 0.39962231 1.21391457 -0.49741901 0.00000000 0.00000000 0.00000000
v 0.41764032 1.21391457 -0.49741901 0.00000000 0.00000000 0.00000000
v 0.43565834 1.21391457 -0.49741901 0.00000000 0.00000000 0.00000000
v 0.45367636 1.21391457 -0.49741901 0.00000000 0.00000000 0.00000000
v 0.47169438 1.21391457 -0.49741901 0.00000000 0.00000000 0.00000000
v 0.48971240 1.21391457 -0.49741901 0.00000000 0.00000000 0.00000000
v 0.50773041 1.21391457 -0.49741901 0.00000000 0.00000000 0.00000000
v 0.52574843 1.21391457 -0.49741901 0.00000000 0.00000000 0.00000000
v 0.54376645 1.21391457 -0.49741901 0.00000000 0.00000000 0.00000000
v 0.56178447 1.21391457 -0.49741901 0.00000000 0.00000000 0.00000000
v 0.57980249 1.21391457 -0.49741901 0.00000000 0.00000000 0.00000000
v 0.59782050 1.21391457 -0.49741901 0.00000000 0.00000000 0.00000000
v 0.61583852 1.21391457 -0.49741901 0.00000000 0.00000000 0.00000000
v 0.63385654 1.21391457 -0.49741901 0.00000000 0.00000000 0.00000000
v 0.65187456 1.21391457 -0.49741901 0.00000000 0.00000000 0.00000000
v 0.66989258 1.21391457 -0.49741901 0.00000000 0.00000000 0.00000000
v 0.68791059 1.21391457 -0.49741901 0.00000000 0.00000000 0.00000000
v 0.70592861 1.21391457 -0.49741901 0.00000000 0.00000000 0.00000000
v 0.72394663 1.21391457 -0.49741901 0.00000000 0.00000000 0.00000000
v 0.74196465 1.21391457 -0.49741901 0.00000000 0.00000000 0.00000000
v 0.75998267 1.21391457 -0.49741901 0.00000000 0.00000000 0.00000000
v 0.77800068 1.21391457 -0.49741901 0.00000000 0.00000000 0.00000000
v 0.79601870 1.21391457 -0.49741901 0.00000000 0.00000000 0.00000000
v 0.81403672 1.21391457 -0.49741901 0.00000000 0.00000000 0.00000000
v 0.83205474 1.21391457 -0.49741901 0.00000000 0.00000000 0.00000000
v 0.85007276 1.21391457 -0.49741901 0.00000000 0.00000000 0.00000000
v 0.86809077 1.21391457 -0.49741901 0.00000000 0.00000000 0.00000000
v 0.88610879 1.21391457 -0.49741901 0.00000000 0.00000000 0.00000000
v 0.90412681 1.21391457 -0.49741901 0.00000000 0.00000000 0.00000000
v 0.92214483 1.21391457 -0.49741901 0.00000000 0.00000000 0.00000000
v -0.91569301 1.19589655 -0.49741901 0.00000000 0.00000000 0.00000000
v -0.89767499 1.19589655 -0.49741901 0.00000000 0.00000000 0.00000000
v -0.87965697 1.19589655 -0.49741901 0.00000000 0.00000000 0.00000000
v -0.86163896 1.19589655 -0.49741901 0.00000000 0.00000000 0.00000000
v -0.84362094 1.19589655 -0.49741901 0.00000000 0.00000000 0.00000000
v -0.82560292 1.19589655 -0.49741901 0.00000000 0.00000000 0.00000000
v -0.80758490 1.19589655 -0.49741901 0.00000000 0.00000000 0.00000000
v -0.78956688 1.19589655 -0.49741901 0.00000000 0.00000000 0.00000000
v -0.77154887 1.19589655 -0.49741901 0.00000000 0.00000000 0.00000000
v -0.75353085 1.19589655 -0.49741901 0.00000000 0.00000000 0.00000000
v -0.73551283 1.19589655 -0.49741901 0.00000000 0.00000000 0.00000000
v -0.71749481 1.19589655 -0.49741901 0.00000000 0.00000000 0.00000000
v -0.69947679 1.19589655 -0.49741901 0.00000000 0.00000000 0.00000000
v -0.68145878 1.19589655 -0.49741901 0.00000000 0.00000000 0.00000000
v -0.66344076 1.19589655 -0.49741901 0.00000000 0.00000000 0.00000000
v -0.64542274 1.19589655 -0.49741901 0.00000000 0.00000000 0.00000000
v -0.62740472 1.19589655 -0.49741901 0.00000000 0.00000000 0.00000000
v -0.60938670 1.19589655 -0.49741901 0.00000000 0.00000000 0.00000000
v -0.59136869 1.19589655 -0.49741901 0.00000000 0.00000000 0.00000000
v -0.57335067 1.19589655 -0.49741901 0.00000000 0.00000000 0.00000000
v -0.55533265 1.19589655 -0.49741901 0.00000000 0.00000000 0.00000000
v -0.53731463 1.19589655 -0.49741901 0.00000000 0.00000000 0.00000000
v -0.51929661 1.19589655 -0.49741901 0.00000000 0.00000000 0.00000000
v -0.50127860 1.19589655 -0.49741901 0.00000000 0.00000000 0.00000000
v -0.48326058 1.19589655 -0.49741901 0.00000000 0.00000000 0.00000000
v -0.46524256 1.19589655 -0.49741901 0.00000000 0.00000000 0.00000000
v -0.44722454 1.19589655 -0.49741901 0.00000000 0.00000000 0.00000000
v -0.42920652 1.19589655 -0.49741901 0.00000000 0.00000000 0.00000000
v -0.41118851 1.19589655 -0.49741901 0.00000000 0.00000000 0.00000000
v -0.39317049 1.19589655 -0.49741901 0.00000000 0.00000000 0.00000000
v -0.37515247 1.19589655 -0.49741901 0.00000000 0.00000000 0.00000000
v -0.35713445 1.19589655 -0.49741901 0.00000000 0.00000000 0.00000000
v -0.33911643 1.19589655 -0.49741901 0.00000000 0.00000000 0.00000000
v -0.32109842 1.19589655 -0.49741901 0.00000000 0.00000000 0.00000000
v -0.30308040 1.19589655 -0.49741901 0.00000000 0.00000000 0.00000000
v -0.28506238 1.19589655 -0.49741901 0.00000000 0.00000000 0.00000000
v -0.26704436 1.19589655 -0.49741901 0.00000000 0.00000000 0.00000000
v -0.24902634 1.19589655 -0.49741901 0.00000000 0.00000000 0.00000000
v -0.23100833 1.19589655 -0.49741901 0.00000000 0.00000000 0.00000000
v -0.21299031 1.19589655 -0.49741901 0.00000000 0.00000000 0.00000000
v -0.19497229 1.19589655 -0.49741901 0.00000000 0.00000000 0.00000000
v -0.17695427 1.19589655 -0.49741901 0.00000000 0.00000000 0.00000000
v -0.15893625 1.19589655 -0.49741901 0.00000000 0.00000000 0.00000000
v -0.14091824 1.19589655 -0.49741901 0.00000000 0.00000000 0.00000000
v -0.12290022 1.19589655 -0.49741901 0.00000000 0.00000000 0.00000000
v -0.10488220 1.19589655 -0.49741901 0.00000000 0.00000000 0.00000000
v -0.08686418 1.19589655 -0.49741901 0.00000000 0.00000000 0.00000000
v -0.06884616 1.19589655 -0.49741901 0.00000000 0.00000000 0.00000000
v -0.05082815 1.19589655 -0.49741901 0.00000000 0.00000000 0.00000000
v -0.03281013 1.19589655 -0.49741901 0.00000000 0.00000000 0.00000000
v -0.01479211 1.19589655 -0.49741901 0.00000000 0.00000000 0.00000000
v 0.00322591 1.19589655 -0.49741901 0.00000000 0.00000000 0.00000000
v 0.02124393 1.19589655 -0.49741901 0.00000000 0.00000000 0.00000000
v 0.03926195 1.19589655 -0.49741901 0.00000000 0.00000000 0.00000000
v 0.05727996 1.19589655 -0.49741901 0.00000000 0.00000000 0.00000000
v 0.07529798 1.19589655 -0.49741901 0.00000000 0.00000000 0.00000000
v 0.09331600 1.19589655 -0.49741901 0.00000000 0.00000000 0.00000000
v 0.11133402 1.19589655 -0.49741901 0.00000000 0.00000000 0.00000000
v 0.12935204 1.19589655 -0.49741901 0.00000000 0.00000000 0.00000000
v 0.14737005 1.19589655 -0.49741901 0.00000000 0.00000000 0.00000000
v 0.16538807 1.19589655 -0.49741901 0.00000000 0.00000000 0.00000000
v 0.18340609 1.19589655 -0.49741901 0.00000000 0.00000000 0.00000000
v 0.20142411 1.19589655 -0.49741901 0.00000000 0.00000000 0.00000000
v 0.21944213 1.19589655 -0.49741901 0.00000000 0.00000000 0.00000000
v 0.23746014 1.19589655 -0.49741901 0.00000000 0.00000000 0.00000000
v 0.25547816 1.19589655 -0.49741901 0.00000000 0.00000000 0.00000000
v 0.27349618 1.19589655 -0.49741901 0.00000000 0.00000000 0.00000000
v 0.29151420 1.19589655 -0.49741901 0.00000000 0.00000000 0.00000000
v 0.30953222 1.19589655 -0.49741901 0.00000000 0.00000000 0.00000000
v 0.32755023 1.19589655 -0.49741901 0.00000000 0.00000000 0.00000000
v 0.34556825 1.19589655 -0.49741901 0.00000000 0.00000000 0.00000000
v 0.36358627 1.19589655 -0.49741901 0.00000000 0.00000000 0.00000000
v 0.38160429 1.19589655 -0.49741901 0.00000000 0.00000000 0.00000000
v 0.39962231 1.19589655 -0.49741901 0.00000000 0.00000000 0.00000000
v 0.41764032 1.19589655 -0.49741901 0.00000000 0.00000000 0.00000000
v 0.43565834 1.19589655 -0.49741901 0.00000000 0.00000000 0.00000000
v 0.45367636 1.19589655 -0.49741901 0.00000000 0.00000000 0.00000000
v 0.47169438 1.19589655 -0.49741901 0.00000000 0.00000000 0.00000000
v 0.48971240 1.19589655 -0.49741901 0.00000000 0.00000000 0.00000000
v 0.50773041 1.19589655 -0.49741901 0.00000000 0.00000000 0.00000000
v 0.52574843 1.19589655 -0.49741901 0.00000000 0.00000000 0.00000000
v 0.54376645 1.19589655 -0.49741901 0.00000000 0.00000000 0.00000000
v 0.56178447 1.19589655 -0.49741901 0.00000000 0.00000000 0.00000000
v 0.57980249 1.19589655 -0.49741901 0.00000000 0.00000000 0.00000000
v 0.59782050 1.19589655 -0.49741901 0.00000000 0.00000000 0.00000000
v 0.61583852 1.19589655 -0.49741901 0.00000000 0.00000000 0.00000000
v 0.63385654 1.19589655 -0.49741901 0.00000000 0.00000000 0.00000000
v 0.65187456 1.19589655 -0.49741901 0.00000000 0.00000000 0.00000000
v 0.66989258 1.19589655 -0.49741901 0.00000000 0.00000000 0.00000000
v 0.68791059 1.19589655 -0.49741901 0.00000000 0.00000000 0.00000000
v 0.70592861 1.19589655 -0.49741901 0.00000000 0.00000000 0.00000000
v 0.72394663 1.19589655 -0.49741901 0.00000000 0.00000000 0.00000000
v 0.74196465 1.19589655 -0.49741901 0.00000000 0.00000000 0.00000000
v 0.75998267 1.19589655 -0.49741901 0.00000000 0.00000000 0.00000000
v 0.77800068 1.19589655 -0.49741901 0.00000000 0.00000000 0.00000000
v 0.79601870 1.19589655 -0.49741901 0.00000000 0.00000000 0.00000000
v 0.81403672 1.19589655 -0.49741901 0.00000000 0.00000000 0.00000000
v 0.83205474 1.19589655 -0.49741901 0.00000000 0.00000000 0.00000000
v 0.85007276 1.19589655 -0.49741901 0.00000000 0.00000000 0.00000000
v 0.86809077 1.19589655 -0.49741901 0.00000000 0.00000000 0.00000000
v 0.88610879 1.19589655 -0.49741901 0.00000000 0.00000000 0.00000000
v 0.90412681 1.19589655 -0.49741901 0.00000000 0.00000000 0.00000000
v 0.92214483 1.19589655 -0.49741901 0.00000000 0.00000000 0.00000000
v -0.91569301 1.17787854 -0.49741901 0.00000000 0.00000000 0.00000000
v -0.89767499 1.17787854 -0.49741901 0.00000000 0.00000000 0.00000000
v -0.87965697 1.17787854 -0.49741901 0.00000000 0.00000000 0.00000000
v -0.86163896 1.17787854 -0.49741901 0.00000000 0.00000000 0.00000000
v -0.84362094 1.17787854 -0.49741901 0.00000000 0.00000000 0.00000000
v -0.82560292 1.17787854 -0.49741901 0.00000000 0.00000000 0.00000000
v -0.80758490 1.17787854 -0.49741901 0.00000000 0.00000000 0.00000000
v -0.78956688 1.17787854 -0.49741901 0.00000000 0.00000000 0.00000000
v -0.77154887 1.17787854 -0.49741901 0.00000000 0.00000000 0.00000000
v -0.75353085 1.17787854 -0.49741901 0.00000000 0.00000000 0.00000000
v -0.73551283 1.17787854 -0.49741901 0.00000000 0.00000000 0.00000000
v -0.71749481 1.17787854 -0.49741901 0.00000000 0.00000000 0.00000000
v -0.69947679 1.17787854 -0.49741901 0.00000000 0.00000000 0.00000000
v -0.68145878 1.17787854 -0.49741901 0.00000000 0.00000000 0.00000000
v -0.66344076 1.17787854 -0.49741901 0.00000000 0.00000000 0.00000000
v -0.64542274 1.17787854 -0.49741901 0.00000000 0.00000000 0.00000000
v -0.62740472 1.17787854 -0.49741901 0.00000000 0.00000000 0.00000000
v -0.60938670 1.17787854 -0.49741901 0.00000000 0.00000000 0.00000000
v -0.59136869 1.17787854 -0.49741901 0.00000000 0.00000000 0.00000000
v -0.57335067 1.17787854 -0.49741901 0.00000000 0.00000000 0.00000000
v -0.55533265 1.17787854 -0.49741901 0.00000000 0.00000000 0.00000000
v -0.53731463 1.17787854 -0.49741901 0.00000000 0.00000000 0.00000000
v -0.51929661 1.17787854 -0.49741901 0.00000000 0.00000000 0.00000000
v -0.50127860 1.17787854 -0.49741901 0.00000000 0.00000000 0.00000000
v -0.48326058 1.17787854 -0.49741901 0.00000000 0.00000000 0.00000000
v -0.46524256 1.17787854 -0.49741901 0.00000000 0.00000000 0.00000000
v -0.44722454 1.17787854 -0.49741901 0.00000000 0.00000000 0.00000000
v -0.42920652 1.17787854 -0.49741901 0.00000000 0.00000000 0.00000000
v -0.41118851 1.17787854 -0.49741901 0.00000000 0.00000000 0.00000000
v -0.39317049 1.17787854 -0.49741901 0.00000000 0.00000000 0.00000000
v -0.37515247 1.17787854 -0.49741901 0.00000000 0.00000000 0.00000000
v -0.35713445 1.17787854 -0.49741901 0.00000000 0.00000000 0.00000000
v -0.33911643 1.17787854 -0.49741901 0.00000000 0.00000000 0.00000000
v -0.32109842 1.17787854 -0.49741901 0.00000000 0.00000000 0.00000000
v -0.30308040 1.17787854 -0.49741901 0.00000000 0.00000000 0.00000000
v -0.28506238 1.17787854 -0.49741901 0.00000000 0.00000000 0.00000000
v -0.26704436 1.17787854 -0.49741901 0.00000000 0.00000000 0.00000000
v -0.24902634 1.17787854 -0.49741901 0.00000000 0.00000000 0.00000000
v -0.23100833 1.17787854 -0.49741901 0.00000000 0.00000000 0.00000000
v -0.21299031 1.17787854 -0.49741901 0.00000000 0.00000000 0.00000000
v -0.19497229 1.17787854 -0.49741901 0.00000000 0.00000000 0.00000000
v -0.17695427 1.17787854 -0.49741901 0.00000000 0.00000000 0.00000000
v -0.15893625 1.17787854 -0.49741901 0.00000000 0.00000000 0.00000000
v -0.14091824 1.17787854 -0.49741901 0.00000000 0.00000000 0.00000000
v -0.12290022 1.17787854 -0.49741901 0.00000000 0.00000000 0.00000000
v -0.10488220 1.17787854 -0.49741901 0.00000000 0.00000000 0.00000000
v -0.08686418 1.17787854 -0.49741901 0.00000000 0.00000000 0.00000000
v -0.06884616 1.17787854 -0.49741901 0.00000000 0.00000000 0.00000000
v -0.05082815 1.17787854 -0.49741901 0.00000000 0.00000000 0.00000000
v -0.03281013 1.17787854 -0.49741901 0.00000000 0.00000000 0.00000000
v -0.01479211 1.17787854 -0.49741901 0.00000000 0.00000000 0.00000000
v 0.00322591 1.17787854 -0.49741901 0.00000000 0.00000000 0.00000000
v 0.02124393 1.17787854 -0.49741901 0.00000000 0.00000000 0.00000000
v 0.03926195 1.17787854 -0.49741901 0.00000000 0.00000000 0.00000000
v 0.05727996 1.17787854 -0.49741901 0.00000000 0.00000000 0.00000000
v 0.07529798 1.17787854 -0.49741901 0.00000000 0.00000000 0.00000000
v 0.09331600 1.17787854 -0.49741901 0.00000000 0.00000000 0.00000000
v 0.11133402 1.17787854 -0.49741901 0.00000000 0.00000000 0.00000000
v 0.12935204 1.17787854 -0.49741901 0.00000000 0.00000000 0.00000000
v 0.14737005 1.17787854 -0.49741901 0.00000000 0.00000000 0.00000000
v 0.16538807 1.17787854 -0.49741901 0.00000000 0.00000000 0.00000000
v 0.18340609 1.17787854 -0.49741901 0.00000000 0.00000000 0.00000000
v 0.20142411 1.17787854 -0.49741901 0.00000000 0.00000000 0.00000000
v 0.21944213 1.17787854 -0.49741901 0.00000000 0.00000000 0.00000000
v 0.23746014 1.17787854 -0.49741901 0.00000000 0.00000000 0.00000000
v 0.25547816 1.17787854 -0.49741901 0.00000000 0.00000000 0.00000000
v 0.27349618 1.17787854 -0.49741901 0.00000000 0.00000000 0.00000000
v 0.29151420 1.17787854 -0.49741901 0.00000000 0.00000000 0.00000000
v 0.30953222 1.17787854 -0.49741901 0.00000000 0.00000000 0.00000000
v 0.32755023 1.17787854 -0.49741901 0.00000000 0.00000000 0.00000000
v 0.34556825 1.17787854 -0.49741901 0.00000000 0.00000000 0.00000000
v 0.36358627 1.17787854 -0.49741901 0.00000000 0.00000000 0.00000000
v 0.38160429 1.17787854 -0.49741901 0.00000000 0.00000000 0.00000000
v 0.39962231 1.17787854 -0.49741901 0.00000000 0.00000000 0.00000000
v 0.41764032 1.17787854 -0.49741901 0.00000000 0.00000000 0.00000000
v 0.43565834 1.17787854 -0.49741901 0.00000000 0.00000000 0.00000000
v 0.45367636 1.17787854 -0.49741901 0.00000000 0.00000000 0.00000000
v 0.47169438 1.17787854 -0.49741901 0.00000000 0.00000000 0.00000000
v 0.48971240 1.17787854 -0.49741901 0.00000000 0.00000000 0.00000000
v 0.50773041 1.17787854 -0.49741901 0.00000000 0.00000000 0.00000000
v 0.52574843 1.17787854 -0.49741901 0.00000000 0.00000000 0.00000000
v 0.54376645 1.17787854 -0.49741901 0.00000000 0.00000000 0.00000000
v 0.56178447 1.17787854 -0.49741901 0.00000000 0.00000000 0.00000000
v 0.57980249 1.17787854 -0.49741901 0.00000000 0.00000000 0.00000000
v 0.59782050 1.17787854 -0.49741901 0.00000000 0.00000000 0.00000000
v 0.61583852 1.17787854 -0.49741901 0.00000000 0.00000000 0.00000000
v 0.63385654 1.17787854 -0.49741901 0.00000000 0.00000000 0.00000000
v 0.65187456 1.17787854 -0.49741901 0.00000000 0.00000000 0.00000000
v 0.66989258 1.17787854 -0.49741901 0.00000000 0.00000000 0.00000000
v 0.68791059 1.17787854 -0.49741901 0.00000000 0.00000000 0.00000000
v 0.70592861 1.17787854 -0.49741901 0.00000000 0.00000000 0.00000000
v 0.72394663 1.17787854 -0.49741901 0.00000000 0.00000000 0.00000000
v 0.74196465 1.17787854 -0.49741901 0.00000000 0.00000000 0.00000000
v 0.75998267 1.17787854 -0.49741901 0.00000000 0.00000000 0.00000000
v 0.77800068 1.17787854 -0.49741901 0.00000000 0.00000000 0.00000000
v 0.79601870 1.17787854 -0.49741901 0.00000000 0.00000000 0.00000000
v 0.81403672 1.17787854 -0.49741901 0.00000000 0.00000000 0.00000000
v 0.83205474 1.17787854 -0.49741901 0.00000000 0.00000000 0.00000000
v 0.85007276 1.17787854 -0.49741901 0.00000000 0.00000000 0.00000000
v 0.86809077 1.17787854 -0.49741901 0.00000000 0.00000000 0.00000000
v 0.88610879 1.17787854 -0.49741901 0.00000000 0.00000000 0.00000000
v 0.90412681 1.17787854 -0.49741901 0.00000000 0.00000000 0.00000000
v 0.92214483 1.17787854 -0.49741901 0.00000000 0.00000000 0.00000000
v -0.91569301 1.15986052 -0.49741901 0.00000000 0.00000000 0.00000000
v -0.89767499 1.15986052 -0.49741901 0.00000000 0.00000000 0.00000000
v -0.87965697 1.15986052 -0.49741901 0.00000000 0.00000000 0.00000000
v -0.86163896 1.15986052 -0.49741901 0.00000000 0.00000000 0.00000000
v -0.84362094 1.15986052 -0.49741901 0.00000000 0.00000000 0.00000000
v -0.82560292 1.15986052 -0.49741901 0.00000000 0.00000000 0.00000000
v -0.80758490 1.15986052 -0.49741901 0.00000000 0.00000000 0.00000000
v -0.78956688 1.15986052 -0.49741901 0.00000000 0.00000000 0.00000000
v -0.77154887 1.15986052 -0.49741901 0.00000000 0.00000000 0.00000000
v -0.75353085 1.15986052 -0.49741901 0.00000000 0.00000000 0.00000000
v -0.73551283 1.15986052 -0.49741901 0.00000000 0.00000000 0.00000000
v -0.71749481 1.15986052 -0.49741901 0.00000000 0.00000000 0.00000000
v -0.69947679 1.15986052 -0.49741901 0.00000000 0.00000000 0.00000000
v -0.68145878 1.15986052 -0.49741901 0.00000000 0.00000000 0.00000000
v -0.66344076 1.15986052 -0.49741901 0.00000000 0.00000000 0.00000000
v -0.64542274 1.15986052 -0.49741901 0.00000000 0.00000000 0.00000000
v -0.62740472 1.15986052 -0.49741901 0.00000000 0.00000000 0.00000000
v -0.60938670 1.15986052 -0.49741901 0.00000000 0.00000000 0.00000000
v -0.59136869 1.15986052 -0.49741901 0.00000000 0.00000000 0.00000000
v -0.57335067 1.15986052 -0.49741901 0.00000000 0.00000000 0.00000000
v -0.55533265 1.15986052 -0.49741901 0.00000000 0.00000000 0.00000000
v -0.53731463 1.15986052 -0.49741901 0.00000000 0.00000000 0.00000000
v -0.51929661 1.15986052 -0.49741901 0.00000000 0.00000000 0.00000000
v -0.50127860 1.15986052 -0.49741901 0.00000000 0.00000000 0.00000000
v -0.48326058 1.15986052 -0.49741901 0.00000000 0.00000000 0.00000000
v -0.46524256 1.15986052 -0.49741901 0.00000000 0.00000000 0.00000000
v -0.44722454 1.15986052 -0.49741901 0.00000000 0.00000000 0.00000000
v -0.42920652 1.15986052 -0.49741901 0.00000000 0.00000000 0.00000000
v -0.41118851 1.15986052 -0.49741901 0.00000000 0.00000000 0.00000000
v -0.39317049 1.15986052 -0.49741901 0.00000000 0.00000000 0.00000000
v -0.37515247 1.15986052 -0.49741901 0.00000000 0.00000000 0.00000000
v -0.35713445 1.15986052 -0.49741901 0.00000000 0.00000000 0.00000000
v -0.33911643 1.15986052 -0.49741901 0.00000000 0.00000000 0.00000000
v -0.32109842 1.15986052 -0.49741901 0.00000000 0.00000000 0.00000000
v -0.30308040 1.15986052 -0.49741901 0.00000000 0.00000000 0.00000000
v -0.28506238 1.15986052 -0.49741901 0.00000000 0.00000000 0.00000000
v -0.26704436 1.15986052 -0.49741901 0.00000000 0.00000000 0.00000000
v -0.24902634 1.15986052 -0.49741901 0.00000000 0.00000000 0.00000000
v -0.23100833 1.15986052 -0.49741901 0.00000000 0.00000000 0.00000000
v -0.21299031 1.15986052 -0.49741901 0.00000000 0.00000000 0.00000000
v -0.19497229 1.15986052 -0.49741901 0.00000000 0.00000000 0.00000000
v -0.17695427 1.15986052 -0.49741901 0.00000000 0.00000000 0.00000000
v -0.15893625 1.15986052 -0.49741901 0.00000000 0.00000000 0.00000000
v -0.14091824 1.15986052 -0.49741901 0.00000000 0.00000000 0.00000000
v -0.12290022 1.15986052 -0.49741901 0.00000000 0.00000000 0.00000000
v -0.10488220 1.15986052 -0.49741901 0.00000000 0.00000000 0.00000000
v -0.08686418 1.15986052 -0.49741901 0.00000000 0.00000000 0.00000000
v -0.06884616 1.15986052 -0.49741901 0.00000000 0.00000000 0.00000000
v -0.05082815 1.15986052 -0.49741901 0.00000000 0.00000000 0.00000000
v -0.03281013 1.15986052 -0.49741901 0.00000000 0.00000000 0.00000000
v -0.01479211 1.15986052 -0.49741901 0.00000000 0.00000000 0.00000000
v 0.00322591 1.15986052 -0.49741901 0.00000000 0.00000000 0.00000000
v 0.02124393 1.15986052 -0.49741901 0.00000000 0.00000000 0.00000000
v 0.03926195 1.15986052 -0.49741901 0.00000000 0.00000000 0.00000000
v 0.05727996 1.15986052 -0.49741901 0.00000000 0.00000000 0.00000000
v 0.07529798 1.15986052 -0.49741901 0.00000000 0.00000000 0.00000000
v 0.09331600 1.15986052 -0.49741901 0.00000000 0.00000000 0.00000000
v 0.11133402 1.15986052 -0.49741901 0.00000000 0.00000000 0.00000000
v 0.12935204 1.15986052 -0.49741901 0.00000000 0.00000000 0.00000000
v 0.14737005 1.15986052 -0.49741901 0.00000000 0.00000000 0.00000000
v 0.16538807 1.15986052 -0.49741901 0.00000000 0.00000000 0.00000000
v 0.18340609 1.15986052 -0.49741901 0.00000000 0.00000000 0.00000000
v 0.20142411 1.15986052 -0.49741901 0.00000000 0.00000000 0.00000000
v 0.21944213 1.15986052 -0.49741901 0.00000000 0.00000000 0.00000000
v 0.23746014 1.15986052 -0.49741901 0.00000000 0.00000000 0.00000000
v 0.25547816 1.15986052 -0.49741901 0.00000000 0.00000000 0.00000000
v 0.27349618 1.15986052 -0.49741901 0.00000000 0.00000000 0.00000000
v 0.29151420 1.15986052 -0.49741901 0.00000000 0.00000000 0.00000000
v 0.30953222 1.15986052 -0.49741901 0.00000000 0.00000000 0.00000000
v 0.32755023 1.15986052 -0.49741901 0.00000000 0.00000000 0.00000000
v 0.34556825 1.15986052 -0.49741901 0.00000000 0.00000000 0.00000000
v 0.36358627 1.15986052 -0.49741901 0.00000000 0.00000000 0.00000000
v 0.38160429 1.15986052 -0.49741901 0.00000000 0.00000000 0.00000000
v 0.39962231 1.15986052 -0.49741901 0.00000000 0.00000000 0.00000000
v 0.41764032 1.15986052 -0.49741901 0.00000000 0.00000000 0.00000000
v 0.43565834 1.15986052 -0.49741901 0.00000000 0.00000000 0.00000000
v 0.45367636 1.15986052 -0.49741901 0.00000000 0.00000000 0.00000000
v 0.47169438 1.15986052 -0.49741901 0.00000000 0.00000000 0.00000000
v 0.48971240 1.15986052 -0.49741901 0.00000000 0.00000000 0.00000000
v 0.50773041 1.15986052 -0.49741901 0.00000000 0.00000000 0.00000000
v 0.52574843 1.15986052 -0.49741901 0.00000000 0.00000000 0.00000000
v 0.54376645 1.15986052 -0.49741901 0.00000000 0.00000000 0.00000000
v 0.56178447 1.15986052 -0.49741901 0.00000000 0.00000000 0.00000000
v 0.57980249 1.15986052 -0.49741901 0.00000000 0.00000000 0.00000000
v 0.59782050 1.15986052 -0.49741901 0.00000000 0.00000000 0.00000000
v 0.61583852 1.15986052 -0.49741901 0.00000000 0.00000000 0.00000000
v 0.63385654 1.15986052 -0.49741901 0.00000000 0.00000000 0.00000000
v 0.65187456 1.15986052 -0.49741901 0.00000000 0.00000000 0.00000000
v 0.66989258 1.15986052 -0.49741901 0.00000000 0.00000000 0.00000000
v 0.68791059 1.15986052 -0.49741901 0.00000000 0.00000000 0.00000000
v 0.70592861 1.15986052 -0.49741901 0.00000000 0.00000000 0.00000000
v 0.72394663 1.15986052 -0.49741901 0.00000000 0.00000000 0.00000000
v 0.74196465 1.15986052 -0.49741901 0.00000000 0.00000000 0.00000000
v 0.75998267 1.15986052 -0.49741901 0.00000000 0.00000000 0.00000000
v 0.77800068 1.15986052 -0.49741901 0.00000000 0.00000000 0.00000000
v 0.79601870 1.15986052 -0.49741901 0.00000000 0.00000000 0.00000000
v 0.81403672 1.15986052 -0.49741901 0.00000000 0.00000000 0.00000000
v 0.83205474 1.15986052 -0.49741901 0.00000000 0.00000000 0.00000000
v 0.85007276 1.15986052 -0.49741901 0.00000000 0.00000000 0.00000000
v 0.86809077 1.15986052 -0.49741901 0.00000000 0.00000000 0.00000000
v 0.88610879 1.15986052 -0.49741901 0.00000000 0.00000000 0.00000000
v 0.90412681 1.15986052 -0.49741901 0.00000000 0.00000000 0.00000000
v 0.92214483 1.15986052 -0.49741901 0.00000000 0.00000000 0.00000000
v -0.91569301 1.14184250 -0.49741901 0.00000000 0.00000000 0.00000000
v -0.89767499 1.14184250 -0.49741901 0.00000000 0.00000000 0.00000000
v -0.87965697 1.14184250 -0.49741901 0.00000000 0.00000000 0.00000000
v -0.86163896 1.14184250 -0.49741901 0.00000000 0.00000000 0.00000000
v -0.84362094 1.14184250 -0.49741901 0.00000000 0.00000000 0.00000000
v -0.82560292 1.14184250 -0.49741901 0.00000000 0.00000000 0.00000000
v -0.80758490 1.14184250 -0.49741901 0.00000000 0.00000000 0.00000000
v -0.78956688 1.14184250 -0.49741901 0.00000000 0.00000000 0.00000000
v -0.77154887 1.14184250 -0.49741901 0.00000000 0.00000000 0.00000000
v -0.75353085 1.14184250 -0.49741901 0.00000000 0.00000000 0.00000000
v -0.73551283 1.14184250 -0.49741901 0.00000000 0.00000000 0.00000000
v -0.71749481 1.14184250 -0.49741901 0.00000000 0.00000000 0.00000000
v -0.69947679 1.14184250 -0.49741901 0.00000000 0.00000000 0.00000000
v -0.68145878 1.14184250 -0.49741901 0.00000000 0.00000000 0.00000000
v -0.66344076 1.14184250 -0.49741901 0.00000000 0.00000000 0.00000000
v -0.64542274 1.14184250 -0.49741901 0.00000000 0.00000000 0.00000000
v -0.62740472 1.14184250 -0.49741901 0.00000000 0.00000000 0.00000000
v -0.60938670 1.14184250 -0.49741901 0.00000000 0.00000000 0.00000000
v -0.59136869 1.14184250 -0.49741901 0.00000000 0.00000000 0.00000000
v -0.57335067 1.14184250 -0.49741901 0.00000000 0.00000000 0.00000000
v -0.55533265 1.14184250 -0.49741901 0.00000000 0.00000000 0.00000000
v -0.53731463 1.14184250 -0.49741901 0.00000000 0.00000000 0.00000000
v -0.51929661 1.14184250 -0.49741901 0.00000000 0.00000000 0.00000000
v -0.50127860 1.14184250 -0.49741901 0.00000000 0.00000000 0.00000000
v -0.48326058 1.14184250 -0.49741901 0.00000000 0.00000000 0.00000000
v -0.46524256 1.14184250 -0.49741901 0.00000000 0.00000000 0.00000000
v -0.44722454 1.14184250 -0.49741901 0.00000000 0.00000000 0.00000000
v -0.42920652 1.14184250 -0.49741901 0.00000000 0.00000000 0.00000000
v -0.41118851 1.14184250 -0.49741901 0.00000000 0.00000000 0.00000000
v -0.39317049 1.14184250 -0.49741901 0.00000000 0.00000000 0.00000000
v -0.37515247 1.14184250 -0.49741901 0.00000000 0.00000000 0.00000000
v -0.35713445 1.14184250 -0.49741901 0.00000000 0.00000000 0.00000000
v -0.33911643 1.14184250 -0.49741901 0.00000000 0.00000000 0.00000000
v -0.32109842 1.14184250 -0.49741901 0.00000000 0.00000000 0.00000000
v -0.30308040 1.14184250 -0.49741901 0.00000000 0.00000000 0.00000000
v -0.28506238 1.14184250 -0.49741901 0.00000000 0.00000000 0.00000000
v -0.26704436 1.14184250 -0.49741901 0.00000000 0.00000000 0.00000000
v -0.24902634 1.14184250 -0.49741901 0.00000000 0.00000000 0.00000000
v -0.23100833 1.14184250 -0.49741901 0.00000000 0.00000000 0.00000000
v -0.21299031 1.14184250 -0.49741901 0.00000000 0.00000000 0.00000000
v -0.19497229 1.14184250 -0.49741901 0.00000000 0.00000000 0.00000000
v -0.17695427 1.14184250 -0.49741901 0.00000000 0.00000000 0.00000000
v -0.15893625 1.14184250 -0.49741901 0.00000000 0.00000000 0.00000000
v -0.14091824 1.14184250 -0.49741901 0.00000000 0.00000000 0.00000000
v -0.12290022 1.14184250 -0.49741901 0.00000000 0.00000000 0.00000000
v -0.10488220 1.14184250 -0.49741901 0.00000000 0.00000000 0.00000000
v -0.08686418 1.14184250 -0.49741901 0.00000000 0.00000000 0.00000000
v -0.06884616 1.14184250 -0.49741901 0.00000000 0.00000000 0.00000000
v -0.05082815 1.14184250 -0.49741901 0.00000000 0.00000000 0.00000000
v -0.03281013 1.14184250 -0.49741901 0.00000000 0.00000000 0.00000000
v -0.01479211 1.14184250 -0.49741901 0.00000000 0.00000000 0.00000000
v 0.00322591 1.14184250 -0.49741901 0.00000000 0.00000000 0.00000000
v 0.02124393 1.14184250 -0.49741901 0.00000000 0.00000000 0.00000000
v 0.03926195 1.14184250 -0.49741901 0.00000000 0.00000000 0.00000000
v 0.05727996 1.14184250 -0.49741901 0.00000000 0.00000000 0.00000000
v 0.07529798 1.14184250 -0.49741901 0.00000000 0.00000000 0.00000000
v 0.09331600 1.14184250 -0.49741901 0.00000000 0.00000000 0.00000000
v 0.11133402 1.14184250 -0.49741901 0.00000000 0.00000000 0.00000000
v 0.12935204 1.14184250 -0.49741901 0.00000000 0.00000000 0.00000000
v 0.14737005 1.14184250 -0.49741901 0.00000000 0.00000000 0.00000000
v 0.16538807 1.14184250 -0.49741901 0.00000000 0.00000000 0.00000000
v 0.18340609 1.14184250 -0.49741901 0.00000000 0.00000000 0.00000000
v 0.20142411 1.14184250 -0.49741901 0.00000000 0.00000000 0.00000000
v 0.21944213 1.14184250 -0.49741901 0.00000000 0.00000000 0.00000000
v 0.23746014 1.14184250 -0.49741901 0.00000000 0.00000000 0.00000000
v 0.25547816 1.14184250 -0.49741901 0.00000000 0.00000000 0.00000000
v 0.27349618 1.14184250 -0.49741901 0.00000000 0.00000000 0.00000000
v 0.29151420 1.14184250 -0.49741901 0.00000000 0.00000000 0.00000000
v 0.30953222 1.14184250 -0.49741901 0.00000000 0.00000000 0.00000000
v 0.32755023 1.14184250 -0.49741901 0.00000000 0.00000000 0.00000000
v 0.34556825 1.14184250 -0.49741901 0.00000000 0.00000000 0.00000000
v 0.36358627 1.14184250 -0.49741901 0.00000000 0.00000000 0.00000000
v 0.38160429 1.14184250 -0.49741901 0.00000000 0.00000000 0.00000000
v 0.39962231 1.14184250 -0.49741901 0.00000000 0.00000000 0.00000000
v 0.41764032 1.14184250 -0.49741901 0.00000000 0.00000000 0.00000000
v 0.43565834 1.14184250 -0.49741901 0.00000000 0.00000000 0.00000000
v 0.45367636 1.14184250 -0.49741901 0.00000000 0.00000000 0.00000000
v 0.47169438 1.14184250 -0.49741901 0.00000000 0.00000000 0.00000000
v 0.48971240 1.14184250 -0.49741901 0.00000000 0.00000000 0.00000000
v 0.50773041 1.14184250 -0.49741901 0.00000000 0.00000000 0.00000000
v 0.52574843 1.14184250 -0.49741901 0.00000000 0.00000000 0.00000000
v 0.54376645 1.14184250 -0.49741901 0.00000000 0.00000000 0.00000000
v 0.56178447 1.14184250 -0.49741901 0.00000000 0.00000000 0.00000000
v 0.57980249 1.14184250 -0.49741901 0.00000000 0.00000000 0.00000000
v 0.59782050 1.14184250 -0.49741901 0.00000000 0.00000000 0.00000000
v 0.61583852 1.14184250 -0.49741901 0.00000000 0.00000000 0.00000000
v 0.63385654 1.14184250 -0.49741901 0.00000000 0.00000000 0.00000000
v 0.65187456 1.14184250 -0.49741901 0.00000000 0.00000000 0.00000000
v 0.66989258 1.14184250 -0.49741901 0.00000000 0.00000000 0.00000000
v 0.68791059 1.14184250 -0.49741901 0.00000000 0.00000000 0.00000000
v 0.70592861 1.14184250 -0.49741901 0.00000000 0.00000000 0.00000000
v 0.72394663 1.14184250 -0.49741901 0.00000000 0.00000000 0.00000000
v 0.74196465 1.14184250 -0.49741901 0.00000000 0.00000000 0.00000000
v 0.75998267 1.14184250 -0.49741901 0.00000000 0.00000000 0.00000000
v 0.77800068 1.14184250 -0.49741901 0.00000000 0.00000000 0.00000000
v 0.79601870 1.14184250 -0.49741901 0.00000000 0.00000000 0.00000000
v 0.81403672 1.14184250 -0.49741901 0.00000000 0.00000000 0.00000000
v 0.83205474 1.14184250 -0.49741901 0.00000000 0.00000000 0.00000000
v 0.85007276 1.14184250 -0.49741901 0.00000000 0.00000000 0.00000000
v 0.86809077 1.14184250 -0.49741901 0.00000000 0.00000000 0.00000000
v 0.88610879 1.14184250 -0.49741901 0.00000000 0.00000000 0.00000000
v 0.90412681 1.14184250 -0.49741901 0.00000000 0.00000000 0.00000000
v 0.92214483 1.14184250 -0.49741901 0.00000000 0.00000000 0.00000000
v -0.91569301 1.12382448 -0.49741901 0.00000000 0.00000000 0.00000000
v -0.89767499 1.12382448 -0.49741901 0.00000000 0.00000000 0.00000000
v -0.87965697 1.12382448 -0.49741901 0.00000000 0.00000000 0.00000000
v -0.86163896 1.12382448 -0.49741901 0.00000000 0.00000000 0.00000000
v -0.84362094 1.12382448 -0.49741901 0.00000000 0.00000000 0.00000000
v -0.82560292 1.12382448 -0.49741901 0.00000000 0.00000000 0.00000000
v -0.80758490 1.12382448 -0.49741901 0.00000000 0.00000000 0.00000000
v -0.78956688 1.12382448 -0.49741901 0.00000000 0.00000000 0.00000000
v -0.77154887 1.12382448 -0.49741901 0.00000000 0.00000000 0.00000000
v -0.75353085 1.12382448 -0.49741901 0.00000000 0.00000000 0.00000000
v -0.73551283 1.12382448 -0.49741901 0.00000000 0.00000000 0.00000000
v -0.71749481 1.12382448 -0.49741901 0.00000000 0.00000000 0.00000000
v -0.69947679 1.12382448 -0.49741901 0.00000000 0.00000000 0.00000000
v -0.68145878 1.12382448 -0.49741901 0.00000000 0.00000000 0.00000000
v -0.66344076 1.12382448 -0.49741901 0.00000000 0.00000000 0.00000000
v -0.64542274 1.12382448 -0.49741901 0.00000000 0.00000000 0.00000000
v -0.62740472 1.12382448 -0.49741901 0.00000000 0.00000000 0.00000000
v -0.60938670 1.12382448 -0.49741901 0.00000000 0.00000000 0.00000000
v -0.59136869 1.12382448 -0.49741901 0.00000000 0.00000000 0.00000000
v -0.57335067 1.12382448 -0.49741901 0.00000000 0.00000000 0.00000000
v -0.55533265 1.12382448 -0.49741901 0.00000000 0.00000000 0.00000000
v -0.53731463 1.12382448 -0.49741901 0.00000000 0.00000000 0.00000000
v -0.51929661 1.12382448 -0.49741901 0.00000000 0.00000000 0.00000000
v -0.50127860 1.12382448 -0.49741901 0.00000000 0.00000000 0.00000000
v -0.48326058 1.12382448 -0.49741901 0.00000000 0.00000000 0.00000000
v -0.46524256 1.12382448 -0.49741901 0.00000000 0.00000000 0.00000000
v -0.44722454 1.12382448 -0.49741901 0.00000000 0.00000000 0.00000000
v -0.42920652 1.12382448 -0.49741901 0.00000000 0.00000000 0.00000000
v -0.41118851 1.12382448 -0.49741901 0.00000000 0.00000000 0.00000000
v -0.39317049 1.12382448 -0.49741901 0.00000000 0.00000000 0.00000000
v -0.37515247 1.12382448 -0.49741901 0.00000000 0.00000000 0.00000000
v -0.35713445 1.12382448 -0.49741901 0.00000000 0.00000000 0.00000000
v -0.33911643 1.12382448 -0.49741901 0.00000000 0.00000000 0.00000000
v -0.32109842 1.12382448 -0.49741901 0.00000000 0.00000000 0.00000000
v -0.30308040 1.12382448 -0.49741901 0.00000000 0.00000000 0.00000000
v -0.28506238 1.12382448 -0.49741901 0.00000000 0.00000000 0.00000000
v -0.26704436 1.12382448 -0.49741901 0.00000000 0.00000000 0.00000000
v -0.24902634 1.12382448 -0.49741901 0.00000000 0.00000000 0.00000000
v -0.23100833 1.12382448 -0.49741901 0.00000000 0.00000000 0.00000000
v -0.21299031 1.12382448 -0.49741901 0.00000000 0.00000000 0.00000000
v -0.19497229 1.12382448 -0.49741901 0.00000000 0.00000000 0.00000000
v -0.17695427 1.12382448 -0.49741901 0.00000000 0.00000000 0.00000000
v -0.15893625 1.12382448 -0.49741901 0.00000000 0.00000000 0.00000000
v -0.14091824 1.12382448 -0.49741901 0.00000000 0.00000000 0.00000000
v -0.12290022 1.12382448 -0.49741901 0.00000000 0.00000000 0.00000000
v -0.10488220 1.12382448 -0.49741901 0.00000000 0.00000000 0.00000000
v -0.08686418 1.12382448 -0.49741901 0.00000000 0.00000000 0.00000000
v -0.06884616 1.12382448 -0.49741901 0.00392157 0.00392157 0.00392157
v -0.05082815 1.12382448 -0.49741901 0.00392157 0.00392157 0.00392157
v -0.03281013 1.12382448 -0.49741901 0.00392157 0.00392157 0.00392157
v -0.01479211 1.12382448 -0.49741901 0.00392157 0.00392157 0.00392157
v 0.00322591 1.12382448 -0.49741901 0.00000000 0.00000000 0.00000000
v 0.02124393 1.12382448 -0.49741901 0.00000000 0.00000000 0.00000000
v 0.03926195 1.12382448 -0.49741901 0.00000000 0.00000000 0.00000000
v 0.05727996 1.12382448 -0.49741901 0.00000000 0.00000000 0.00000000
v 0.07529798 1.12382448 -0.49741901 0.00000000 0.00000000 0.00000000
v 0.09331600 1.12382448 -0.49741901 0.00000000 0.00000000 0.00000000
v 0.11133402 1.12382448 -0.49741901 0.00000000 0.00000000 0.00000000
v 0.12935204 1.12382448 -0.49741901 0.00000000 0.00000000 0.00000000
v 0.14737005 1.12382448 -0.49741901 0.00000000 0.00000000 0.00000000
v 0.16538807 1.12382448 -0.49741901 0.00000000 0.00000000 0.00000000
v 0.18340609 1.12382448 -0.49741901 0.00000000 0.00000000 0.00000000
v 0.20142411 1.12382448 -0.49741901 0.00000000 0.00000000 0.00000000
v 0.21944213 1.12382448 -0.49741901 0.00000000 0.00000000 0.00000000
v 0.23746014 1.12382448 -0.49741901 0.00000000 0.00000000 0.00000000
v 0.25547816 1.12382448 -0.49741901 0.00000000 0.00000000 0.00000000
v 0.27349618 1.12382448 -0.49741901 0.00000000 0.00000000 0.00000000
v 0.29151420 1.12382448 -0.49741901 0.00000000 0.00000000 0.00000000
v 0.30953222 1.12382448 -0.49741901 0.00000000 0.00000000 0.00000000
v 0.32755023 1.12382448 -0.49741901 0.00000000 0.00000000 0.00000000
v 0.34556825 1.12382448 -0.49741901 0.00000000 0.00000000 0.00000000
v 0.36358627 1.12382448 -0.49741901 0.00000000 0.00000000 0.00000000
v 0.38160429 1.12382448 -0.49741901 0.00000000 0.00000000 0.00000000
v 0.39962231 1.12382448 -0.49741901 0.00000000 0.00000000 0.00000000
v 0.41764032 1.12382448 -0.49741901 0.00000000 0.00000000 0.00000000
v 0.43565834 1.12382448 -0.49741901 0.00000000 0.00000000 0.00000000
v 0.45367636 1.12382448 -0.49741901 0.00000000 0.00000000 0.00000000
v 0.47169438 1.12382448 -0.49741901 0.00000000 0.00000000 0.00000000
v 0.48971240 1.12382448 -0.49741901 0.00000000 0.00000000 0.00000000
v 0.50773041 1.12382448 -0.49741901 0.00000000 0.00000000 0.00000000
v 0.52574843 1.12382448 -0.49741901 0.00000000 0.00000000 0.00000000
v 0.54376645 1.12382448 -0.49741901 0.00000000 0.00000000 0.00000000
v 0.56178447 1.12382448 -0.49741901 0.00000000 0.00000000 0.00000000
v 0.57980249 1.12382448 -0.49741901 0.00000000 0.00000000 0.00000000
v 0.59782050 1.12382448 -0.49741901 0.00000000 0.00000000 0.00000000
v 0.61583852 1.12382448 -0.49741901 0.00000000 0.00000000 0.00000000
v 0.63385654 1.12382448 -0.49741901 0.00000000 0.00000000 0.00000000
v 0.65187456 1.12382448 -0.49741901 0.00000000 0.00000000 0.00000000
v 0.66989258 1.12382448 -0.49741901 0.00000000 0.00000000 0.00000000
v 0.68791059 1.12382448 -0.49741901 0.00000000 0.00000000 0.00000000
v 0.70592861 1.12382448 -0.49741901 0.00000000 0.00000000 0.00000000
v 0.72394663 1.12382448 -0.49741901 0.00000000 0.00000000 0.00000000
v 0.74196465 1.12382448 -0.49741901 0.00000000 0.00000000 0.00000000
v 0.75998267 1.12382448 -0.49741901 0.00000000 0.00000000 0.00000000
v 0.77800068 1.12382448 -0.49741901 0.00000000 0.00000000 0.00000000
v 0.79601870 1.12382448 -0.49741901 0.00000000 0.00000000 0.00000000
v 0.81403672 1.12382448 -0.49741901 0.00000000 0.00000000 0.00000000
v 0.83205474 1.12382448 -0.49741901 0.00000000 0.00000000 0.00000000
v 0.85007276 1.12382448 -0.49741901 0.00000000 0.00000000 0.00000000
v 0.86809077 1.12382448 -0.49741901 0.00000000 0.00000000 0.00000000
v 0.88610879 1.12382448 -0.49741901 0.00000000 0.00000000 0.00000000
v 0.90412681 1.12382448 -0.49741901 0.00000000 0.00000000 0.00000000
v 0.92214483 1.12382448 -0.49741901 0.00000000 0.00000000 0.00000000
v -0.91569301 1.10580646 -0.49741901 0.00000000 0.00000000 0.00000000
v -0.89767499 1.10580646 -0.49741901 0.00000000 0.00000000 0.00000000
v -0.87965697 1.10580646 -0.49741901 0.00000000 0.00000000 0.00000000
v -0.86163896 1.10580646 -0.49741901 0.00000000 0.00000000 0.00000000
v -0.84362094 1.10580646 -0.49741901 0.00000000 0.00000000 0.00000000
v -0.82560292 1.10580646 -0.49741901 0.00000000 0.00000000 0.00000000
v -0.80758490 1.10580646 -0.49741901 0.00000000 0.00000000 0.00000000
v -0.78956688 1.10580646 -0.49741901 0.00000000 0.00000000 0.00000000
v -0.77154887 1.10580646 -0.49741901 0.00000000 0.00000000 0.00000000
v -0.75353085 1.10580646 -0.49741901 0.00000000 0.00000000 0.00000000
v -0.73551283 1.10580646 -0.49741901 0.00000000 0.00000000 0.00000000
v -0.71749481 1.10580646 -0.49741901 0.00000000 0.00000000 0.00000000
v -0.69947679 1.10580646 -0.49741901 0.00000000 0.00000000 0.00000000
v -0.68145878 1.10580646 -0.49741901 0.00000000 0.00000000 0.00000000
v -0.66344076 1.10580646 -0.49741901 0.00000000 0.00000000 0.00000000
v -0.64542274 1.10580646 -0.49741901 0.00000000 0.00000000 0.00000000
v -0.62740472 1.10580646 -0.49741901 0.00000000 0.00000000 0.00000000
v -0.60938670 1.10580646 -0.49741901 0.00000000 0.00000000 0.00000000
v -0.59136869 1.10580646 -0.49741901 0.00000000 0.00000000 0.00000000
v -0.57335067 1.10580646 -0.49741901 0.00000000 0.00000000 0.00000000
v -0.55533265 1.10580646 -0.49741901 0.00000000 0.00000000 0.00000000
v -0.53731463 1.10580646 -0.49741901 0.00000000 0.00000000 0.00000000
v -0.51929661 1.10580646 -0.49741901 0.00000000 0.00000000 0.00000000
v -0.50127860 1.10580646 -0.49741901 0.00000000 0.00000000 0.00000000
v -0.48326058 1.10580646 -0.49741901 0.00000000 0.00000000 0.00000000
v -0.46524256 1.10580646 -0.49741901 0.00000000 0.00000000 0.00000000
v -0.44722454 1.10580646 -0.49741901 0.00000000 0.00000000 0.00000000
v -0.42920652 1.10580646 -0.49741901 0.00000000 0.00000000 0.00000000
v -0.41118851 1.10580646 -0.49741901 0.00000000 0.00000000 0.00000000
v -0.39317049 1.10580646 -0.49741901 0.00000000 0.00000000 0.00000000
v -0.37515247 1.10580646 -0.49741901 0.00000000 0.00000000 0.00000000
v -0.35713445 1.10580646 -0.49741901 0.00000000 0.00000000 0.00000000
v -0.33911643 1.10580646 -0.49741901 0.00000000 0.00000000 0.00000000
v -0.32109842 1.10580646 -0.49741901 0.00000000 0.00000000 0.00000000
v -0.30308040 1.10580646 -0.49741901 0.00000000 0.00000000 0.00000000
v -0.28506238 1.10580646 -0.49741901 0.00000000 0.00000000 0.00000000
v -0.26704436 1.10580646 -0.49741901 0.00000000 0.00000000 0.00000000
v -0.24902634 1.10580646 -0.49741901 0.00000000 0.00000000 0.00000000
v -0.23100833 1.10580646 -0.49741901 0.00000000 0.00000000 0.00000000
v -0.21299031 1.10580646 -0.49741901 0.00000000 0.00000000 0.00000000
v -0.19497229 1.10580646 -0.49741901 0.00000000 0.00000000 0.00000000
v -0.17695427 1.10580646 -0.49741901 0.00000000 0.00000000 0.00000000
v -0.15893625 1.10580646 -0.49741901 0.00000000 0.00000000 0.00000000
v -0.14091824 1.10580646 -0.49741901 0.00000000 0.00000000 0.00000000
v -0.12290022 1.10580646 -0.49741901 0.00000000 0.00000000 0.00000000
v -0.10488220 1.10580646 -0.49741901 0.00392157 0.00392157 0.00392157
v -0.08686418 1.10580646 -0.49741901 0.01176471 0.01176471 0.01176471
v -0.06884616 1.10580646 0.24087681 0.23921569 0.23921569 0.23921569
v -0.05082815 1.10580646 0.27098962 0.21176471 0.21176471 0.21176471
v -0.03281013 1.10580646 0.27893773 0.32941176 0.32941176 0.32941176
v -0.01479211 1.10580646 0.27152010 0.26274510 0.26274510 0.26274510
v 0.00322591 1.10580646 -0.49741901 0.02745098 0.02745098 0.02745098
v 0.02124393 1.10580646 -0.49741901 0.00392157 0.00392157 0.00392157
v 0.03926195 1.10580646 -0.49741901 0.00000000 0.00000000 0.00000000
v 0.05727996 1.10580646 -0.49741901 0.00000000 0.00000000 0.00000000
v 0.07529798 1.10580646 -0.49741901 0.00000000 0.00000000 0.00000000
v 0.09331600 1.10580646 -0.49741901 0.00000000 0.00000000 0.00000000
v 0.11133402 1.10580646 -0.49741901 0.00000000 0.00000000 0.00000000
v 0.12935204 1.10580646 -0.49741901 0.00000000 0.00000000 0.00000000
v 0.14737005 1.10580646 -0.49741901 0.00000000 0.00000000 0.00000000
v 0.16538807 1.10580646 -0.49741901 0.00000000 0.00000000 0.00000000
v 0.18340609 1.10580646 -0.49741901 0.00000000 0.00000000 0.00000000
v 0.20142411 1.10580646 -0.49741901 0.00000000 0.00000000 0.00000000
v 0.21944213 1.10580646 -0.49741901 0.00000000 0.00000000 0.00000000
v 0.23746014 1.10580646 -0.49741901 0.00000000 0.00000000 0.00000000
v 0.25547816 1.10580646 -0.49741901 0.00000000 0.00000000 0.00000000
v 0.27349618 1.10580646 -0.49741901 0.00000000 0.00000000 0.00000000
v 0.29151420 1.10580646 -0.49741901 0.00000000 0.00000000 0.00000000
v 0.30953222 1.10580646 -0.49741901 0.00000000 0.00000000 0.00000000
v 0.32755023 1.10580646 -0.49741901 0.00000000 0.00000000 0.00000000
v 0.34556825 1.10580646 -0.49741901 0.00000000 0.00000000 0.00000000
v 0.36358627 1.10580646 -0.49741901 0.00000000 0.00000000 0.00000000
v 0.38160429 1.10580646 -0.49741901 0.00000000 0.00000000 0.00000000
v 0.39962231 1.10580646 -0.49741901 0.00000000 0.00000000 0.00000000
v 0.41764032 1.10580646 -0.49741901 0.00000000 0.00000000 0.00000000
v 0.43565834 1.10580646 -0.49741901 0.00000000 0.00000000 0.00000000
v 0.45367636 1.10580646 -0.49741901 0.00000000 0.00000000 0.00000000
v 0.47169438 1.10580646 -0.49741901 0.00000000 0.00000000 0.00000000
v 0.48971240 1.10580646 -0.49741901 0.00000000 0.00000000 0.00000000
v 0.50773041 1.10580646 -0.49741901 0.00000000 0.00000000 0.00000000
v 0.52574843 1.10580646 -0.49741901 0.00000000 0.00000000 0.00000000
v 0.54376645 1.10580646 -0.49741901 0.00000000 0.00000000 0.00000000
v 0.56178447 1.10580646 -0.49741901 0.00000000 0.00000000 0.00000000
v 0.57980249 1.10580646 -0.49741901 0.00000000 0.00000000 0.00000000
v 0.59782050 1.10580646 -0.49741901 0.00000000 0.00000000 0.00000000
v 0.61583852 1.10580646 -0.49741901 0.00000000 0.00000000 0.00000000
v 0.63385654 1.10580646 -0.49741901 0.00000000 0.00000000 0.00000000
v 0.65187456 1.10580646 -0.49741901 0.00000000 0.00000000 0.00000000
v 0.66989258 1.10580646 -0.49741901 0.00000000 0.00000000 0.00000000
v 0.68791059 1.10580646 -0.49741901 0.00000000 0.00000000 0.00000000
v 0.70592861 1.10580646 -0.49741901 0.00000000 0.00000000 0.00000000
v 0.72394663 1.10580646 -0.49741901 0.00000000 0.00000000 0.00000000
v 0.74196465 1.10580646 -0.49741901 0.00000000 0.00000000 0.00000000
v 0.75998267 1.10580646 -0.49741901 0.00000000 0.00000000 0.00000000
v 0.77800068 1.10580646 -0.49741901 0.00000000 0.00000000 0.00000000
v 0.79601870 1.10580646 -0.49741901 0.00000000 0.00000000 0.00000000
v 0.81403672 1.10580646 -0.49741901 0.00000000 0.00000000 0.00000000
v 0.83205474 1.10580646 -0.49741901 0.00000000 0.00000000 0.00000000
v 0.85007276 1.10580646 -0.49741901 0.00000000 0.00000000 0.00000000
v 0.86809077 1.10580646 -0.49741901 0.00000000 0.00000000 0.00000000
v 0.88610879 1.10580646 -0.49741901 0.00000000 0.00000000 0.00000000
v 0.90412681 1.10580646 -0.49741901 0.00000000 0.00000000 0.00000000
v 0.92214483 1.10580646 -0.49741901 0.00000000 0.00000000 0.00000000
v -0.91569301 1.08778845 -0.49741901 0.00000000 0.00000000 0.00000000
v -0.89767499 1.08778845 -0.49741901 0.00000000 0.00000000 0.00000000
v -0.87965697 1.08778845 -0.49741901 0.00000000 0.00000000 0.00000000
v -0.86163896 1.08778845 -0.49741901 0.00000000 0.00000000 0.00000000
v -0.84362094 1.08778845 -0.49741901 0.00000000 0.00000000 0.00000000
v -0.82560292 1.08778845 -0.49741901 0.00000000 0.00000000 0.00000000
v -0.80758490 1.08778845 -0.49741901 0.00000000 0.00000000 0.00000000
v -0.78956688 1.08778845 -0.49741901 0.00000000 0.00000000 0.00000000
v -0.77154887 1.08778845 -0.49741901 0.00000000 0.00000000 0.00000000
v -0.75353085 1.08778845 -0.49741901 0.00000000 0.00000000 0.00000000
v -0.73551283 1.08778845 -0.49741901 0.00000000 0.00000000 0.00000000
v -0.71749481 1.08778845 -0.49741901 0.00000000 0.00000000 0.00000000
v -0.69947679 1.08778845 -0.49741901 0.00000000 0.00000000 0.00000000
v -0.68145878 1.08778845 -0.49741901 0.00000000 0.00000000 0.00000000
v -0.66344076 1.08778845 -0.49741901 0.00000000 0.00000000 0.00000000
v -0.64542274 1.08778845 -0.49741901 0.00000000 0.00000000 0.00000000
v -0.62740472 1.08778845 -0.49741901 0.00000000 0.00000000 0.00000000
v -0.60938670 1.08778845 -0.49741901 0.00000000 0.00000000 0.00000000
v -0.59136869 1.08778845 -0.49741901 0.00000000 0.00000000 0.00000000
v -0.57335067 1.08778845 -0.49741901 0.00000000 0.00000000 0.00000000
v -0.55533265 1.08778845 -0.49741901 0.00000000 0.00000000 0.00000000
v -0.53731463 1.08778845 -0.49741901 0.00000000 0.00000000 0.00000000
v -0.51929661 1.08778845 -0.49741901 0.00000000 0.00000000 0.00000000
v -0.50127860 1.08778845 -0.49741901 0.00000000 0.00000000 0.00000000
v -0.48326058 1.08778845 -0.49741901 0.00000000 0.00000000 0.00000000
v -0.46524256 1.08778845 -0.49741901 0.00000000 0.00000000 0.00000000
v -0.44722454 1.08778845 -0.49741901 0.00000000 0.00000000 0.00000000
v -0.42920652 1.08778845 -0.49741901 0.00000000 0.00000000 0.00000000
v -0.41118851 1.08778845 -0.49741901 0.00000000 0.00000000 0.00000000
v -0.39317049 1.08778845 -0.49741901 0.00000000 0.00000000 0.00000000
v -0.37515247 1.08778845 -0.49741901 0.00000000 0.00000000 0.00000000
v -0.35713445 1.08778845 -0.49741901 0.00000000 0.00000000 0.00000000
v -0.33911643 1.08778845 -0.49741901 0.00000000 0.00000000 0.00000000
v -0.32109842 1.08778845 -0.49741901 0.00000000 0.00000000 0.00000000
v -0.30308040 1.08778845 -0.49741901 0.00000000 0.00000000 0.00000000
v -0.28506238 1.08778845 -0.49741901 0.00000000 0.00000000 0.00000000
v -0.26704436 1.08778845 -0.49741901 0.00000000 0.00000000 0.00000000
v -0.24902634 1.08778845 -0.49741901 0.00000000 0.00000000 0.00000000
v -0.23100833 1.08778845 -0.49741901 0.00000000 0.00000000 0.00000000
v -0.21299031 1.08778845 -0.49741901 0.00000000 0.00000000 0.00000000
v -0.19497229 1.08778845 -0.49741901 0.00000000 0.00000000 0.00000000
v -0.17695427 1.08778845 -0.49741901 0.00000000 0.00000000 0.00000000
v -0.15893625 1.08778845 -0.49741901 0.00000000 0.00000000 0.00000000
v -0.14091824 1.08778845 -0.49741901 0.00000000 0.00000000 0.00000000
v -0.12290022 1.08778845 -0.49741901 0.00392157 0.00392157 0.00392157
v -0.10488220 1.08778845 0.29097499 0.18823529 0.18823529 0.18823529
v -0.08686418 1.08778845 0.36851122 0.02745098 0.02745098 0.02745098
v -0.06884616 1.08778845 0.38888170 0.11764706 0.11764706 0.11764706
v -0.05082815 1.08778845 0.39237019 0.00000000 0.00000000 0.00000000
v -0.03281013 1.08778845 0.39131376 0.10196078 0.10196078 0.10196078
v -0.01479211 1.08778845 0.38385613 0.03921569 0.03921569 0.03921569
v 0.00322591 1.08778845 0.36677886 0.00784314 0.00784314 0.00784314
v 0.02124393 1.08778845 0.33522788 0.30588235 0.30588235 0.30588235
v 0.03926195 1.08778845 -0.49741901 0.00000000 0.00000000 0.00000000
v 0.05727996 1.08778845 -0.49741901 0.00000000 0.00000000 0.00000000
v 0.07529798 1.08778845 -0.49741901 0.00000000 0.00000000 0.00000000
v 0.09331600 1.08778845 -0.49741901 0.00000000 0.00000000 0.00000000
v 0.11133402 1.08778845 -0.49741901 0.00000000 0.00000000 0.00000000
v 0.12935204 1.08778845 -0.49741901 0.00000000 0.00000000 0.00000000
v 0.14737005 1.08778845 -0.49741901 0.00000000 0.00000000 0.00000000
v 0.16538807 1.08778845 -0.49741901 0.00000000 0.00000000 0.00000000
v 0.18340609 1.08778845 -0.49741901 0.00000000 0.00000000 0.00000000
v 0.20142411 1.08778845 -0.49741901 0.00000000 0.00000000 0.00000000
v 0.21944213 1.08778845 -0.49741901 0.00000000 0.00000000 0.00000000
v 0.23746014 1.08778845 -0.49741901 0.00000000 0.00000000 0.00000000
v 0.25547816 1.08778845 -0.49741901 0.00000000 0.00000000 0.00000000
v 0.27349618 1.08778845 -0.49741901 0.00000000 0.00000000 0.00000000
v 0.29151420 1.08778845 -0.49741901 0.00000000 0.00000000 0.00000000
v 0.30953222 1.08778845 -0.49741901 0.00000000 0.00000000 0.00000000
v 0.32755023 1.08778845 -0.49741901 0.00000000 0.00000000 0.00000000
v 0.34556825 1.08778845 -0.49741901 0.00000000 0.00000000 0.00000000
v 0.36358627 1.08778845 -0.49741901 0.00000000 0.00000000 0.00000000
v 0.38160429 1.08778845 -0.49741901 0.00000000 0.00000000 0.00000000
v 0.39962231 1.08778845 -0.49741901 0.00000000 0.00000000 0.00000000
v 0.41764032 1.08778845 -0.49741901 0.00000000 0.00000000 0.00000000
v 0.43565834 1.08778845 -0.49741901 0.00000000 0.00000000 0.00000000
v 0.45367636 1.08778845 -0.49741901 0.00000000 0.00000000 0.00000000
v 0.47169438 1.08778845 -0.49741901 0.00000000 0.00000000 0.00000000
v 0.48971240 1.08778845 -0.49741901 0.00000000 0.00000000 0.00000000
v 0.50773041 1.08778845 -0.49741901 0.00000000 0.00000000 0.00000000
v 0.52574843 1.08778845 -0.49741901 0.00000000 0.00000000 0.00000000
v 0.54376645 1.08778845 -0.49741901 0.00000000 0.00000000 0.00000000
v 0.56178447 1.08778845 -0.49741901 0.00000000 0.00000000 0.00000000
v 0.57980249 1.08778845 -0.49741901 0.00000000 0.00000000 0.00000000
v 0.59782050 1.08778845 -0.49741901 0.00000000 0.00000000 0.00000000
v 0.61583852 1.08778845 -0.49741901 0.00000000 0.00000000 0.00000000
v 0.63385654 1.08778845 -0.49741901 0.00000000 0.00000000 0.00000000
v 0.65187456 1.08778845 -0.49741901 0.00000000 0.00000000 0.00000000
v 0.66989258 1.08778845 -0.49741901 0.00000000 0.00000000 0.00000000
v 0.68791059 1.08778845 -0.49741901 0.00000000 0.00000000 0.00000000
v 0.70592861 1.08778845 -0.49741901 0.00000000 0.00000000 0.00000000
v 0.72394663 1.08778845 -0.49741901 0.00000000 0.00000000 0.00000000
v 0.74196465 1.08778845 -0.49741901 0.00000000 0.00000000 0.00000000
v 0.75998267 1.08778845 -0.49741901 0.00000000 0.00000000 0.00000000
v 0.77800068 1.08778845 -0.49741901 0.00000000 0.00000000 0.00000000
v 0.79601870 1.08778845 -0.49741901 0.00000000 0.00000000 0.00000000
v 0.81403672 1.08778845 -0.49741901 0.00000000 0.00000000 0.00000000
v 0.83205474 1.08778845 -0.49741901 0.00000000 0.00000000 0.00000000
v 0.85007276 1.08778845 -0.49741901 0.00000000 0.00000000 0.00000000
v 0.86809077 1.08778845 -0.49741901 0.00000000 0.00000000 0.00000000
v 0.88610879 1.08778845 -0.49741901 0.00000000 0.00000000 0.00000000
v 0.90412681 1.08778845 -0.49741901 0.00000000 0.00000000 0.00000000
v 0.92214483 1.08778845 -0.49741901 0.00000000 0.00000000 0.00000000
v -0.91569301 1.06977043 -0.49741901 0.00000000 0.00000000 0.00000000
v -0.89767499 1.06977043 -0.49741901 0.00000000 0.00000000 0.00000000
v -0.87965697 1.06977043 -0.49741901 0.00000000 0.00000000 0.00000000
v -0.86163896 1.06977043 -0.49741901 0.00000000 0.00000000 0.00000000
v -0.84362094 1.06977043 -0.49741901 0.00000000 0.00000000 0.00000000
v -0.82560292 1.06977043 -0.49741901 0.00000000 0.00000000 0.00000000
v -0.80758490 1.06977043 -0.49741901 0.00000000 0.00000000 0.00000000
v -0.78956688 1.06977043 -0.49741901 0.00000000 0.00000000 0.00000000
v -0.77154887 1.06977043 -0.49741901 0.00000000 0.00000000 0.00000000
v -0.75353085 1.06977043 -0.49741901 0.00000000 0.00000000 0.00000000
v -0.73551283 1.06977043 -0.49741901 0.00000000 0.00000000 0.00000000
v -0.71749481 1.06977043 -0.49741901 0.00000000 0.00000000 0.00000000
v -0.69947679 1.06977043 -0.49741901 0.00000000 0.00000000 0.00000000
v -0.68145878 1.06977043 -0.49741901 0.00000000 0.00000000 0.00000000
v -0.66344076 1.06977043 -0.49741901 0.00000000 0.00000000 0.00000000
v -0.64542274 1.06977043 -0.49741901 0.00000000 0.00000000 0.00000000
v -0.62740472 1.06977043 -0.49741901 0.00000000 0.00000000 0.00000000
v -0.60938670 1.06977043 -0.49741901 0.00000000 0.00000000 0.00000000
v -0.59136869 1.06977043 -0.49741901 0.00000000 0.00000000 0.00000000
v -0.57335067 1.06977043 -0.49741901 0.00000000 0.00000000 0.00000000
v -0.55533265 1.06977043 -0.49741901 0.00000000 0.00000000 0.00000000
v -0.53731463 1.06977043 -0.49741901 0.00000000 0.00000000 0.00000000
v -0.51929661 1.06977043 -0.49741901 0.00000000 0.00000000 0.00000000
v -0.50127860 1.06977043 -0.49741901 0.00000000 0.00000000 0.00000000
v -0.48326058 1.06977043 -0.49741901 0.00000000 0.00000000 0.00000000
v -0.46524256 1.06977043 -0.49741901 0.00000000 0.00000000 0.00000000
v -0.44722454 1.06977043 -0.49741901 0.00000000 0.00000000 0.00000000
v -0.42920652 1.06977043 -0.49741901 0.00000000 0.00000000 0.00000000
v -0.41118851 1.06977043 -0.49741901 0.00000000 0.00000000 0.00000000
v -0.39317049 1.06977043 -0.49741901 0.00000000 0.00000000 0.00000000
v -0.37515247 1.06977043 -0.49741901 0.00000000 0.00000000 0.00000000
v -0.35713445 1.06977043 -0.49741901 0.00000000 0.00000000 0.00000000
v -0.33911643 1.06977043 -0.49741901 0.00000000 0.00000000 0.00000000
v -0.32109842 1.06977043 -0.49741901 0.00000000 0.00000000 0.00000000
v -0.30308040 1.06977043 -0.49741901 0.00000000 0.00000000 0.00000000
v -0.28506238 1.06977043 -0.49741901 0.00000000 0.00000000 0.00000000
v -0.26704436 1.06977043 -0.49741901 0.00000000 0.00000000 0.00000000
v -0.24902634 1.06977043 -0.49741901 0.00000000 0.00000000 0.00000000
v -0.23100833 1.06977043 -0.49741901 0.00000000 0.00000000 0.00000000
v -0.21299031 1.06977043 -0.49741901 0.00000000 0.00000000 0.00000000
v -0.19497229 1.06977043 -0.49741901 0.00000000 0.00000000 0.00000000
v -0.17695427 1.06977043 -0.49741901 0.00000000 0.00000000 0.00000000
v -0.15893625 1.06977043 -0.49741901 0.00000000 0.00000000 0.00000000
v -0.14091824 1.06977043 -0.49741901 0.00392157 0.00392157 0.00392157
v -0.12290022 1.06977043 0.31794174 0.19607843 0.20000000 0.20000000
v -0.10488220 1.06977043 0.39545054 0.02352941 0.02352941 0.03137255
v -0.08686418 1.06977043 0.40959516 0.04313725 0.00784314 0.01960784
v -0.06884616 1.06977043 0.40411190 0.13333333 0.07450980 0.08627451
v -0.05082815 1.06977043 0.40259660 0.20392157 0.13725490 0.10588235
v -0.03281013 1.06977043 0.39970630 0.14117647 0.08627451 0.04313725
v -0.01479211 1.06977043 0.39740607 0.12549020 0.07450980 0.04313725
v 0.00322591 1.06977043 0.39199614 0.09019608 0.05490196 0.02745098
v 0.02124393 1.06977043 0.37926605 0.10980392 0.09019608 0.07450980
v 0.03926195 1.06977043 0.35460888 0.42745098 0.42745098 0.42352941
v 0.05727996 1.06977043 -0.49741901 0.00784314 0.00784314 0.00784314
v 0.07529798 1.06977043 -0.49741901 0.00000000 0.00000000 0.00000000
v 0.09331600 1.06977043 -0.49741901 0.00000000 0.00000000 0.00000000
v 0.11133402 1.06977043 -0.49741901 0.00000000 0.00000000 0.00000000
v 0.12935204 1.06977043 -0.49741901 0.00000000 0.00000000 0.00000000
v 0.14737005 1.06977043 -0.49741901 0.00000000 0.00000000 0.00000000
v 0.16538807 1.06977043 -0.49741901 0.00000000 0.00000000 0.00000000
v 0.18340609 1.06977043 -0.49741901 0.00000000 0.00000000 0.00000000
v 0.20142411 1.06977043 -0.49741901 0.00000000 0.00000000 0.00000000
v 0.21944213 1.06977043 -0.49741901 0.00000000 0.00000000 0.00000000
v 0.23746014 1.06977043 -0.49741901 0.00000000 0.00000000 0.00000000
v 0.25547816 1.06977043 -0.49741901 0.00000000 0.00000000 0.00000000
v 0.27349618 1.06977043 -0.49741901 0.00000000 0.00000000 0.00000000
v 0.29151420 1.06977043 -0.49741901 0.00000000 0.00000000 0.00000000
v 0.30953222 1.06977043 -0.49741901 0.00000000 0.00000000 0.00000000
v 0.32755023 1.06977043 -0.49741901 0.00000000 0.00000000 0.00000000
v 0.34556825 1.06977043 -0.49741901 0.00000000 0.00000000 0.00000000
v 0.36358627 1.06977043 -0.49741901 0.00000000 0.00000000 0.00000000
v 0.38160429 1.06977043 -0.49741901 0.00000000 0.00000000 0.00000000
v 0.39962231 1.06977043 -0.49741901 0.00000000 0.00000000 0.00000000
v 0.41764032 1.06977043 -0.49741901 0.00000000 0.00000000 0.00000000
v 0.43565834 1.06977043 -0.49741901 0.00000000 0.00000000 0.00000000
v 0.45367636 1.06977043 -0.49741901 0.00000000 0.00000000 0.00000000
v 0.47169438 1.06977043 -0.49741901 0.00000000 0.00000000 0.00000000
v 0.48971240 1.06977043 -0.49741901 0.00000000 0.00000000 0.00000000
v 0.50773041 1.06977043 -0.49741901 0.00000000 0.00000000 0.00000000
v 0.52574843 1.06977043 -0.49741901 0.00000000 0.00000000 0.00000000
v 0.54376645 1.06977043 -0.49741901 0.00000000 0.00000000 0.00000000
v 0.56178447 1.06977043 -0.49741901 0.00000000 0.00000000 0.00000000
v 0.57980249 1.06977043 -0.49741901 0.00000000 0.00000000 0.00000000
v 0.59782050 1.06977043 -0.49741901 0.00000000 0.00000000 0.00000000
v 0.61583852 1.06977043 -0.49741901 0.00000000 0.00000000 0.00000000
v 0.63385654 1.06977043 -0.49741901 0.00000000 0.00000000 0.00000000
v 0.65187456 1.06977043 -0.49741901 0.00000000 0.00000000 0.00000000
v 0.66989258 1.06977043 -0.49741901 0.00000000 0.00000000 0.00000000
v 0.68791059 1.06977043 -0.49741901 0.00000000 0.00000000 0.00000000
v 0.70592861 1.06977043 -0.49741901 0.00000000 0.00000000 0.00000000
v 0.72394663 1.06977043 -0.49741901 0.00000000 0.00000000 0.00000000
v 0.74196465 1.06977043 -0.49741901 0.00000000 0.00000000 0.00000000
v 0.75998267 1.06977043 -0.49741901 0.00000000 0.00000000 0.00000000
v 0.77800068 1.06977043 -0.49741901 0.00000000 0.00000000 0.00000000
v 0.79601870 1.06977043 -0.49741901 0.00000000 0.00000000 0.00000000
v 0.81403672 1.06977043 -0.49741901 0.00000000 0.00000000 0.00000000
v 0.83205474 1.06977043 -0.49741901 0.00000000 0.00000000 0.00000000
v 0.85007276 1.06977043 -0.49741901 0.00000000 0.00000000 0.00000000
v 0.86809077 1.06977043 -0.49741901 0.00000000 0.00000000 0.00000000
v 0.88610879 1.06977043 -0.49741901 0.00000000 0.00000000 0.00000000
v 0.90412681 1.06977043 -0.49741901 0.00000000 0.00000000 0.00000000
v 0.92214483 1.06977043 -0.49741901 0.00000000 0.00000000 0.00000000
v -0.91569301 1.05175241 -0.49741901 0.00000000 0.00000000 0.00000000
v -0.89767499 1.05175241 -0.49741901 0.00000000 0.00000000 0.00000000
v -0.87965697 1.05175241 -0.49741901 0.00000000 0.00000000 0.00000000
v -0.86163896 1.05175241 -0.49741901 0.00000000 0.00000000 0.00000000
v -0.84362094 1.05175241 -0.49741901 0.00000000 0.00000000 0.00000000
v -0.82560292 1.05175241 -0.49741901 0.00000000 0.00000000 0.00000000
v -0.80758490 1.05175241 -0.49741901 0.00000000 0.00000000 0.00000000
v -0.78956688 1.05175241 -0.49741901 0.00000000 0.00000000 0.00000000
v -0.77154887 1.05175241 -0.49741901 0.00000000 0.00000000 0.00000000
v -0.75353085 1.05175241 -0.49741901 0.00000000 0.00000000 0.00000000
v -0.73551283 1.05175241 -0.49741901 0.00000000 0.00000000 0.00000000
v -0.71749481 1.05175241 -0.49741901 0.00000000 0.00000000 0.00000000
v -0.69947679 1.05175241 -0.49741901 0.00000000 0.00000000 0.00000000
v -0.68145878 1.05175241 -0.49741901 0.00000000 0.00000000 0.00000000
v -0.66344076 1.05175241 -0.49741901 0.00000000 0.00000000 0.00000000
v -0.64542274 1.05175241 -0.49741901 0.00000000 0.00000000 0.00000000
v -0.62740472 1.05175241 -0.49741901 0.00000000 0.00000000 0.00000000
v -0.60938670 1.05175241 -0.49741901 0.00000000 0.00000000 0.00000000
v -0.59136869 1.05175241 -0.49741901 0.00000000 0.00000000 0.00000000
v -0.57335067 1.05175241 -0.49741901 0.00000000 0.00000000 0.00000000
v -0.55533265 1.05175241 -0.49741901 0.00000000 0.00000000 0.00000000
v -0.53731463 1.05175241 -0.49741901 0.00000000 0.00000000 0.00000000
v -0.51929661 1.05175241 -0.49741901 0.00000000 0.00000000 0.00000000
v -0.50127860 1.05175241 -0.49741901 0.00000000 0.00000000 0.00000000
v -0.48326058 1.05175241 -0.49741901 0.00000000 0.00000000 0.00000000
v -0.46524256 1.05175241 -0.49741901 0.00000000 0.00000000 0.00000000
v -0.44722454 1.05175241 -0.49741901 0.00000000 0.00000000 0.00000000
v -0.42920652 1.05175241 -0.49741901 0.00000000 0.00000000 0.00000000
v -0.41118851 1.05175241 -0.49741901 0.00000000 0.00000000 0.00000000
v -0.39317049 1.05175241 -0.49741901 0.00000000 0.00000000 0.00000000
v -0.37515247 1.05175241 -0.49741901 0.00000000 0.00000000 0.00000000
v -0.35713445 1.05175241 -0.49741901 0.00000000 0.00000000 0.00000000
v -0.33911643 1.05175241 -0.49741901 0.00000000 0.00000000 0.00000000
v -0.32109842 1.05175241 -0.49741901 0.00000000 0.00000000 0.00000000
v -0.30308040 1.05175241 -0.49741901 0.00000000 0.00000000 0.00000000
v -0.28506238 1.05175241 -0.49741901 0.00000000 0.00000000 0.00000000
v -0.26704436 1.05175241 -0.49741901 0.00000000 0.00000000 0.00000000
v -0.24902634 1.05175241 -0.49741901 0.00000000 0.00000000 0.00000000
v -0.23100833 1.05175241 -0.49741901 0.00000000 0.00000000 0.00000000
v -0.21299031 1.05175241 -0.49741901 0.00000000 0.00000000 0.00000000
v -0.19497229 1.05175241 -0.49741901 0.00000000 0.00000000 0.00000000
v -0.17695427 1.05175241 -0.49741901 0.00000000 0.00000000 0.00000000
v -0.15893625 1.05175241 -0.49741901 0.00392157 0.00392157 0.00392157
v -0.14091824 1.05175241 0.32174564 0.04705882 0.04705882 0.04705882
v -0.12290022 1.05175241 0.39846443 0.16470588 0.17254902 0.16862745
v -0.10488220 1.05175241 0.41500839 0.11764706 0.08627451 0.07843137
v -0.08686418 1.05175241 0.41763318 0.14901961 0.07450980 0.05882353
v -0.06884616 1.05175241 0.41820490 0.25490196 0.14509804 0.12941176
v -0.05082815 1.05175241 0.41578123 0.29019608 0.17647059 0.11372549
v -0.03281013 1.05175241 0.41345337 0.21568627 0.10980392 0.04313725
v -0.01479211 1.05175241 0.41056884 0.21960784 0.12941176 0.07450980
v 0.00322591 1.05175241 0.40412448 0.23529412 0.16470588 0.11764706
v 0.02124393 1.05175241 0.39480376 0.12156863 0.07058824 0.04705882
v 0.03926195 1.05175241 0.38116955 0.03921569 0.01960784 0.00784314
v 0.05727996 1.05175241 0.35940447 0.27450980 0.27450980 0.27450980
v 0.07529798 1.05175241 -0.49741901 0.00784314 0.00784314 0.00784314
v 0.09331600 1.05175241 -0.49741901 0.00000000 0.00000000 0.00000000
v 0.11133402 1.05175241 -0.49741901 0.00000000 0.00000000 0.00000000
v 0.12935204 1.05175241 -0.49741901 0.00000000 0.00000000 0.00000000
v 0.14737005 1.05175241 -0.49741901 0.00000000 0.00000000 0.00000000
v 0.16538807 1.05175241 -0.49741901 0.00000000 0.00000000 0.00000000
v 0.18340609 1.05175241 -0.49741901 0.00000000 0.00000000 0.00000000
v 0.20142411 1.05175241 -0.49741901 0.00000000 0.00000000 0.00000000
v 0.21944213 1.05175241 -0.49741901 0.00000000 0.00000000 0.00000000
v 0.23746014 1.05175241 -0.49741901 0.00000000 0.00000000 0.00000000
v 0.25547816 1.05175241 -0.49741901 0.00000000 0.00000000 0.00000000
v 0.27349618 1.05175241 -0.49741901 0.00000000 0.00000000 0.00000000
v 0.29151420 1.05175241 -0.49741901 0.00000000 0.00000000 0.00000000
v 0.30953222 1.05175241 -0.49741901 0.00000000 0.00000000 0.00000000
v 0.32755023 1.05175241 -0.49741901 0.00000000 0.00000000 0.00000000
v 0.34556825 1.05175241 -0.49741901 0.00000000 0.00000000 0.00000000
v 0.36358627 1.05175241 -0.49741901 0.00000000 0.00000000 0.00000000
v 0.38160429 1.05175241 -0.49741901 0.00000000 0.00000000 0.00000000
v 0.39962231 1.05175241 -0.49741901 0.00000000 0.00000000 0.00000000
v 0.41764032 1.05175241 -0.49741901 0.00000000 0.00000000 0.00000000
v 0.43565834 1.05175241 -0.49741901 0.00000000 0.00000000 0.00000000
v 0.45367636 1.05175241 -0.49741901 0.00000000 0.00000000 0.00000000
v 0.47169438 1.05175241 -0.49741901 0.00000000 0.00000000 0.00000000
v 0.48971240 1.05175241 -0.49741901 0.00000000 0.00000000 0.00000000
v 0.50773041 1.05175241 -0.49741901 0.00000000 0.00000000 0.00000000
v 0.52574843 1.05175241 -0.49741901 0.00000000 0.00000000 0.00000000
v 0.54376645 1.05175241 -0.49741901 0.00000000 0.00000000 0.00000000
v 0.56178447 1.05175241 -0.49741901 0.00000000 0.00000000 0.00000000
v 0.57980249 1.05175241 -0.49741901 0.00000000 0.00000000 0.00000000
v 0.59782050 1.05175241 -0.49741901 0.00000000 0.00000000 0.00000000
v 0.61583852 1.05175241 -0.49741901 0.00000000 0.00000000 0.00000000
v 0.63385654 1.05175241 -0.49741901 0.00000000 0.00000000 0.00000000
v 0.65187456 1.05175241 -0.49741901 0.00000000 0.00000000 0.00000000
v 0.66989258 1.05175241 -0.49741901 0.00000000 0.00000000 0.00000000
v 0.68791059 1.05175241 -0.49741901 0.00000000 0.00000000 0.00000000
v 0.70592861 1.05175241 -0.49741901 0.00000000 0.00000000 0.00000000
v 0.72394663 1.05175241 -0.49741901 0.00000000 0.00000000 0.00000000
v 0.74196465 1.05175241 -0.49741901 0.00000000 0.00000000 0.00000000
v 0.75998267 1.05175241 -0.49741901 0.00000000 0.00000000 0.00000000
v 0.77800068 1.05175241 -0.49741901 0.00000000 0.00000000 0.00000000
v 0.79601870 1.05175241 -0.49741901 0.00000000 0.00000000 0.00000000
v 0.81403672 1.05175241 -0.49741901 0.00000000 0.00000000 0.00000000
v 0.83205474 1.05175241 -0.49741901 0.00000000 0.00000000 0.00000000
v 0.85007276 1.05175241 -0.49741901 0.00000000 0.00000000 0.00000000
v 0.86809077 1.05175241 -0.49741901 0.00000000 0.00000000 0.00000000
v 0.88610879 1.05175241 -0.49741901 0.00000000 0.00000000 0.00000000
v 0.90412681 1.05175241 -0.49741901 0.00000000 0.00000000 0.00000000
v 0.92214483 1.05175241 -0.49741901 0.00000000 0.00000000 0.00000000
v -0.91569301 1.03373439 -0.49741901 0.00000000 0.00000000 0.00000000
v -0.89767499 1.03373439 -0.49741901 0.00000000 0.00000000 0.00000000
v -0.87965697 1.03373439 -0.49741901 0.00000000 0.00000000 0.00000000
v -0.86163896 1.03373439 -0.49741901 0.00000000 0.00000000 0.00000000
v -0.84362094 1.03373439 -0.49741901 0.00000000 0.00000000 0.00000000
v -0.82560292 1.03373439 -0.49741901 0.00000000 0.00000000 0.00000000
v -0.80758490 1.03373439 -0.49741901 0.00000000 0.00000000 0.00000000
v -0.78956688 1.03373439 -0.49741901 0.00000000 0.00000000 0.00000000
v -0.77154887 1.03373439 -0.49741901 0.00000000 0.00000000 0.00000000
v -0.75353085 1.03373439 -0.49741901 0.00000000 0.00000000 0.00000000
v -0.73551283 1.03373439 -0.49741901 0.00000000 0.00000000 0.00000000
v -0.71749481 1.03373439 -0.49741901 0.00000000 0.00000000 0.00000000
v -0.69947679 1.03373439 -0.49741901 0.00000000 0.00000000 0.00000000
v -0.68145878 1.03373439 -0.49741901 0.00000000 0.00000000 0.00000000
v -0.66344076 1.03373439 -0.49741901 0.00000000 0.00000000 0.00000000
v -0.64542274 1.03373439 -0.49741901 0.00000000 0.00000000 0.00000000
v -0.62740472 1.03373439 -0.49741901 0.00000000 0.00000000 0.00000000
v -0.60938670 1.03373439 -0.49741901 0.00000000 0.00000000 0.00000000
v -0.59136869 1.03373439 -0.49741901 0.00000000 0.00000000 0.00000000
v -0.57335067 1.03373439 -0.49741901 0.00000000 0.00000000 0.00000000
v -0.55533265 1.03373439 -0.49741901 0.00000000 0.00000000 0.00000000
v -0.53731463 1.03373439 -0.49741901 0.00000000 0.00000000 0.00000000
v -0.51929661 1.03373439 -0.49741901 0.00000000 0.00000000 0.00000000
v -0.50127860 1.03373439 -0.49741901 0.00000000 0.00000000 0.00000000
v -0.48326058 1.03373439 -0.49741901 0.00000000 0.00000000 0.00000000
v -0.46524256 1.03373439 -0.49741901 0.00000000 0.00000000 0.00000000
v -0.44722454 1.03373439 -0.49741901 0.00000000 0.00000000 0.00000000
v -0.42920652 1.03373439 -0.49741901 0.00000000 0.00000000 0.00000000
v -0.41118851 1.03373439 -0.49741901 0.00000000 0.00000000 0.00000000
v -0.39317049 1.03373439 -0.49741901 0.00000000 0.00000000 0.00000000
v -0.37515247 1.03373439 -0.49741901 0.00000000 0.00000000 0.00000000
v -0.35713445 1.03373439 -0.49741901 0.00000000 0.00000000 0.00000000
v -0.33911643 1.03373439 -0.49741901 0.00000000 0.00000000 0.00000000
v -0.32109842 1.03373439 -0.49741901 0.00000000 0.00000000 0.00000000
v -0.30308040 1.03373439 -0.49741901 0.00000000 0.00000000 0.00000000
v -0.28506238 1.03373439 -0.49741901 0.00000000 0.00000000 0.00000000
v -0.26704436 1.03373439 -0.49741901 0.00000000 0.00000000 0.00000000
v -0.24902634 1.03373439 -0.49741901 0.00000000 0.00000000 0.00000000
v -0.23100833 1.03373439 -0.49741901 0.00000000 0.00000000 0.00000000
v -0.21299031 1.03373439 -0.49741901 0.00000000 0.00000000 0.00000000
v -0.19497229 1.03373439 -0.49741901 0.00000000 0.00000000 0.00000000
v -0.17695427 1.03373439 -0.49741901 0.00000000 0.00000000 0.00000000
v -0.15893625 1.03373439 -0.49741901 0.00000000 0.00000000 0.00000000
v -0.14091824 1.03373439 0.38588149 0.32549020 0.30980392 0.30980392
v -0.12290022 1.03373439 0.41404269 0.08235294 0.04705882 0.01960784
v -0.10488220 1.03373439 0.42226539 0.25490196 0.16862745 0.12549020
v -0.08686418 1.03373439 0.42554321 0.39215686 0.25098039 0.18823529
v -0.06884616 1.03373439 0.42684371 0.74117647 0.56470588 0.48627451
v -0.05082815 1.03373439 0.42390811 0.75294118 0.58039216 0.48627451
v -0.03281013 1.03373439 0.42272006 0.78039216 0.62352941 0.52156863
v -0.01479211 1.03373439 0.42103836 0.55294118 0.41568627 0.32941176
v 0.00322591 1.03373439 0.41515177 0.26274510 0.14901961 0.08627451
v 0.02124393 1.03373439 0.40646711 0.24313725 0.15294118 0.12156863
v 0.03926195 1.03373439 0.39770479 0.22352941 0.16862745 0.15686275
v 0.05727996 1.03373439 0.38472464 0.02352941 0.00000000 0.00000000
v 0.07529798 1.03373439 0.36187131 0.09019608 0.08627451 0.09019608
v 0.09331600 1.03373439 -0.49741901 0.00392157 0.00392157 0.00392157
v 0.11133402 1.03373439 -0.49741901 0.00000000 0.00000000 0.00000000
v 0.12935204 1.03373439 -0.49741901 0.00000000 0.00000000 0.00000000
v 0.14737005 1.03373439 -0.49741901 0.00000000 0.00000000 0.00000000
v 0.16538807 1.03373439 -0.49741901 0.00000000 0.00000000 0.00000000
v 0.18340609 1.03373439 -0.49741901 0.00000000 0.00000000 0.00000000
v 0.20142411 1.03373439 -0.49741901 0.00000000 0.00000000 0.00000000
v 0.21944213 1.03373439 -0.49741901 0.00000000 0.00000000 0.00000000
v 0.23746014 1.03373439 -0.49741901 0.00000000 0.00000000 0.00000000
v 0.25547816 1.03373439 -0.49741901 0.00000000 0.00000000 0.00000000
v 0.27349618 1.03373439 -0.49741901 0.00000000 0.00000000 0.00000000
v 0.29151420 1.03373439 -0.49741901 0.00000000 0.00000000 0.00000000
v 0.30953222 1.03373439 -0.49741901 0.00000000 0.00000000 0.00000000
v 0.32755023 1.03373439 -0.49741901 0.00000000 0.00000000 0.00000000
v 0.34556825 1.03373439 -0.49741901 0.00000000 0.00000000 0.00000000
v 0.36358627 1.03373439 -0.49741901 0.00000000 0.00000000 0.00000000
v 0.38160429 1.03373439 -0.49741901 0.00000000 0.00000000 0.00000000
v 0.39962231 1.03373439 -0.49741901 0.00000000 0.00000000 0.00000000
v 0.41764032 1.03373439 -0.49741901 0.00000000 0.00000000 0.00000000
v 0.43565834 1.03373439 -0.49741901 0.00000000 0.00000000 0.00000000
v 0.45367636 1.03373439 -0.49741901 0.00000000 0.00000000 0.00000000
v 0.47169438 1.03373439 -0.49741901 0.00000000 0.00000000 0.00000000
v 0.48971240 1.03373439 -0.49741901 0.00000000 0.00000000 0.00000000
v 0.50773041 1.03373439 -0.49741901 0.00000000 0.00000000 0.00000000
v 0.52574843 1.03373439 -0.49741901 0.00000000 0.00000000 0.00000000
v 0.54376645 1.03373439 -0.49741901 0.00000000 0.00000000 0.00000000
v 0.56178447 1.03373439 -0.49741901 0.00000000 0.00000000 0.00000000
v 0.57980249 1.03373439 -0.49741901 0.00000000 0.00000000 0.00000000
v 0.59782050 1.03373439 -0.49741901 0.00000000 0.00000000 0.00000000
v 0.61583852 1.03373439 -0.49741901 0.00000000 0.00000000 0.00000000
v 0.63385654 1.03373439 -0.49741901 0.00000000 0.00000000 0.00000000
v 0.65187456 1.03373439 -0.49741901 0.00000000 0.00000000 0.00000000
v 0.66989258 1.03373439 -0.49741901 0.00000000 0.00000000 0.00000000
v 0.68791059 1.03373439 -0.49741901 0.00000000 0.00000000 0.00000000
v 0.70592861 1.03373439 -0.49741901 0.00000000 0.00000000 0.00000000
v 0.72394663 1.03373439 -0.49741901 0.00000000 0.00000000 0.00000000
v 0.74196465 1.03373439 -0.49741901 0.00000000 0.00000000 0.00000000
v 0.75998267 1.03373439 -0.49741901 0.00000000 0.00000000 0.00000000
v 0.77800068 1.03373439 -0.49741901 0.00000000 0.00000000 0.00000000
v 0.79601870 1.03373439 -0.49741901 0.00000000 0.00000000 0.00000000
v 0.81403672 1.03373439 -0.49741901 0.00000000 0.00000000 0.00000000
v 0.83205474 1.03373439 -0.49741901 0.00000000 0.00000000 0.00000000
v 0.85007276 1.03373439 -0.49741901 0.00000000 0.00000000 0.00000000
v 0.86809077 1.03373439 -0.49741901 0.00000000 0.00000000 0.00000000
v 0.88610879 1.03373439 -0.49741901 0.00000000 0.00000000 0.00000000
v 0.90412681 1.03373439 -0.49741901 0.00000000 0.00000000 0.00000000
v 0.92214483 1.03373439 -0.49741901 0.00000000 0.00000000 0.00000000
v -0.91569301 1.01571637 -0.49741901 0.00000000 0.00000000 0.00000000
v -0.89767499 1.01571637 -0.49741901 0.00000000 0.00000000 0.00000000
v -0.87965697 1.01571637 -0.49741901 0.00000000 0.00000000 0.00000000
v -0.86163896 1.01571637 -0.49741901 0.00000000 0.00000000 0.00000000
v -0.84362094 1.01571637 -0.49741901 0.00000000 0.00000000 0.00000000
v -0.82560292 1.01571637 -0.49741901 0.00000000 0.00000000 0.00000000
v -0.80758490 1.01571637 -0.49741901 0.00000000 0.00000000 0.00000000
v -0.78956688 1.01571637 -0.49741901 0.00000000 0.00000000 0.00000000
v -0.77154887 1.01571637 -0.49741901 0.00000000 0.00000000 0.00000000
v -0.75353085 1.01571637 -0.49741901 0.00000000 0.00000000 0.00000000
v -0.73551283 1.01571637 -0.49741901 0.00000000 0.00000000 0.00000000
v -0.71749481 1.01571637 -0.49741901 0.00000000 0.00000000 0.00000000
v -0.69947679 1.01571637 -0.49741901 0.00000000 0.00000000 0.00000000
v -0.68145878 1.01571637 -0.49741901 0.00000000 0.00000000 0.00000000
v -0.66344076 1.01571637 -0.49741901 0.00000000 0.00000000 0.00000000
v -0.64542274 1.01571637 -0.49741901 0.00000000 0.00000000 0.00000000
v -0.62740472 1.01571637 -0.49741901 0.00000000 0.00000000 0.00000000
v -0.60938670 1.01571637 -0.49741901 0.00000000 0.00000000 0.00000000
v -0.59136869 1.01571637 -0.49741901 0.00000000 0.00000000 0.00000000
v -0.57335067 1.01571637 -0.49741901 0.00000000 0.00000000 0.00000000
v -0.55533265 1.01571637 -0.49741901 0.00000000 0.00000000 0.00000000
v -0.53731463 1.01571637 -0.49741901 0.00000000 0.00000000 0.00000000
v -0.51929661 1.01571637 -0.49741901 0.00000000 0.00000000 0.00000000
v -0.50127860 1.01571637 -0.49741901 0.00000000 0.00000000 0.00000000
v -0.48326058 1.01571637 -0.49741901 0.00000000 0.00000000 0.00000000
v -0.46524256 1.01571637 -0.49741901 0.00000000 0.00000000 0.00000000
v -0.44722454 1.01571637 -0.49741901 0.00000000 0.00000000 0.00000000
v -0.42920652 1.01571637 -0.49741901 0.00000000 0.00000000 0.00000000
v -0.41118851 1.01571637 -0.49741901 0.00000000 0.00000000 0.00000000
v -0.39317049 1.01571637 -0.49741901 0.00000000 0.00000000 0.00000000
v -0.37515247 1.01571637 -0.49741901 0.00000000 0.00000000 0.00000000
v -0.35713445 1.01571637 -0.49741901 0.00000000 0.00000000 0.00000000
v -0.33911643 1.01571637 -0.49741901 0.00000000 0.00000000 0.00000000
v -0.32109842 1.01571637 -0.49741901 0.00000000 0.00000000 0.00000000
v -0.30308040 1.01571637 -0.49741901 0.00000000 0.00000000 0.00000000
v -0.28506238 1.01571637 -0.49741901 0.00000000 0.00000000 0.00000000
v -0.26704436 1.01571637 -0.49741901 0.00000000 0.00000000 0.00000000
v -0.24902634 1.01571637 -0.49741901 0.00000000 0.00000000 0.00000000
v -0.23100833 1.01571637 -0.49741901 0.00000000 0.00000000 0.00000000
v -0.21299031 1.01571637 -0.49741901 0.00000000 0.00000000 0.00000000
v -0.19497229 1.01571637 -0.49741901 0.00000000 0.00000000 0.00000000
v -0.17695427 1.01571637 -0.49741901 0.00784314 0.00784314 0.00784314
v -0.15893625 1.01571637 0.36815174 0.27843137 0.27450980 0.27843137
v -0.14091824 1.01571637 0.40442278 0.15294118 0.11764706 0.09803922
v -0.12290022 1.01571637 0.41877724 0.13333333 0.05490196 0.01176471
v -0.10488220 1.01571637 0.42370645 0.12941176 0.00000000 0.00000000
v -0.08686418 1.01571637 0.42868817 0.86666667 0.67450980 0.55686275
v -0.06884616 1.01571637 0.42912985 0.99607843 0.76078431 0.61960784
v -0.05082815 1.01571637 0.42621659 0.94117647 0.71372549 0.56862745
v -0.03281013 1.01571637 0.42549764 0.90980392 0.69803922 0.56470588
v -0.01479211 1.01571637 0.42525707 0.83529412 0.65098039 0.53333333
v 0.00322591 1.01571637 0.42092193 0.39215686 0.23137255 0.15294118
v 0.02124393 1.01571637 0.41450650 0.27058824 0.14509804 0.09411765
v 0.03926195 1.01571637 0.40743192 0.22745098 0.14901961 0.12156863
v 0.05727996 1.01571637 0.40065035 0.22352941 0.16078431 0.16078431
v 0.07529798 1.01571637 0.38543617 0.29803922 0.26274510 0.26666667
v 0.09331600 1.01571637 -0.49741901 0.00000000 0.00000000 0.00000000
v 0.11133402 1.01571637 -0.49741901 0.00000000 0.00000000 0.00000000
v 0.12935204 1.01571637 -0.49741901 0.00000000 0.00000000 0.00000000
v 0.14737005 1.01571637 -0.49741901 0.00000000 0.00000000 0.00000000
v 0.16538807 1.01571637 -0.49741901 0.00000000 0.00000000 0.00000000
v 0.18340609 1.01571637 -0.49741901 0.00000000 0.00000000 0.00000000
v 0.20142411 1.01571637 -0.49741901 0.00000000 0.00000000 0.00000000
v 0.21944213 1.01571637 -0.49741901 0.00000000 0.00000000 0.00000000
v 0.23746014 1.01571637 -0.49741901 0.00000000 0.00000000 0.00000000
v 0.25547816 1.01571637 -0.49741901 0.00000000 0.00000000 0.00000000
v 0.27349618 1.01571637 -0.49741901 0.00000000 0.00000000 0.00000000
v 0.29151420 1.01571637 -0.49741901 0.00000000 0.00000000 0.00000000
v 0.30953222 1.01571637 -0.49741901 0.00000000 0.00000000 0.00000000
v 0.32755023 1.01571637 -0.49741901 0.00000000 0.00000000 0.00000000
v 0.34556825 1.01571637 -0.49741901 0.00000000 0.00000000 0.00000000
v 0.36358627 1.01571637 -0.49741901 0.00000000 0.00000000 0.00000000
v 0.38160429 1.01571637 -0.49741901 0.00000000 0.00000000 0.00000000
v 0.39962231 1.01571637 -0.49741901 0.00000000 0.00000000 0.00000000
v 0.41764032 1.01571637 -0.49741901 0.00000000 0.00000000 0.00000000
v 0.43565834 1.01571637 -0.49741901 0.00000000 0.00000000 0.00000000
v 0.45367636 1.01571637 -0.49741901 0.00000000 0.00000000 0.00000000
v 0.47169438 1.01571637 -0.49741901 0.00000000 0.00000000 0.00000000
v 0.48971240 1.01571637 -0.49741901 0.00000000 0.00000000 0.00000000
v 0.50773041 1.01571637 -0.49741901 0.00000000 0.00000000 0.00000000
v 0.52574843 1.01571637 -0.49741901 0.00000000 0.00000000 0.00000000
v 0.54376645 1.01571637 -0.49741901 0.00000000 0.00000000 0.00000000
v 0.56178447 1.01571637 -0.49741901 0.00000000 0.00000000 0.00000000
v 0.57980249 1.01571637 -0.49741901 0.00000000 0.00000000 0.00000000
v 0.59782050 1.01571637 -0.49741901 0.00000000 0.00000000 0.00000000
v 0.61583852 1.01571637 -0.49741901 0.00000000 0.00000000 0.00000000
v 0.63385654 1.01571637 -0.49741901 0.00000000 0.00000000 0.00000000
v 0.65187456 1.01571637 -0.49741901 0.00000000 0.00000000 0.00000000
v 0.66989258 1.01571637 -0.49741901 0.00000000 0.00000000 0.00000000
v 0.68791059 1.01571637 -0.49741901 0.00000000 0.00000000 0.00000000
v 0.70592861 1.01571637 -0.49741901 0.00000000 0.00000000 0.00000000
v 0.72394663 1.01571637 -0.49741901 0.00000000 0.00000000 0.00000000
v 0.74196465 1.01571637 -0.49741901 0.00000000 0.00000000 0.00000000
v 0.75998267 1.01571637 -0.49741901 0.00000000 0.00000000 0.00000000
v 0.77800068 1.01571637 -0.49741901 0.00000000 0.00000000 0.00000000
v 0.79601870 1.01571637 -0.49741901 0.00000000 0.00000000 0.00000000
v 0.81403672 1.01571637 -0.49741901 0.00000000 0.00000000 0.00000000
v 0.83205474 1.01571637 -0.49741901 0.00000000 0.00000000 0.00000000
v 0.85007276 1.01571637 -0.49741901 0.00000000 0.00000000 0.00000000
v 0.86809077 1.01571637 -0.49741901 0.00000000 0.00000000 0.00000000
v 0.88610879 1.01571637 -0.49741901 0.00000000 0.00000000 0.00000000
v 0.90412681 1.01571637 -0.49741901 0.00000000 0.00000000 0.00000000
v 0.92214483 1.01571637 -0.49741901 0.00000000 0.00000000 0.00000000
v -0.91569301 0.99769836 -0.49741901 0.00000000 0.00000000 0.00000000
v -0.89767499 0.99769836 -0.49741901 0.00000000 0.00000000 0.00000000
v -0.87965697 0.99769836 -0.49741901 0.00000000 0.00000000 0.00000000
v -0.86163896 0.99769836 -0.49741901 0.00000000 0.00000000 0.00000000
v -0.84362094 0.99769836 -0.49741901 0.00000000 0.00000000 0.00000000
v -0.82560292 0.99769836 -0.49741901 0.00000000 0.00000000 0.00000000
v -0.80758490 0.99769836 -0.49741901 0.00000000 0.00000000 0.00000000
v -0.78956688 0.99769836 -0.49741901 0.00000000 0.00000000 0.00000000
v -0.77154887 0.99769836 -0.49741901 0.00000000 0.00000000 0.00000000
v -0.75353085 0.99769836 -0.49741901 0.00000000 0.00000000 0.00000000
v -0.73551283 0.99769836 -0.49741901 0.00000000 0.00000000 0.00000000
v -0.71749481 0.99769836 -0.49741901 0.00000000 0.00000000 0.00000000
v -0.69947679 0.99769836 -0.49741901 0.00000000 0.00000000 0.00000000
v -0.68145878 0.99769836 -0.49741901 0.00000000 0.00000000 0.00000000
v -0.66344076 0.99769836 -0.49741901 0.00000000 0.00000000 0.00000000
v -0.64542274 0.99769836 -0.49741901 0.00000000 0.00000000 0.00000000
v -0.62740472 0.99769836 -0.49741901 0.00000000 0.00000000 0.00000000
v -0.60938670 0.99769836 -0.49741901 0.00000000 0.00000000 0.00000000
v -0.59136869 0.99769836 -0.49741901 0.00000000 0.00000000 0.00000000
v -0.57335067 0.99769836 -0.49741901 0.00000000 0.00000000 0.00000000
v -0.55533265 0.99769836 -0.49741901 0.00000000 0.00000000 0.00000000
v -0.53731463 0.99769836 -0.49741901 0.00000000 0.00000000 0.00000000
v -0.51929661 0.99769836 -0.49741901 0.00000000 0.00000000 0.00000000
v -0.50127860 0.99769836 -0.49741901 0.00000000 0.00000000 0.00000000
v -0.48326058 0.99769836 -0.49741901 0.00000000 0.00000000 0.00000000
v -0.46524256 0.99769836 -0.49741901 0.00000000 0.00000000 0.00000000
v -0.44722454 0.99769836 -0.49741901 0.00000000 0.00000000 0.00000000
v -0.42920652 0.99769836 -0.49741901 0.00000000 0.00000000 0.00000000
v -0.41118851 0.99769836 -0.49741901 0.00000000 0.00000000 0.00000000
v -0.39317049 0.99769836 -0.49741901 0.00000000 0.00000000 0.00000000
v -0.37515247 0.99769836 -0.49741901 0.00000000 0.00000000 0.00000000
v -0.35713445 0.99769836 -0.49741901 0.00000000 0.00000000 0.00000000
v -0.33911643 0.99769836 -0.49741901 0.00000000 0.00000000 0.00000000
v -0.32109842 0.99769836 -0.49741901 0.00000000 0.00000000 0.00000000
v -0.30308040 0.99769836 -0.49741901 0.00000000 0.00000000 0.00000000
v -0.28506238 0.99769836 -0.49741901 0.00000000 0.00000000 0.00000000
v -0.26704436 0.99769836 -0.49741901 0.00000000 0.00000000 0.00000000
v -0.24902634 0.99769836 -0.49741901 0.00000000 0.00000000 0.00000000
v -0.23100833 0.99769836 -0.49741901 0.00000000 0.00000000 0.00000000
v -0.21299031 0.99769836 -0.49741901 0.00000000 0.00000000 0.00000000
v -0.19497229 0.99769836 -0.49741901 0.00000000 0.00000000 0.00000000
v -0.17695427 0.99769836 -0.49741901 0.00000000 0.00000000 0.00000000
v -0.15893625 0.99769836 0.39296659 0.23921569 0.22745098 0.22745098
v -0.14091824 0.99769836 0.41035776 0.13333333 0.07450980 0.05490196
v -0.12290022 0.99769836 0.41958672 0.23137255 0.12156863 0.06666667
v -0.10488220 0.99769836 0.42528752 0.27058824 0.10588235 0.01176471
v -0.08686418 0.99769836 0.42901995 0.90980392 0.69019608 0.55294118
v -0.06884616 0.99769836 0.42898317 0.99215686 0.73725490 0.58039216
v -0.05082815 0.99769836 0.42698963 0.94901961 0.69411765 0.53725490
v -0.03281013 0.99769836 0.42706325 0.99607843 0.75294118 0.60784314
v -0.01479211 0.99769836 0.42760411 0.91764706 0.70196078 0.58039216
v 0.00322591 0.99769836 0.42402606 0.48235294 0.29803922 0.19607843
v 0.02124393 0.99769836 0.41927556 0.28235294 0.13725490 0.06666667
v 0.03926195 0.99769836 0.41380398 0.32549020 0.21568627 0.17254902
v 0.05727996 0.99769836 0.40910688 0.14117647 0.06666667 0.04313725
v 0.07529798 0.99769836 0.39841013 0.15686275 0.09411765 0.09411765
v 0.09331600 0.99769836 0.36490451 0.13725490 0.13333333 0.13333333
v 0.11133402 0.99769836 -0.49741901 0.00392157 0.00392157 0.00392157
v 0.12935204 0.99769836 -0.49741901 0.00000000 0.00000000 0.00000000
v 0.14737005 0.99769836 -0.49741901 0.00000000 0.00000000 0.00000000
v 0.16538807 0.99769836 -0.49741901 0.00000000 0.00000000 0.00000000
v 0.18340609 0.99769836 -0.49741901 0.00000000 0.00000000 0.00000000
v 0.20142411 0.99769836 -0.49741901 0.00000000 0.00000000 0.00000000
v 0.21944213 0.99769836 -0.49741901 0.00000000 0.00000000 0.00000000
v 0.23746014 0.99769836 -0.49741901 0.00000000 0.00000000 0.00000000
v 0.25547816 0.99769836 -0.49741901 0.00000000 0.00000000 0.00000000
v 0.27349618 0.99769836 -0.49741901 0.00000000 0.00000000 0.00000000
v 0.29151420 0.99769836 -0.49741901 0.00000000 0.00000000 0.00000000
v 0.30953222 0.99769836 -0.49741901 0.00000000 0.00000000 0.00000000
v 0.32755023 0.99769836 -0.49741901 0.00000000 0.00000000 0.00000000
v 0.34556825 0.99769836 -0.49741901 0.00000000 0.00000000 0.00000000
v 0.36358627 0.99769836 -0.49741901 0.00000000 0.00000000 0.00000000
v 0.38160429 0.99769836 -0.49741901 0.00000000 0.00000000 0.00000000
v 0.39962231 0.99769836 -0.49741901 0.00000000 0.00000000 0.00000000
v 0.41764032 0.99769836 -0.49741901 0.00000000 0.00000000 0.00000000
v 0.43565834 0.99769836 -0.49741901 0.00000000 0.00000000 0.00000000
v 0.45367636 0.99769836 -0.49741901 0.00000000 0.00000000 0.00000000
v 0.47169438 0.99769836 -0.49741901 0.00000000 0.00000000 0.00000000
v 0.48971240 0.99769836 -0.49741901 0.00000000 0.00000000 0.00000000
v 0.50773041 0.99769836 -0.49741901 0.00000000 0.00000000 0.00000000
v 0.52574843 0.99769836 -0.49741901 0.00000000 0.00000000 0.00000000
v 0.54376645 0.99769836 -0.49741901 0.00000000 0.00000000 0.00000000
v 0.56178447 0.99769836 -0.49741901 0.00000000 0.00000000 0.00000000
v 0.57980249 0.99769836 -0.49741901 0.00000000 0.00000000 0.00000000
v 0.59782050 0.99769836 -0.49741901 0.00000000 0.00000000 0.00000000
v 0.61583852 0.99769836 -0.49741901 0.00000000 0.00000000 0.00000000
v 0.63385654 0.99769836 -0.49741901 0.00000000 0.00000000 0.00000000
v 0.65187456 0.99769836 -0.49741901 0.00000000 0.00000000 0.00000000
v 0.66989258 0.99769836 -0.49741901 0.00000000 0.00000000 0.00000000
v 0.68791059 0.99769836 -0.49741901 0.00000000 0.00000000 0.00000000
v 0.70592861 0.99769836 -0.49741901 0.00000000 0.00000000 0.00000000
v 0.72394663 0.99769836 -0.49741901 0.00000000 0.00000000 0.00000000
v 0.74196465 0.99769836 -0.49741901 0.00000000 0.00000000 0.00000000
v 0.75998267 0.99769836 -0.49741901 0.00000000 0.00000000 0.00000000
v 0.77800068 0.99769836 -0.49741901 0.00000000 0.00000000 0.00000000
v 0.79601870 0.99769836 -0.49741901 0.00000000 0.00000000 0.00000000
v 0.81403672 0.99769836 -0.49741901 0.00000000 0.00000000 0.00000000
v 0.83205474 0.99769836 -0.49741901 0.00000000 0.00000000 0.00000000
v 0.85007276 0.99769836 -0.49741901 0.00000000 0.00000000 0.00000000
v 0.86809077 0.99769836 -0.49741901 0.00000000 0.00000000 0.00000000
v 0.88610879 0.99769836 -0.49741901 0.00000000 0.00000000 0.00000000
v 0.90412681 0.99769836 -0.49741901 0.00000000 0.00000000 0.00000000
v 0.92214483 0.99769836 -0.49741901 0.00000000 0.00000000 0.00000000
v -0.91569301 0.97968034 -0.49741901 0.00000000 0.00000000 0.00000000
v -0.89767499 0.97968034 -0.49741901 0.00000000 0.00000000 0.00000000
v -0.87965697 0.97968034 -0.49741901 0.00000000 0.00000000 0.00000000
v -0.86163896 0.97968034 -0.49741901 0.00000000 0.00000000 0.00000000
v -0.84362094 0.97968034 -0.49741901 0.00000000 0.00000000 0.00000000
v -0.82560292 0.97968034 -0.49741901 0.00000000 0.00000000 0.00000000
v -0.80758490 0.97968034 -0.49741901 0.00000000 0.00000000 0.00000000
v -0.78956688 0.97968034 -0.49741901 0.00000000 0.00000000 0.00000000
v -0.77154887 0.97968034 -0.49741901 0.00000000 0.00000000 0.00000000
v -0.75353085 0.97968034 -0.49741901 0.00000000 0.00000000 0.00000000
v -0.73551283 0.97968034 -0.49741901 0.00000000 0.00000000 0.00000000
v -0.71749481 0.97968034 -0.49741901 0.00000000 0.00000000 0.00000000
v -0.69947679 0.97968034 -0.49741901 0.00000000 0.00000000 0.00000000
v -0.68145878 0.97968034 -0.49741901 0.00000000 0.00000000 0.00000000
v -0.66344076 0.97968034 -0.49741901 0.00000000 0.00000000 0.00000000
v -0.64542274 0.97968034 -0.49741901 0.00000000 0.00000000 0.00000000
v -0.62740472 0.97968034 -0.49741901 0.00000000 0.00000000 0.00000000
v -0.60938670 0.97968034 -0.49741901 0.00000000 0.00000000 0.00000000
v -0.59136869 0.97968034 -0.49741901 0.00000000 0.00000000 0.00000000
v -0.57335067 0.97968034 -0.49741901 0.00000000 0.00000000 0.00000000
v -0.55533265 0.97968034 -0.49741901 0.00000000 0.00000000 0.00000000
v -0.53731463 0.97968034 -0.49741901 0.00000000 0.00000000 0.00000000
v -0.51929661 0.97968034 -0.49741901 0.00000000 0.00000000 0.00000000
v -0.50127860 0.97968034 -0.49741901 0.00000000 0.00000000 0.00000000
v -0.48326058 0.97968034 -0.49741901 0.00000000 0.00000000 0.00000000
v -0.46524256 0.97968034 -0.49741901 0.00000000 0.00000000 0.00000000
v -0.44722454 0.97968034 -0.49741901 0.00000000 0.00000000 0.00000000
v -0.42920652 0.97968034 -0.49741901 0.00000000 0.00000000 0.00000000
v -0.41118851 0.97968034 -0.49741901 0.00000000 0.00000000 0.00000000
v -0.39317049 0.97968034 -0.49741901 0.00000000 0.00000000 0.00000000
v -0.37515247 0.97968034 -0.49741901 0.00000000 0.00000000 0.00000000
v -0.35713445 0.97968034 -0.49741901 0.00000000 0.00000000 0.00000000
v -0.33911643 0.97968034 -0.49741901 0.00000000 0.00000000 0.00000000
v -0.32109842 0.97968034 -0.49741901 0.00000000 0.00000000 0.00000000
v -0.30308040 0.97968034 -0.49741901 0.00000000 0.00000000 0.00000000
v -0.28506238 0.97968034 -0.49741901 0.00000000 0.00000000 0.00000000
v -0.26704436 0.97968034 -0.49741901 0.00000000 0.00000000 0.00000000
v -0.24902634 0.97968034 -0.49741901 0.00000000 0.00000000 0.00000000
v -0.23100833 0.97968034 -0.49741901 0.00000000 0.00000000 0.00000000
v -0.21299031 0.97968034 -0.49741901 0.00000000 0.00000000 0.00000000
v -0.19497229 0.97968034 -0.49741901 0.00000000 0.00000000 0.00000000
v -0.17695427 0.97968034 -0.49741901 0.01568627 0.01568627 0.01568627
v -0.15893625 0.97968034 0.39795181 0.12549020 0.10196078 0.10196078
v -0.14091824 0.97968034 0.41162231 0.20784314 0.14901961 0.12941176
v -0.12290022 0.97968034 0.41857689 0.24313725 0.13333333 0.08627451
v -0.10488220 0.97968034 0.42675037 0.31372549 0.15294118 0.06666667
v -0.08686418 0.97968034 0.43037708 0.88235294 0.68235294 0.56078431
v -0.06884616 0.97968034 0.42936471 0.95294118 0.72549020 0.57647059
v -0.05082815 0.97968034 0.42554321 0.99607843 0.78431373 0.62352941
v -0.03281013 0.97968034 0.42490234 0.93725490 0.70196078 0.55686275
v -0.01479211 0.97968034 0.42520291 0.99607843 0.82745098 0.69411765
v 0.00322591 0.97968034 0.42289746 0.70588235 0.52156863 0.41568627
v 0.02124393 0.97968034 0.41992791 0.36470588 0.21568627 0.13333333
v 0.03926195 0.97968034 0.41509988 0.21568627 0.10196078 0.04705882
v 0.05727996 0.97968034 0.40981889 0.26666667 0.18039216 0.13725490
v 0.07529798 0.97968034 0.40270795 0.21568627 0.14117647 0.11372549
v 0.09331600 0.97968034 0.37561570 0.52941176 0.51764706 0.51764706
v 0.11133402 0.97968034 -0.49741901 0.00000000 0.00000000 0.00000000
v 0.12935204 0.97968034 -0.49741901 0.00000000 0.00000000 0.00000000
v 0.14737005 0.97968034 -0.49741901 0.00000000 0.00000000 0.00000000
v 0.16538807 0.97968034 -0.49741901 0.00000000 0.00000000 0.00000000
v 0.18340609 0.97968034 -0.49741901 0.00000000 0.00000000 0.00000000
v 0.20142411 0.97968034 -0.49741901 0.00000000 0.00000000 0.00000000
v 0.21944213 0.97968034 -0.49741901 0.00000000 0.00000000 0.00000000
v 0.23746014 0.97968034 -0.49741901 0.00000000 0.00000000 0.00000000
v 0.25547816 0.97968034 -0.49741901 0.00000000 0.00000000 0.00000000
v 0.27349618 0.97968034 -0.49741901 0.00000000 0.00000000 0.00000000
v 0.29151420 0.97968034 -0.49741901 0.00000000 0.00000000 0.00000000
v 0.30953222 0.97968034 -0.49741901 0.00000000 0.00000000 0.00000000
v 0.32755023 0.97968034 -0.49741901 0.00000000 0.00000000 0.00000000
v 0.34556825 0.97968034 -0.49741901 0.00000000 0.00000000 0.00000000
v 0.36358627 0.97968034 -0.49741901 0.00000000 0.00000000 0.00000000
v 0.38160429 0.97968034 -0.49741901 0.00000000 0.00000000 0.00000000
v 0.39962231 0.97968034 -0.49741901 0.00000000 0.00000000 0.00000000
v 0.41764032 0.97968034 -0.49741901 0.00000000 0.00000000 0.00000000
v 0.43565834 0.97968034 -0.49741901 0.00000000 0.00000000 0.00000000
v 0.45367636 0.97968034 -0.49741901 0.00000000 0.00000000 0.00000000
v 0.47169438 0.97968034 -0.49741901 0.00000000 0.00000000 0.00000000
v 0.48971240 0.97968034 -0.49741901 0.00000000 0.00000000 0.00000000
v 0.50773041 0.97968034 -0.49741901 0.00000000 0.00000000 0.00000000
v 0.52574843 0.97968034 -0.49741901 0.00000000 0.00000000 0.00000000
v 0.54376645 0.97968034 -0.49741901 0.00000000 0.00000000 0.00000000
v 0.56178447 0.97968034 -0.49741901 0.00000000 0.00000000 0.00000000
v 0.57980249 0.97968034 -0.49741901 0.00000000 0.00000000 0.00000000
v 0.59782050 0.97968034 -0.49741901 0.00000000 0.00000000 0.00000000
v 0.61583852 0.97968034 -0.49741901 0.00000000 0.00000000 0.00000000
v 0.63385654 0.97968034 -0.49741901 0.00000000 0.00000000 0.00000000
v 0.65187456 0.97968034 -0.49741901 0.00000000 0.00000000 0.00000000
v 0.66989258 0.97968034 -0.49741901 0.00000000 0.00000000 0.00000000
v 0.68791059 0.97968034 -0.49741901 0.00000000 0.00000000 0.00000000
v 0.70592861 0.97968034 -0.49741901 0.00000000 0.00000000 0.00000000
v 0.72394663 0.97968034 -0.49741901 0.00000000 0.00000000 0.00000000
v 0.74196465 0.97968034 -0.49741901 0.00000000 0.00000000 0.00000000
v 0.75998267 0.97968034 -0.49741901 0.00000000 0.00000000 0.00000000
v 0.77800068 0.97968034 -0.49741901 0.00000000 0.00000000 0.00000000
v 0.79601870 0.97968034 -0.49741901 0.00000000 0.00000000 0.00000000
v 0.81403672 0.97968034 -0.49741901 0.00000000 0.00000000 0.00000000
v 0.83205474 0.97968034 -0.49741901 0.00000000 0.00000000 0.00000000
v 0.85007276 0.97968034 -0.49741901 0.00000000 0.00000000 0.00000000
v 0.86809077 0.97968034 -0.49741901 0.00000000 0.00000000 0.00000000
v 0.88610879 0.97968034 -0.49741901 0.00000000 0.00000000 0.00000000
v 0.90412681 0.97968034 -0.49741901 0.00000000 0.00000000 0.00000000
v 0.92214483 0.97968034 -0.49741901 0.00000000 0.00000000 0.00000000
v -0.91569301 0.96166232 -0.49741901 0.00000000 0.00000000 0.00000000
v -0.89767499 0.96166232 -0.49741901 0.00000000 0.00000000 0.00000000
v -0.87965697 0.96166232 -0.49741901 0.00000000 0.00000000 0.00000000
v -0.86163896 0.96166232 -0.49741901 0.00000000 0.00000000 0.00000000
v -0.84362094 0.96166232 -0.49741901 0.00000000 0.00000000 0.00000000
v -0.82560292 0.96166232 -0.49741901 0.00000000 0.00000000 0.00000000
v -0.80758490 0.96166232 -0.49741901 0.00000000 0.00000000 0.00000000
v -0.78956688 0.96166232 -0.49741901 0.00000000 0.00000000 0.00000000
v -0.77154887 0.96166232 -0.49741901 0.00000000 0.00000000 0.00000000
v -0.75353085 0.96166232 -0.49741901 0.00000000 0.00000000 0.00000000
v -0.73551283 0.96166232 -0.49741901 0.00000000 0.00000000 0.00000000
v -0.71749481 0.96166232 -0.49741901 0.00000000 0.00000000 0.00000000
v -0.69947679 0.96166232 -0.49741901 0.00000000 0.00000000 0.00000000
v -0.68145878 0.96166232 -0.49741901 0.00000000 0.00000000 0.00000000
v -0.66344076 0.96166232 -0.49741901 0.00000000 0.00000000 0.00000000
v -0.64542274 0.96166232 -0.49741901 0.00000000 0.00000000 0.00000000
v -0.62740472 0.96166232 -0.49741901 0.00000000 0.00000000 0.00000000
v -0.60938670 0.96166232 -0.49741901 0.00000000 0.00000000 0.00000000
v -0.59136869 0.96166232 -0.49741901 0.00000000 0.00000000 0.00000000
v -0.57335067 0.96166232 -0.49741901 0.00000000 0.00000000 0.00000000
v -0.55533265 0.96166232 -0.49741901 0.00000000 0.00000000 0.00000000
v -0.53731463 0.96166232 -0.49741901 0.00000000 0.00000000 0.00000000
v -0.51929661 0.96166232 -0.49741901 0.00000000 0.00000000 0.00000000
v -0.50127860 0.96166232 -0.49741901 0.00000000 0.00000000 0.00000000
v -0.48326058 0.96166232 -0.49741901 0.00000000 0.00000000 0.00000000
v -0.46524256 0.96166232 -0.49741901 0.00000000 0.00000000 0.00000000
v -0.44722454 0.96166232 -0.49741901 0.00000000 0.00000000 0.00000000
v -0.42920652 0.96166232 -0.49741901 0.00000000 0.00000000 0.00000000
v -0.41118851 0.96166232 -0.49741901 0.00000000 0.00000000 0.00000000
v -0.39317049 0.96166232 -0.49741901 0.00000000 0.00000000 0.00000000
v -0.37515247 0.96166232 -0.49741901 0.00000000 0.00000000 0.00000000
v -0.35713445 0.96166232 -0.49741901 0.00000000 0.00000000 0.00000000
v -0.33911643 0.96166232 -0.49741901 0.00000000 0.00000000 0.00000000
v -0.32109842 0.96166232 -0.49741901 0.00000000 0.00000000 0.00000000
v -0.30308040 0.96166232 -0.49741901 0.00000000 0.00000000 0.00000000
v -0.28506238 0.96166232 -0.49741901 0.00000000 0.00000000 0.00000000
v -0.26704436 0.96166232 -0.49741901 0.00000000 0.00000000 0.00000000
v -0.24902634 0.96166232 -0.49741901 0.00000000 0.00000000 0.00000000
v -0.23100833 0.96166232 -0.49741901 0.00000000 0.00000000 0.00000000
v -0.21299031 0.96166232 -0.49741901 0.00000000 0.00000000 0.00000000
v -0.19497229 0.96166232 -0.49741901 0.00392157 0.00392157 0.00392157
v -0.17695427 0.96166232 0.35872408 0.40784314 0.40784314 0.40784314
v -0.15893625 0.96166232 0.40185738 0.11764706 0.08627451 0.07843137
v -0.14091824 0.96166232 0.41188845 0.13333333 0.07450980 0.06274510
v -0.12290022 0.96166232 0.41921377 0.18823529 0.09019608 0.06274510
v -0.10488220 0.96166232 0.42633749 0.35686275 0.22745098 0.16862745
v -0.08686418 0.96166232 0.42844774 0.42745098 0.26666667 0.18039216
v -0.06884616 0.96166232 0.42728807 0.47843137 0.30588235 0.19215686
v -0.05082815 0.96166232 0.42456610 0.90588235 0.70196078 0.55686275
v -0.03281013 0.96166232 0.42326965 0.93725490 0.73333333 0.58823529
v -0.01479211 0.96166232 0.42281553 0.52156863 0.33333333 0.20392157
v 0.00322591 0.96166232 0.42134429 0.50980392 0.35294118 0.24313725
v 0.02124393 0.96166232 0.41838292 0.34901961 0.20784314 0.11372549
v 0.03926195 0.96166232 0.41367345 0.32549020 0.21176471 0.14117647
v 0.05727996 0.96166232 0.40707891 0.23137255 0.14117647 0.08627451
v 0.07529798 0.96166232 0.40236573 0.20000000 0.12549020 0.07058824
v 0.09331600 0.96166232 0.38256449 0.19607843 0.17647059 0.16470588
v 0.11133402 0.96166232 -0.49741901 0.00000000 0.00000000 0.00000000
v 0.12935204 0.96166232 -0.49741901 0.00000000 0.00000000 0.00000000
v 0.14737005 0.96166232 -0.49741901 0.00000000 0.00000000 0.00000000
v 0.16538807 0.96166232 -0.49741901 0.00000000 0.00000000 0.00000000
v 0.18340609 0.96166232 -0.49741901 0.00000000 0.00000000 0.00000000
v 0.20142411 0.96166232 -0.49741901 0.00000000 0.00000000 0.00000000
v 0.21944213 0.96166232 -0.49741901 0.00000000 0.00000000 0.00000000
v 0.23746014 0.96166232 -0.49741901 0.00000000 0.00000000 0.00000000
v 0.25547816 0.96166232 -0.49741901 0.00000000 0.00000000 0.00000000
v 0.27349618 0.96166232 -0.49741901 0.00000000 0.00000000 0.00000000
v 0.29151420 0.96166232 -0.49741901 0.00000000 0.00000000 0.00000000
v 0.30953222 0.96166232 -0.49741901 0.00000000 0.00000000 0.00000000
v 0.32755023 0.96166232 -0.49741901 0.00000000 0.00000000 0.00000000
v 0.34556825 0.96166232 -0.49741901 0.00000000 0.00000000 0.00000000
v 0.36358627 0.96166232 -0.49741901 0.00000000 0.00000000 0.00000000
v 0.38160429 0.96166232 -0.49741901 0.00000000 0.00000000 0.00000000
v 0.39962231 0.96166232 -0.49741901 0.00000000 0.00000000 0.00000000
v 0.41764032 0.96166232 -0.49741901 0.00000000 0.00000000 0.00000000
v 0.43565834 0.96166232 -0.49741901 0.00000000 0.00000000 0.00000000
v 0.45367636 0.96166232 -0.49741901 0.00000000 0.00000000 0.00000000
v 0.47169438 0.96166232 -0.49741901 0.00000000 0.00000000 0.00000000
v 0.48971240 0.96166232 -0.49741901 0.00000000 0.00000000 0.00000000
v 0.50773041 0.96166232 -0.49741901 0.00000000 0.00000000 0.00000000
v 0.52574843 0.96166232 -0.49741901 0.00000000 0.00000000 0.00000000
v 0.54376645 0.96166232 -0.49741901 0.00000000 0.00000000 0.00000000
v 0.56178447 0.96166232 -0.49741901 0.00000000 0.00000000 0.00000000
v 0.57980249 0.96166232 -0.49741901 0.00000000 0.00000000 0.00000000
v 0.59782050 0.96166232 -0.49741901 0.00000000 0.00000000 0.00000000
v 0.61583852 0.96166232 -0.49741901 0.00000000 0.00000000 0.00000000
v 0.63385654 0.96166232 -0.49741901 0.00000000 0.00000000 0.00000000
v 0.65187456 0.96166232 -0.49741901 0.00000000 0.00000000 0.00000000
v 0.66989258 0.96166232 -0.49741901 0.00000000 0.00000000 0.00000000
v 0.68791059 0.96166232 -0.49741901 0.00000000 0.00000000 0.00000000
v 0.70592861 0.96166232 -0.49741901 0.00000000 0.00000000 0.00000000
v 0.72394663 0.96166232 -0.49741901 0.00000000 0.00000000 0.00000000
v 0.74196465 0.96166232 -0.49741901 0.00000000 0.00000000 0.00000000
v 0.75998267 0.96166232 -0.49741901 0.00000000 0.00000000 0.00000000
v 0.77800068 0.96166232 -0.49741901 0.00000000 0.00000000 0.00000000
v 0.79601870 0.96166232 -0.49741901 0.00000000 0.00000000 0.00000000
v 0.81403672 0.96166232 -0.49741901 0.00000000 0.00000000 0.00000000
v 0.83205474 0.96166232 -0.49741901 0.00000000 0.00000000 0.00000000
v 0.85007276 0.96166232 -0.49741901 0.00000000 0.00000000 0.00000000
v 0.86809077 0.96166232 -0.49741901 0.00000000 0.00000000 0.00000000
v 0.88610879 0.96166232 -0.49741901 0.00000000 0.00000000 0.00000000
v 0.90412681 0.96166232 -0.49741901 0.00000000 0.00000000 0.00000000
v 0.92214483 0.96166232 -0.49741901 0.00000000 0.00000000 0.00000000
v -0.91569301 0.94364430 -0.49741901 0.00000000 0.00000000 0.00000000
v -0.89767499 0.94364430 -0.49741901 0.00000000 0.00000000 0.00000000
v -0.87965697 0.94364430 -0.49741901 0.00000000 0.00000000 0.00000000
v -0.86163896 0.94364430 -0.49741901 0.00000000 0.00000000 0.00000000
v -0.84362094 0.94364430 -0.49741901 0.00000000 0.00000000 0.00000000
v -0.82560292 0.94364430 -0.49741901 0.00000000 0.00000000 0.00000000
v -0.80758490 0.94364430 -0.49741901 0.00000000 0.00000000 0.00000000
v -0.78956688 0.94364430 -0.49741901 0.00000000 0.00000000 0.00000000
v -0.77154887 0.94364430 -0.49741901 0.00000000 0.00000000 0.00000000
v -0.75353085 0.94364430 -0.49741901 0.00000000 0.00000000 0.00000000
v -0.73551283 0.94364430 -0.49741901 0.00000000 0.00000000 0.00000000
v -0.71749481 0.94364430 -0.49741901 0.00000000 0.00000000 0.00000000
v -0.69947679 0.94364430 -0.49741901 0.00000000 0.00000000 0.00000000
v -0.68145878 0.94364430 -0.49741901 0.00000000 0.00000000 0.00000000
v -0.66344076 0.94364430 -0.49741901 0.00000000 0.00000000 0.00000000
v -0.64542274 0.94364430 -0.49741901 0.00000000 0.00000000 0.00000000
v -0.62740472 0.94364430 -0.49741901 0.00000000 0.00000000 0.00000000
v -0.60938670 0.94364430 -0.49741901 0.00000000 0.00000000 0.00000000
v -0.59136869 0.94364430 -0.49741901 0.00000000 0.00000000 0.00000000
v -0.57335067 0.94364430 -0.49741901 0.00000000 0.00000000 0.00000000
v -0.55533265 0.94364430 -0.49741901 0.00000000 0.00000000 0.00000000
v -0.53731463 0.94364430 -0.49741901 0.00000000 0.00000000 0.00000000
v -0.51929661 0.94364430 -0.49741901 0.00000000 0.00000000 0.00000000
v -0.50127860 0.94364430 -0.49741901 0.00000000 0.00000000 0.00000000
v -0.48326058 0.94364430 -0.49741901 0.00000000 0.00000000 0.00000000
v -0.46524256 0.94364430 -0.49741901 0.00000000 0.00000000 0.00000000
v -0.44722454 0.94364430 -0.49741901 0.00000000 0.00000000 0.00000000
v -0.42920652 0.94364430 -0.49741901 0.00000000 0.00000000 0.00000000
v -0.41118851 0.94364430 -0.49741901 0.00000000 0.00000000 0.00000000
v -0.39317049 0.94364430 -0.49741901 0.00000000 0.00000000 0.00000000
v -0.37515247 0.94364430 -0.49741901 0.00000000 0.00000000 0.00000000
v -0.35713445 0.94364430 -0.49741901 0.00000000 0.00000000 0.00000000
v -0.33911643 0.94364430 -0.49741901 0.00000000 0.00000000 0.00000000
v -0.32109842 0.94364430 -0.49741901 0.00000000 0.00000000 0.00000000
v -0.30308040 0.94364430 -0.49741901 0.00000000 0.00000000 0.00000000
v -0.28506238 0.94364430 -0.49741901 0.00000000 0.00000000 0.00000000
v -0.26704436 0.94364430 -0.49741901 0.00000000 0.00000000 0.00000000
v -0.24902634 0.94364430 -0.49741901 0.00000000 0.00000000 0.00000000
v -0.23100833 0.94364430 -0.49741901 0.00000000 0.00000000 0.00000000
v -0.21299031 0.94364430 -0.49741901 0.00000000 0.00000000 0.00000000
v -0.19497229 0.94364430 -0.49741901 0.00000000 0.00000000 0.00000000
v -0.17695427 0.94364430 0.38409010 0.27058824 0.26666667 0.25490196
v -0.15893625 0.94364430 0.40597512 0.14509804 0.11372549 0.10588235
v -0.14091824 0.94364430 0.41388405 0.10196078 0.03921569 0.03921569
v -0.12290022 0.94364430 0.42014689 0.29411765 0.20000000 0.19215686
v -0.10488220 0.94364430 0.42562672 0.40392157 0.29803922 0.26274510
v -0.08686418 0.94364430 0.42653826 0.36078431 0.24705882 0.18431373
v -0.06884616 0.94364430 0.42505555 0.47843137 0.35686275 0.27450980
v -0.05082815 0.94364430 0.42286557 0.76078431 0.59215686 0.47058824
v -0.03281013 0.94364430 0.42244891 0.92156863 0.74901961 0.61176471
v -0.01479211 0.94364430 0.42271422 0.63137255 0.47450980 0.34901961
v 0.00322591 0.94364430 0.42238120 0.35294118 0.20784314 0.09411765
v 0.02124393 0.94364430 0.42099609 0.11764706 0.00000000 0.00000000
v 0.03926195 0.94364430 0.41708091 0.41176471 0.30196078 0.21960784
v 0.05727996 0.94364430 0.40932099 0.30196078 0.20000000 0.13333333
v 0.07529798 0.94364430 0.40316152 0.19607843 0.11372549 0.04705882
v 0.09331600 0.94364430 0.38886610 0.05490196 0.03529412 0.01960784
v 0.11133402 0.94364430 0.35727999 0.10980392 0.10980392 0.10980392
v 0.12935204 0.94364430 -0.49741901 0.00392157 0.00392157 0.00392157
v 0.14737005 0.94364430 -0.49741901 0.00000000 0.00000000 0.00000000
v 0.16538807 0.94364430 -0.49741901 0.00000000 0.00000000 0.00000000
v 0.18340609 0.94364430 -0.49741901 0.00000000 0.00000000 0.00000000
v 0.20142411 0.94364430 -0.49741901 0.00000000 0.00000000 0.00000000
v 0.21944213 0.94364430 -0.49741901 0.00000000 0.00000000 0.00000000
v 0.23746014 0.94364430 -0.49741901 0.00000000 0.00000000 0.00000000
v 0.25547816 0.94364430 -0.49741901 0.00000000 0.00000000 0.00000000
v 0.27349618 0.94364430 -0.49741901 0.00000000 0.00000000 0.00000000
v 0.29151420 0.94364430 -0.49741901 0.00000000 0.00000000 0.00000000
v 0.30953222 0.94364430 -0.49741901 0.00000000 0.00000000 0.00000000
v 0.32755023 0.94364430 -0.49741901 0.00000000 0.00000000 0.00000000
v 0.34556825 0.94364430 -0.49741901 0.00000000 0.00000000 0.00000000
v 0.36358627 0.94364430 -0.49741901 0.00000000 0.00000000 0.00000000
v 0.38160429 0.94364430 -0.49741901 0.00000000 0.00000000 0.00000000
v 0.39962231 0.94364430 -0.49741901 0.00000000 0.00000000 0.00000000
v 0.41764032 0.94364430 -0.49741901 0.00000000 0.00000000 0.00000000
v 0.43565834 0.94364430 -0.49741901 0.00000000 0.00000000 0.00000000
v 0.45367636 0.94364430 -0.49741901 0.00000000 0.00000000 0.00000000
v 0.47169438 0.94364430 -0.49741901 0.00000000 0.00000000 0.00000000
v 0.48971240 0.94364430 -0.49741901 0.00000000 0.00000000 0.00000000
v 0.50773041 0.94364430 -0.49741901 0.00000000 0.00000000 0.00000000
v 0.52574843 0.94364430 -0.49741901 0.00000000 0.00000000 0.00000000
v 0.54376645 0.94364430 -0.49741901 0.00000000 0.00000000 0.00000000
v 0.56178447 0.94364430 -0.49741901 0.00000000 0.00000000 0.00000000
v 0.57980249 0.94364430 -0.49741901 0.00000000 0.00000000 0.00000000
v 0.59782050 0.94364430 -0.49741901 0.00000000 0.00000000 0.00000000
v 0.61583852 0.94364430 -0.49741901 0.00000000 0.00000000 0.00000000
v 0.63385654 0.94364430 -0.49741901 0.00000000 0.00000000 0.00000000
v 0.65187456 0.94364430 -0.49741901 0.00000000 0.00000000 0.00000000
v 0.66989258 0.94364430 -0.49741901 0.00000000 0.00000000 0.00000000
v 0.68791059 0.94364430 -0.49741901 0.00000000 0.00000000 0.00000000
v 0.70592861 0.94364430 -0.49741901 0.00000000 0.00000000 0.00000000
v 0.72394663 0.94364430 -0.49741901 0.00000000 0.00000000 0.00000000
v 0.74196465 0.94364430 -0.49741901 0.00000000 0.00000000 0.00000000
v 0.75998267 0.94364430 -0.49741901 0.00000000 0.00000000 0.00000000
v 0.77800068 0.94364430 -0.49741901 0.00000000 0.00000000 0.00000000
v 0.79601870 0.94364430 -0.49741901 0.00000000 0.00000000 0.00000000
v 0.81403672 0.94364430 -0.49741901 0.00000000 0.00000000 0.00000000
v 0.83205474 0.94364430 -0.49741901 0.00000000 0.00000000 0.00000000
v 0.85007276 0.94364430 -0.49741901 0.00000000 0.00000000 0.00000000
v 0.86809077 0.94364430 -0.49741901 0.00000000 0.00000000 0.00000000
v 0.88610879 0.94364430 -0.49741901 0.00000000 0.00000000 0.00000000
v 0.90412681 0.94364430 -0.49741901 0.00000000 0.00000000 0.00000000
v 0.92214483 0.94364430 -0.49741901 0.00000000 0.00000000 0.00000000
v -0.91569301 0.92562628 -0.49741901 0.00000000 0.00000000 0.00000000
v -0.89767499 0.92562628 -0.49741901 0.00000000 0.00000000 0.00000000
v -0.87965697 0.92562628 -0.49741901 0.00000000 0.00000000 0.00000000
v -0.86163896 0.92562628 -0.49741901 0.00000000 0.00000000 0.00000000
v -0.84362094 0.92562628 -0.49741901 0.00000000 0.00000000 0.00000000
v -0.82560292 0.92562628 -0.49741901 0.00000000 0.00000000 0.00000000
v -0.80758490 0.92562628 -0.49741901 0.00000000 0.00000000 0.00000000
v -0.78956688 0.92562628 -0.49741901 0.00000000 0.00000000 0.00000000
v -0.77154887 0.92562628 -0.49741901 0.00000000 0.00000000 0.00000000
v -0.75353085 0.92562628 -0.49741901 0.00000000 0.00000000 0.00000000
v -0.73551283 0.92562628 -0.49741901 0.00000000 0.00000000 0.00000000
v -0.71749481 0.92562628 -0.49741901 0.00000000 0.00000000 0.00000000
v -0.69947679 0.92562628 -0.49741901 0.00000000 0.00000000 0.00000000
v -0.68145878 0.92562628 -0.49741901 0.00000000 0.00000000 0.00000000
v -0.66344076 0.92562628 -0.49741901 0.00000000 0.00000000 0.00000000
v -0.64542274 0.92562628 -0.49741901 0.00000000 0.00000000 0.00000000
v -0.62740472 0.92562628 -0.49741901 0.00000000 0.00000000 0.00000000
v -0.60938670 0.92562628 -0.49741901 0.00000000 0.00000000 0.00000000
v -0.59136869 0.92562628 -0.49741901 0.00000000 0.00000000 0.00000000
v -0.57335067 0.92562628 -0.49741901 0.00000000 0.00000000 0.00000000
v -0.55533265 0.92562628 -0.49741901 0.00000000 0.00000000 0.00000000
v -0.53731463 0.92562628 -0.49741901 0.00000000 0.00000000 0.00000000
v -0.51929661 0.92562628 -0.49741901 0.00000000 0.00000000 0.00000000
v -0.50127860 0.92562628 -0.49741901 0.00000000 0.00000000 0.00000000
v -0.48326058 0.92562628 -0.49741901 0.00000000 0.00000000 0.00000000
v -0.46524256 0.92562628 -0.49741901 0.00000000 0.00000000 0.00000000
v -0.44722454 0.92562628 -0.49741901 0.00000000 0.00000000 0.00000000
v -0.42920652 0.92562628 -0.49741901 0.00000000 0.00000000 0.00000000
v -0.41118851 0.92562628 -0.49741901 0.00000000 0.00000000 0.00000000
v -0.39317049 0.92562628 -0.49741901 0.00000000 0.00000000 0.00000000
v -0.37515247 0.92562628 -0.49741901 0.00000000 0.00000000 0.00000000
v -0.35713445 0.92562628 -0.49741901 0.00000000 0.00000000 0.00000000
v -0.33911643 0.92562628 -0.49741901 0.00000000 0.00000000 0.00000000
v -0.32109842 0.92562628 -0.49741901 0.00000000 0.00000000 0.00000000
v -0.30308040 0.92562628 -0.49741901 0.00000000 0.00000000 0.00000000
v -0.28506238 0.92562628 -0.49741901 0.00000000 0.00000000 0.00000000
v -0.26704436 0.92562628 -0.49741901 0.00000000 0.00000000 0.00000000
v -0.24902634 0.92562628 -0.49741901 0.00000000 0.00000000 0.00000000
v -0.23100833 0.92562628 -0.49741901 0.00000000 0.00000000 0.00000000
v -0.21299031 0.92562628 -0.49741901 0.00000000 0.00000000 0.00000000
v -0.19497229 0.92562628 -0.49741901 0.00784314 0.00784314 0.00784314
v -0.17695427 0.92562628 0.39141555 0.03137255 0.01176471 0.00000000
v -0.15893625 0.92562628 0.40741378 0.16862745 0.11372549 0.10196078
v -0.14091824 0.92562628 0.41095911 0.16470588 0.06666667 0.04705882
v -0.12290022 0.92562628 0.41744746 0.30196078 0.15686275 0.12156863
v -0.10488220 0.92562628 0.42205994 0.57647059 0.41176471 0.33725490
v -0.08686418 0.92562628 0.42301018 0.60784314 0.41960784 0.30196078
v -0.06884616 0.92562628 0.42165572 0.70196078 0.49803922 0.35686275
v -0.05082815 0.92562628 0.41943550 0.80000000 0.60392157 0.47843137
v -0.03281013 0.92562628 0.41875167 0.89411765 0.69803922 0.56078431
v -0.01479211 0.92562628 0.41914840 0.87450980 0.66274510 0.51372549
v 0.00322591 0.92562628 0.41914586 0.86274510 0.65098039 0.50196078
v 0.02124393 0.92562628 0.41860582 0.86666667 0.67058824 0.53333333
v 0.03926195 0.92562628 0.41590515 0.49803922 0.32941176 0.22352941
v 0.05727996 0.92562628 0.41049399 0.38039216 0.24313725 0.16470588
v 0.07529798 0.92562628 0.40385071 0.36862745 0.25882353 0.21176471
v 0.09331600 0.92562628 0.39113526 0.10588235 0.07843137 0.05490196
v 0.11133402 0.92562628 0.36535973 0.34117647 0.34117647 0.34117647
v 0.12935204 0.92562628 -0.49741901 0.00784314 0.00784314 0.00784314
v 0.14737005 0.92562628 -0.49741901 0.00000000 0.00000000 0.00000000
v 0.16538807 0.92562628 -0.49741901 0.00000000 0.00000000 0.00000000
v 0.18340609 0.92562628 -0.49741901 0.00000000 0.00000000 0.00000000
v 0.20142411 0.92562628 -0.49741901 0.00000000 0.00000000 0.00000000
v 0.21944213 0.92562628 -0.49741901 0.00000000 0.00000000 0.00000000
v 0.23746014 0.92562628 -0.49741901 0.00000000 0.00000000 0.00000000
v 0.25547816 0.92562628 -0.49741901 0.00000000 0.00000000 0.00000000
v 0.27349618 0.92562628 -0.49741901 0.00000000 0.00000000 0.00000000
v 0.29151420 0.92562628 -0.49741901 0.00000000 0.00000000 0.00000000
v 0.30953222 0.92562628 -0.49741901 0.00000000 0.00000000 0.00000000
v 0.32755023 0.92562628 -0.49741901 0.00000000 0.00000000 0.00000000
v 0.34556825 0.92562628 -0.49741901 0.00000000 0.00000000 0.00000000
v 0.36358627 0.92562628 -0.49741901 0.00000000 0.00000000 0.00000000
v 0.38160429 0.92562628 -0.49741901 0.00000000 0.00000000 0.00000000
v 0.39962231 0.92562628 -0.49741901 0.00000000 0.00000000 0.00000000
v 0.41764032 0.92562628 -0.49741901 0.00000000 0.00000000 0.00000000
v 0.43565834 0.92562628 -0.49741901 0.00000000 0.00000000 0.00000000
v 0.45367636 0.92562628 -0.49741901 0.00000000 0.00000000 0.00000000
v 0.47169438 0.92562628 -0.49741901 0.00000000 0.00000000 0.00000000
v 0.48971240 0.92562628 -0.49741901 0.00000000 0.00000000 0.00000000
v 0.50773041 0.92562628 -0.49741901 0.00000000 0.00000000 0.00000000
v 0.52574843 0.92562628 -0.49741901 0.00000000 0.00000000 0.00000000
v 0.54376645 0.92562628 -0.49741901 0.00000000 0.00000000 0.00000000
v 0.56178447 0.92562628 -0.49741901 0.00000000 0.00000000 0.00000000
v 0.57980249 0.92562628 -0.49741901 0.00000000 0.00000000 0.00000000
v 0.59782050 0.92562628 -0.49741901 0.00000000 0.00000000 0.00000000
v 0.61583852 0.92562628 -0.49741901 0.00000000 0.00000000 0.00000000
v 0.63385654 0.92562628 -0.49741901 0.00000000 0.00000000 0.00000000
v 0.65187456 0.92562628 -0.49741901 0.00000000 0.00000000 0.00000000
v 0.66989258 0.92562628 -0.49741901 0.00000000 0.00000000 0.00000000
v 0.68791059 0.92562628 -0.49741901 0.00000000 0.00000000 0.00000000
v 0.70592861 0.92562628 -0.49741901 0.00000000 0.00000000 0.00000000
v 0.72394663 0.92562628 -0.49741901 0.00000000 0.00000000 0.00000000
v 0.74196465 0.92562628 -0.49741901 0.00000000 0.00000000 0.00000000
v 0.75998267 0.92562628 -0.49741901 0.00000000 0.00000000 0.00000000
v 0.77800068 0.92562628 -0.49741901 0.00000000 0.00000000 0.00000000
v 0.79601870 0.92562628 -0.49741901 0.00000000 0.00000000 0.00000000
v 0.81403672 0.92562628 -0.49741901 0.00000000 0.00000000 0.00000000
v 0.83205474 0.92562628 -0.49741901 0.00000000 0.00000000 0.00000000
v 0.85007276 0.92562628 -0.49741901 0.00000000 0.00000000 0.00000000
v 0.86809077 0.92562628 -0.49741901 0.00000000 0.00000000 0.00000000
v 0.88610879 0.92562628 -0.49741901 0.00000000 0.00000000 0.00000000
v 0.90412681 0.92562628 -0.49741901 0.00000000 0.00000000 0.00000000
v 0.92214483 0.92562628 -0.49741901 0.00000000 0.00000000 0.00000000
v -0.91569301 0.90760827 -0.49741901 0.00000000 0.00000000 0.00000000
v -0.89767499 0.90760827 -0.49741901 0.00000000 0.00000000 0.00000000
v -0.87965697 0.90760827 -0.49741901 0.00000000 0.00000000 0.00000000
v -0.86163896 0.90760827 -0.49741901 0.00000000 0.00000000 0.00000000
v -0.84362094 0.90760827 -0.49741901 0.00000000 0.00000000 0.00000000
v -0.82560292 0.90760827 -0.49741901 0.00000000 0.00000000 0.00000000
v -0.80758490 0.90760827 -0.49741901 0.00000000 0.00000000 0.00000000
v -0.78956688 0.90760827 -0.49741901 0.00000000 0.00000000 0.00000000
v -0.77154887 0.90760827 -0.49741901 0.00000000 0.00000000 0.00000000
v -0.75353085 0.90760827 -0.49741901 0.00000000 0.00000000 0.00000000
v -0.73551283 0.90760827 -0.49741901 0.00000000 0.00000000 0.00000000
v -0.71749481 0.90760827 -0.49741901 0.00000000 0.00000000 0.00000000
v -0.69947679 0.90760827 -0.49741901 0.00000000 0.00000000 0.00000000
v -0.68145878 0.90760827 -0.49741901 0.00000000 0.00000000 0.00000000
v -0.66344076 0.90760827 -0.49741901 0.00000000 0.00000000 0.00000000
v -0.64542274 0.90760827 -0.49741901 0.00000000 0.00000000 0.00000000
v -0.62740472 0.90760827 -0.49741901 0.00000000 0.00000000 0.00000000
v -0.60938670 0.90760827 -0.49741901 0.00000000 0.00000000 0.00000000
v -0.59136869 0.90760827 -0.49741901 0.00000000 0.00000000 0.00000000
v -0.57335067 0.90760827 -0.49741901 0.00000000 0.00000000 0.00000000
v -0.55533265 0.90760827 -0.49741901 0.00000000 0.00000000 0.00000000
v -0.53731463 0.90760827 -0.49741901 0.00000000 0.00000000 0.00000000
v -0.51929661 0.90760827 -0.49741901 0.00000000 0.00000000 0.00000000
v -0.50127860 0.90760827 -0.49741901 0.00000000 0.00000000 0.00000000
v -0.48326058 0.90760827 -0.49741901 0.00000000 0.00000000 0.00000000
v -0.46524256 0.90760827 -0.49741901 0.00000000 0.00000000 0.00000000
v -0.44722454 0.90760827 -0.49741901 0.00000000 0.00000000 0.00000000
v -0.42920652 0.90760827 -0.49741901 0.00000000 0.00000000 0.00000000
v -0.41118851 0.90760827 -0.49741901 0.00000000 0.00000000 0.00000000
v -0.39317049 0.90760827 -0.49741901 0.00000000 0.00000000 0.00000000
v -0.37515247 0.90760827 -0.49741901 0.00000000 0.00000000 0.00000000
v -0.35713445 0.90760827 -0.49741901 0.00000000 0.00000000 0.00000000
v -0.33911643 0.90760827 -0.49741901 0.00000000 0.00000000 0.00000000
v -0.32109842 0.90760827 -0.49741901 0.00000000 0.00000000 0.00000000
v -0.30308040 0.90760827 -0.49741901 0.00000000 0.00000000 0.00000000
v -0.28506238 0.90760827 -0.49741901 0.00000000 0.00000000 0.00000000
v -0.26704436 0.90760827 -0.49741901 0.00000000 0.00000000 0.00000000
v -0.24902634 0.90760827 -0.49741901 0.00000000 0.00000000 0.00000000
v -0.23100833 0.90760827 -0.49741901 0.00000000 0.00000000 0.00000000
v -0.21299031 0.90760827 -0.49741901 0.00392157 0.00392157 0.00392157
v -0.19497229 0.90760827 0.35256915 0.17254902 0.17254902 0.16862745
v -0.17695427 0.90760827 0.39621554 0.10980392 0.07843137 0.06666667
v -0.15893625 0.90760827 0.40695079 0.16078431 0.09019608 0.07450980
v -0.14091824 0.90760827 0.40845625 0.17254902 0.06666667 0.03137255
v -0.12290022 0.90760827 0.41459970 0.35294118 0.20000000 0.14117647
v -0.10488220 0.90760827 0.41752657 0.70980392 0.51372549 0.42745098
v -0.08686418 0.90760827 0.41825494 0.88627451 0.66666667 0.53725490
v -0.06884616 0.90760827 0.41761001 0.94901961 0.71764706 0.56078431
v -0.05082815 0.90760827 0.41632931 0.82352941 0.61176471 0.47450980
v -0.03281013 0.90760827 0.41597863 0.90196078 0.68235294 0.54509804
v -0.01479211 0.90760827 0.41666761 0.83137255 0.59607843 0.45490196
v 0.00322591 0.90760827 0.41668933 0.96862745 0.72156863 0.56078431
v 0.02124393 0.90760827 0.41625769 0.87450980 0.63921569 0.49803922
v 0.03926195 0.90760827 0.41419239 0.76078431 0.56862745 0.44705882
v 0.05727996 0.90760827 0.41043777 0.22745098 0.07843137 0.00000000
v 0.07529798 0.90760827 0.40444704 0.32156863 0.19607843 0.13725490
v 0.09331600 0.90760827 0.39385160 0.14117647 0.11372549 0.08235294
v 0.11133402 0.90760827 0.37328736 0.38039216 0.38039216 0.37647059
v 0.12935204 0.90760827 -0.49741901 0.00784314 0.00784314 0.00784314
v 0.14737005 0.90760827 -0.49741901 0.00000000 0.00000000 0.00000000
v 0.16538807 0.90760827 -0.49741901 0.00000000 0.00000000 0.00000000
v 0.18340609 0.90760827 -0.49741901 0.00000000 0.00000000 0.00000000
v 0.20142411 0.90760827 -0.49741901 0.00000000 0.00000000 0.00000000
v 0.21944213 0.90760827 -0.49741901 0.00000000 0.00000000 0.00000000
v 0.23746014 0.90760827 -0.49741901 0.00000000 0.00000000 0.00000000
v 0.25547816 0.90760827 -0.49741901 0.00000000 0.00000000 0.00000000
v 0.27349618 0.90760827 -0.49741901 0.00000000 0.00000000 0.00000000
v 0.29151420 0.90760827 -0.49741901 0.00000000 0.00000000 0.00000000
v 0.30953222 0.90760827 -0.49741901 0.00000000 0.00000000 0.00000000
v 0.32755023 0.90760827 -0.49741901 0.00000000 0.00000000 0.00000000
v 0.34556825 0.90760827 -0.49741901 0.00000000 0.00000000 0.00000000
v 0.36358627 0.90760827 -0.49741901 0.00000000 0.00000000 0.00000000
v 0.38160429 0.90760827 -0.49741901 0.00000000 0.00000000 0.00000000
v 0.39962231 0.90760827 -0.49741901 0.00000000 0.00000000 0.00000000
v 0.41764032 0.90760827 -0.49741901 0.00000000 0.00000000 0.00000000
v 0.43565834 0.90760827 -0.49741901 0.00000000 0.00000000 0.00000000
v 0.45367636 0.90760827 -0.49741901 0.00000000 0.00000000 0.00000000
v 0.47169438 0.90760827 -0.49741901 0.00000000 0.00000000 0.00000000
v 0.48971240 0.90760827 -0.49741901 0.00000000 0.00000000 0.00000000
v 0.50773041 0.90760827 -0.49741901 0.00000000 0.00000000 0.00000000
v 0.52574843 0.90760827 -0.49741901 0.00000000 0.00000000 0.00000000
v 0.54376645 0.90760827 -0.49741901 0.00000000 0.00000000 0.00000000
v 0.56178447 0.90760827 -0.49741901 0.00000000 0.00000000 0.00000000
v 0.57980249 0.90760827 -0.49741901 0.00000000 0.00000000 0.00000000
v 0.59782050 0.90760827 -0.49741901 0.00000000 0.00000000 0.00000000
v 0.61583852 0.90760827 -0.49741901 0.00000000 0.00000000 0.00000000
v 0.63385654 0.90760827 -0.49741901 0.00000000 0.00000000 0.00000000
v 0.65187456 0.90760827 -0.49741901 0.00000000 0.00000000 0.00000000
v 0.66989258 0.90760827 -0.49741901 0.00000000 0.00000000 0.00000000
v 0.68791059 0.90760827 -0.49741901 0.00000000 0.00000000 0.00000000
v 0.70592861 0.90760827 -0.49741901 0.00000000 0.00000000 0.00000000
v 0.72394663 0.90760827 -0.49741901 0.00000000 0.00000000 0.00000000
v 0.74196465 0.90760827 -0.49741901 0.00000000 0.00000000 0.00000000
v 0.75998267 0.90760827 -0.49741901 0.00000000 0.00000000 0.00000000
v 0.77800068 0.90760827 -0.49741901 0.00000000 0.00000000 0.00000000
v 0.79601870 0.90760827 -0.49741901 0.00000000 0.00000000 0.00000000
v 0.81403672 0.90760827 -0.49741901 0.00000000 0.00000000 0.00000000
v 0.83205474 0.90760827 -0.49741901 0.00000000 0.00000000 0.00000000
v 0.85007276 0.90760827 -0.49741901 0.00000000 0.00000000 0.00000000
v 0.86809077 0.90760827 -0.49741901 0.00000000 0.00000000 0.00000000
v 0.88610879 0.90760827 -0.49741901 0.00000000 0.00000000 0.00000000
v 0.90412681 0.90760827 -0.49741901 0.00000000 0.00000000 0.00000000
v 0.92214483 0.90760827 -0.49741901 0.00000000 0.00000000 0.00000000
v -0.91569301 0.88959025 -0.49741901 0.00000000 0.00000000 0.00000000
v -0.89767499 0.88959025 -0.49741901 0.00000000 0.00000000 0.00000000
v -0.87965697 0.88959025 -0.49741901 0.00000000 0.00000000 0.00000000
v -0.86163896 0.88959025 -0.49741901 0.00000000 0.00000000 0.00000000
v -0.84362094 0.88959025 -0.49741901 0.00000000 0.00000000 0.00000000
v -0.82560292 0.88959025 -0.49741901 0.00000000 0.00000000 0.00000000
v -0.80758490 0.88959025 -0.49741901 0.00000000 0.00000000 0.00000000
v -0.78956688 0.88959025 -0.49741901 0.00000000 0.00000000 0.00000000
v -0.77154887 0.88959025 -0.49741901 0.00000000 0.00000000 0.00000000
v -0.75353085 0.88959025 -0.49741901 0.00000000 0.00000000 0.00000000
v -0.73551283 0.88959025 -0.49741901 0.00000000 0.00000000 0.00000000
v -0.71749481 0.88959025 -0.49741901 0.00000000 0.00000000 0.00000000
v -0.69947679 0.88959025 -0.49741901 0.00000000 0.00000000 0.00000000
v -0.68145878 0.88959025 -0.49741901 0.00000000 0.00000000 0.00000000
v -0.66344076 0.88959025 -0.49741901 0.00000000 0.00000000 0.00000000
v -0.64542274 0.88959025 -0.49741901 0.00000000 0.00000000 0.00000000
v -0.62740472 0.88959025 -0.49741901 0.00000000 0.00000000 0.00000000
v -0.60938670 0.88959025 -0.49741901 0.00000000 0.00000000 0.00000000
v -0.59136869 0.88959025 -0.49741901 0.00000000 0.00000000 0.00000000
v -0.57335067 0.88959025 -0.49741901 0.00000000 0.00000000 0.00000000
v -0.55533265 0.88959025 -0.49741901 0.00000000 0.00000000 0.00000000
v -0.53731463 0.88959025 -0.49741901 0.00000000 0.00000000 0.00000000
v -0.51929661 0.88959025 -0.49741901 0.00000000 0.00000000 0.00000000
v -0.50127860 0.88959025 -0.49741901 0.00000000 0.00000000 0.00000000
v -0.48326058 0.88959025 -0.49741901 0.00000000 0.00000000 0.00000000
v -0.46524256 0.88959025 -0.49741901 0.00000000 0.00000000 0.00000000
v -0.44722454 0.88959025 -0.49741901 0.00000000 0.00000000 0.00000000
v -0.42920652 0.88959025 -0.49741901 0.00000000 0.00000000 0.00000000
v -0.41118851 0.88959025 -0.49741901 0.00000000 0.00000000 0.00000000
v -0.39317049 0.88959025 -0.49741901 0.00000000 0.00000000 0.00000000
v -0.37515247 0.88959025 -0.49741901 0.00000000 0.00000000 0.00000000
v -0.35713445 0.88959025 -0.49741901 0.00000000 0.00000000 0.00000000
v -0.33911643 0.88959025 -0.49741901 0.00000000 0.00000000 0.00000000
v -0.32109842 0.88959025 -0.49741901 0.00000000 0.00000000 0.00000000
v -0.30308040 0.88959025 -0.49741901 0.00000000 0.00000000 0.00000000
v -0.28506238 0.88959025 -0.49741901 0.00000000 0.00000000 0.00000000
v -0.26704436 0.88959025 -0.49741901 0.00000000 0.00000000 0.00000000
v -0.24902634 0.88959025 -0.49741901 0.00000000 0.00000000 0.00000000
v -0.23100833 0.88959025 -0.49741901 0.00000000 0.00000000 0.00000000
v -0.21299031 0.88959025 -0.49741901 0.00000000 0.00000000 0.00000000
v -0.19497229 0.88959025 0.36891503 0.42352941 0.40392157 0.38823529
v -0.17695427 0.88959025 0.39348415 0.15686275 0.11372549 0.09019608
v -0.15893625 0.88959025 0.40271723 0.23529412 0.16078431 0.13725490
v -0.14091824 0.88959025 0.40496481 0.22352941 0.11372549 0.07058824
v -0.12290022 0.88959025 0.40957124 0.28627451 0.13333333 0.07450980
v -0.10488220 0.88959025 0.41141330 0.77254902 0.58431373 0.49803922
v -0.08686418 0.88959025 0.41145069 0.91764706 0.70588235 0.57254902
v -0.06884616 0.88959025 0.41114462 0.95686275 0.72156863 0.57647059
v -0.05082815 0.88959025 0.41021919 0.77647059 0.54901961 0.40784314
v -0.03281013 0.88959025 0.41046251 0.86666667 0.63137255 0.49019608
v -0.01479211 0.88959025 0.41145378 0.81176471 0.56862745 0.41960784
v 0.00322591 0.88959025 0.41204358 0.96470588 0.71764706 0.55686275
v 0.02124393 0.88959025 0.41170308 0.91372549 0.67843137 0.53333333
v 0.03926195 0.88959025 0.41061688 0.79607843 0.60000000 0.47450980
v 0.05727996 0.88959025 0.40802083 0.17254902 0.00784314 0.00000000
v 0.07529798 0.88959025 0.40169991 0.40392157 0.26274510 0.20000000
v 0.09331600 0.88959025 0.39338737 0.12941176 0.11372549 0.06666667
v 0.11133402 0.88959025 0.37735485 0.41568627 0.43137255 0.41176471
v 0.12935204 0.88959025 -0.49741901 0.00392157 0.00392157 0.00392157
v 0.14737005 0.88959025 -0.49741901 0.00000000 0.00000000 0.00000000
v 0.16538807 0.88959025 -0.49741901 0.00000000 0.00000000 0.00000000
v 0.18340609 0.88959025 -0.49741901 0.00000000 0.00000000 0.00000000
v 0.20142411 0.88959025 -0.49741901 0.00000000 0.00000000 0.00000000
v 0.21944213 0.88959025 -0.49741901 0.00000000 0.00000000 0.00000000
v 0.23746014 0.88959025 -0.49741901 0.00000000 0.00000000 0.00000000
v 0.25547816 0.88959025 -0.49741901 0.00000000 0.00000000 0.00000000
v 0.27349618 0.88959025 -0.49741901 0.00000000 0.00000000 0.00000000
v 0.29151420 0.88959025 -0.49741901 0.00000000 0.00000000 0.00000000
v 0.30953222 0.88959025 -0.49741901 0.00000000 0.00000000 0.00000000
v 0.32755023 0.88959025 -0.49741901 0.00000000 0.00000000 0.00000000
v 0.34556825 0.88959025 -0.49741901 0.00000000 0.00000000 0.00000000
v 0.36358627 0.88959025 -0.49741901 0.00000000 0.00000000 0.00000000
v 0.38160429 0.88959025 -0.49741901 0.00000000 0.00000000 0.00000000
v 0.39962231 0.88959025 -0.49741901 0.00000000 0.00000000 0.00000000
v 0.41764032 0.88959025 -0.49741901 0.00000000 0.00000000 0.00000000
v 0.43565834 0.88959025 -0.49741901 0.00000000 0.00000000 0.00000000
v 0.45367636 0.88959025 -0.49741901 0.00000000 0.00000000 0.00000000
v 0.47169438 0.88959025 -0.49741901 0.00000000 0.00000000 0.00000000
v 0.48971240 0.88959025 -0.49741901 0.00000000 0.00000000 0.00000000
v 0.50773041 0.88959025 -0.49741901 0.00000000 0.00000000 0.00000000
v 0.52574843 0.88959025 -0.49741901 0.00000000 0.00000000 0.00000000
v 0.54376645 0.88959025 -0.49741901 0.00000000 0.00000000 0.00000000
v 0.56178447 0.88959025 -0.49741901 0.00000000 0.00000000 0.00000000
v 0.57980249 0.88959025 -0.49741901 0.00000000 0.00000000 0.00000000
v 0.59782050 0.88959025 -0.49741901 0.00000000 0.00000000 0.00000000
v 0.61583852 0.88959025 -0.49741901 0.00000000 0.00000000 0.00000000
v 0.63385654 0.88959025 -0.49741901 0.00000000 0.00000000 0.00000000
v 0.65187456 0.88959025 -0.49741901 0.00000000 0.00000000 0.00000000
v 0.66989258 0.88959025 -0.49741901 0.00000000 0.00000000 0.00000000
v 0.68791059 0.88959025 -0.49741901 0.00000000 0.00000000 0.00000000
v 0.70592861 0.88959025 -0.49741901 0.00000000 0.00000000 0.00000000
v 0.72394663 0.88959025 -0.49741901 0.00000000 0.00000000 0.00000000
v 0.74196465 0.88959025 -0.49741901 0.00000000 0.00000000 0.00000000
v 0.75998267 0.88959025 -0.49741901 0.00000000 0.00000000 0.00000000
v 0.77800068 0.88959025 -0.49741901 0.00000000 0.00000000 0.00000000
v 0.79601870 0.88959025 -0.49741901 0.00000000 0.00000000 0.00000000
v 0.81403672 0.88959025 -0.49741901 0.00000000 0.00000000 0.00000000
v 0.83205474 0.88959025 -0.49741901 0.00000000 0.00000000 0.00000000
v 0.85007276 0.88959025 -0.49741901 0.00000000 0.00000000 0.00000000
v 0.86809077 0.88959025 -0.49741901 0.00000000 0.00000000 0.00000000
v 0.88610879 0.88959025 -0.49741901 0.00000000 0.00000000 0.00000000
v 0.90412681 0.88959025 -0.49741901 0.00000000 0.00000000 0.00000000
v 0.92214483 0.88959025 -0.49741901 0.00000000 0.00000000 0.00000000
v -0.91569301 0.87157223 -0.49741901 0.00000000 0.00000000 0.00000000
v -0.89767499 0.87157223 -0.49741901 0.00000000 0.00000000 0.00000000
v -0.87965697 0.87157223 -0.49741901 0.00000000 0.00000000 0.00000000
v -0.86163896 0.87157223 -0.49741901 0.00000000 0.00000000 0.00000000
v -0.84362094 0.87157223 -0.49741901 0.00000000 0.00000000 0.00000000
v -0.82560292 0.87157223 -0.49741901 0.00000000 0.00000000 0.00000000
v -0.80758490 0.87157223 -0.49741901 0.00000000 0.00000000 0.00000000
v -0.78956688 0.87157223 -0.49741901 0.00000000 0.00000000 0.00000000
v -0.77154887 0.87157223 -0.49741901 0.00000000 0.00000000 0.00000000
v -0.75353085 0.87157223 -0.49741901 0.00000000 0.00000000 0.00000000
v -0.73551283 0.87157223 -0.49741901 0.00000000 0.00000000 0.00000000
v -0.71749481 0.87157223 -0.49741901 0.00000000 0.00000000 0.00000000
v -0.69947679 0.87157223 -0.49741901 0.00000000 0.00000000 0.00000000
v -0.68145878 0.87157223 -0.49741901 0.00000000 0.00000000 0.00000000
v -0.66344076 0.87157223 -0.49741901 0.00000000 0.00000000 0.00000000
v -0.64542274 0.87157223 -0.49741901 0.00000000 0.00000000 0.00000000
v -0.62740472 0.87157223 -0.49741901 0.00000000 0.00000000 0.00000000
v -0.60938670 0.87157223 -0.49741901 0.00000000 0.00000000 0.00000000
v -0.59136869 0.87157223 -0.49741901 0.00000000 0.00000000 0.00000000
v -0.57335067 0.87157223 -0.49741901 0.00000000 0.00000000 0.00000000
v -0.55533265 0.87157223 -0.49741901 0.00000000 0.00000000 0.00000000
v -0.53731463 0.87157223 -0.49741901 0.00000000 0.00000000 0.00000000
v -0.51929661 0.87157223 -0.49741901 0.00000000 0.00000000 0.00000000
v -0.50127860 0.87157223 -0.49741901 0.00000000 0.00000000 0.00000000
v -0.48326058 0.87157223 -0.49741901 0.00000000 0.00000000 0.00000000
v -0.46524256 0.87157223 -0.49741901 0.00000000 0.00000000 0.00000000
v -0.44722454 0.87157223 -0.49741901 0.00000000 0.00000000 0.00000000
v -0.42920652 0.87157223 -0.49741901 0.00000000 0.00000000 0.00000000
v -0.41118851 0.87157223 -0.49741901 0.00000000 0.00000000 0.00000000
v -0.39317049 0.87157223 -0.49741901 0.00000000 0.00000000 0.00000000
v -0.37515247 0.87157223 -0.49741901 0.00000000 0.00000000 0.00000000
v -0.35713445 0.87157223 -0.49741901 0.00000000 0.00000000 0.00000000
v -0.33911643 0.87157223 -0.49741901 0.00000000 0.00000000 0.00000000
v -0.32109842 0.87157223 -0.49741901 0.00000000 0.00000000 0.00000000
v -0.30308040 0.87157223 -0.49741901 0.00000000 0.00000000 0.00000000
v -0.28506238 0.87157223 -0.49741901 0.00000000 0.00000000 0.00000000
v -0.26704436 0.87157223 -0.49741901 0.00000000 0.00000000 0.00000000
v -0.24902634 0.87157223 -0.49741901 0.00000000 0.00000000 0.00000000
v -0.23100833 0.87157223 -0.49741901 0.00392157 0.00392157 0.00392157
v -0.21299031 0.87157223 0.29035006 0.18039216 0.17647059 0.17254902
v -0.19497229 0.87157223 0.37458965 0.11372549 0.05490196 0.02745098
v -0.17695427 0.87157223 0.39054079 0.25098039 0.18431373 0.15294118
v -0.15893625 0.87157223 0.39867125 0.18431373 0.10588235 0.07058824
v -0.14091824 0.87157223 0.40221555 0.25490196 0.14509804 0.09803922
v -0.12290022 0.87157223 0.40471840 0.25882353 0.12156863 0.04705882
v -0.10488220 0.87157223 0.40581215 0.80392157 0.62352941 0.52941176
v -0.08686418 0.87157223 0.40605959 0.86666667 0.65882353 0.53725490
v -0.06884616 0.87157223 0.40531047 0.96862745 0.74117647 0.59607843
v -0.05082815 0.87157223 0.40465008 0.95686275 0.72156863 0.57647059
v -0.03281013 0.87157223 0.40541879 0.92941176 0.68627451 0.53333333
v -0.01479211 0.87157223 0.40618895 0.95294118 0.70588235 0.54509804
v 0.00322591 0.87157223 0.40638594 0.94901961 0.70196078 0.54117647
v 0.02124393 0.87157223 0.40611389 0.89411765 0.65882353 0.51372549
v 0.03926195 0.87157223 0.40618125 0.79607843 0.60000000 0.47450980
v 0.05727996 0.87157223 0.40521878 0.56862745 0.40000000 0.30196078
v 0.07529798 0.87157223 0.39920310 0.22745098 0.08235294 0.00784314
v 0.09331600 0.87157223 0.39200460 0.09803922 0.07058824 0.00784314
v 0.11133402 0.87157223 0.37741115 0.02352941 0.03529412 0.00000000
v 0.12935204 0.87157223 0.34737147 0.38823529 0.39607843 0.38431373
v 0.14737005 0.87157223 -0.49741901 0.00000000 0.00000000 0.00000000
v 0.16538807 0.87157223 -0.49741901 0.00000000 0.00000000 0.00000000
v 0.18340609 0.87157223 -0.49741901 0.00000000 0.00000000 0.00000000
v 0.20142411 0.87157223 -0.49741901 0.00000000 0.00000000 0.00000000
v 0.21944213 0.87157223 -0.49741901 0.00000000 0.00000000 0.00000000
v 0.23746014 0.87157223 -0.49741901 0.00000000 0.00000000 0.00000000
v 0.25547816 0.87157223 -0.49741901 0.00000000 0.00000000 0.00000000
v 0.27349618 0.87157223 -0.49741901 0.00000000 0.00000000 0.00000000
v 0.29151420 0.87157223 -0.49741901 0.00000000 0.00000000 0.00000000
v 0.30953222 0.87157223 -0.49741901 0.00000000 0.00000000 0.00000000
v 0.32755023 0.87157223 -0.49741901 0.00000000 0.00000000 0.00000000
v 0.34556825 0.87157223 -0.49741901 0.00000000 0.00000000 0.00000000
v 0.36358627 0.87157223 -0.49741901 0.00000000 0.00000000 0.00000000
v 0.38160429 0.87157223 -0.49741901 0.00000000 0.00000000 0.00000000
v 0.39962231 0.87157223 -0.49741901 0.00000000 0.00000000 0.00000000
v 0.41764032 0.87157223 -0.49741901 0.00000000 0.00000000 0.00000000
v 0.43565834 0.87157223 -0.49741901 0.00000000 0.00000000 0.00000000
v 0.45367636 0.87157223 -0.49741901 0.00000000 0.00000000 0.00000000
v 0.47169438 0.87157223 -0.49741901 0.00000000 0.00000000 0.00000000
v 0.48971240 0.87157223 -0.49741901 0.00000000 0.00000000 0.00000000
v 0.50773041 0.87157223 -0.49741901 0.00000000 0.00000000 0.00000000
v 0.52574843 0.87157223 -0.49741901 0.00000000 0.00000000 0.00000000
v 0.54376645 0.87157223 -0.49741901 0.00000000 0.00000000 0.00000000
v 0.56178447 0.87157223 -0.49741901 0.00000000 0.00000000 0.00000000
v 0.57980249 0.87157223 -0.49741901 0.00000000 0.00000000 0.00000000
v 0.59782050 0.87157223 -0.49741901 0.00000000 0.00000000 0.00000000
v 0.61583852 0.87157223 -0.49741901 0.00000000 0.00000000 0.00000000
v 0.63385654 0.87157223 -0.49741901 0.00000000 0.00000000 0.00000000
v 0.65187456 0.87157223 -0.49741901 0.00000000 0.00000000 0.00000000
v 0.66989258 0.87157223 -0.49741901 0.00000000 0.00000000 0.00000000
v 0.68791059 0.87157223 -0.49741901 0.00000000 0.00000000 0.00000000
v 0.70592861 0.87157223 -0.49741901 0.00000000 0.00000000 0.00000000
v 0.72394663 0.87157223 -0.49741901 0.00000000 0.00000000 0.00000000
v 0.74196465 0.87157223 -0.49741901 0.00000000 0.00000000 0.00000000
v 0.75998267 0.87157223 -0.49741901 0.00000000 0.00000000 0.00000000
v 0.77800068 0.87157223 -0.49741901 0.00000000 0.00000000 0.00000000
v 0.79601870 0.87157223 -0.49741901 0.00000000 0.00000000 0.00000000
v 0.81403672 0.87157223 -0.49741901 0.00000000 0.00000000 0.00000000
v 0.83205474 0.87157223 -0.49741901 0.00000000 0.00000000 0.00000000
v 0.85007276 0.87157223 -0.49741901 0.00000000 0.00000000 0.00000000
v 0.86809077 0.87157223 -0.49741901 0.00000000 0.00000000 0.00000000
v 0.88610879 0.87157223 -0.49741901 0.00000000 0.00000000 0.00000000
v 0.90412681 0.87157223 -0.49741901 0.00000000 0.00000000 0.00000000
v 0.92214483 0.87157223 -0.49741901 0.00000000 0.00000000 0.00000000
v -0.91569301 0.85355421 -0.49741901 0.00000000 0.00000000 0.00000000
v -0.89767499 0.85355421 -0.49741901 0.00000000 0.00000000 0.00000000
v -0.87965697 0.85355421 -0.49741901 0.00000000 0.00000000 0.00000000
v -0.86163896 0.85355421 -0.49741901 0.00000000 0.00000000 0.00000000
v -0.84362094 0.85355421 -0.49741901 0.00000000 0.00000000 0.00000000
v -0.82560292 0.85355421 -0.49741901 0.00000000 0.00000000 0.00000000
v -0.80758490 0.85355421 -0.49741901 0.00000000 0.00000000 0.00000000
v -0.78956688 0.85355421 -0.49741901 0.00000000 0.00000000 0.00000000
v -0.77154887 0.85355421 -0.49741901 0.00000000 0.00000000 0.00000000
v -0.75353085 0.85355421 -0.49741901 0.00000000 0.00000000 0.00000000
v -0.73551283 0.85355421 -0.49741901 0.00000000 0.00000000 0.00000000
v -0.71749481 0.85355421 -0.49741901 0.00000000 0.00000000 0.00000000
v -0.69947679 0.85355421 -0.49741901 0.00000000 0.00000000 0.00000000
v -0.68145878 0.85355421 -0.49741901 0.00000000 0.00000000 0.00000000
v -0.66344076 0.85355421 -0.49741901 0.00000000 0.00000000 0.00000000
v -0.64542274 0.85355421 -0.49741901 0.00000000 0.00000000 0.00000000
v -0.62740472 0.85355421 -0.49741901 0.00000000 0.00000000 0.00000000
v -0.60938670 0.85355421 -0.49741901 0.00000000 0.00000000 0.00000000
v -0.59136869 0.85355421 -0.49741901 0.00000000 0.00000000 0.00000000
v -0.57335067 0.85355421 -0.49741901 0.00000000 0.00000000 0.00000000
v -0.55533265 0.85355421 -0.49741901 0.00000000 0.00000000 0.00000000
v -0.53731463 0.85355421 -0.49741901 0.00000000 0.00000000 0.00000000
v -0.51929661 0.85355421 -0.49741901 0.00000000 0.00000000 0.00000000
v -0.50127860 0.85355421 -0.49741901 0.00000000 0.00000000 0.00000000
v -0.48326058 0.85355421 -0.49741901 0.00000000 0.00000000 0.00000000
v -0.46524256 0.85355421 -0.49741901 0.00000000 0.00000000 0.00000000
v -0.44722454 0.85355421 -0.49741901 0.00000000 0.00000000 0.00000000
v -0.42920652 0.85355421 -0.49741901 0.00000000 0.00000000 0.00000000
v -0.41118851 0.85355421 -0.49741901 0.00000000 0.00000000 0.00000000
v -0.39317049 0.85355421 -0.49741901 0.00000000 0.00000000 0.00000000
v -0.37515247 0.85355421 -0.49741901 0.00000000 0.00000000 0.00000000
v -0.35713445 0.85355421 -0.49741901 0.00000000 0.00000000 0.00000000
v -0.33911643 0.85355421 -0.49741901 0.00000000 0.00000000 0.00000000
v -0.32109842 0.85355421 -0.49741901 0.00000000 0.00000000 0.00000000
v -0.30308040 0.85355421 -0.49741901 0.00000000 0.00000000 0.00000000
v -0.28506238 0.85355421 -0.49741901 0.00000000 0.00000000 0.00000000
v -0.26704436 0.85355421 -0.49741901 0.00000000 0.00000000 0.00000000
v -0.24902634 0.85355421 -0.49741901 0.00000000 0.00000000 0.00000000
v -0.23100833 0.85355421 -0.49741901 0.00000000 0.00000000 0.00000000
v -0.21299031 0.85355421 0.32679994 0.09411765 0.05490196 0.05098039
v -0.19497229 0.85355421 0.37614357 0.19607843 0.12156863 0.08627451
v -0.17695427 0.85355421 0.38859708 0.23529412 0.14117647 0.09411765
v -0.15893625 0.85355421 0.39477304 0.16078431 0.06666667 0.01960784
v -0.14091824 0.85355421 0.39994707 0.20784314 0.09803922 0.04313725
v -0.12290022 0.85355421 0.40200900 0.38823529 0.25882353 0.18431373
v -0.10488220 0.85355421 0.40329535 0.56470588 0.40392157 0.30980392
v -0.08686418 0.85355421 0.40344237 0.87843137 0.67843137 0.56470588
v -0.06884616 0.85355421 0.40209031 0.92549020 0.69411765 0.56862745
v -0.05082815 0.85355421 0.40098055 0.68627451 0.44705882 0.29411765
v -0.03281013 0.85355421 0.40133177 0.85098039 0.60392157 0.44705882
v -0.01479211 0.85355421 0.40235267 0.72941176 0.49019608 0.32941176
v 0.00322591 0.85355421 0.40277827 0.93725490 0.70588235 0.54901961
v 0.02124393 0.85355421 0.40214406 0.93333333 0.71372549 0.57647059
v 0.03926195 0.85355421 0.40191339 0.76078431 0.56862745 0.45490196
v 0.05727996 0.85355421 0.40121878 0.34117647 0.16862745 0.07058824
v 0.07529798 0.85355421 0.39597559 0.21960784 0.07058824 0.00000000
v 0.09331600 0.85355421 0.38906831 0.12156863 0.07058824 0.00392157
v 0.11133402 0.85355421 0.37655782 0.02745098 0.01960784 0.00000000
v 0.12935204 0.85355421 0.35271054 0.53725490 0.54117647 0.50980392
v 0.14737005 0.85355421 -0.49741901 0.00000000 0.00000000 0.00000000
v 0.16538807 0.85355421 -0.49741901 0.00000000 0.00000000 0.00000000
v 0.18340609 0.85355421 -0.49741901 0.00000000 0.00000000 0.00000000
v 0.20142411 0.85355421 -0.49741901 0.00000000 0.00000000 0.00000000
v 0.21944213 0.85355421 -0.49741901 0.00000000 0.00000000 0.00000000
v 0.23746014 0.85355421 -0.49741901 0.00000000 0.00000000 0.00000000
v 0.25547816 0.85355421 -0.49741901 0.00000000 0.00000000 0.00000000
v 0.27349618 0.85355421 -0.49741901 0.00000000 0.00000000 0.00000000
v 0.29151420 0.85355421 -0.49741901 0.00000000 0.00000000 0.00000000
v 0.30953222 0.85355421 -0.49741901 0.00000000 0.00000000 0.00000000
v 0.32755023 0.85355421 -0.49741901 0.00000000 0.00000000 0.00000000
v 0.34556825 0.85355421 -0.49741901 0.00000000 0.00000000 0.00000000
v 0.36358627 0.85355421 -0.49741901 0.00000000 0.00000000 0.00000000
v 0.38160429 0.85355421 -0.49741901 0.00000000 0.00000000 0.00000000
v 0.39962231 0.85355421 -0.49741901 0.00000000 0.00000000 0.00000000
v 0.41764032 0.85355421 -0.49741901 0.00000000 0.00000000 0.00000000
v 0.43565834 0.85355421 -0.49741901 0.00000000 0.00000000 0.00000000
v 0.45367636 0.85355421 -0.49741901 0.00000000 0.00000000 0.00000000
v 0.47169438 0.85355421 -0.49741901 0.00000000 0.00000000 0.00000000
v 0.48971240 0.85355421 -0.49741901 0.00000000 0.00000000 0.00000000
v 0.50773041 0.85355421 -0.49741901 0.00000000 0.00000000 0.00000000
v 0.52574843 0.85355421 -0.49741901 0.00000000 0.00000000 0.00000000
v 0.54376645 0.85355421 -0.49741901 0.00000000 0.00000000 0.00000000
v 0.56178447 0.85355421 -0.49741901 0.00000000 0.00000000 0.00000000
v 0.57980249 0.85355421 -0.49741901 0.00000000 0.00000000 0.00000000
v 0.59782050 0.85355421 -0.49741901 0.00000000 0.00000000 0.00000000
v 0.61583852 0.85355421 -0.49741901 0.00000000 0.00000000 0.00000000
v 0.63385654 0.85355421 -0.49741901 0.00000000 0.00000000 0.00000000
v 0.65187456 0.85355421 -0.49741901 0.00000000 0.00000000 0.00000000
v 0.66989258 0.85355421 -0.49741901 0.00000000 0.00000000 0.00000000
v 0.68791059 0.85355421 -0.49741901 0.00000000 0.00000000 0.00000000
v 0.70592861 0.85355421 -0.49741901 0.00000000 0.00000000 0.00000000
v 0.72394663 0.85355421 -0.49741901 0.00000000 0.00000000 0.00000000
v 0.74196465 0.85355421 -0.49741901 0.00000000 0.00000000 0.00000000
v 0.75998267 0.85355421 -0.49741901 0.00000000 0.00000000 0.00000000
v 0.77800068 0.85355421 -0.49741901 0.00000000 0.00000000 0.00000000
v 0.79601870 0.85355421 -0.49741901 0.00000000 0.00000000 0.00000000
v 0.81403672 0.85355421 -0.49741901 0.00000000 0.00000000 0.00000000
v 0.83205474 0.85355421 -0.49741901 0.00000000 0.00000000 0.00000000
v 0.85007276 0.85355421 -0.49741901 0.00000000 0.00000000 0.00000000
v 0.86809077 0.85355421 -0.49741901 0.00000000 0.00000000 0.00000000
v 0.88610879 0.85355421 -0.49741901 0.00000000 0.00000000 0.00000000
v 0.90412681 0.85355421 -0.49741901 0.00000000 0.00000000 0.00000000
v 0.92214483 0.85355421 -0.49741901 0.00000000 0.00000000 0.00000000
v -0.91569301 0.83553619 -0.49741901 0.00000000 0.00000000 0.00000000
v -0.89767499 0.83553619 -0.49741901 0.00000000 0.00000000 0.00000000
v -0.87965697 0.83553619 -0.49741901 0.00000000 0.00000000 0.00000000
v -0.86163896 0.83553619 -0.49741901 0.00000000 0.00000000 0.00000000
v -0.84362094 0.83553619 -0.49741901 0.00000000 0.00000000 0.00000000
v -0.82560292 0.83553619 -0.49741901 0.00000000 0.00000000 0.00000000
v -0.80758490 0.83553619 -0.49741901 0.00000000 0.00000000 0.00000000
v -0.78956688 0.83553619 -0.49741901 0.00000000 0.00000000 0.00000000
v -0.77154887 0.83553619 -0.49741901 0.00000000 0.00000000 0.00000000
v -0.75353085 0.83553619 -0.49741901 0.00000000 0.00000000 0.00000000
v -0.73551283 0.83553619 -0.49741901 0.00000000 0.00000000 0.00000000
v -0.71749481 0.83553619 -0.49741901 0.00000000 0.00000000 0.00000000
v -0.69947679 0.83553619 -0.49741901 0.00000000 0.00000000 0.00000000
v -0.68145878 0.83553619 -0.49741901 0.00000000 0.00000000 0.00000000
v -0.66344076 0.83553619 -0.49741901 0.00000000 0.00000000 0.00000000
v -0.64542274 0.83553619 -0.49741901 0.00000000 0.00000000 0.00000000
v -0.62740472 0.83553619 -0.49741901 0.00000000 0.00000000 0.00000000
v -0.60938670 0.83553619 -0.49741901 0.00000000 0.00000000 0.00000000
v -0.59136869 0.83553619 -0.49741901 0.00000000 0.00000000 0.00000000
v -0.57335067 0.83553619 -0.49741901 0.00000000 0.00000000 0.00000000
v -0.55533265 0.83553619 -0.49741901 0.00000000 0.00000000 0.00000000
v -0.53731463 0.83553619 -0.49741901 0.00000000 0.00000000 0.00000000
v -0.51929661 0.83553619 -0.49741901 0.00000000 0.00000000 0.00000000
v -0.50127860 0.83553619 -0.49741901 0.00000000 0.00000000 0.00000000
v -0.48326058 0.83553619 -0.49741901 0.00000000 0.00000000 0.00000000
v -0.46524256 0.83553619 -0.49741901 0.00000000 0.00000000 0.00000000
v -0.44722454 0.83553619 -0.49741901 0.00000000 0.00000000 0.00000000
v -0.42920652 0.83553619 -0.49741901 0.00000000 0.00000000 0.00000000
v -0.41118851 0.83553619 -0.49741901 0.00000000 0.00000000 0.00000000
v -0.39317049 0.83553619 -0.49741901 0.00000000 0.00000000 0.00000000
v -0.37515247 0.83553619 -0.49741901 0.00000000 0.00000000 0.00000000
v -0.35713445 0.83553619 -0.49741901 0.00000000 0.00000000 0.00000000
v -0.33911643 0.83553619 -0.49741901 0.00000000 0.00000000 0.00000000
v -0.32109842 0.83553619 -0.49741901 0.00000000 0.00000000 0.00000000
v -0.30308040 0.83553619 -0.49741901 0.00000000 0.00000000 0.00000000
v -0.28506238 0.83553619 -0.49741901 0.00000000 0.00000000 0.00000000
v -0.26704436 0.83553619 -0.49741901 0.00000000 0.00000000 0.00000000
v -0.24902634 0.83553619 -0.49741901 0.00784314 0.00784314 0.00784314
v -0.23100833 0.83553619 0.26326695 0.27450980 0.27058824 0.27058824
v -0.21299031 0.83553619 0.34897055 0.62745098 0.59215686 0.59215686
v -0.19497229 0.83553619 0.37356566 0.31764706 0.20784314 0.16470588
v -0.17695427 0.83553619 0.38544545 0.12941176 0.01568627 0.00000000
v -0.15893625 0.83553619 0.39145026 0.23921569 0.13333333 0.06666667
v -0.14091824 0.83553619 0.39739810 0.30588235 0.20000000 0.13333333
v -0.12290022 0.83553619 0.39912805 0.35686275 0.22745098 0.15294118
v -0.10488220 0.83553619 0.40133817 0.32941176 0.16862745 0.08235294
v -0.08686418 0.83553619 0.40182459 0.83921569 0.63921569 0.53333333
v -0.06884616 0.83553619 0.40020785 0.92156863 0.69803922 0.58039216
v -0.05082815 0.83553619 0.39874410 0.95686275 0.71372549 0.56862745
v -0.03281013 0.83553619 0.39882603 0.88627451 0.64313725 0.49411765
v -0.01479211 0.83553619 0.39989449 0.97254902 0.74509804 0.59607843
v 0.00322591 0.83553619 0.40017836 0.92156863 0.70980392 0.56862745
v 0.02124393 0.83553619 0.39968671 0.86274510 0.66274510 0.54117647
v 0.03926195 0.83553619 0.39924139 0.13725490 0.00000000 0.00000000
v 0.05727996 0.83553619 0.39856333 0.52549020 0.37254902 0.27450980
v 0.07529798 0.83553619 0.39452216 0.51372549 0.36862745 0.28627451
v 0.09331600 0.83553619 0.38726805 0.09019608 0.00000000 0.00000000
v 0.11133402 0.83553619 0.37752923 0.46666667 0.40784314 0.34901961
v 0.12935204 0.83553619 0.35840488 0.23529412 0.20784314 0.16470588
v 0.14737005 0.83553619 -0.49741901 0.00000000 0.00000000 0.00000000
v 0.16538807 0.83553619 -0.49741901 0.00000000 0.00000000 0.00000000
v 0.18340609 0.83553619 -0.49741901 0.00000000 0.00000000 0.00000000
v 0.20142411 0.83553619 -0.49741901 0.00000000 0.00000000 0.00000000
v 0.21944213 0.83553619 -0.49741901 0.00000000 0.00000000 0.00000000
v 0.23746014 0.83553619 -0.49741901 0.00000000 0.00000000 0.00000000
v 0.25547816 0.83553619 -0.49741901 0.00000000 0.00000000 0.00000000
v 0.27349618 0.83553619 -0.49741901 0.00000000 0.00000000 0.00000000
v 0.29151420 0.83553619 -0.49741901 0.00000000 0.00000000 0.00000000
v 0.30953222 0.83553619 -0.49741901 0.00000000 0.00000000 0.00000000
v 0.32755023 0.83553619 -0.49741901 0.00000000 0.00000000 0.00000000
v 0.34556825 0.83553619 -0.49741901 0.00000000 0.00000000 0.00000000
v 0.36358627 0.83553619 -0.49741901 0.00000000 0.00000000 0.00000000
v 0.38160429 0.83553619 -0.49741901 0.00000000 0.00000000 0.00000000
v 0.39962231 0.83553619 -0.49741901 0.00000000 0.00000000 0.00000000
v 0.41764032 0.83553619 -0.49741901 0.00000000 0.00000000 0.00000000
v 0.43565834 0.83553619 -0.49741901 0.00000000 0.00000000 0.00000000
v 0.45367636 0.83553619 -0.49741901 0.00000000 0.00000000 0.00000000
v 0.47169438 0.83553619 -0.49741901 0.00000000 0.00000000 0.00000000
v 0.48971240 0.83553619 -0.49741901 0.00000000 0.00000000 0.00000000
v 0.50773041 0.83553619 -0.49741901 0.00000000 0.00000000 0.00000000
v 0.52574843 0.83553619 -0.49741901 0.00000000 0.00000000 0.00000000
v 0.54376645 0.83553619 -0.49741901 0.00000000 0.00000000 0.00000000
v 0.56178447 0.83553619 -0.49741901 0.00000000 0.00000000 0.00000000
v 0.57980249 0.83553619 -0.49741901 0.00000000 0.00000000 0.00000000
v 0.59782050 0.83553619 -0.49741901 0.00000000 0.00000000 0.00000000
v 0.61583852 0.83553619 -0.49741901 0.00000000 0.00000000 0.00000000
v 0.63385654 0.83553619 -0.49741901 0.00000000 0.00000000 0.00000000
v 0.65187456 0.83553619 -0.49741901 0.00000000 0.00000000 0.00000000
v 0.66989258 0.83553619 -0.49741901 0.00000000 0.00000000 0.00000000
v 0.68791059 0.83553619 -0.49741901 0.00000000 0.00000000 0.00000000
v 0.70592861 0.83553619 -0.49741901 0.00000000 0.00000000 0.00000000
v 0.72394663 0.83553619 -0.49741901 0.00000000 0.00000000 0.00000000
v 0.74196465 0.83553619 -0.49741901 0.00000000 0.00000000 0.00000000
v 0.75998267 0.83553619 -0.49741901 0.00000000 0.00000000 0.00000000
v 0.77800068 0.83553619 -0.49741901 0.00000000 0.00000000 0.00000000
v 0.79601870 0.83553619 -0.49741901 0.00000000 0.00000000 0.00000000
v 0.81403672 0.83553619 -0.49741901 0.00000000 0.00000000 0.00000000
v 0.83205474 0.83553619 -0.49741901 0.00000000 0.00000000 0.00000000
v 0.85007276 0.83553619 -0.49741901 0.00000000 0.00000000 0.00000000
v 0.86809077 0.83553619 -0.49741901 0.00000000 0.00000000 0.00000000
v 0.88610879 0.83553619 -0.49741901 0.00000000 0.00000000 0.00000000
v 0.90412681 0.83553619 -0.49741901 0.00000000 0.00000000 0.00000000
v 0.92214483 0.83553619 -0.49741901 0.00000000 0.00000000 0.00000000
v -0.91569301 0.81751818 -0.49741901 0.00000000 0.00000000 0.00000000
v -0.89767499 0.81751818 -0.49741901 0.00000000 0.00000000 0.00000000
v -0.87965697 0.81751818 -0.49741901 0.00000000 0.00000000 0.00000000
v -0.86163896 0.81751818 -0.49741901 0.00000000 0.00000000 0.00000000
v -0.84362094 0.81751818 -0.49741901 0.00000000 0.00000000 0.00000000
v -0.82560292 0.81751818 -0.49741901 0.00000000 0.00000000 0.00000000
v -0.80758490 0.81751818 -0.49741901 0.00000000 0.00000000 0.00000000
v -0.78956688 0.81751818 -0.49741901 0.00000000 0.00000000 0.00000000
v -0.77154887 0.81751818 -0.49741901 0.00000000 0.00000000 0.00000000
v -0.75353085 0.81751818 -0.49741901 0.00000000 0.00000000 0.00000000
v -0.73551283 0.81751818 -0.49741901 0.00000000 0.00000000 0.00000000
v -0.71749481 0.81751818 -0.49741901 0.00000000 0.00000000 0.00000000
v -0.69947679 0.81751818 -0.49741901 0.00000000 0.00000000 0.00000000
v -0.68145878 0.81751818 -0.49741901 0.00000000 0.00000000 0.00000000
v -0.66344076 0.81751818 -0.49741901 0.00000000 0.00000000 0.00000000
v -0.64542274 0.81751818 -0.49741901 0.00000000 0.00000000 0.00000000
v -0.62740472 0.81751818 -0.49741901 0.00000000 0.00000000 0.00000000
v -0.60938670 0.81751818 -0.49741901 0.00000000 0.00000000 0.00000000
v -0.59136869 0.81751818 -0.49741901 0.00000000 0.00000000 0.00000000
v -0.57335067 0.81751818 -0.49741901 0.00000000 0.00000000 0.00000000
v -0.55533265 0.81751818 -0.49741901 0.00000000 0.00000000 0.00000000
v -0.53731463 0.81751818 -0.49741901 0.00000000 0.00000000 0.00000000
v -0.51929661 0.81751818 -0.49741901 0.00000000 0.00000000 0.00000000
v -0.50127860 0.81751818 -0.49741901 0.00000000 0.00000000 0.00000000
v -0.48326058 0.81751818 -0.49741901 0.00000000 0.00000000 0.00000000
v -0.46524256 0.81751818 -0.49741901 0.00000000 0.00000000 0.00000000
v -0.44722454 0.81751818 -0.49741901 0.00000000 0.00000000 0.00000000
v -0.42920652 0.81751818 -0.49741901 0.00000000 0.00000000 0.00000000
v -0.41118851 0.81751818 -0.49741901 0.00000000 0.00000000 0.00000000
v -0.39317049 0.81751818 -0.49741901 0.00000000 0.00000000 0.00000000
v -0.37515247 0.81751818 -0.49741901 0.00000000 0.00000000 0.00000000
v -0.35713445 0.81751818 -0.49741901 0.00000000 0.00000000 0.00000000
v -0.33911643 0.81751818 -0.49741901 0.00000000 0.00000000 0.00000000
v -0.32109842 0.81751818 -0.49741901 0.00000000 0.00000000 0.00000000
v -0.30308040 0.81751818 -0.49741901 0.00000000 0.00000000 0.00000000
v -0.28506238 0.81751818 -0.49741901 0.00000000 0.00000000 0.00000000
v -0.26704436 0.81751818 -0.49741901 0.00000000 0.00000000 0.00000000
v -0.24902634 0.81751818 -0.49741901 0.00784314 0.00784314 0.00784314
v -0.23100833 0.81751818 0.28809410 0.32156863 0.30196078 0.30196078
v -0.21299031 0.81751818 0.35486031 0.65490196 0.61176471 0.61176471
v -0.19497229 0.81751818 0.37356669 0.31764706 0.18823529 0.12941176
v -0.17695427 0.81751818 0.38270773 0.41960784 0.28235294 0.20392157
v -0.15893625 0.81751818 0.38744373 0.41568627 0.30588235 0.22352941
v -0.14091824 0.81751818 0.39224544 0.26666667 0.16078431 0.07843137
v -0.12290022 0.81751818 0.39341452 0.09411765 0.00000000 0.00000000
v -0.10488220 0.81751818 0.39549426 0.47058824 0.32156863 0.23137255
v -0.08686418 0.81751818 0.39614853 0.14901961 0.00000000 0.00000000
v -0.06884616 0.81751818 0.39525101 0.82745098 0.60392157 0.49803922
v -0.05082815 0.81751818 0.39456003 0.92549020 0.69019608 0.54901961
v -0.03281013 0.81751818 0.39520681 0.98823529 0.76078431 0.61568627
v -0.01479211 0.81751818 0.39569613 0.91764706 0.70588235 0.57254902
v 0.00322591 0.81751818 0.39536923 0.89019608 0.69803922 0.58039216
v 0.02124393 0.81751818 0.39449749 0.49019608 0.30980392 0.20784314
v 0.03926195 0.81751818 0.39513024 0.12156863 0.00000000 0.00000000
v 0.05727996 0.81751818 0.39548154 0.43921569 0.29019608 0.20784314
v 0.07529798 0.81751818 0.39243501 0.64313725 0.49803922 0.42745098
v 0.09331600 0.81751818 0.38594212 0.49803922 0.35686275 0.29411765
v 0.11133402 0.81751818 0.37780451 0.81960784 0.70980392 0.65490196
v 0.12935204 0.81751818 0.36291172 0.14117647 0.07058824 0.03137255
v 0.14737005 0.81751818 0.33536727 0.19607843 0.19607843 0.18823529
v 0.16538807 0.81751818 -0.49741901 0.00392157 0.00392157 0.00392157
v 0.18340609 0.81751818 -0.49741901 0.00000000 0.00000000 0.00000000
v 0.20142411 0.81751818 -0.49741901 0.00000000 0.00000000 0.00000000
v 0.21944213 0.81751818 -0.49741901 0.00000000 0.00000000 0.00000000
v 0.23746014 0.81751818 -0.49741901 0.00000000 0.00000000 0.00000000
v 0.25547816 0.81751818 -0.49741901 0.00000000 0.00000000 0.00000000
v 0.27349618 0.81751818 -0.49741901 0.00000000 0.00000000 0.00000000
v 0.29151420 0.81751818 -0.49741901 0.00000000 0.00000000 0.00000000
v 0.30953222 0.81751818 -0.49741901 0.00000000 0.00000000 0.00000000
v 0.32755023 0.81751818 -0.49741901 0.00000000 0.00000000 0.00000000
v 0.34556825 0.81751818 -0.49741901 0.00000000 0.00000000 0.00000000
v 0.36358627 0.81751818 -0.49741901 0.00000000 0.00000000 0.00000000
v 0.38160429 0.81751818 -0.49741901 0.00000000 0.00000000 0.00000000
v 0.39962231 0.81751818 -0.49741901 0.00000000 0.00000000 0.00000000
v 0.41764032 0.81751818 -0.49741901 0.00000000 0.00000000 0.00000000
v 0.43565834 0.81751818 -0.49741901 0.00000000 0.00000000 0.00000000
v 0.45367636 0.81751818 -0.49741901 0.00000000 0.00000000 0.00000000
v 0.47169438 0.81751818 -0.49741901 0.00000000 0.00000000 0.00000000
v 0.48971240 0.81751818 -0.49741901 0.00000000 0.00000000 0.00000000
v 0.50773041 0.81751818 -0.49741901 0.00000000 0.00000000 0.00000000
v 0.52574843 0.81751818 -0.49741901 0.00000000 0.00000000 0.00000000
v 0.54376645 0.81751818 -0.49741901 0.00000000 0.00000000 0.00000000
v 0.56178447 0.81751818 -0.49741901 0.00000000 0.00000000 0.00000000
v 0.57980249 0.81751818 -0.49741901 0.00000000 0.00000000 0.00000000
v 0.59782050 0.81751818 -0.49741901 0.00000000 0.00000000 0.00000000
v 0.61583852 0.81751818 -0.49741901 0.00000000 0.00000000 0.00000000
v 0.63385654 0.81751818 -0.49741901 0.00000000 0.00000000 0.00000000
v 0.65187456 0.81751818 -0.49741901 0.00000000 0.00000000 0.00000000
v 0.66989258 0.81751818 -0.49741901 0.00000000 0.00000000 0.00000000
v 0.68791059 0.81751818 -0.49741901 0.00000000 0.00000000 0.00000000
v 0.70592861 0.81751818 -0.49741901 0.00000000 0.00000000 0.00000000
v 0.72394663 0.81751818 -0.49741901 0.00000000 0.00000000 0.00000000
v 0.74196465 0.81751818 -0.49741901 0.00000000 0.00000000 0.00000000
v 0.75998267 0.81751818 -0.49741901 0.00000000 0.00000000 0.00000000
v 0.77800068 0.81751818 -0.49741901 0.00000000 0.00000000 0.00000000
v 0.79601870 0.81751818 -0.49741901 0.00000000 0.00000000 0.00000000
v 0.81403672 0.81751818 -0.49741901 0.00000000 0.00000000 0.00000000
v 0.83205474 0.81751818 -0.49741901 0.00000000 0.00000000 0.00000000
v 0.85007276 0.81751818 -0.49741901 0.00000000 0.00000000 0.00000000
v 0.86809077 0.81751818 -0.49741901 0.00000000 0.00000000 0.00000000
v 0.88610879 0.81751818 -0.49741901 0.00000000 0.00000000 0.00000000
v 0.90412681 0.81751818 -0.49741901 0.00000000 0.00000000 0.00000000
v 0.92214483 0.81751818 -0.49741901 0.00000000 0.00000000 0.00000000
v -0.91569301 0.79950016 -0.49741901 0.00000000 0.00000000 0.00000000
v -0.89767499 0.79950016 -0.49741901 0.00000000 0.00000000 0.00000000
v -0.87965697 0.79950016 -0.49741901 0.00000000 0.00000000 0.00000000
v -0.86163896 0.79950016 -0.49741901 0.00000000 0.00000000 0.00000000
v -0.84362094 0.79950016 -0.49741901 0.00000000 0.00000000 0.00000000
v -0.82560292 0.79950016 -0.49741901 0.00000000 0.00000000 0.00000000
v -0.80758490 0.79950016 -0.49741901 0.00000000 0.00000000 0.00000000
v -0.78956688 0.79950016 -0.49741901 0.00000000 0.00000000 0.00000000
v -0.77154887 0.79950016 -0.49741901 0.00000000 0.00000000 0.00000000
v -0.75353085 0.79950016 -0.49741901 0.00000000 0.00000000 0.00000000
v -0.73551283 0.79950016 -0.49741901 0.00000000 0.00000000 0.00000000
v -0.71749481 0.79950016 -0.49741901 0.00000000 0.00000000 0.00000000
v -0.69947679 0.79950016 -0.49741901 0.00000000 0.00000000 0.00000000
v -0.68145878 0.79950016 -0.49741901 0.00000000 0.00000000 0.00000000
v -0.66344076 0.79950016 -0.49741901 0.00000000 0.00000000 0.00000000
v -0.64542274 0.79950016 -0.49741901 0.00000000 0.00000000 0.00000000
v -0.62740472 0.79950016 -0.49741901 0.00000000 0.00000000 0.00000000
v -0.60938670 0.79950016 -0.49741901 0.00000000 0.00000000 0.00000000
v -0.59136869 0.79950016 -0.49741901 0.00000000 0.00000000 0.00000000
v -0.57335067 0.79950016 -0.49741901 0.00000000 0.00000000 0.00000000
v -0.55533265 0.79950016 -0.49741901 0.00000000 0.00000000 0.00000000
v -0.53731463 0.79950016 -0.49741901 0.00000000 0.00000000 0.00000000
v -0.51929661 0.79950016 -0.49741901 0.00000000 0.00000000 0.00000000
v -0.50127860 0.79950016 -0.49741901 0.00000000 0.00000000 0.00000000
v -0.48326058 0.79950016 -0.49741901 0.00000000 0.00000000 0.00000000
v -0.46524256 0.79950016 -0.49741901 0.00000000 0.00000000 0.00000000
v -0.44722454 0.79950016 -0.49741901 0.00000000 0.00000000 0.00000000
v -0.42920652 0.79950016 -0.49741901 0.00000000 0.00000000 0.00000000
v -0.41118851 0.79950016 -0.49741901 0.00000000 0.00000000 0.00000000
v -0.39317049 0.79950016 -0.49741901 0.00000000 0.00000000 0.00000000
v -0.37515247 0.79950016 -0.49741901 0.00000000 0.00000000 0.00000000
v -0.35713445 0.79950016 -0.49741901 0.00000000 0.00000000 0.00000000
v -0.33911643 0.79950016 -0.49741901 0.00000000 0.00000000 0.00000000
v -0.32109842 0.79950016 -0.49741901 0.00000000 0.00000000 0.00000000
v -0.30308040 0.79950016 -0.49741901 0.00000000 0.00000000 0.00000000
v -0.28506238 0.79950016 -0.49741901 0.00000000 0.00000000 0.00000000
v -0.26704436 0.79950016 -0.49741901 0.00000000 0.00000000 0.00000000
v -0.24902634 0.79950016 -0.49741901 0.00784314 0.00784314 0.00784314
v -0.23100833 0.79950016 0.30418676 0.32941176 0.30980392 0.31372549
v -0.21299031 0.79950016 0.36295619 0.38823529 0.31372549 0.32156863
v -0.19497229 0.79950016 0.37545699 0.50196078 0.36078431 0.29803922
v -0.17695427 0.79950016 0.38045974 0.39215686 0.24313725 0.16078431
v -0.15893625 0.79950016 0.38509505 0.27450980 0.14901961 0.06666667
v -0.14091824 0.79950016 0.38883359 0.25882353 0.15294118 0.07058824
v -0.12290022 0.79950016 0.38905415 0.67058824 0.54901961 0.47058824
v -0.10488220 0.79950016 0.38981977 0.30980392 0.16078431 0.07058824
v -0.08686418 0.79950016 0.39067873 0.29411765 0.09803922 0.00784314
v -0.06884616 0.79950016 0.39042311 0.66666667 0.44705882 0.34117647
v -0.05082815 0.79950016 0.39064877 0.70196078 0.47450980 0.34117647
v -0.03281013 0.79950016 0.39149068 0.67843137 0.46274510 0.32549020
v -0.01479211 0.79950016 0.39171496 0.67843137 0.48235294 0.36078431
v 0.00322591 0.79950016 0.39112309 0.64705882 0.47058824 0.36862745
v 0.02124393 0.79950016 0.39031039 0.45882353 0.29803922 0.21176471
v 0.03926195 0.79950016 0.39094013 0.10980392 0.00000000 0.00000000
v 0.05727996 0.79950016 0.39209065 0.20392157 0.06666667 0.00000000
v 0.07529798 0.79950016 0.38895442 0.34117647 0.21176471 0.14509804
v 0.09331600 0.79950016 0.38266244 0.63529412 0.45882353 0.40000000
v 0.11133402 0.79950016 0.37622832 0.55686275 0.39607843 0.34901961
v 0.12935204 0.79950016 0.36420322 0.32156863 0.21960784 0.17647059
v 0.14737005 0.79950016 0.34044769 0.32941176 0.29803922 0.26666667
v 0.16538807 0.79950016 -0.49741901 0.00000000 0.00000000 0.00000000
v 0.18340609 0.79950016 -0.49741901 0.00000000 0.00000000 0.00000000
v 0.20142411 0.79950016 -0.49741901 0.00000000 0.00000000 0.00000000
v 0.21944213 0.79950016 -0.49741901 0.00000000 0.00000000 0.00000000
v 0.23746014 0.79950016 -0.49741901 0.00000000 0.00000000 0.00000000
v 0.25547816 0.79950016 -0.49741901 0.00000000 0.00000000 0.00000000
v 0.27349618 0.79950016 -0.49741901 0.00000000 0.00000000 0.00000000
v 0.29151420 0.79950016 -0.49741901 0.00000000 0.00000000 0.00000000
v 0.30953222 0.79950016 -0.49741901 0.00000000 0.00000000 0.00000000
v 0.32755023 0.79950016 -0.49741901 0.00000000 0.00000000 0.00000000
v 0.34556825 0.79950016 -0.49741901 0.00000000 0.00000000 0.00000000
v 0.36358627 0.79950016 -0.49741901 0.00000000 0.00000000 0.00000000
v 0.38160429 0.79950016 -0.49741901 0.00000000 0.00000000 0.00000000
v 0.39962231 0.79950016 -0.49741901 0.00000000 0.00000000 0.00000000
v 0.41764032 0.79950016 -0.49741901 0.00000000 0.00000000 0.00000000
v 0.43565834 0.79950016 -0.49741901 0.00000000 0.00000000 0.00000000
v 0.45367636 0.79950016 -0.49741901 0.00000000 0.00000000 0.00000000
v 0.47169438 0.79950016 -0.49741901 0.00000000 0.00000000 0.00000000
v 0.48971240 0.79950016 -0.49741901 0.00000000 0.00000000 0.00000000
v 0.50773041 0.79950016 -0.49741901 0.00000000 0.00000000 0.00000000
v 0.52574843 0.79950016 -0.49741901 0.00000000 0.00000000 0.00000000
v 0.54376645 0.79950016 -0.49741901 0.00000000 0.00000000 0.00000000
v 0.56178447 0.79950016 -0.49741901 0.00000000 0.00000000 0.00000000
v 0.57980249 0.79950016 -0.49741901 0.00000000 0.00000000 0.00000000
v 0.59782050 0.79950016 -0.49741901 0.00000000 0.00000000 0.00000000
v 0.61583852 0.79950016 -0.49741901 0.00000000 0.00000000 0.00000000
v 0.63385654 0.79950016 -0.49741901 0.00000000 0.00000000 0.00000000
v 0.65187456 0.79950016 -0.49741901 0.00000000 0.00000000 0.00000000
v 0.66989258 0.79950016 -0.49741901 0.00000000 0.00000000 0.00000000
v 0.68791059 0.79950016 -0.49741901 0.00000000 0.00000000 0.00000000
v 0.70592861 0.79950016 -0.49741901 0.00000000 0.00000000 0.00000000
v 0.72394663 0.79950016 -0.49741901 0.00000000 0.00000000 0.00000000
v 0.74196465 0.79950016 -0.49741901 0.00000000 0.00000000 0.00000000
v 0.75998267 0.79950016 -0.49741901 0.00000000 0.00000000 0.00000000
v 0.77800068 0.79950016 -0.49741901 0.00000000 0.00000000 0.00000000
v 0.79601870 0.79950016 -0.49741901 0.00000000 0.00000000 0.00000000
v 0.81403672 0.79950016 -0.49741901 0.00000000 0.00000000 0.00000000
v 0.83205474 0.79950016 -0.49741901 0.00000000 0.00000000 0.00000000
v 0.85007276 0.79950016 -0.49741901 0.00000000 0.00000000 0.00000000
v 0.86809077 0.79950016 -0.49741901 0.00000000 0.00000000 0.00000000
v 0.88610879 0.79950016 -0.49741901 0.00000000 0.00000000 0.00000000
v 0.90412681 0.79950016 -0.49741901 0.00000000 0.00000000 0.00000000
v 0.92214483 0.79950016 -0.49741901 0.00000000 0.00000000 0.00000000
v -0.91569301 0.78148214 -0.49741901 0.00000000 0.00000000 0.00000000
v -0.89767499 0.78148214 -0.49741901 0.00000000 0.00000000 0.00000000
v -0.87965697 0.78148214 -0.49741901 0.00000000 0.00000000 0.00000000
v -0.86163896 0.78148214 -0.49741901 0.00000000 0.00000000 0.00000000
v -0.84362094 0.78148214 -0.49741901 0.00000000 0.00000000 0.00000000
v -0.82560292 0.78148214 -0.49741901 0.00000000 0.00000000 0.00000000
v -0.80758490 0.78148214 -0.49741901 0.00000000 0.00000000 0.00000000
v -0.78956688 0.78148214 -0.49741901 0.00000000 0.00000000 0.00000000
v -0.77154887 0.78148214 -0.49741901 0.00000000 0.00000000 0.00000000
v -0.75353085 0.78148214 -0.49741901 0.00000000 0.00000000 0.00000000
v -0.73551283 0.78148214 -0.49741901 0.00000000 0.00000000 0.00000000
v -0.71749481 0.78148214 -0.49741901 0.00000000 0.00000000 0.00000000
v -0.69947679 0.78148214 -0.49741901 0.00000000 0.00000000 0.00000000
v -0.68145878 0.78148214 -0.49741901 0.00000000 0.00000000 0.00000000
v -0.66344076 0.78148214 -0.49741901 0.00000000 0.00000000 0.00000000
v -0.64542274 0.78148214 -0.49741901 0.00000000 0.00000000 0.00000000
v -0.62740472 0.78148214 -0.49741901 0.00000000 0.00000000 0.00000000
v -0.60938670 0.78148214 -0.49741901 0.00000000 0.00000000 0.00000000
v -0.59136869 0.78148214 -0.49741901 0.00000000 0.00000000 0.00000000
v -0.57335067 0.78148214 -0.49741901 0.00000000 0.00000000 0.00000000
v -0.55533265 0.78148214 -0.49741901 0.00000000 0.00000000 0.00000000
v -0.53731463 0.78148214 -0.49741901 0.00000000 0.00000000 0.00000000
v -0.51929661 0.78148214 -0.49741901 0.00000000 0.00000000 0.00000000
v -0.50127860 0.78148214 -0.49741901 0.00000000 0.00000000 0.00000000
v -0.48326058 0.78148214 -0.49741901 0.00000000 0.00000000 0.00000000
v -0.46524256 0.78148214 -0.49741901 0.00000000 0.00000000 0.00000000
v -0.44722454 0.78148214 -0.49741901 0.00000000 0.00000000 0.00000000
v -0.42920652 0.78148214 -0.49741901 0.00000000 0.00000000 0.00000000
v -0.41118851 0.78148214 -0.49741901 0.00000000 0.00000000 0.00000000
v -0.39317049 0.78148214 -0.49741901 0.00000000 0.00000000 0.00000000
v -0.37515247 0.78148214 -0.49741901 0.00000000 0.00000000 0.00000000
v -0.35713445 0.78148214 -0.49741901 0.00000000 0.00000000 0.00000000
v -0.33911643 0.78148214 -0.49741901 0.00000000 0.00000000 0.00000000
v -0.32109842 0.78148214 -0.49741901 0.00000000 0.00000000 0.00000000
v -0.30308040 0.78148214 -0.49741901 0.00000000 0.00000000 0.00000000
v -0.28506238 0.78148214 -0.49741901 0.00000000 0.00000000 0.00000000
v -0.26704436 0.78148214 -0.49741901 0.00000000 0.00000000 0.00000000
v -0.24902634 0.78148214 -0.49741901 0.00392157 0.00392157 0.00392157
v -0.23100833 0.78148214 0.31799294 0.11372549 0.11372549 0.10980392
v -0.21299031 0.78148214 0.36669900 0.21568627 0.16470588 0.13333333
v -0.19497229 0.78148214 0.37691427 0.24313725 0.11372549 0.03921569
v -0.17695427 0.78148214 0.37942874 0.37254902 0.23529412 0.16078431
v -0.15893625 0.78148214 0.38331382 0.35686275 0.24705882 0.19215686
v -0.14091824 0.78148214 0.38590802 0.19607843 0.10196078 0.06274510
v -0.12290022 0.78148214 0.38569358 0.33725490 0.23137255 0.19607843
v -0.10488220 0.78148214 0.38549006 0.28235294 0.14901961 0.10196078
v -0.08686418 0.78148214 0.38627176 0.28627451 0.10980392 0.02745098
v -0.06884616 0.78148214 0.38585482 0.74117647 0.52941176 0.43137255
v -0.05082815 0.78148214 0.38613484 0.80000000 0.58823529 0.45882353
v -0.03281013 0.78148214 0.38670760 0.84313725 0.63137255 0.49411765
v -0.01479211 0.78148214 0.38679434 0.81960784 0.61568627 0.47450980
v 0.00322591 0.78148214 0.38652717 0.69803922 0.50196078 0.37647059
v 0.02124393 0.78148214 0.38575420 0.52156863 0.35294118 0.24705882
v 0.03926195 0.78148214 0.38651817 0.09803922 0.00000000 0.00000000
v 0.05727996 0.78148214 0.38757261 0.38431373 0.29019608 0.24313725
v 0.07529798 0.78148214 0.38487668 0.15294118 0.08627451 0.05882353
v 0.09331600 0.78148214 0.37931698 0.17647059 0.06274510 0.03137255
v 0.11133402 0.78148214 0.37453597 0.12156863 0.01568627 0.00000000
v 0.12935204 0.78148214 0.36520061 0.45882353 0.38823529 0.37254902
v 0.14737005 0.78148214 0.34308568 0.06274510 0.03921569 0.03921569
v 0.16538807 0.78148214 -0.49741901 0.00000000 0.00000000 0.00000000
v 0.18340609 0.78148214 -0.49741901 0.00000000 0.00000000 0.00000000
v 0.20142411 0.78148214 -0.49741901 0.00000000 0.00000000 0.00000000
v 0.21944213 0.78148214 -0.49741901 0.00000000 0.00000000 0.00000000
v 0.23746014 0.78148214 -0.49741901 0.00000000 0.00000000 0.00000000
v 0.25547816 0.78148214 -0.49741901 0.00000000 0.00000000 0.00000000
v 0.27349618 0.78148214 -0.49741901 0.00000000 0.00000000 0.00000000
v 0.29151420 0.78148214 -0.49741901 0.00000000 0.00000000 0.00000000
v 0.30953222 0.78148214 -0.49741901 0.00000000 0.00000000 0.00000000
v 0.32755023 0.78148214 -0.49741901 0.00000000 0.00000000 0.00000000
v 0.34556825 0.78148214 -0.49741901 0.00000000 0.00000000 0.00000000
v 0.36358627 0.78148214 -0.49741901 0.00000000 0.00000000 0.00000000
v 0.38160429 0.78148214 -0.49741901 0.00000000 0.00000000 0.00000000
v 0.39962231 0.78148214 -0.49741901 0.00000000 0.00000000 0.00000000
v 0.41764032 0.78148214 -0.49741901 0.00000000 0.00000000 0.00000000
v 0.43565834 0.78148214 -0.49741901 0.00000000 0.00000000 0.00000000
v 0.45367636 0.78148214 -0.49741901 0.00000000 0.00000000 0.00000000
v 0.47169438 0.78148214 -0.49741901 0.00000000 0.00000000 0.00000000
v 0.48971240 0.78148214 -0.49741901 0.00000000 0.00000000 0.00000000
v 0.50773041 0.78148214 -0.49741901 0.00000000 0.00000000 0.00000000
v 0.52574843 0.78148214 -0.49741901 0.00000000 0.00000000 0.00000000
v 0.54376645 0.78148214 -0.49741901 0.00000000 0.00000000 0.00000000
v 0.56178447 0.78148214 -0.49741901 0.00000000 0.00000000 0.00000000
v 0.57980249 0.78148214 -0.49741901 0.00000000 0.00000000 0.00000000
v 0.59782050 0.78148214 -0.49741901 0.00000000 0.00000000 0.00000000
v 0.61583852 0.78148214 -0.49741901 0.00000000 0.00000000 0.00000000
v 0.63385654 0.78148214 -0.49741901 0.00000000 0.00000000 0.00000000
v 0.65187456 0.78148214 -0.49741901 0.00000000 0.00000000 0.00000000
v 0.66989258 0.78148214 -0.49741901 0.00000000 0.00000000 0.00000000
v 0.68791059 0.78148214 -0.49741901 0.00000000 0.00000000 0.00000000
v 0.70592861 0.78148214 -0.49741901 0.00000000 0.00000000 0.00000000
v 0.72394663 0.78148214 -0.49741901 0.00000000 0.00000000 0.00000000
v 0.74196465 0.78148214 -0.49741901 0.00000000 0.00000000 0.00000000
v 0.75998267 0.78148214 -0.49741901 0.00000000 0.00000000 0.00000000
v 0.77800068 0.78148214 -0.49741901 0.00000000 0.00000000 0.00000000
v 0.79601870 0.78148214 -0.49741901 0.00000000 0.00000000 0.00000000
v 0.81403672 0.78148214 -0.49741901 0.00000000 0.00000000 0.00000000
v 0.83205474 0.78148214 -0.49741901 0.00000000 0.00000000 0.00000000
v 0.85007276 0.78148214 -0.49741901 0.00000000 0.00000000 0.00000000
v 0.86809077 0.78148214 -0.49741901 0.00000000 0.00000000 0.00000000
v 0.88610879 0.78148214 -0.49741901 0.00000000 0.00000000 0.00000000
v 0.90412681 0.78148214 -0.49741901 0.00000000 0.00000000 0.00000000
v 0.92214483 0.78148214 -0.49741901 0.00000000 0.00000000 0.00000000
v -0.91569301 0.76346412 -0.49741901 0.00000000 0.00000000 0.00000000
v -0.89767499 0.76346412 -0.49741901 0.00000000 0.00000000 0.00000000
v -0.87965697 0.76346412 -0.49741901 0.00000000 0.00000000 0.00000000
v -0.86163896 0.76346412 -0.49741901 0.00000000 0.00000000 0.00000000
v -0.84362094 0.76346412 -0.49741901 0.00000000 0.00000000 0.00000000
v -0.82560292 0.76346412 -0.49741901 0.00000000 0.00000000 0.00000000
v -0.80758490 0.76346412 -0.49741901 0.00000000 0.00000000 0.00000000
v -0.78956688 0.76346412 -0.49741901 0.00000000 0.00000000 0.00000000
v -0.77154887 0.76346412 -0.49741901 0.00000000 0.00000000 0.00000000
v -0.75353085 0.76346412 -0.49741901 0.00000000 0.00000000 0.00000000
v -0.73551283 0.76346412 -0.49741901 0.00000000 0.00000000 0.00000000
v -0.71749481 0.76346412 -0.49741901 0.00000000 0.00000000 0.00000000
v -0.69947679 0.76346412 -0.49741901 0.00000000 0.00000000 0.00000000
v -0.68145878 0.76346412 -0.49741901 0.00000000 0.00000000 0.00000000
v -0.66344076 0.76346412 -0.49741901 0.00000000 0.00000000 0.00000000
v -0.64542274 0.76346412 -0.49741901 0.00000000 0.00000000 0.00000000
v -0.62740472 0.76346412 -0.49741901 0.00000000 0.00000000 0.00000000
v -0.60938670 0.76346412 -0.49741901 0.00000000 0.00000000 0.00000000
v -0.59136869 0.76346412 -0.49741901 0.00000000 0.00000000 0.00000000
v -0.57335067 0.76346412 -0.49741901 0.00000000 0.00000000 0.00000000
v -0.55533265 0.76346412 -0.49741901 0.00000000 0.00000000 0.00000000
v -0.53731463 0.76346412 -0.49741901 0.00000000 0.00000000 0.00000000
v -0.51929661 0.76346412 -0.49741901 0.00000000 0.00000000 0.00000000
v -0.50127860 0.76346412 -0.49741901 0.00000000 0.00000000 0.00000000
v -0.48326058 0.76346412 -0.49741901 0.00000000 0.00000000 0.00000000
v -0.46524256 0.76346412 -0.49741901 0.00000000 0.00000000 0.00000000
v -0.44722454 0.76346412 -0.49741901 0.00000000 0.00000000 0.00000000
v -0.42920652 0.76346412 -0.49741901 0.00000000 0.00000000 0.00000000
v -0.41118851 0.76346412 -0.49741901 0.00000000 0.00000000 0.00000000
v -0.39317049 0.76346412 -0.49741901 0.00000000 0.00000000 0.00000000
v -0.37515247 0.76346412 -0.49741901 0.00000000 0.00000000 0.00000000
v -0.35713445 0.76346412 -0.49741901 0.00000000 0.00000000 0.00000000
v -0.33911643 0.76346412 -0.49741901 0.00000000 0.00000000 0.00000000
v -0.32109842 0.76346412 -0.49741901 0.00000000 0.00000000 0.00000000
v -0.30308040 0.76346412 -0.49741901 0.00000000 0.00000000 0.00000000
v -0.28506238 0.76346412 -0.49741901 0.00000000 0.00000000 0.00000000
v -0.26704436 0.76346412 -0.49741901 0.00000000 0.00000000 0.00000000
v -0.24902634 0.76346412 -0.49741901 0.00392157 0.00392157 0.00392157
v -0.23100833 0.76346412 0.33635469 0.36862745 0.35686275 0.34509804
v -0.21299031 0.76346412 0.37017559 0.37647059 0.33725490 0.29019608
v -0.19497229 0.76346412 0.37850820 0.37254902 0.25098039 0.17254902
v -0.17695427 0.76346412 0.37875543 0.25490196 0.11372549 0.05098039
v -0.15893625 0.76346412 0.38203360 0.23137255 0.12156863 0.07843137
v -0.14091824 0.76346412 0.38321787 0.24313725 0.15294118 0.12941176
v -0.12290022 0.76346412 0.38291112 0.38039216 0.28235294 0.26274510
v -0.10488220 0.76346412 0.38279193 0.30196078 0.16862745 0.12156863
v -0.08686418 0.76346412 0.38335225 0.28235294 0.10196078 0.01176471
v -0.06884616 0.76346412 0.38318316 0.73725490 0.52156863 0.40784314
v -0.05082815 0.76346412 0.38273756 0.80392157 0.58431373 0.45098039
v -0.03281013 0.76346412 0.38276444 0.85490196 0.63529412 0.49411765
v -0.01479211 0.76346412 0.38305092 0.86274510 0.63529412 0.49019608
v 0.00322591 0.76346412 0.38265096 0.77254902 0.55294118 0.41176471
v 0.02124393 0.76346412 0.38188266 0.63529412 0.44705882 0.32156863
v 0.03926195 0.76346412 0.38254807 0.12941176 0.00000000 0.00000000
v 0.05727996 0.76346412 0.38361598 0.15294118 0.06666667 0.01568627
v 0.07529798 0.76346412 0.38132063 0.24313725 0.18431373 0.16470588
v 0.09331600 0.76346412 0.37703064 0.23529412 0.15294118 0.13333333
v 0.11133402 0.76346412 0.37296562 0.28235294 0.20784314 0.18431373
v 0.12935204 0.76346412 0.36603565 0.05490196 0.01176471 0.00392157
v 0.14737005 0.76346412 0.34633903 0.10196078 0.08627451 0.09019608
v 0.16538807 0.76346412 -0.49741901 0.00000000 0.00000000 0.00000000
v 0.18340609 0.76346412 -0.49741901 0.00000000 0.00000000 0.00000000
v 0.20142411 0.76346412 -0.49741901 0.00000000 0.00000000 0.00000000
v 0.21944213 0.76346412 -0.49741901 0.00000000 0.00000000 0.00000000
v 0.23746014 0.76346412 -0.49741901 0.00000000 0.00000000 0.00000000
v 0.25547816 0.76346412 -0.49741901 0.00000000 0.00000000 0.00000000
v 0.27349618 0.76346412 -0.49741901 0.00000000 0.00000000 0.00000000
v 0.29151420 0.76346412 -0.49741901 0.00000000 0.00000000 0.00000000
v 0.30953222 0.76346412 -0.49741901 0.00000000 0.00000000 0.00000000
v 0.32755023 0.76346412 -0.49741901 0.00000000 0.00000000 0.00000000
v 0.34556825 0.76346412 -0.49741901 0.00000000 0.00000000 0.00000000
v 0.36358627 0.76346412 -0.49741901 0.00000000 0.00000000 0.00000000
v 0.38160429 0.76346412 -0.49741901 0.00000000 0.00000000 0.00000000
v 0.39962231 0.76346412 -0.49741901 0.00000000 0.00000000 0.00000000
v 0.41764032 0.76346412 -0.49741901 0.00000000 0.00000000 0.00000000
v 0.43565834 0.76346412 -0.49741901 0.00000000 0.00000000 0.00000000
v 0.45367636 0.76346412 -0.49741901 0.00000000 0.00000000 0.00000000
v 0.47169438 0.76346412 -0.49741901 0.00000000 0.00000000 0.00000000
v 0.48971240 0.76346412 -0.49741901 0.00000000 0.00000000 0.00000000
v 0.50773041 0.76346412 -0.49741901 0.00000000 0.00000000 0.00000000
v 0.52574843 0.76346412 -0.49741901 0.00000000 0.00000000 0.00000000
v 0.54376645 0.76346412 -0.49741901 0.00000000 0.00000000 0.00000000
v 0.56178447 0.76346412 -0.49741901 0.00000000 0.00000000 0.00000000
v 0.57980249 0.76346412 -0.49741901 0.00000000 0.00000000 0.00000000
v 0.59782050 0.76346412 -0.49741901 0.00000000 0.00000000 0.00000000
v 0.61583852 0.76346412 -0.49741901 0.00000000 0.00000000 0.00000000
v 0.63385654 0.76346412 -0.49741901 0.00000000 0.00000000 0.00000000
v 0.65187456 0.76346412 -0.49741901 0.00000000 0.00000000 0.00000000
v 0.66989258 0.76346412 -0.49741901 0.00000000 0.00000000 0.00000000
v 0.68791059 0.76346412 -0.49741901 0.00000000 0.00000000 0.00000000
v 0.70592861 0.76346412 -0.49741901 0.00000000 0.00000000 0.00000000
v 0.72394663 0.76346412 -0.49741901 0.00000000 0.00000000 0.00000000
v 0.74196465 0.76346412 -0.49741901 0.00000000 0.00000000 0.00000000
v 0.75998267 0.76346412 -0.49741901 0.00000000 0.00000000 0.00000000
v 0.77800068 0.76346412 -0.49741901 0.00000000 0.00000000 0.00000000
v 0.79601870 0.76346412 -0.49741901 0.00000000 0.00000000 0.00000000
v 0.81403672 0.76346412 -0.49741901 0.00000000 0.00000000 0.00000000
v 0.83205474 0.76346412 -0.49741901 0.00000000 0.00000000 0.00000000
v 0.85007276 0.76346412 -0.49741901 0.00000000 0.00000000 0.00000000
v 0.86809077 0.76346412 -0.49741901 0.00000000 0.00000000 0.00000000
v 0.88610879 0.76346412 -0.49741901 0.00000000 0.00000000 0.00000000
v 0.90412681 0.76346412 -0.49741901 0.00000000 0.00000000 0.00000000
v 0.92214483 0.76346412 -0.49741901 0.00000000 0.00000000 0.00000000
v -0.91569301 0.74544610 -0.49741901 0.00000000 0.00000000 0.00000000
v -0.89767499 0.74544610 -0.49741901 0.00000000 0.00000000 0.00000000
v -0.87965697 0.74544610 -0.49741901 0.00000000 0.00000000 0.00000000
v -0.86163896 0.74544610 -0.49741901 0.00000000 0.00000000 0.00000000
v -0.84362094 0.74544610 -0.49741901 0.00000000 0.00000000 0.00000000
v -0.82560292 0.74544610 -0.49741901 0.00000000 0.00000000 0.00000000
v -0.80758490 0.74544610 -0.49741901 0.00000000 0.00000000 0.00000000
v -0.78956688 0.74544610 -0.49741901 0.00000000 0.00000000 0.00000000
v -0.77154887 0.74544610 -0.49741901 0.00000000 0.00000000 0.00000000
v -0.75353085 0.74544610 -0.49741901 0.00000000 0.00000000 0.00000000
v -0.73551283 0.74544610 -0.49741901 0.00000000 0.00000000 0.00000000
v -0.71749481 0.74544610 -0.49741901 0.00000000 0.00000000 0.00000000
v -0.69947679 0.74544610 -0.49741901 0.00000000 0.00000000 0.00000000
v -0.68145878 0.74544610 -0.49741901 0.00000000 0.00000000 0.00000000
v -0.66344076 0.74544610 -0.49741901 0.00000000 0.00000000 0.00000000
v -0.64542274 0.74544610 -0.49741901 0.00000000 0.00000000 0.00000000
v -0.62740472 0.74544610 -0.49741901 0.00000000 0.00000000 0.00000000
v -0.60938670 0.74544610 -0.49741901 0.00000000 0.00000000 0.00000000
v -0.59136869 0.74544610 -0.49741901 0.00000000 0.00000000 0.00000000
v -0.57335067 0.74544610 -0.49741901 0.00000000 0.00000000 0.00000000
v -0.55533265 0.74544610 -0.49741901 0.00000000 0.00000000 0.00000000
v -0.53731463 0.74544610 -0.49741901 0.00000000 0.00000000 0.00000000
v -0.51929661 0.74544610 -0.49741901 0.00000000 0.00000000 0.00000000
v -0.50127860 0.74544610 -0.49741901 0.00000000 0.00000000 0.00000000
v -0.48326058 0.74544610 -0.49741901 0.00000000 0.00000000 0.00000000
v -0.46524256 0.74544610 -0.49741901 0.00000000 0.00000000 0.00000000
v -0.44722454 0.74544610 -0.49741901 0.00000000 0.00000000 0.00000000
v -0.42920652 0.74544610 -0.49741901 0.00000000 0.00000000 0.00000000
v -0.41118851 0.74544610 -0.49741901 0.00000000 0.00000000 0.00000000
v -0.39317049 0.74544610 -0.49741901 0.00000000 0.00000000 0.00000000
v -0.37515247 0.74544610 -0.49741901 0.00000000 0.00000000 0.00000000
v -0.35713445 0.74544610 -0.49741901 0.00000000 0.00000000 0.00000000
v -0.33911643 0.74544610 -0.49741901 0.00000000 0.00000000 0.00000000
v -0.32109842 0.74544610 -0.49741901 0.00000000 0.00000000 0.00000000
v -0.30308040 0.74544610 -0.49741901 0.00000000 0.00000000 0.00000000
v -0.28506238 0.74544610 -0.49741901 0.00000000 0.00000000 0.00000000
v -0.26704436 0.74544610 -0.49741901 0.00000000 0.00000000 0.00000000
v -0.24902634 0.74544610 -0.49741901 0.00000000 0.00000000 0.00000000
v -0.23100833 0.74544610 0.35338275 0.18431373 0.14901961 0.11764706
v -0.21299031 0.74544610 0.37177564 0.16078431 0.11372549 0.06666667
v -0.19497229 0.74544610 0.37809140 0.32156863 0.19215686 0.12549020
v -0.17695427 0.74544610 0.38000047 0.27843137 0.13725490 0.07450980
v -0.15893625 0.74544610 0.38223471 0.26274510 0.15294118 0.10980392
v -0.14091824 0.74544610 0.38333836 0.20000000 0.10196078 0.08235294
v -0.12290022 0.74544610 0.38319498 0.42745098 0.32156863 0.28627451
v -0.10488220 0.74544610 0.38279874 0.27450980 0.13725490 0.06274510
v -0.08686418 0.74544610 0.38346689 0.38039216 0.18431373 0.08627451
v -0.06884616 0.74544610 0.38329176 0.81568627 0.58431373 0.45490196
v -0.05082815 0.74544610 0.38274073 0.85098039 0.61960784 0.46666667
v -0.03281013 0.74544610 0.38257322 0.90196078 0.65882353 0.49803922
v -0.01479211 0.74544610 0.38301332 0.91372549 0.67450980 0.50196078
v 0.00322591 0.74544610 0.38217588 0.85490196 0.62352941 0.46274510
v 0.02124393 0.74544610 0.38066890 0.73725490 0.52941176 0.40000000
v 0.03926195 0.74544610 0.38102659 0.47058824 0.31372549 0.21176471
v 0.05727996 0.74544610 0.38137465 0.25490196 0.14901961 0.08235294
v 0.07529798 0.74544610 0.37914742 0.25882353 0.18431373 0.15686275
v 0.09331600 0.74544610 0.37606741 0.31372549 0.23921569 0.21568627
v 0.11133402 0.74544610 0.37177756 0.20000000 0.12941176 0.11372549
v 0.12935204 0.74544610 0.36535828 0.14117647 0.09803922 0.09019608
v 0.14737005 0.74544610 0.34724968 0.05098039 0.02745098 0.02745098
v 0.16538807 0.74544610 -0.49741901 0.01176471 0.01176471 0.01176471
v 0.18340609 0.74544610 -0.49741901 0.00000000 0.00000000 0.00000000
v 0.20142411 0.74544610 -0.49741901 0.00000000 0.00000000 0.00000000
v 0.21944213 0.74544610 -0.49741901 0.00000000 0.00000000 0.00000000
v 0.23746014 0.74544610 -0.49741901 0.00000000 0.00000000 0.00000000
v 0.25547816 0.74544610 -0.49741901 0.00000000 0.00000000 0.00000000
v 0.27349618 0.74544610 -0.49741901 0.00000000 0.00000000 0.00000000
v 0.29151420 0.74544610 -0.49741901 0.00000000 0.00000000 0.00000000
v 0.30953222 0.74544610 -0.49741901 0.00000000 0.00000000 0.00000000
v 0.32755023 0.74544610 -0.49741901 0.00000000 0.00000000 0.00000000
v 0.34556825 0.74544610 -0.49741901 0.00000000 0.00000000 0.00000000
v 0.36358627 0.74544610 -0.49741901 0.00000000 0.00000000 0.00000000
v 0.38160429 0.74544610 -0.49741901 0.00000000 0.00000000 0.00000000
v 0.39962231 0.74544610 -0.49741901 0.00000000 0.00000000 0.00000000
v 0.41764032 0.74544610 -0.49741901 0.00000000 0.00000000 0.00000000
v 0.43565834 0.74544610 -0.49741901 0.00000000 0.00000000 0.00000000
v 0.45367636 0.74544610 -0.49741901 0.00000000 0.00000000 0.00000000
v 0.47169438 0.74544610 -0.49741901 0.00000000 0.00000000 0.00000000
v 0.48971240 0.74544610 -0.49741901 0.00000000 0.00000000 0.00000000
v 0.50773041 0.74544610 -0.49741901 0.00000000 0.00000000 0.00000000
v 0.52574843 0.74544610 -0.49741901 0.00000000 0.00000000 0.00000000
v 0.54376645 0.74544610 -0.49741901 0.00000000 0.00000000 0.00000000
v 0.56178447 0.74544610 -0.49741901 0.00000000 0.00000000 0.00000000
v 0.57980249 0.74544610 -0.49741901 0.00000000 0.00000000 0.00000000
v 0.59782050 0.74544610 -0.49741901 0.00000000 0.00000000 0.00000000
v 0.61583852 0.74544610 -0.49741901 0.00000000 0.00000000 0.00000000
v 0.63385654 0.74544610 -0.49741901 0.00000000 0.00000000 0.00000000
v 0.65187456 0.74544610 -0.49741901 0.00000000 0.00000000 0.00000000
v 0.66989258 0.74544610 -0.49741901 0.00000000 0.00000000 0.00000000
v 0.68791059 0.74544610 -0.49741901 0.00000000 0.00000000 0.00000000
v 0.70592861 0.74544610 -0.49741901 0.00000000 0.00000000 0.00000000
v 0.72394663 0.74544610 -0.49741901 0.00000000 0.00000000 0.00000000
v 0.74196465 0.74544610 -0.49741901 0.00000000 0.00000000 0.00000000
v 0.75998267 0.74544610 -0.49741901 0.00000000 0.00000000 0.00000000
v 0.77800068 0.74544610 -0.49741901 0.00000000 0.00000000 0.00000000
v 0.79601870 0.74544610 -0.49741901 0.00000000 0.00000000 0.00000000
v 0.81403672 0.74544610 -0.49741901 0.00000000 0.00000000 0.00000000
v 0.83205474 0.74544610 -0.49741901 0.00000000 0.00000000 0.00000000
v 0.85007276 0.74544610 -0.49741901 0.00000000 0.00000000 0.00000000
v 0.86809077 0.74544610 -0.49741901 0.00000000 0.00000000 0.00000000
v 0.88610879 0.74544610 -0.49741901 0.00000000 0.00000000 0.00000000
v 0.90412681 0.74544610 -0.49741901 0.00000000 0.00000000 0.00000000
v 0.92214483 0.74544610 -0.49741901 0.00000000 0.00000000 0.00000000
v -0.91569301 0.72742809 -0.49741901 0.00000000 0.00000000 0.00000000
v -0.89767499 0.72742809 -0.49741901 0.00000000 0.00000000 0.00000000
v -0.87965697 0.72742809 -0.49741901 0.00000000 0.00000000 0.00000000
v -0.86163896 0.72742809 -0.49741901 0.00000000 0.00000000 0.00000000
v -0.84362094 0.72742809 -0.49741901 0.00000000 0.00000000 0.00000000
v -0.82560292 0.72742809 -0.49741901 0.00000000 0.00000000 0.00000000
v -0.80758490 0.72742809 -0.49741901 0.00000000 0.00000000 0.00000000
v -0.78956688 0.72742809 -0.49741901 0.00000000 0.00000000 0.00000000
v -0.77154887 0.72742809 -0.49741901 0.00000000 0.00000000 0.00000000
v -0.75353085 0.72742809 -0.49741901 0.00000000 0.00000000 0.00000000
v -0.73551283 0.72742809 -0.49741901 0.00000000 0.00000000 0.00000000
v -0.71749481 0.72742809 -0.49741901 0.00000000 0.00000000 0.00000000
v -0.69947679 0.72742809 -0.49741901 0.00000000 0.00000000 0.00000000
v -0.68145878 0.72742809 -0.49741901 0.00000000 0.00000000 0.00000000
v -0.66344076 0.72742809 -0.49741901 0.00000000 0.00000000 0.00000000
v -0.64542274 0.72742809 -0.49741901 0.00000000 0.00000000 0.00000000
v -0.62740472 0.72742809 -0.49741901 0.00000000 0.00000000 0.00000000
v -0.60938670 0.72742809 -0.49741901 0.00000000 0.00000000 0.00000000
v -0.59136869 0.72742809 -0.49741901 0.00000000 0.00000000 0.00000000
v -0.57335067 0.72742809 -0.49741901 0.00000000 0.00000000 0.00000000
v -0.55533265 0.72742809 -0.49741901 0.00000000 0.00000000 0.00000000
v -0.53731463 0.72742809 -0.49741901 0.00000000 0.00000000 0.00000000
v -0.51929661 0.72742809 -0.49741901 0.00000000 0.00000000 0.00000000
v -0.50127860 0.72742809 -0.49741901 0.00000000 0.00000000 0.00000000
v -0.48326058 0.72742809 -0.49741901 0.00000000 0.00000000 0.00000000
v -0.46524256 0.72742809 -0.49741901 0.00000000 0.00000000 0.00000000
v -0.44722454 0.72742809 -0.49741901 0.00000000 0.00000000 0.00000000
v -0.42920652 0.72742809 -0.49741901 0.00000000 0.00000000 0.00000000
v -0.41118851 0.72742809 -0.49741901 0.00000000 0.00000000 0.00000000
v -0.39317049 0.72742809 -0.49741901 0.00000000 0.00000000 0.00000000
v -0.37515247 0.72742809 -0.49741901 0.00000000 0.00000000 0.00000000
v -0.35713445 0.72742809 -0.49741901 0.00000000 0.00000000 0.00000000
v -0.33911643 0.72742809 -0.49741901 0.00000000 0.00000000 0.00000000
v -0.32109842 0.72742809 -0.49741901 0.00000000 0.00000000 0.00000000
v -0.30308040 0.72742809 -0.49741901 0.00000000 0.00000000 0.00000000
v -0.28506238 0.72742809 -0.49741901 0.00000000 0.00000000 0.00000000
v -0.26704436 0.72742809 -0.49741901 0.00000000 0.00000000 0.00000000
v -0.24902634 0.72742809 -0.49741901 0.00000000 0.00000000 0.00000000
v -0.23100833 0.72742809 0.36241863 0.43137255 0.38431373 0.35294118
v -0.21299031 0.72742809 0.37382664 0.27450980 0.21568627 0.16470588
v -0.19497229 0.72742809 0.37799916 0.30196078 0.17254902 0.10588235
v -0.17695427 0.72742809 0.38113842 0.30980392 0.16862745 0.10588235
v -0.15893625 0.72742809 0.38281551 0.25098039 0.14117647 0.09803922
v -0.14091824 0.72742809 0.38419285 0.31372549 0.21568627 0.18823529
v -0.12290022 0.72742809 0.38457006 0.18823529 0.08235294 0.03921569
v -0.10488220 0.72742809 0.38409408 0.31372549 0.16862745 0.09411765
v -0.08686418 0.72742809 0.38420914 0.49411765 0.30196078 0.17647059
v -0.06884616 0.72742809 0.38392686 0.84313725 0.60784314 0.46666667
v -0.05082815 0.72742809 0.38326365 0.92941176 0.68235294 0.51372549
v -0.03281013 0.72742809 0.38288699 0.95294118 0.70196078 0.52941176
v -0.01479211 0.72742809 0.38318495 0.94901961 0.69803922 0.51764706
v 0.00322591 0.72742809 0.38237740 0.90196078 0.65490196 0.49019608
v 0.02124393 0.72742809 0.38077605 0.81568627 0.59607843 0.45490196
v 0.03926195 0.72742809 0.37997105 0.76470588 0.59215686 0.49019608
v 0.05727996 0.72742809 0.37910783 0.45490196 0.33333333 0.26274510
v 0.07529798 0.72742809 0.37691345 0.17254902 0.08627451 0.03529412
v 0.09331600 0.72742809 0.37458999 0.18431373 0.11764706 0.09019608
v 0.11133402 0.72742809 0.36960827 0.09019608 0.03529412 0.02352941
v 0.12935204 0.72742809 0.36359741 0.29019608 0.25098039 0.24705882
v 0.14737005 0.72742809 0.34805702 0.37254902 0.35686275 0.34901961
v 0.16538807 0.72742809 -0.49741901 0.00000000 0.00000000 0.00000000
v 0.18340609 0.72742809 -0.49741901 0.00000000 0.00000000 0.00000000
v 0.20142411 0.72742809 -0.49741901 0.00000000 0.00000000 0.00000000
v 0.21944213 0.72742809 -0.49741901 0.00000000 0.00000000 0.00000000
v 0.23746014 0.72742809 -0.49741901 0.00000000 0.00000000 0.00000000
v 0.25547816 0.72742809 -0.49741901 0.00000000 0.00000000 0.00000000
v 0.27349618 0.72742809 -0.49741901 0.00000000 0.00000000 0.00000000
v 0.29151420 0.72742809 -0.49741901 0.00000000 0.00000000 0.00000000
v 0.30953222 0.72742809 -0.49741901 0.00000000 0.00000000 0.00000000
v 0.32755023 0.72742809 -0.49741901 0.00000000 0.00000000 0.00000000
v 0.34556825 0.72742809 -0.49741901 0.00000000 0.00000000 0.00000000
v 0.36358627 0.72742809 -0.49741901 0.00000000 0.00000000 0.00000000
v 0.38160429 0.72742809 -0.49741901 0.00000000 0.00000000 0.00000000
v 0.39962231 0.72742809 -0.49741901 0.00000000 0.00000000 0.00000000
v 0.41764032 0.72742809 -0.49741901 0.00000000 0.00000000 0.00000000
v 0.43565834 0.72742809 -0.49741901 0.00000000 0.00000000 0.00000000
v 0.45367636 0.72742809 -0.49741901 0.00000000 0.00000000 0.00000000
v 0.47169438 0.72742809 -0.49741901 0.00000000 0.00000000 0.00000000
v 0.48971240 0.72742809 -0.49741901 0.00000000 0.00000000 0.00000000
v 0.50773041 0.72742809 -0.49741901 0.00000000 0.00000000 0.00000000
v 0.52574843 0.72742809 -0.49741901 0.00000000 0.00000000 0.00000000
v 0.54376645 0.72742809 -0.49741901 0.00000000 0.00000000 0.00000000
v 0.56178447 0.72742809 -0.49741901 0.00000000 0.00000000 0.00000000
v 0.57980249 0.72742809 -0.49741901 0.00000000 0.00000000 0.00000000
v 0.59782050 0.72742809 -0.49741901 0.00000000 0.00000000 0.00000000
v 0.61583852 0.72742809 -0.49741901 0.00000000 0.00000000 0.00000000
v 0.63385654 0.72742809 -0.49741901 0.00000000 0.00000000 0.00000000
v 0.65187456 0.72742809 -0.49741901 0.00000000 0.00000000 0.00000000
v 0.66989258 0.72742809 -0.49741901 0.00000000 0.00000000 0.00000000
v 0.68791059 0.72742809 -0.49741901 0.00000000 0.00000000 0.00000000
v 0.70592861 0.72742809 -0.49741901 0.00000000 0.00000000 0.00000000
v 0.72394663 0.72742809 -0.49741901 0.00000000 0.00000000 0.00000000
v 0.74196465 0.72742809 -0.49741901 0.00000000 0.00000000 0.00000000
v 0.75998267 0.72742809 -0.49741901 0.00000000 0.00000000 0.00000000
v 0.77800068 0.72742809 -0.49741901 0.00000000 0.00000000 0.00000000
v 0.79601870 0.72742809 -0.49741901 0.00000000 0.00000000 0.00000000
v 0.81403672 0.72742809 -0.49741901 0.00000000 0.00000000 0.00000000
v 0.83205474 0.72742809 -0.49741901 0.00000000 0.00000000 0.00000000
v 0.85007276 0.72742809 -0.49741901 0.00000000 0.00000000 0.00000000
v 0.86809077 0.72742809 -0.49741901 0.00000000 0.00000000 0.00000000
v 0.88610879 0.72742809 -0.49741901 0.00000000 0.00000000 0.00000000
v 0.90412681 0.72742809 -0.49741901 0.00000000 0.00000000 0.00000000
v 0.92214483 0.72742809 -0.49741901 0.00000000 0.00000000 0.00000000
v -0.91569301 0.70941007 -0.49741901 0.00000000 0.00000000 0.00000000
v -0.89767499 0.70941007 -0.49741901 0.00000000 0.00000000 0.00000000
v -0.87965697 0.70941007 -0.49741901 0.00000000 0.00000000 0.00000000
v -0.86163896 0.70941007 -0.49741901 0.00000000 0.00000000 0.00000000
v -0.84362094 0.70941007 -0.49741901 0.00000000 0.00000000 0.00000000
v -0.82560292 0.70941007 -0.49741901 0.00000000 0.00000000 0.00000000
v -0.80758490 0.70941007 -0.49741901 0.00000000 0.00000000 0.00000000
v -0.78956688 0.70941007 -0.49741901 0.00000000 0.00000000 0.00000000
v -0.77154887 0.70941007 -0.49741901 0.00000000 0.00000000 0.00000000
v -0.75353085 0.70941007 -0.49741901 0.00000000 0.00000000 0.00000000
v -0.73551283 0.70941007 -0.49741901 0.00000000 0.00000000 0.00000000
v -0.71749481 0.70941007 -0.49741901 0.00000000 0.00000000 0.00000000
v -0.69947679 0.70941007 -0.49741901 0.00000000 0.00000000 0.00000000
v -0.68145878 0.70941007 -0.49741901 0.00000000 0.00000000 0.00000000
v -0.66344076 0.70941007 -0.49741901 0.00000000 0.00000000 0.00000000
v -0.64542274 0.70941007 -0.49741901 0.00000000 0.00000000 0.00000000
v -0.62740472 0.70941007 -0.49741901 0.00000000 0.00000000 0.00000000
v -0.60938670 0.70941007 -0.49741901 0.00000000 0.00000000 0.00000000
v -0.59136869 0.70941007 -0.49741901 0.00000000 0.00000000 0.00000000
v -0.57335067 0.70941007 -0.49741901 0.00000000 0.00000000 0.00000000
v -0.55533265 0.70941007 -0.49741901 0.00000000 0.00000000 0.00000000
v -0.53731463 0.70941007 -0.49741901 0.00000000 0.00000000 0.00000000
v -0.51929661 0.70941007 -0.49741901 0.00000000 0.00000000 0.00000000
v -0.50127860 0.70941007 -0.49741901 0.00000000 0.00000000 0.00000000
v -0.48326058 0.70941007 -0.49741901 0.00000000 0.00000000 0.00000000
v -0.46524256 0.70941007 -0.49741901 0.00000000 0.00000000 0.00000000
v -0.44722454 0.70941007 -0.49741901 0.00000000 0.00000000 0.00000000
v -0.42920652 0.70941007 -0.49741901 0.00000000 0.00000000 0.00000000
v -0.41118851 0.70941007 -0.49741901 0.00000000 0.00000000 0.00000000
v -0.39317049 0.70941007 -0.49741901 0.00000000 0.00000000 0.00000000
v -0.37515247 0.70941007 -0.49741901 0.00000000 0.00000000 0.00000000
v -0.35713445 0.70941007 -0.49741901 0.00000000 0.00000000 0.00000000
v -0.33911643 0.70941007 -0.49741901 0.00000000 0.00000000 0.00000000
v -0.32109842 0.70941007 -0.49741901 0.00000000 0.00000000 0.00000000
v -0.30308040 0.70941007 -0.49741901 0.00000000 0.00000000 0.00000000
v -0.28506238 0.70941007 -0.49741901 0.00000000 0.00000000 0.00000000
v -0.26704436 0.70941007 -0.49741901 0.01568627 0.01568627 0.01176471
v -0.24902634 0.70941007 0.34463424 0.12549020 0.09411765 0.07450980
v -0.23100833 0.70941007 0.36518576 0.18039216 0.11372549 0.08235294
v -0.21299031 0.70941007 0.37604198 0.21568627 0.13725490 0.09411765
v -0.19497229 0.70941007 0.37916831 0.40392157 0.26274510 0.20000000
v -0.17695427 0.70941007 0.38268615 0.28235294 0.14117647 0.07843137
v -0.15893625 0.70941007 0.38347315 0.35294118 0.24313725 0.20000000
v -0.14091824 0.70941007 0.38453020 0.20000000 0.10980392 0.07843137
v -0.12290022 0.70941007 0.38559281 0.09019608 0.00000000 0.00000000
v -0.10488220 0.70941007 0.38574073 0.39607843 0.26666667 0.19215686
v -0.08686418 0.70941007 0.38584293 0.55294118 0.38823529 0.26274510
v -0.06884616 0.70941007 0.38523547 0.85490196 0.64313725 0.49803922
v -0.05082815 0.70941007 0.38409821 0.94901961 0.71764706 0.55294118
v -0.03281013 0.70941007 0.38378877 0.97254902 0.72549020 0.55686275
v -0.01479211 0.70941007 0.38411924 0.98431373 0.73725490 0.56470588
v 0.00322591 0.70941007 0.38376334 0.94509804 0.70588235 0.53333333
v 0.02124393 0.70941007 0.38224165 0.84313725 0.63137255 0.49411765
v 0.03926195 0.70941007 0.38088465 0.83921569 0.67843137 0.56862745
v 0.05727996 0.70941007 0.37871990 0.40392157 0.29019608 0.21960784
v 0.07529798 0.70941007 0.37588259 0.24705882 0.16862745 0.12549020
v 0.09331600 0.70941007 0.37343314 0.21176471 0.15686275 0.14509804
v 0.11133402 0.70941007 0.36878038 0.19215686 0.15686275 0.13725490
v 0.12935204 0.70941007 0.36379941 0.14509804 0.10980392 0.09019608
v 0.14737005 0.70941007 0.35223497 0.41960784 0.39607843 0.37647059
v 0.16538807 0.70941007 -0.49741901 0.01176471 0.01176471 0.01176471
v 0.18340609 0.70941007 -0.49741901 0.00000000 0.00000000 0.00000000
v 0.20142411 0.70941007 -0.49741901 0.00000000 0.00000000 0.00000000
v 0.21944213 0.70941007 -0.49741901 0.00000000 0.00000000 0.00000000
v 0.23746014 0.70941007 -0.49741901 0.00000000 0.00000000 0.00000000
v 0.25547816 0.70941007 -0.49741901 0.00000000 0.00000000 0.00000000
v 0.27349618 0.70941007 -0.49741901 0.00000000 0.00000000 0.00000000
v 0.29151420 0.70941007 -0.49741901 0.00000000 0.00000000 0.00000000
v 0.30953222 0.70941007 -0.49741901 0.00000000 0.00000000 0.00000000
v 0.32755023 0.70941007 -0.49741901 0.00000000 0.00000000 0.00000000
v 0.34556825 0.70941007 -0.49741901 0.00000000 0.00000000 0.00000000
v 0.36358627 0.70941007 -0.49741901 0.00000000 0.00000000 0.00000000
v 0.38160429 0.70941007 -0.49741901 0.00000000 0.00000000 0.00000000
v 0.39962231 0.70941007 -0.49741901 0.00000000 0.00000000 0.00000000
v 0.41764032 0.70941007 -0.49741901 0.00000000 0.00000000 0.00000000
v 0.43565834 0.70941007 -0.49741901 0.00000000 0.00000000 0.00000000
v 0.45367636 0.70941007 -0.49741901 0.00000000 0.00000000 0.00000000
v 0.47169438 0.70941007 -0.49741901 0.00000000 0.00000000 0.00000000
v 0.48971240 0.70941007 -0.49741901 0.00000000 0.00000000 0.00000000
v 0.50773041 0.70941007 -0.49741901 0.00000000 0.00000000 0.00000000
v 0.52574843 0.70941007 -0.49741901 0.00000000 0.00000000 0.00000000
v 0.54376645 0.70941007 -0.49741901 0.00000000 0.00000000 0.00000000
v 0.56178447 0.70941007 -0.49741901 0.00000000 0.00000000 0.00000000
v 0.57980249 0.70941007 -0.49741901 0.00000000 0.00000000 0.00000000
v 0.59782050 0.70941007 -0.49741901 0.00000000 0.00000000 0.00000000
v 0.61583852 0.70941007 -0.49741901 0.00000000 0.00000000 0.00000000
v 0.63385654 0.70941007 -0.49741901 0.00000000 0.00000000 0.00000000
v 0.65187456 0.70941007 -0.49741901 0.00000000 0.00000000 0.00000000
v 0.66989258 0.70941007 -0.49741901 0.00000000 0.00000000 0.00000000
v 0.68791059 0.70941007 -0.49741901 0.00000000 0.00000000 0.00000000
v 0.70592861 0.70941007 -0.49741901 0.00000000 0.00000000 0.00000000
v 0.72394663 0.70941007 -0.49741901 0.00000000 0.00000000 0.00000000
v 0.74196465 0.70941007 -0.49741901 0.00000000 0.00000000 0.00000000
v 0.75998267 0.70941007 -0.49741901 0.00000000 0.00000000 0.00000000
v 0.77800068 0.70941007 -0.49741901 0.00000000 0.00000000 0.00000000
v 0.79601870 0.70941007 -0.49741901 0.00000000 0.00000000 0.00000000
v 0.81403672 0.70941007 -0.49741901 0.00000000 0.00000000 0.00000000
v 0.83205474 0.70941007 -0.49741901 0.00000000 0.00000000 0.00000000
v 0.85007276 0.70941007 -0.49741901 0.00000000 0.00000000 0.00000000
v 0.86809077 0.70941007 -0.49741901 0.00000000 0.00000000 0.00000000
v 0.88610879 0.70941007 -0.49741901 0.00000000 0.00000000 0.00000000
v 0.90412681 0.70941007 -0.49741901 0.00000000 0.00000000 0.00000000
v 0.92214483 0.70941007 -0.49741901 0.00000000 0.00000000 0.00000000
v -0.91569301 0.69139205 -0.49741901 0.00000000 0.00000000 0.00000000
v -0.89767499 0.69139205 -0.49741901 0.00000000 0.00000000 0.00000000
v -0.87965697 0.69139205 -0.49741901 0.00000000 0.00000000 0.00000000
v -0.86163896 0.69139205 -0.49741901 0.00000000 0.00000000 0.00000000
v -0.84362094 0.69139205 -0.49741901 0.00000000 0.00000000 0.00000000
v -0.82560292 0.69139205 -0.49741901 0.00000000 0.00000000 0.00000000
v -0.80758490 0.69139205 -0.49741901 0.00000000 0.00000000 0.00000000
v -0.78956688 0.69139205 -0.49741901 0.00000000 0.00000000 0.00000000
v -0.77154887 0.69139205 -0.49741901 0.00000000 0.00000000 0.00000000
v -0.75353085 0.69139205 -0.49741901 0.00000000 0.00000000 0.00000000
v -0.73551283 0.69139205 -0.49741901 0.00000000 0.00000000 0.00000000
v -0.71749481 0.69139205 -0.49741901 0.00000000 0.00000000 0.00000000
v -0.69947679 0.69139205 -0.49741901 0.00000000 0.00000000 0.00000000
v -0.68145878 0.69139205 -0.49741901 0.00000000 0.00000000 0.00000000
v -0.66344076 0.69139205 -0.49741901 0.00000000 0.00000000 0.00000000
v -0.64542274 0.69139205 -0.49741901 0.00000000 0.00000000 0.00000000
v -0.62740472 0.69139205 -0.49741901 0.00000000 0.00000000 0.00000000
v -0.60938670 0.69139205 -0.49741901 0.00000000 0.00000000 0.00000000
v -0.59136869 0.69139205 -0.49741901 0.00000000 0.00000000 0.00000000
v -0.57335067 0.69139205 -0.49741901 0.00000000 0.00000000 0.00000000
v -0.55533265 0.69139205 -0.49741901 0.00000000 0.00000000 0.00000000
v -0.53731463 0.69139205 -0.49741901 0.00000000 0.00000000 0.00000000
v -0.51929661 0.69139205 -0.49741901 0.00000000 0.00000000 0.00000000
v -0.50127860 0.69139205 -0.49741901 0.00000000 0.00000000 0.00000000
v -0.48326058 0.69139205 -0.49741901 0.00000000 0.00000000 0.00000000
v -0.46524256 0.69139205 -0.49741901 0.00000000 0.00000000 0.00000000
v -0.44722454 0.69139205 -0.49741901 0.00000000 0.00000000 0.00000000
v -0.42920652 0.69139205 -0.49741901 0.00000000 0.00000000 0.00000000
v -0.41118851 0.69139205 -0.49741901 0.00000000 0.00000000 0.00000000
v -0.39317049 0.69139205 -0.49741901 0.00000000 0.00000000 0.00000000
v -0.37515247 0.69139205 -0.49741901 0.00000000 0.00000000 0.00000000
v -0.35713445 0.69139205 -0.49741901 0.00000000 0.00000000 0.00000000
v -0.33911643 0.69139205 -0.49741901 0.00000000 0.00000000 0.00000000
v -0.32109842 0.69139205 -0.49741901 0.00000000 0.00000000 0.00000000
v -0.30308040 0.69139205 -0.49741901 0.00000000 0.00000000 0.00000000
v -0.28506238 0.69139205 -0.49741901 0.00000000 0.00000000 0.00000000
v -0.26704436 0.69139205 0.30420463 0.34509804 0.32941176 0.32941176
v -0.24902634 0.69139205 0.35905510 0.11372549 0.05882353 0.04705882
v -0.23100833 0.69139205 0.36989015 0.27843137 0.20000000 0.16470588
v -0.21299031 0.69139205 0.37812996 0.12941176 0.03529412 0.00000000
v -0.19497229 0.69139205 0.38164113 0.33725490 0.18431373 0.11764706
v -0.17695427 0.69139205 0.38425141 0.55686275 0.40784314 0.34901961
v -0.15893625 0.69139205 0.38431307 0.23529412 0.12549020 0.08235294
v -0.14091824 0.69139205 0.38449061 0.17254902 0.09411765 0.06666667
v -0.12290022 0.69139205 0.38551748 0.16078431 0.08235294 0.05490196
v -0.10488220 0.69139205 0.38619959 0.20392157 0.10196078 0.04313725
v -0.08686418 0.69139205 0.38713581 0.72156863 0.58823529 0.48627451
v -0.06884616 0.69139205 0.38643926 0.80392157 0.63529412 0.50196078
v -0.05082815 0.69139205 0.38530963 0.96470588 0.76078431 0.60784314
v -0.03281013 0.69139205 0.38493916 0.99607843 0.78039216 0.63137255
v -0.01479211 0.69139205 0.38517443 0.93725490 0.70980392 0.55294118
v 0.00322591 0.69139205 0.38520956 0.91372549 0.69411765 0.54901961
v 0.02124393 0.69139205 0.38349507 0.89411765 0.70196078 0.57647059
v 0.03926195 0.69139205 0.38158683 0.84705882 0.70588235 0.61176471
v 0.05727996 0.69139205 0.37939383 0.30588235 0.21568627 0.16078431
v 0.07529798 0.69139205 0.37650552 0.33333333 0.27450980 0.25490196
v 0.09331600 0.69139205 0.37400789 0.30196078 0.27058824 0.25882353
v 0.11133402 0.69139205 0.36993716 0.22745098 0.20784314 0.19215686
v 0.12935204 0.69139205 0.36451108 0.25490196 0.22745098 0.20392157
v 0.14737005 0.69139205 0.35677467 0.11764706 0.08235294 0.05490196
v 0.16538807 0.69139205 0.33668956 0.31372549 0.29019608 0.27058824
v 0.18340609 0.69139205 -0.49741901 0.00000000 0.00000000 0.00000000
v 0.20142411 0.69139205 -0.49741901 0.00000000 0.00000000 0.00000000
v 0.21944213 0.69139205 -0.49741901 0.00000000 0.00000000 0.00000000
v 0.23746014 0.69139205 -0.49741901 0.00000000 0.00000000 0.00000000
v 0.25547816 0.69139205 -0.49741901 0.00000000 0.00000000 0.00000000
v 0.27349618 0.69139205 -0.49741901 0.00000000 0.00000000 0.00000000
v 0.29151420 0.69139205 -0.49741901 0.00000000 0.00000000 0.00000000
v 0.30953222 0.69139205 -0.49741901 0.00000000 0.00000000 0.00000000
v 0.32755023 0.69139205 -0.49741901 0.00000000 0.00000000 0.00000000
v 0.34556825 0.69139205 -0.49741901 0.00000000 0.00000000 0.00000000
v 0.36358627 0.69139205 -0.49741901 0.00000000 0.00000000 0.00000000
v 0.38160429 0.69139205 -0.49741901 0.00000000 0.00000000 0.00000000
v 0.39962231 0.69139205 -0.49741901 0.00000000 0.00000000 0.00000000
v 0.41764032 0.69139205 -0.49741901 0.00000000 0.00000000 0.00000000
v 0.43565834 0.69139205 -0.49741901 0.00000000 0.00000000 0.00000000
v 0.45367636 0.69139205 -0.49741901 0.00000000 0.00000000 0.00000000
v 0.47169438 0.69139205 -0.49741901 0.00000000 0.00000000 0.00000000
v 0.48971240 0.69139205 -0.49741901 0.00000000 0.00000000 0.00000000
v 0.50773041 0.69139205 -0.49741901 0.00000000 0.00000000 0.00000000
v 0.52574843 0.69139205 -0.49741901 0.00000000 0.00000000 0.00000000
v 0.54376645 0.69139205 -0.49741901 0.00000000 0.00000000 0.00000000
v 0.56178447 0.69139205 -0.49741901 0.00000000 0.00000000 0.00000000
v 0.57980249 0.69139205 -0.49741901 0.00000000 0.00000000 0.00000000
v 0.59782050 0.69139205 -0.49741901 0.00000000 0.00000000 0.00000000
v 0.61583852 0.69139205 -0.49741901 0.00000000 0.00000000 0.00000000
v 0.63385654 0.69139205 -0.49741901 0.00000000 0.00000000 0.00000000
v 0.65187456 0.69139205 -0.49741901 0.00000000 0.00000000 0.00000000
v 0.66989258 0.69139205 -0.49741901 0.00000000 0.00000000 0.00000000
v 0.68791059 0.69139205 -0.49741901 0.00000000 0.00000000 0.00000000
v 0.70592861 0.69139205 -0.49741901 0.00000000 0.00000000 0.00000000
v 0.72394663 0.69139205 -0.49741901 0.00000000 0.00000000 0.00000000
v 0.74196465 0.69139205 -0.49741901 0.00000000 0.00000000 0.00000000
v 0.75998267 0.69139205 -0.49741901 0.00000000 0.00000000 0.00000000
v 0.77800068 0.69139205 -0.49741901 0.00000000 0.00000000 0.00000000
v 0.79601870 0.69139205 -0.49741901 0.00000000 0.00000000 0.00000000
v 0.81403672 0.69139205 -0.49741901 0.00000000 0.00000000 0.00000000
v 0.83205474 0.69139205 -0.49741901 0.00000000 0.00000000 0.00000000
v 0.85007276 0.69139205 -0.49741901 0.00000000 0.00000000 0.00000000
v 0.86809077 0.69139205 -0.49741901 0.00000000 0.00000000 0.00000000
v 0.88610879 0.69139205 -0.49741901 0.00000000 0.00000000 0.00000000
v 0.90412681 0.69139205 -0.49741901 0.00000000 0.00000000 0.00000000
v 0.92214483 0.69139205 -0.49741901 0.00000000 0.00000000 0.00000000
v -0.91569301 0.67337403 -0.49741901 0.00000000 0.00000000 0.00000000
v -0.89767499 0.67337403 -0.49741901 0.00000000 0.00000000 0.00000000
v -0.87965697 0.67337403 -0.49741901 0.00000000 0.00000000 0.00000000
v -0.86163896 0.67337403 -0.49741901 0.00000000 0.00000000 0.00000000
v -0.84362094 0.67337403 -0.49741901 0.00000000 0.00000000 0.00000000
v -0.82560292 0.67337403 -0.49741901 0.00000000 0.00000000 0.00000000
v -0.80758490 0.67337403 -0.49741901 0.00000000 0.00000000 0.00000000
v -0.78956688 0.67337403 -0.49741901 0.00000000 0.00000000 0.00000000
v -0.77154887 0.67337403 -0.49741901 0.00000000 0.00000000 0.00000000
v -0.75353085 0.67337403 -0.49741901 0.00000000 0.00000000 0.00000000
v -0.73551283 0.67337403 -0.49741901 0.00000000 0.00000000 0.00000000
v -0.71749481 0.67337403 -0.49741901 0.00000000 0.00000000 0.00000000
v -0.69947679 0.67337403 -0.49741901 0.00000000 0.00000000 0.00000000
v -0.68145878 0.67337403 -0.49741901 0.00000000 0.00000000 0.00000000
v -0.66344076 0.67337403 -0.49741901 0.00000000 0.00000000 0.00000000
v -0.64542274 0.67337403 -0.49741901 0.00000000 0.00000000 0.00000000
v -0.62740472 0.67337403 -0.49741901 0.00000000 0.00000000 0.00000000
v -0.60938670 0.67337403 -0.49741901 0.00000000 0.00000000 0.00000000
v -0.59136869 0.67337403 -0.49741901 0.00000000 0.00000000 0.00000000
v -0.57335067 0.67337403 -0.49741901 0.00000000 0.00000000 0.00000000
v -0.55533265 0.67337403 -0.49741901 0.00000000 0.00000000 0.00000000
v -0.53731463 0.67337403 -0.49741901 0.00000000 0.00000000 0.00000000
v -0.51929661 0.67337403 -0.49741901 0.00000000 0.00000000 0.00000000
v -0.50127860 0.67337403 -0.49741901 0.00000000 0.00000000 0.00000000
v -0.48326058 0.67337403 -0.49741901 0.00000000 0.00000000 0.00000000
v -0.46524256 0.67337403 -0.49741901 0.00000000 0.00000000 0.00000000
v -0.44722454 0.67337403 -0.49741901 0.00000000 0.00000000 0.00000000
v -0.42920652 0.67337403 -0.49741901 0.00000000 0.00000000 0.00000000
v -0.41118851 0.67337403 -0.49741901 0.00000000 0.00000000 0.00000000
v -0.39317049 0.67337403 -0.49741901 0.00000000 0.00000000 0.00000000
v -0.37515247 0.67337403 -0.49741901 0.00000000 0.00000000 0.00000000
v -0.35713445 0.67337403 -0.49741901 0.00000000 0.00000000 0.00000000
v -0.33911643 0.67337403 -0.49741901 0.00000000 0.00000000 0.00000000
v -0.32109842 0.67337403 -0.49741901 0.00000000 0.00000000 0.00000000
v -0.30308040 0.67337403 -0.49741901 0.00000000 0.00000000 0.00000000
v -0.28506238 0.67337403 -0.49741901 0.00000000 0.00000000 0.00000000
v -0.26704436 0.67337403 0.34316383 0.17647059 0.15686275 0.14509804
v -0.24902634 0.67337403 0.36540042 0.23529412 0.17647059 0.15686275
v -0.23100833 0.67337403 0.37309800 0.26274510 0.17254902 0.14117647
v -0.21299031 0.67337403 0.37999806 0.25490196 0.14901961 0.10588235
v -0.19497229 0.67337403 0.38329176 0.46666667 0.29803922 0.22352941
v -0.17695427 0.67337403 0.38459996 0.35686275 0.19607843 0.12549020
v -0.15893625 0.67337403 0.38403057 0.26274510 0.14509804 0.10588235
v -0.14091824 0.67337403 0.38398487 0.28627451 0.21176471 0.18823529
v -0.12290022 0.67337403 0.38520585 0.14509804 0.09411765 0.07058824
v -0.10488220 0.67337403 0.38621045 0.16862745 0.10196078 0.06274510
v -0.08686418 0.67337403 0.38702363 0.32549020 0.23921569 0.15686275
v -0.06884616 0.67337403 0.38719629 0.82745098 0.72156863 0.61568627
v -0.05082815 0.67337403 0.38662670 0.98823529 0.81960784 0.69411765
v -0.03281013 0.67337403 0.38632077 0.90196078 0.70980392 0.58039216
v -0.01479211 0.67337403 0.38671901 0.94509804 0.75294118 0.62352941
v 0.00322591 0.67337403 0.38656319 0.93333333 0.75294118 0.62352941
v 0.02124393 0.67337403 0.38450848 0.92941176 0.77254902 0.67450980
v 0.03926195 0.67337403 0.38208783 0.55686275 0.44705882 0.38431373
v 0.05727996 0.67337403 0.37931582 0.35294118 0.29411765 0.26666667
v 0.07529798 0.67337403 0.37681592 0.27450980 0.25098039 0.25882353
v 0.09331600 0.67337403 0.37481908 0.24313725 0.23921569 0.23137255
v 0.11133402 0.67337403 0.37190527 0.24313725 0.23137255 0.21176471
v 0.12935204 0.67337403 0.36499482 0.24313725 0.21568627 0.19215686
v 0.14737005 0.67337403 0.35901826 0.23529412 0.20000000 0.17254902
v 0.16538807 0.67337403 0.34741491 0.25490196 0.22352941 0.19607843
v 0.18340609 0.67337403 0.32719399 0.42352941 0.40784314 0.39607843
v 0.20142411 0.67337403 -0.49741901 0.00000000 0.00000000 0.00000000
v 0.21944213 0.67337403 -0.49741901 0.00000000 0.00000000 0.00000000
v 0.23746014 0.67337403 -0.49741901 0.00000000 0.00000000 0.00000000
v 0.25547816 0.67337403 -0.49741901 0.00000000 0.00000000 0.00000000
v 0.27349618 0.67337403 -0.49741901 0.00000000 0.00000000 0.00000000
v 0.29151420 0.67337403 -0.49741901 0.00000000 0.00000000 0.00000000
v 0.30953222 0.67337403 -0.49741901 0.00000000 0.00000000 0.00000000
v 0.32755023 0.67337403 -0.49741901 0.00000000 0.00000000 0.00000000
v 0.34556825 0.67337403 -0.49741901 0.00000000 0.00000000 0.00000000
v 0.36358627 0.67337403 -0.49741901 0.00000000 0.00000000 0.00000000
v 0.38160429 0.67337403 -0.49741901 0.00000000 0.00000000 0.00000000
v 0.39962231 0.67337403 -0.49741901 0.00000000 0.00000000 0.00000000
v 0.41764032 0.67337403 -0.49741901 0.00000000 0.00000000 0.00000000
v 0.43565834 0.67337403 -0.49741901 0.00000000 0.00000000 0.00000000
v 0.45367636 0.67337403 -0.49741901 0.00000000 0.00000000 0.00000000
v 0.47169438 0.67337403 -0.49741901 0.00000000 0.00000000 0.00000000
v 0.48971240 0.67337403 -0.49741901 0.00000000 0.00000000 0.00000000
v 0.50773041 0.67337403 -0.49741901 0.00000000 0.00000000 0.00000000
v 0.52574843 0.67337403 -0.49741901 0.00000000 0.00000000 0.00000000
v 0.54376645 0.67337403 -0.49741901 0.00000000 0.00000000 0.00000000
v 0.56178447 0.67337403 -0.49741901 0.00000000 0.00000000 0.00000000
v 0.57980249 0.67337403 -0.49741901 0.00000000 0.00000000 0.00000000
v 0.59782050 0.67337403 -0.49741901 0.00000000 0.00000000 0.00000000
v 0.61583852 0.67337403 -0.49741901 0.00000000 0.00000000 0.00000000
v 0.63385654 0.67337403 -0.49741901 0.00000000 0.00000000 0.00000000
v 0.65187456 0.67337403 -0.49741901 0.00000000 0.00000000 0.00000000
v 0.66989258 0.67337403 -0.49741901 0.00000000 0.00000000 0.00000000
v 0.68791059 0.67337403 -0.49741901 0.00000000 0.00000000 0.00000000
v 0.70592861 0.67337403 -0.49741901 0.00000000 0.00000000 0.00000000
v 0.72394663 0.67337403 -0.49741901 0.00000000 0.00000000 0.00000000
v 0.74196465 0.67337403 -0.49741901 0.00000000 0.00000000 0.00000000
v 0.75998267 0.67337403 -0.49741901 0.00000000 0.00000000 0.00000000
v 0.77800068 0.67337403 -0.49741901 0.00000000 0.00000000 0.00000000
v 0.79601870 0.67337403 -0.49741901 0.00000000 0.00000000 0.00000000
v 0.81403672 0.67337403 -0.49741901 0.00000000 0.00000000 0.00000000
v 0.83205474 0.67337403 -0.49741901 0.00000000 0.00000000 0.00000000
v 0.85007276 0.67337403 -0.49741901 0.00000000 0.00000000 0.00000000
v 0.86809077 0.67337403 -0.49741901 0.00000000 0.00000000 0.00000000
v 0.88610879 0.67337403 -0.49741901 0.00000000 0.00000000 0.00000000
v 0.90412681 0.67337403 -0.49741901 0.00000000 0.00000000 0.00000000
v 0.92214483 0.67337403 -0.49741901 0.00000000 0.00000000 0.00000000
v -0.91569301 0.65535601 -0.49741901 0.00000000 0.00000000 0.00000000
v -0.89767499 0.65535601 -0.49741901 0.00000000 0.00000000 0.00000000
v -0.87965697 0.65535601 -0.49741901 0.00000000 0.00000000 0.00000000
v -0.86163896 0.65535601 -0.49741901 0.00000000 0.00000000 0.00000000
v -0.84362094 0.65535601 -0.49741901 0.00000000 0.00000000 0.00000000
v -0.82560292 0.65535601 -0.49741901 0.00000000 0.00000000 0.00000000
v -0.80758490 0.65535601 -0.49741901 0.00000000 0.00000000 0.00000000
v -0.78956688 0.65535601 -0.49741901 0.00000000 0.00000000 0.00000000
v -0.77154887 0.65535601 -0.49741901 0.00000000 0.00000000 0.00000000
v -0.75353085 0.65535601 -0.49741901 0.00000000 0.00000000 0.00000000
v -0.73551283 0.65535601 -0.49741901 0.00000000 0.00000000 0.00000000
v -0.71749481 0.65535601 -0.49741901 0.00000000 0.00000000 0.00000000
v -0.69947679 0.65535601 -0.49741901 0.00000000 0.00000000 0.00000000
v -0.68145878 0.65535601 -0.49741901 0.00000000 0.00000000 0.00000000
v -0.66344076 0.65535601 -0.49741901 0.00000000 0.00000000 0.00000000
v -0.64542274 0.65535601 -0.49741901 0.00000000 0.00000000 0.00000000
v -0.62740472 0.65535601 -0.49741901 0.00000000 0.00000000 0.00000000
v -0.60938670 0.65535601 -0.49741901 0.00000000 0.00000000 0.00000000
v -0.59136869 0.65535601 -0.49741901 0.00000000 0.00000000 0.00000000
v -0.57335067 0.65535601 -0.49741901 0.00000000 0.00000000 0.00000000
v -0.55533265 0.65535601 -0.49741901 0.00000000 0.00000000 0.00000000
v -0.53731463 0.65535601 -0.49741901 0.00000000 0.00000000 0.00000000
v -0.51929661 0.65535601 -0.49741901 0.00000000 0.00000000 0.00000000
v -0.50127860 0.65535601 -0.49741901 0.00000000 0.00000000 0.00000000
v -0.48326058 0.65535601 -0.49741901 0.00000000 0.00000000 0.00000000
v -0.46524256 0.65535601 -0.49741901 0.00000000 0.00000000 0.00000000
v -0.44722454 0.65535601 -0.49741901 0.00000000 0.00000000 0.00000000
v -0.42920652 0.65535601 -0.49741901 0.00000000 0.00000000 0.00000000
v -0.41118851 0.65535601 -0.49741901 0.00000000 0.00000000 0.00000000
v -0.39317049 0.65535601 -0.49741901 0.00000000 0.00000000 0.00000000
v -0.37515247 0.65535601 -0.49741901 0.00000000 0.00000000 0.00000000
v -0.35713445 0.65535601 -0.49741901 0.00000000 0.00000000 0.00000000
v -0.33911643 0.65535601 -0.49741901 0.00000000 0.00000000 0.00000000
v -0.32109842 0.65535601 -0.49741901 0.00000000 0.00000000 0.00000000
v -0.30308040 0.65535601 -0.49741901 0.00392157 0.00392157 0.00392157
v -0.28506238 0.65535601 0.26652725 0.07843137 0.07843137 0.07843137
v -0.26704436 0.65535601 0.35443925 0.22352941 0.19215686 0.18431373
v -0.24902634 0.65535601 0.36911312 0.34509804 0.28627451 0.26666667
v -0.23100833 0.65535601 0.37585867 0.42352941 0.33725490 0.29411765
v -0.21299031 0.65535601 0.38089613 0.40392157 0.29411765 0.24705882
v -0.19497229 0.65535601 0.38341514 0.26666667 0.09019608 0.00784314
v -0.17695427 0.65535601 0.38340710 0.36470588 0.20392157 0.13333333
v -0.15893625 0.65535601 0.38275172 0.28235294 0.16470588 0.12549020
v -0.14091824 0.65535601 0.38302906 0.18431373 0.11372549 0.09803922
v -0.12290022 0.65535601 0.38484651 0.26274510 0.22352941 0.21568627
v -0.10488220 0.65535601 0.38564072 0.18823529 0.15294118 0.12549020
v -0.08686418 0.65535601 0.38647659 0.30588235 0.25490196 0.19215686
v -0.06884616 0.65535601 0.38661337 0.36078431 0.29019608 0.21176471
v -0.05082815 0.65535601 0.38618667 0.62352941 0.48627451 0.38431373
v -0.03281013 0.65535601 0.38646889 0.94117647 0.76862745 0.66274510
v -0.01479211 0.65535601 0.38665282 0.99607843 0.83529412 0.72156863
v 0.00322591 0.65535601 0.38628235 0.89411765 0.73725490 0.63529412
v 0.02124393 0.65535601 0.38458566 0.52156863 0.38823529 0.30980392
v 0.03926195 0.65535601 0.38230434 0.33725490 0.25098039 0.20784314
v 0.05727996 0.65535601 0.37984822 0.32549020 0.28627451 0.28235294
v 0.07529798 0.65535601 0.37735609 0.31764706 0.31372549 0.33725490
v 0.09331600 0.65535601 0.37541163 0.19607843 0.20392157 0.20000000
v 0.11133402 0.65535601 0.37269962 0.29411765 0.29019608 0.27450980
v 0.12935204 0.65535601 0.36683983 0.27058824 0.25098039 0.22745098
v 0.14737005 0.65535601 0.35959768 0.23137255 0.19215686 0.15686275
v 0.16538807 0.65535601 0.35253183 0.31764706 0.27843137 0.24313725
v 0.18340609 0.65535601 0.33872317 0.29019608 0.26274510 0.23921569
v 0.20142411 0.65535601 0.30758384 0.34509804 0.33725490 0.33725490
v 0.21944213 0.65535601 -0.49741901 0.00392157 0.00392157 0.00392157
v 0.23746014 0.65535601 -0.49741901 0.00000000 0.00000000 0.00000000
v 0.25547816 0.65535601 -0.49741901 0.00000000 0.00000000 0.00000000
v 0.27349618 0.65535601 -0.49741901 0.00000000 0.00000000 0.00000000
v 0.29151420 0.65535601 -0.49741901 0.00000000 0.00000000 0.00000000
v 0.30953222 0.65535601 -0.49741901 0.00000000 0.00000000 0.00000000
v 0.32755023 0.65535601 -0.49741901 0.00000000 0.00000000 0.00000000
v 0.34556825 0.65535601 -0.49741901 0.00000000 0.00000000 0.00000000
v 0.36358627 0.65535601 -0.49741901 0.00000000 0.00000000 0.00000000
v 0.38160429 0.65535601 -0.49741901 0.00000000 0.00000000 0.00000000
v 0.39962231 0.65535601 -0.49741901 0.00000000 0.00000000 0.00000000
v 0.41764032 0.65535601 -0.49741901 0.00000000 0.00000000 0.00000000
v 0.43565834 0.65535601 -0.49741901 0.00000000 0.00000000 0.00000000
v 0.45367636 0.65535601 -0.49741901 0.00000000 0.00000000 0.00000000
v 0.47169438 0.65535601 -0.49741901 0.00000000 0.00000000 0.00000000
v 0.48971240 0.65535601 -0.49741901 0.00000000 0.00000000 0.00000000
v 0.50773041 0.65535601 -0.49741901 0.00000000 0.00000000 0.00000000
v 0.52574843 0.65535601 -0.49741901 0.00000000 0.00000000 0.00000000
v 0.54376645 0.65535601 -0.49741901 0.00000000 0.00000000 0.00000000
v 0.56178447 0.65535601 -0.49741901 0.00000000 0.00000000 0.00000000
v 0.57980249 0.65535601 -0.49741901 0.00000000 0.00000000 0.00000000
v 0.59782050 0.65535601 -0.49741901 0.00000000 0.00000000 0.00000000
v 0.61583852 0.65535601 -0.49741901 0.00000000 0.00000000 0.00000000
v 0.63385654 0.65535601 -0.49741901 0.00000000 0.00000000 0.00000000
v 0.65187456 0.65535601 -0.49741901 0.00000000 0.00000000 0.00000000
v 0.66989258 0.65535601 -0.49741901 0.00000000 0.00000000 0.00000000
v 0.68791059 0.65535601 -0.49741901 0.00000000 0.00000000 0.00000000
v 0.70592861 0.65535601 -0.49741901 0.00000000 0.00000000 0.00000000
v 0.72394663 0.65535601 -0.49741901 0.00000000 0.00000000 0.00000000
v 0.74196465 0.65535601 -0.49741901 0.00000000 0.00000000 0.00000000
v 0.75998267 0.65535601 -0.49741901 0.00000000 0.00000000 0.00000000
v 0.77800068 0.65535601 -0.49741901 0.00000000 0.00000000 0.00000000
v 0.79601870 0.65535601 -0.49741901 0.00000000 0.00000000 0.00000000
v 0.81403672 0.65535601 -0.49741901 0.00000000 0.00000000 0.00000000
v 0.83205474 0.65535601 -0.49741901 0.00000000 0.00000000 0.00000000
v 0.85007276 0.65535601 -0.49741901 0.00000000 0.00000000 0.00000000
v 0.86809077 0.65535601 -0.49741901 0.00000000 0.00000000 0.00000000
v 0.88610879 0.65535601 -0.49741901 0.00000000 0.00000000 0.00000000
v 0.90412681 0.65535601 -0.49741901 0.00000000 0.00000000 0.00000000
v 0.92214483 0.65535601 -0.49741901 0.00000000 0.00000000 0.00000000
v -0.91569301 0.63733800 -0.49741901 0.00000000 0.00000000 0.00000000
v -0.89767499 0.63733800 -0.49741901 0.00000000 0.00000000 0.00000000
v -0.87965697 0.63733800 -0.49741901 0.00000000 0.00000000 0.00000000
v -0.86163896 0.63733800 -0.49741901 0.00000000 0.00000000 0.00000000
v -0.84362094 0.63733800 -0.49741901 0.00000000 0.00000000 0.00000000
v -0.82560292 0.63733800 -0.49741901 0.00000000 0.00000000 0.00000000
v -0.80758490 0.63733800 -0.49741901 0.00000000 0.00000000 0.00000000
v -0.78956688 0.63733800 -0.49741901 0.00000000 0.00000000 0.00000000
v -0.77154887 0.63733800 -0.49741901 0.00000000 0.00000000 0.00000000
v -0.75353085 0.63733800 -0.49741901 0.00000000 0.00000000 0.00000000
v -0.73551283 0.63733800 -0.49741901 0.00000000 0.00000000 0.00000000
v -0.71749481 0.63733800 -0.49741901 0.00000000 0.00000000 0.00000000
v -0.69947679 0.63733800 -0.49741901 0.00000000 0.00000000 0.00000000
v -0.68145878 0.63733800 -0.49741901 0.00000000 0.00000000 0.00000000
v -0.66344076 0.63733800 -0.49741901 0.00000000 0.00000000 0.00000000
v -0.64542274 0.63733800 -0.49741901 0.00000000 0.00000000 0.00000000
v -0.62740472 0.63733800 -0.49741901 0.00000000 0.00000000 0.00000000
v -0.60938670 0.63733800 -0.49741901 0.00000000 0.00000000 0.00000000
v -0.59136869 0.63733800 -0.49741901 0.00000000 0.00000000 0.00000000
v -0.57335067 0.63733800 -0.49741901 0.00000000 0.00000000 0.00000000
v -0.55533265 0.63733800 -0.49741901 0.00000000 0.00000000 0.00000000
v -0.53731463 0.63733800 -0.49741901 0.00000000 0.00000000 0.00000000
v -0.51929661 0.63733800 -0.49741901 0.00000000 0.00000000 0.00000000
v -0.50127860 0.63733800 -0.49741901 0.00000000 0.00000000 0.00000000
v -0.48326058 0.63733800 -0.49741901 0.00000000 0.00000000 0.00000000
v -0.46524256 0.63733800 -0.49741901 0.00000000 0.00000000 0.00000000
v -0.44722454 0.63733800 -0.49741901 0.00000000 0.00000000 0.00000000
v -0.42920652 0.63733800 -0.49741901 0.00000000 0.00000000 0.00000000
v -0.41118851 0.63733800 -0.49741901 0.00000000 0.00000000 0.00000000
v -0.39317049 0.63733800 -0.49741901 0.00000000 0.00000000 0.00000000
v -0.37515247 0.63733800 -0.49741901 0.00000000 0.00000000 0.00000000
v -0.35713445 0.63733800 -0.49741901 0.00000000 0.00000000 0.00000000
v -0.33911643 0.63733800 -0.49741901 0.00000000 0.00000000 0.00000000
v -0.32109842 0.63733800 -0.49741901 0.00000000 0.00000000 0.00000000
v -0.30308040 0.63733800 -0.49741901 0.00392157 0.00392157 0.00392157
v -0.28506238 0.63733800 0.31706937 0.32549020 0.32941176 0.32549020
v -0.26704436 0.63733800 0.36310115 0.26666667 0.25490196 0.23529412
v -0.24902634 0.63733800 0.37071000 0.26274510 0.21176471 0.17647059
v -0.23100833 0.63733800 0.37747947 0.27843137 0.19215686 0.14117647
v -0.21299031 0.63733800 0.38136297 0.29019608 0.16470588 0.10588235
v -0.19497229 0.63733800 0.38230963 0.43137255 0.25490196 0.18039216
v -0.17695427 0.63733800 0.38089689 0.36078431 0.19215686 0.12549020
v -0.15893625 0.63733800 0.38027148 0.25882353 0.12549020 0.07843137
v -0.14091824 0.63733800 0.38177179 0.24705882 0.15686275 0.12549020
v -0.12290022 0.63733800 0.38413512 0.25098039 0.19215686 0.17254902
v -0.10488220 0.63733800 0.38508749 0.23529412 0.20000000 0.18039216
v -0.08686418 0.63733800 0.38578822 0.22352941 0.19607843 0.16470588
v -0.06884616 0.63733800 0.38571956 0.30980392 0.27843137 0.23529412
v -0.05082815 0.63733800 0.38461213 0.31372549 0.26274510 0.23137255
v -0.03281013 0.63733800 0.38396871 0.34117647 0.28235294 0.25490196
v -0.01479211 0.63733800 0.38417409 0.32156863 0.26274510 0.23529412
v 0.00322591 0.63733800 0.38379365 0.32549020 0.26666667 0.23921569
v 0.02124393 0.63733800 0.38293572 0.35686275 0.30588235 0.28235294
v 0.03926195 0.63733800 0.38173103 0.33725490 0.29803922 0.29019608
v 0.05727996 0.63733800 0.37994486 0.31764706 0.29411765 0.29411765
v 0.07529798 0.63733800 0.37796459 0.30588235 0.29019608 0.29411765
v 0.09331600 0.63733800 0.37538654 0.27450980 0.25882353 0.24705882
v 0.11133402 0.63733800 0.37222701 0.29411765 0.28235294 0.26274510
v 0.12935204 0.63733800 0.36727622 0.24705882 0.22745098 0.21176471
v 0.14737005 0.63733800 0.35990650 0.32156863 0.30196078 0.28627451
v 0.16538807 0.63733800 0.35394753 0.30588235 0.29019608 0.27843137
v 0.18340609 0.63733800 0.34280133 0.25098039 0.24705882 0.24313725
v 0.20142411 0.63733800 0.32053539 0.28627451 0.28627451 0.28627451
v 0.21944213 0.63733800 -0.49741901 0.00000000 0.00000000 0.00000000
v 0.23746014 0.63733800 -0.49741901 0.00000000 0.00000000 0.00000000
v 0.25547816 0.63733800 -0.49741901 0.00000000 0.00000000 0.00000000
v 0.27349618 0.63733800 -0.49741901 0.00000000 0.00000000 0.00000000
v 0.29151420 0.63733800 -0.49741901 0.00000000 0.00000000 0.00000000
v 0.30953222 0.63733800 -0.49741901 0.00000000 0.00000000 0.00000000
v 0.32755023 0.63733800 -0.49741901 0.00000000 0.00000000 0.00000000
v 0.34556825 0.63733800 -0.49741901 0.00000000 0.00000000 0.00000000
v 0.36358627 0.63733800 -0.49741901 0.00000000 0.00000000 0.00000000
v 0.38160429 0.63733800 -0.49741901 0.00000000 0.00000000 0.00000000
v 0.39962231 0.63733800 -0.49741901 0.00000000 0.00000000 0.00000000
v 0.41764032 0.63733800 -0.49741901 0.00000000 0.00000000 0.00000000
v 0.43565834 0.63733800 -0.49741901 0.00000000 0.00000000 0.00000000
v 0.45367636 0.63733800 -0.49741901 0.00000000 0.00000000 0.00000000
v 0.47169438 0.63733800 -0.49741901 0.00000000 0.00000000 0.00000000
v 0.48971240 0.63733800 -0.49741901 0.00000000 0.00000000 0.00000000
v 0.50773041 0.63733800 -0.49741901 0.00000000 0.00000000 0.00000000
v 0.52574843 0.63733800 -0.49741901 0.00000000 0.00000000 0.00000000
v 0.54376645 0.63733800 -0.49741901 0.00000000 0.00000000 0.00000000
v 0.56178447 0.63733800 -0.49741901 0.00000000 0.00000000 0.00000000
v 0.57980249 0.63733800 -0.49741901 0.00000000 0.00000000 0.00000000
v 0.59782050 0.63733800 -0.49741901 0.00000000 0.00000000 0.00000000
v 0.61583852 0.63733800 -0.49741901 0.00000000 0.00000000 0.00000000
v 0.63385654 0.63733800 -0.49741901 0.00000000 0.00000000 0.00000000
v 0.65187456 0.63733800 -0.49741901 0.00000000 0.00000000 0.00000000
v 0.66989258 0.63733800 -0.49741901 0.00000000 0.00000000 0.00000000
v 0.68791059 0.63733800 -0.49741901 0.00000000 0.00000000 0.00000000
v 0.70592861 0.63733800 -0.49741901 0.00000000 0.00000000 0.00000000
v 0.72394663 0.63733800 -0.49741901 0.00000000 0.00000000 0.00000000
v 0.74196465 0.63733800 -0.49741901 0.00000000 0.00000000 0.00000000
v 0.75998267 0.63733800 -0.49741901 0.00000000 0.00000000 0.00000000
v 0.77800068 0.63733800 -0.49741901 0.00000000 0.00000000 0.00000000
v 0.79601870 0.63733800 -0.49741901 0.00000000 0.00000000 0.00000000
v 0.81403672 0.63733800 -0.49741901 0.00000000 0.00000000 0.00000000
v 0.83205474 0.63733800 -0.49741901 0.00000000 0.00000000 0.00000000
v 0.85007276 0.63733800 -0.49741901 0.00000000 0.00000000 0.00000000
v 0.86809077 0.63733800 -0.49741901 0.00000000 0.00000000 0.00000000
v 0.88610879 0.63733800 -0.49741901 0.00000000 0.00000000 0.00000000
v 0.90412681 0.63733800 -0.49741901 0.00000000 0.00000000 0.00000000
v 0.92214483 0.63733800 -0.49741901 0.00000000 0.00000000 0.00000000
v -0.91569301 0.61931998 -0.49741901 0.00000000 0.00000000 0.00000000
v -0.89767499 0.61931998 -0.49741901 0.00000000 0.00000000 0.00000000
v -0.87965697 0.61931998 -0.49741901 0.00000000 0.00000000 0.00000000
v -0.86163896 0.61931998 -0.49741901 0.00000000 0.00000000 0.00000000
v -0.84362094 0.61931998 -0.49741901 0.00000000 0.00000000 0.00000000
v -0.82560292 0.61931998 -0.49741901 0.00000000 0.00000000 0.00000000
v -0.80758490 0.61931998 -0.49741901 0.00000000 0.00000000 0.00000000
v -0.78956688 0.61931998 -0.49741901 0.00000000 0.00000000 0.00000000
v -0.77154887 0.61931998 -0.49741901 0.00000000 0.00000000 0.00000000
v -0.75353085 0.61931998 -0.49741901 0.00000000 0.00000000 0.00000000
v -0.73551283 0.61931998 -0.49741901 0.00000000 0.00000000 0.00000000
v -0.71749481 0.61931998 -0.49741901 0.00000000 0.00000000 0.00000000
v -0.69947679 0.61931998 -0.49741901 0.00000000 0.00000000 0.00000000
v -0.68145878 0.61931998 -0.49741901 0.00000000 0.00000000 0.00000000
v -0.66344076 0.61931998 -0.49741901 0.00000000 0.00000000 0.00000000
v -0.64542274 0.61931998 -0.49741901 0.00000000 0.00000000 0.00000000
v -0.62740472 0.61931998 -0.49741901 0.00000000 0.00000000 0.00000000
v -0.60938670 0.61931998 -0.49741901 0.00000000 0.00000000 0.00000000
v -0.59136869 0.61931998 -0.49741901 0.00000000 0.00000000 0.00000000
v -0.57335067 0.61931998 -0.49741901 0.00000000 0.00000000 0.00000000
v -0.55533265 0.61931998 -0.49741901 0.00000000 0.00000000 0.00000000
v -0.53731463 0.61931998 -0.49741901 0.00000000 0.00000000 0.00000000
v -0.51929661 0.61931998 -0.49741901 0.00000000 0.00000000 0.00000000
v -0.50127860 0.61931998 -0.49741901 0.00000000 0.00000000 0.00000000
v -0.48326058 0.61931998 -0.49741901 0.00000000 0.00000000 0.00000000
v -0.46524256 0.61931998 -0.49741901 0.00000000 0.00000000 0.00000000
v -0.44722454 0.61931998 -0.49741901 0.00000000 0.00000000 0.00000000
v -0.42920652 0.61931998 -0.49741901 0.00000000 0.00000000 0.00000000
v -0.41118851 0.61931998 -0.49741901 0.00000000 0.00000000 0.00000000
v -0.39317049 0.61931998 -0.49741901 0.00000000 0.00000000 0.00000000
v -0.37515247 0.61931998 -0.49741901 0.00000000 0.00000000 0.00000000
v -0.35713445 0.61931998 -0.49741901 0.00000000 0.00000000 0.00000000
v -0.33911643 0.61931998 -0.49741901 0.00000000 0.00000000 0.00000000
v -0.32109842 0.61931998 -0.49741901 0.00000000 0.00000000 0.00000000
v -0.30308040 0.61931998 -0.49741901 0.00000000 0.00000000 0.00000000
v -0.28506238 0.61931998 0.34252289 0.29411765 0.30588235 0.29411765
v -0.26704436 0.61931998 0.36679625 0.27843137 0.27450980 0.25490196
v -0.24902634 0.61931998 0.37338042 0.30196078 0.25098039 0.21568627
v -0.23100833 0.61931998 0.37764958 0.27843137 0.18823529 0.13333333
v -0.21299031 0.61931998 0.38153851 0.23921569 0.11372549 0.05490196
v -0.19497229 0.61931998 0.38142015 0.52549020 0.36078431 0.28627451
v -0.17695427 0.61931998 0.37897318 0.36862745 0.20000000 0.13333333
v -0.15893625 0.61931998 0.37834001 0.26274510 0.12156863 0.06666667
v -0.14091824 0.61931998 0.37988128 0.20000000 0.10588235 0.06666667
v -0.12290022 0.61931998 0.38218488 0.22745098 0.16862745 0.14117647
v -0.10488220 0.61931998 0.38350442 0.25490196 0.21960784 0.20000000
v -0.08686418 0.61931998 0.38430647 0.25490196 0.23529412 0.21176471
v -0.06884616 0.61931998 0.38461611 0.29019608 0.27058824 0.24705882
v -0.05082815 0.61931998 0.38348999 0.29019608 0.27058824 0.25882353
v -0.03281013 0.61931998 0.38291943 0.31764706 0.29411765 0.29411765
v -0.01479211 0.61931998 0.38302865 0.29411765 0.27058824 0.27058824
v 0.00322591 0.61931998 0.38301861 0.30196078 0.27843137 0.27843137
v 0.02124393 0.61931998 0.38232166 0.32941176 0.30588235 0.30588235
v 0.03926195 0.61931998 0.38116447 0.32156863 0.29803922 0.29803922
v 0.05727996 0.61931998 0.37961123 0.31372549 0.29019608 0.29019608
v 0.07529798 0.61931998 0.37758594 0.30588235 0.28235294 0.28235294
v 0.09331600 0.61931998 0.37517463 0.30980392 0.29019608 0.27843137
v 0.11133402 0.61931998 0.37245616 0.27450980 0.25490196 0.23921569
v 0.12935204 0.61931998 0.36846297 0.28235294 0.26666667 0.25490196
v 0.14737005 0.61931998 0.36177295 0.29803922 0.28235294 0.27058824
v 0.16538807 0.61931998 0.35596568 0.24705882 0.24313725 0.23529412
v 0.18340609 0.61931998 0.34675583 0.24705882 0.24705882 0.24705882
v 0.20142411 0.61931998 0.32769574 0.25490196 0.25490196 0.25490196
v 0.21944213 0.61931998 -0.49741901 0.00000000 0.00000000 0.00000000
v 0.23746014 0.61931998 -0.49741901 0.00000000 0.00000000 0.00000000
v 0.25547816 0.61931998 -0.49741901 0.00000000 0.00000000 0.00000000
v 0.27349618 0.61931998 -0.49741901 0.00000000 0.00000000 0.00000000
v 0.29151420 0.61931998 -0.49741901 0.00000000 0.00000000 0.00000000
v 0.30953222 0.61931998 -0.49741901 0.00000000 0.00000000 0.00000000
v 0.32755023 0.61931998 -0.49741901 0.00000000 0.00000000 0.00000000
v 0.34556825 0.61931998 -0.49741901 0.00000000 0.00000000 0.00000000
v 0.36358627 0.61931998 -0.49741901 0.00000000 0.00000000 0.00000000
v 0.38160429 0.61931998 -0.49741901 0.00000000 0.00000000 0.00000000
v 0.39962231 0.61931998 -0.49741901 0.00000000 0.00000000 0.00000000
v 0.41764032 0.61931998 -0.49741901 0.00000000 0.00000000 0.00000000
v 0.43565834 0.61931998 -0.49741901 0.00000000 0.00000000 0.00000000
v 0.45367636 0.61931998 -0.49741901 0.00000000 0.00000000 0.00000000
v 0.47169438 0.61931998 -0.49741901 0.00000000 0.00000000 0.00000000
v 0.48971240 0.61931998 -0.49741901 0.00000000 0.00000000 0.00000000
v 0.50773041 0.61931998 -0.49741901 0.00000000 0.00000000 0.00000000
v 0.52574843 0.61931998 -0.49741901 0.00000000 0.00000000 0.00000000
v 0.54376645 0.61931998 -0.49741901 0.00000000 0.00000000 0.00000000
v 0.56178447 0.61931998 -0.49741901 0.00000000 0.00000000 0.00000000
v 0.57980249 0.61931998 -0.49741901 0.00000000 0.00000000 0.00000000
v 0.59782050 0.61931998 -0.49741901 0.00000000 0.00000000 0.00000000
v 0.61583852 0.61931998 -0.49741901 0.00000000 0.00000000 0.00000000
v 0.63385654 0.61931998 -0.49741901 0.00000000 0.00000000 0.00000000
v 0.65187456 0.61931998 -0.49741901 0.00000000 0.00000000 0.00000000
v 0.66989258 0.61931998 -0.49741901 0.00000000 0.00000000 0.00000000
v 0.68791059 0.61931998 -0.49741901 0.00000000 0.00000000 0.00000000
v 0.70592861 0.61931998 -0.49741901 0.00000000 0.00000000 0.00000000
v 0.72394663 0.61931998 -0.49741901 0.00000000 0.00000000 0.00000000
v 0.74196465 0.61931998 -0.49741901 0.00000000 0.00000000 0.00000000
v 0.75998267 0.61931998 -0.49741901 0.00000000 0.00000000 0.00000000
v 0.77800068 0.61931998 -0.49741901 0.00000000 0.00000000 0.00000000
v 0.79601870 0.61931998 -0.49741901 0.00000000 0.00000000 0.00000000
v 0.81403672 0.61931998 -0.49741901 0.00000000 0.00000000 0.00000000
v 0.83205474 0.61931998 -0.49741901 0.00000000 0.00000000 0.00000000
v 0.85007276 0.61931998 -0.49741901 0.00000000 0.00000000 0.00000000
v 0.86809077 0.61931998 -0.49741901 0.00000000 0.00000000 0.00000000
v 0.88610879 0.61931998 -0.49741901 0.00000000 0.00000000 0.00000000
v 0.90412681 0.61931998 -0.49741901 0.00000000 0.00000000 0.00000000
v 0.92214483 0.61931998 -0.49741901 0.00000000 0.00000000 0.00000000
v -0.91569301 0.60130196 -0.49741901 0.00000000 0.00000000 0.00000000
v -0.89767499 0.60130196 -0.49741901 0.00000000 0.00000000 0.00000000
v -0.87965697 0.60130196 -0.49741901 0.00000000 0.00000000 0.00000000
v -0.86163896 0.60130196 -0.49741901 0.00000000 0.00000000 0.00000000
v -0.84362094 0.60130196 -0.49741901 0.00000000 0.00000000 0.00000000
v -0.82560292 0.60130196 -0.49741901 0.00000000 0.00000000 0.00000000
v -0.80758490 0.60130196 -0.49741901 0.00000000 0.00000000 0.00000000
v -0.78956688 0.60130196 -0.49741901 0.00000000 0.00000000 0.00000000
v -0.77154887 0.60130196 -0.49741901 0.00000000 0.00000000 0.00000000
v -0.75353085 0.60130196 -0.49741901 0.00000000 0.00000000 0.00000000
v -0.73551283 0.60130196 -0.49741901 0.00000000 0.00000000 0.00000000
v -0.71749481 0.60130196 -0.49741901 0.00000000 0.00000000 0.00000000
v -0.69947679 0.60130196 -0.49741901 0.00000000 0.00000000 0.00000000
v -0.68145878 0.60130196 -0.49741901 0.00000000 0.00000000 0.00000000
v -0.66344076 0.60130196 -0.49741901 0.00000000 0.00000000 0.00000000
v -0.64542274 0.60130196 -0.49741901 0.00000000 0.00000000 0.00000000
v -0.62740472 0.60130196 -0.49741901 0.00000000 0.00000000 0.00000000
v -0.60938670 0.60130196 -0.49741901 0.00000000 0.00000000 0.00000000
v -0.59136869 0.60130196 -0.49741901 0.00000000 0.00000000 0.00000000
v -0.57335067 0.60130196 -0.49741901 0.00000000 0.00000000 0.00000000
v -0.55533265 0.60130196 -0.49741901 0.00000000 0.00000000 0.00000000
v -0.53731463 0.60130196 -0.49741901 0.00000000 0.00000000 0.00000000
v -0.51929661 0.60130196 -0.49741901 0.00000000 0.00000000 0.00000000
v -0.50127860 0.60130196 -0.49741901 0.00000000 0.00000000 0.00000000
v -0.48326058 0.60130196 -0.49741901 0.00000000 0.00000000 0.00000000
v -0.46524256 0.60130196 -0.49741901 0.00000000 0.00000000 0.00000000
v -0.44722454 0.60130196 -0.49741901 0.00000000 0.00000000 0.00000000
v -0.42920652 0.60130196 -0.49741901 0.00000000 0.00000000 0.00000000
v -0.41118851 0.60130196 -0.49741901 0.00000000 0.00000000 0.00000000
v -0.39317049 0.60130196 -0.49741901 0.00000000 0.00000000 0.00000000
v -0.37515247 0.60130196 -0.49741901 0.00000000 0.00000000 0.00000000
v -0.35713445 0.60130196 -0.49741901 0.00000000 0.00000000 0.00000000
v -0.33911643 0.60130196 -0.49741901 0.00000000 0.00000000 0.00000000
v -0.32109842 0.60130196 -0.49741901 0.00000000 0.00000000 0.00000000
v -0.30308040 0.60130196 -0.49741901 0.00000000 0.00000000 0.00000000
v -0.28506238 0.60130196 0.35170194 0.18823529 0.19607843 0.18431373
v -0.26704436 0.60130196 0.36920907 0.28235294 0.27843137 0.25882353
v -0.24902634 0.60130196 0.37548290 0.32156863 0.27058824 0.23529412
v -0.23100833 0.60130196 0.37749260 0.30196078 0.21176471 0.15686275
v -0.21299031 0.60130196 0.38132077 0.36078431 0.23137255 0.17254902
v -0.19497229 0.60130196 0.38042648 0.50196078 0.34509804 0.26666667
v -0.17695427 0.60130196 0.37776918 0.31764706 0.15686275 0.08627451
v -0.15893625 0.60130196 0.37707181 0.23137255 0.09803922 0.05098039
v -0.14091824 0.60130196 0.37823808 0.21960784 0.12549020 0.08627451
v -0.12290022 0.60130196 0.37985826 0.21568627 0.15686275 0.12941176
v -0.10488220 0.60130196 0.38106350 0.27843137 0.24313725 0.22352941
v -0.08686418 0.60130196 0.38216323 0.29019608 0.27058824 0.24705882
v -0.06884616 0.60130196 0.38281283 0.29019608 0.27058824 0.24705882
v -0.05082815 0.60130196 0.38204659 0.29411765 0.27450980 0.26274510
v -0.03281013 0.60130196 0.38195964 0.32156863 0.29803922 0.29803922
v -0.01479211 0.60130196 0.38214611 0.29803922 0.27450980 0.27450980
v 0.00322591 0.60130196 0.38220241 0.30588235 0.28235294 0.28235294
v 0.02124393 0.60130196 0.38164800 0.32156863 0.29803922 0.29803922
v 0.03926195 0.60130196 0.38060312 0.31372549 0.29019608 0.29019608
v 0.05727996 0.60130196 0.37878966 0.30588235 0.28235294 0.28235294
v 0.07529798 0.60130196 0.37662937 0.29803922 0.27450980 0.27450980
v 0.09331600 0.60130196 0.37457068 0.33725490 0.31764706 0.30588235
v 0.11133402 0.60130196 0.37221319 0.25882353 0.23921569 0.22352941
v 0.12935204 0.60130196 0.36913600 0.27843137 0.26274510 0.25098039
v 0.14737005 0.60130196 0.36322439 0.27843137 0.26274510 0.25098039
v 0.16538807 0.60130196 0.35768119 0.27058824 0.26666667 0.25882353
v 0.18340609 0.60130196 0.34937422 0.25882353 0.25882353 0.25882353
v 0.20142411 0.60130196 0.33250061 0.16078431 0.16078431 0.16078431
v 0.21944213 0.60130196 -0.49741901 0.00000000 0.00000000 0.00000000
v 0.23746014 0.60130196 -0.49741901 0.00000000 0.00000000 0.00000000
v 0.25547816 0.60130196 -0.49741901 0.00000000 0.00000000 0.00000000
v 0.27349618 0.60130196 -0.49741901 0.00000000 0.00000000 0.00000000
v 0.29151420 0.60130196 -0.49741901 0.00000000 0.00000000 0.00000000
v 0.30953222 0.60130196 -0.49741901 0.00000000 0.00000000 0.00000000
v 0.32755023 0.60130196 -0.49741901 0.00000000 0.00000000 0.00000000
v 0.34556825 0.60130196 -0.49741901 0.00000000 0.00000000 0.00000000
v 0.36358627 0.60130196 -0.49741901 0.00000000 0.00000000 0.00000000
v 0.38160429 0.60130196 -0.49741901 0.00000000 0.00000000 0.00000000
v 0.39962231 0.60130196 -0.49741901 0.00000000 0.00000000 0.00000000
v 0.41764032 0.60130196 -0.49741901 0.00000000 0.00000000 0.00000000
v 0.43565834 0.60130196 -0.49741901 0.00000000 0.00000000 0.00000000
v 0.45367636 0.60130196 -0.49741901 0.00000000 0.00000000 0.00000000
v 0.47169438 0.60130196 -0.49741901 0.00000000 0.00000000 0.00000000
v 0.48971240 0.60130196 -0.49741901 0.00000000 0.00000000 0.00000000
v 0.50773041 0.60130196 -0.49741901 0.00000000 0.00000000 0.00000000
v 0.52574843 0.60130196 -0.49741901 0.00000000 0.00000000 0.00000000
v 0.54376645 0.60130196 -0.49741901 0.00000000 0.00000000 0.00000000
v 0.56178447 0.60130196 -0.49741901 0.00000000 0.00000000 0.00000000
v 0.57980249 0.60130196 -0.49741901 0.00000000 0.00000000 0.00000000
v 0.59782050 0.60130196 -0.49741901 0.00000000 0.00000000 0.00000000
v 0.61583852 0.60130196 -0.49741901 0.00000000 0.00000000 0.00000000
v 0.63385654 0.60130196 -0.49741901 0.00000000 0.00000000 0.00000000
v 0.65187456 0.60130196 -0.49741901 0.00000000 0.00000000 0.00000000
v 0.66989258 0.60130196 -0.49741901 0.00000000 0.00000000 0.00000000
v 0.68791059 0.60130196 -0.49741901 0.00000000 0.00000000 0.00000000
v 0.70592861 0.60130196 -0.49741901 0.00000000 0.00000000 0.00000000
v 0.72394663 0.60130196 -0.49741901 0.00000000 0.00000000 0.00000000
v 0.74196465 0.60130196 -0.49741901 0.00000000 0.00000000 0.00000000
v 0.75998267 0.60130196 -0.49741901 0.00000000 0.00000000 0.00000000
v 0.77800068 0.60130196 -0.49741901 0.00000000 0.00000000 0.00000000
v 0.79601870 0.60130196 -0.49741901 0.00000000 0.00000000 0.00000000
v 0.81403672 0.60130196 -0.49741901 0.00000000 0.00000000 0.00000000
v 0.83205474 0.60130196 -0.49741901 0.00000000 0.00000000 0.00000000
v 0.85007276 0.60130196 -0.49741901 0.00000000 0.00000000 0.00000000
v 0.86809077 0.60130196 -0.49741901 0.00000000 0.00000000 0.00000000
v 0.88610879 0.60130196 -0.49741901 0.00000000 0.00000000 0.00000000
v 0.90412681 0.60130196 -0.49741901 0.00000000 0.00000000 0.00000000
v 0.92214483 0.60130196 -0.49741901 0.00000000 0.00000000 0.00000000
v -0.91569301 0.58328394 -0.49741901 0.00000000 0.00000000 0.00000000
v -0.89767499 0.58328394 -0.49741901 0.00000000 0.00000000 0.00000000
v -0.87965697 0.58328394 -0.49741901 0.00000000 0.00000000 0.00000000
v -0.86163896 0.58328394 -0.49741901 0.00000000 0.00000000 0.00000000
v -0.84362094 0.58328394 -0.49741901 0.00000000 0.00000000 0.00000000
v -0.82560292 0.58328394 -0.49741901 0.00000000 0.00000000 0.00000000
v -0.80758490 0.58328394 -0.49741901 0.00000000 0.00000000 0.00000000
v -0.78956688 0.58328394 -0.49741901 0.00000000 0.00000000 0.00000000
v -0.77154887 0.58328394 -0.49741901 0.00000000 0.00000000 0.00000000
v -0.75353085 0.58328394 -0.49741901 0.00000000 0.00000000 0.00000000
v -0.73551283 0.58328394 -0.49741901 0.00000000 0.00000000 0.00000000
v -0.71749481 0.58328394 -0.49741901 0.00000000 0.00000000 0.00000000
v -0.69947679 0.58328394 -0.49741901 0.00000000 0.00000000 0.00000000
v -0.68145878 0.58328394 -0.49741901 0.00000000 0.00000000 0.00000000
v -0.66344076 0.58328394 -0.49741901 0.00000000 0.00000000 0.00000000
v -0.64542274 0.58328394 -0.49741901 0.00000000 0.00000000 0.00000000
v -0.62740472 0.58328394 -0.49741901 0.00000000 0.00000000 0.00000000
v -0.60938670 0.58328394 -0.49741901 0.00000000 0.00000000 0.00000000
v -0.59136869 0.58328394 -0.49741901 0.00000000 0.00000000 0.00000000
v -0.57335067 0.58328394 -0.49741901 0.00000000 0.00000000 0.00000000
v -0.55533265 0.58328394 -0.49741901 0.00000000 0.00000000 0.00000000
v -0.53731463 0.58328394 -0.49741901 0.00000000 0.00000000 0.00000000
v -0.51929661 0.58328394 -0.49741901 0.00000000 0.00000000 0.00000000
v -0.50127860 0.58328394 -0.49741901 0.00000000 0.00000000 0.00000000
v -0.48326058 0.58328394 -0.49741901 0.00000000 0.00000000 0.00000000
v -0.46524256 0.58328394 -0.49741901 0.00000000 0.00000000 0.00000000
v -0.44722454 0.58328394 -0.49741901 0.00000000 0.00000000 0.00000000
v -0.42920652 0.58328394 -0.49741901 0.00000000 0.00000000 0.00000000
v -0.41118851 0.58328394 -0.49741901 0.00000000 0.00000000 0.00000000
v -0.39317049 0.58328394 -0.49741901 0.00000000 0.00000000 0.00000000
v -0.37515247 0.58328394 -0.49741901 0.00000000 0.00000000 0.00000000
v -0.35713445 0.58328394 -0.49741901 0.00000000 0.00000000 0.00000000
v -0.33911643 0.58328394 -0.49741901 0.00000000 0.00000000 0.00000000
v -0.32109842 0.58328394 -0.49741901 0.00392157 0.00392157 0.00392157
v -0.30308040 0.58328394 0.23597695 0.05882353 0.06274510 0.06274510
v -0.28506238 0.58328394 0.35508589 0.26274510 0.26274510 0.25490196
v -0.26704436 0.58328394 0.36977151 0.29019608 0.27843137 0.25882353
v -0.24902634 0.58328394 0.37592685 0.32156863 0.27058824 0.23529412
v -0.23100833 0.58328394 0.37681296 0.25882353 0.16862745 0.11372549
v -0.21299031 0.58328394 0.38048456 0.31764706 0.18823529 0.12941176
v -0.19497229 0.58328394 0.37908906 0.38039216 0.23137255 0.15686275
v -0.17695427 0.58328394 0.37664759 0.28235294 0.14509804 0.06666667
v -0.15893625 0.58328394 0.37605263 0.19607843 0.08235294 0.02745098
v -0.14091824 0.58328394 0.37694541 0.30588235 0.22745098 0.19215686
v -0.12290022 0.58328394 0.37792032 0.22745098 0.18431373 0.16078431
v -0.10488220 0.58328394 0.37889957 0.27450980 0.24313725 0.23137255
v -0.08686418 0.58328394 0.37977207 0.28235294 0.26274510 0.24705882
v -0.06884616 0.58328394 0.38057350 0.30196078 0.29019608 0.27058824
v -0.05082815 0.58328394 0.38055281 0.29803922 0.27843137 0.26666667
v -0.03281013 0.58328394 0.38096198 0.32549020 0.30196078 0.30196078
v -0.01479211 0.58328394 0.38120804 0.30196078 0.27843137 0.27843137
v 0.00322591 0.58328394 0.38131712 0.30588235 0.28235294 0.28235294
v 0.02124393 0.58328394 0.38104535 0.31372549 0.29019608 0.29019608
v 0.03926195 0.58328394 0.38045603 0.30980392 0.28627451 0.28627451
v 0.05727996 0.58328394 0.37870918 0.29803922 0.27450980 0.27450980
v 0.07529798 0.58328394 0.37670519 0.29019608 0.26666667 0.26666667
v 0.09331600 0.58328394 0.37476712 0.32549020 0.30588235 0.29411765
v 0.11133402 0.58328394 0.37280884 0.27058824 0.25098039 0.23529412
v 0.12935204 0.58328394 0.37032241 0.20000000 0.18431373 0.17254902
v 0.14737005 0.58328394 0.36457699 0.27058824 0.25490196 0.24313725
v 0.16538807 0.58328394 0.35893674 0.27843137 0.27450980 0.26666667
v 0.18340609 0.58328394 0.35001915 0.22745098 0.22745098 0.22745098
v 0.20142411 0.58328394 0.33498085 0.14117647 0.14117647 0.14117647
v 0.21944213 0.58328394 -0.49741901 0.00000000 0.00000000 0.00000000
v 0.23746014 0.58328394 -0.49741901 0.00000000 0.00000000 0.00000000
v 0.25547816 0.58328394 -0.49741901 0.00000000 0.00000000 0.00000000
v 0.27349618 0.58328394 -0.49741901 0.00000000 0.00000000 0.00000000
v 0.29151420 0.58328394 -0.49741901 0.00000000 0.00000000 0.00000000
v 0.30953222 0.58328394 -0.49741901 0.00000000 0.00000000 0.00000000
v 0.32755023 0.58328394 -0.49741901 0.00000000 0.00000000 0.00000000
v 0.34556825 0.58328394 -0.49741901 0.00000000 0.00000000 0.00000000
v 0.36358627 0.58328394 -0.49741901 0.00000000 0.00000000 0.00000000
v 0.38160429 0.58328394 -0.49741901 0.00000000 0.00000000 0.00000000
v 0.39962231 0.58328394 -0.49741901 0.00000000 0.00000000 0.00000000
v 0.41764032 0.58328394 -0.49741901 0.00000000 0.00000000 0.00000000
v 0.43565834 0.58328394 -0.49741901 0.00000000 0.00000000 0.00000000
v 0.45367636 0.58328394 -0.49741901 0.00000000 0.00000000 0.00000000
v 0.47169438 0.58328394 -0.49741901 0.00000000 0.00000000 0.00000000
v 0.48971240 0.58328394 -0.49741901 0.00000000 0.00000000 0.00000000
v 0.50773041 0.58328394 -0.49741901 0.00000000 0.00000000 0.00000000
v 0.52574843 0.58328394 -0.49741901 0.00000000 0.00000000 0.00000000
v 0.54376645 0.58328394 -0.49741901 0.00000000 0.00000000 0.00000000
v 0.56178447 0.58328394 -0.49741901 0.00000000 0.00000000 0.00000000
v 0.57980249 0.58328394 -0.49741901 0.00000000 0.00000000 0.00000000
v 0.59782050 0.58328394 -0.49741901 0.00000000 0.00000000 0.00000000
v 0.61583852 0.58328394 -0.49741901 0.00000000 0.00000000 0.00000000
v 0.63385654 0.58328394 -0.49741901 0.00000000 0.00000000 0.00000000
v 0.65187456 0.58328394 -0.49741901 0.00000000 0.00000000 0.00000000
v 0.66989258 0.58328394 -0.49741901 0.00000000 0.00000000 0.00000000
v 0.68791059 0.58328394 -0.49741901 0.00000000 0.00000000 0.00000000
v 0.70592861 0.58328394 -0.49741901 0.00000000 0.00000000 0.00000000
v 0.72394663 0.58328394 -0.49741901 0.00000000 0.00000000 0.00000000
v 0.74196465 0.58328394 -0.49741901 0.00000000 0.00000000 0.00000000
v 0.75998267 0.58328394 -0.49741901 0.00000000 0.00000000 0.00000000
v 0.77800068 0.58328394 -0.49741901 0.00000000 0.00000000 0.00000000
v 0.79601870 0.58328394 -0.49741901 0.00000000 0.00000000 0.00000000
v 0.81403672 0.58328394 -0.49741901 0.00000000 0.00000000 0.00000000
v 0.83205474 0.58328394 -0.49741901 0.00000000 0.00000000 0.00000000
v 0.85007276 0.58328394 -0.49741901 0.00000000 0.00000000 0.00000000
v 0.86809077 0.58328394 -0.49741901 0.00000000 0.00000000 0.00000000
v 0.88610879 0.58328394 -0.49741901 0.00000000 0.00000000 0.00000000
v 0.90412681 0.58328394 -0.49741901 0.00000000 0.00000000 0.00000000
v 0.92214483 0.58328394 -0.49741901 0.00000000 0.00000000 0.00000000
v -0.91569301 0.56526592 -0.49741901 0.00000000 0.00000000 0.00000000
v -0.89767499 0.56526592 -0.49741901 0.00000000 0.00000000 0.00000000
v -0.87965697 0.56526592 -0.49741901 0.00000000 0.00000000 0.00000000
v -0.86163896 0.56526592 -0.49741901 0.00000000 0.00000000 0.00000000
v -0.84362094 0.56526592 -0.49741901 0.00000000 0.00000000 0.00000000
v -0.82560292 0.56526592 -0.49741901 0.00000000 0.00000000 0.00000000
v -0.80758490 0.56526592 -0.49741901 0.00000000 0.00000000 0.00000000
v -0.78956688 0.56526592 -0.49741901 0.00000000 0.00000000 0.00000000
v -0.77154887 0.56526592 -0.49741901 0.00000000 0.00000000 0.00000000
v -0.75353085 0.56526592 -0.49741901 0.00000000 0.00000000 0.00000000
v -0.73551283 0.56526592 -0.49741901 0.00000000 0.00000000 0.00000000
v -0.71749481 0.56526592 -0.49741901 0.00000000 0.00000000 0.00000000
v -0.69947679 0.56526592 -0.49741901 0.00000000 0.00000000 0.00000000
v -0.68145878 0.56526592 -0.49741901 0.00000000 0.00000000 0.00000000
v -0.66344076 0.56526592 -0.49741901 0.00000000 0.00000000 0.00000000
v -0.64542274 0.56526592 -0.49741901 0.00000000 0.00000000 0.00000000
v -0.62740472 0.56526592 -0.49741901 0.00000000 0.00000000 0.00000000
v -0.60938670 0.56526592 -0.49741901 0.00000000 0.00000000 0.00000000
v -0.59136869 0.56526592 -0.49741901 0.00000000 0.00000000 0.00000000
v -0.57335067 0.56526592 -0.49741901 0.00000000 0.00000000 0.00000000
v -0.55533265 0.56526592 -0.49741901 0.00000000 0.00000000 0.00000000
v -0.53731463 0.56526592 -0.49741901 0.00000000 0.00000000 0.00000000
v -0.51929661 0.56526592 -0.49741901 0.00000000 0.00000000 0.00000000
v -0.50127860 0.56526592 -0.49741901 0.00000000 0.00000000 0.00000000
v -0.48326058 0.56526592 -0.49741901 0.00000000 0.00000000 0.00000000
v -0.46524256 0.56526592 -0.49741901 0.00000000 0.00000000 0.00000000
v -0.44722454 0.56526592 -0.49741901 0.00000000 0.00000000 0.00000000
v -0.42920652 0.56526592 -0.49741901 0.00000000 0.00000000 0.00000000
v -0.41118851 0.56526592 -0.49741901 0.00000000 0.00000000 0.00000000
v -0.39317049 0.56526592 -0.49741901 0.00000000 0.00000000 0.00000000
v -0.37515247 0.56526592 -0.49741901 0.00000000 0.00000000 0.00000000
v -0.35713445 0.56526592 -0.49741901 0.00000000 0.00000000 0.00000000
v -0.33911643 0.56526592 -0.49741901 0.00000000 0.00000000 0.00000000
v -0.32109842 0.56526592 -0.49741901 0.00784314 0.00784314 0.00784314
v -0.30308040 0.56526592 0.27623087 0.20392157 0.20392157 0.20392157
v -0.28506238 0.56526592 0.35554771 0.27058824 0.27058824 0.26274510
v -0.26704436 0.56526592 0.36807868 0.28627451 0.26666667 0.25098039
v -0.24902634 0.56526592 0.37527320 0.26274510 0.20784314 0.17254902
v -0.23100833 0.56526592 0.37668505 0.49803922 0.39607843 0.34509804
v -0.21299031 0.56526592 0.38011415 0.50980392 0.37254902 0.31764706
v -0.19497229 0.56526592 0.37862869 0.44313725 0.30588235 0.22745098
v -0.17695427 0.56526592 0.37614687 0.21960784 0.09803922 0.01960784
v -0.15893625 0.56526592 0.37565542 0.25882353 0.15686275 0.10588235
v -0.14091824 0.56526592 0.37595221 0.28627451 0.21960784 0.18823529
v -0.12290022 0.56526592 0.37673949 0.29411765 0.25882353 0.23921569
v -0.10488220 0.56526592 0.37706006 0.30196078 0.28235294 0.27058824
v -0.08686418 0.56526592 0.37765219 0.30588235 0.29019608 0.27843137
v -0.06884616 0.56526592 0.37859865 0.29411765 0.28235294 0.26274510
v -0.05082815 0.56526592 0.37882767 0.31764706 0.29411765 0.29411765
v -0.03281013 0.56526592 0.37957996 0.31764706 0.29411765 0.29411765
v -0.01479211 0.56526592 0.38013897 0.31372549 0.29019608 0.29019608
v 0.00322591 0.56526592 0.38043356 0.30980392 0.28627451 0.28627451
v 0.02124393 0.56526592 0.38044957 0.32156863 0.29803922 0.29803922
v 0.03926195 0.56526592 0.37962154 0.32156863 0.29803922 0.29803922
v 0.05727996 0.56526592 0.37791201 0.31764706 0.29411765 0.29411765
v 0.07529798 0.56526592 0.37624804 0.31372549 0.29019608 0.29019608
v 0.09331600 0.56526592 0.37505291 0.29019608 0.27058824 0.25882353
v 0.11133402 0.56526592 0.37330564 0.27843137 0.25882353 0.24313725
v 0.12935204 0.56526592 0.37116419 0.10980392 0.09411765 0.08235294
v 0.14737005 0.56526592 0.36564690 0.24705882 0.23137255 0.21960784
v 0.16538807 0.56526592 0.35982629 0.21568627 0.21176471 0.20392157
v 0.18340609 0.56526592 0.35027298 0.29019608 0.29019608 0.29019608
v 0.20142411 0.56526592 0.33530720 0.16862745 0.16862745 0.16862745
v 0.21944213 0.56526592 -0.49741901 0.00000000 0.00000000 0.00000000
v 0.23746014 0.56526592 -0.49741901 0.00000000 0.00000000 0.00000000
v 0.25547816 0.56526592 -0.49741901 0.00000000 0.00000000 0.00000000
v 0.27349618 0.56526592 -0.49741901 0.00000000 0.00000000 0.00000000
v 0.29151420 0.56526592 -0.49741901 0.00000000 0.00000000 0.00000000
v 0.30953222 0.56526592 -0.49741901 0.00000000 0.00000000 0.00000000
v 0.32755023 0.56526592 -0.49741901 0.00000000 0.00000000 0.00000000
v 0.34556825 0.56526592 -0.49741901 0.00000000 0.00000000 0.00000000
v 0.36358627 0.56526592 -0.49741901 0.00000000 0.00000000 0.00000000
v 0.38160429 0.56526592 -0.49741901 0.00000000 0.00000000 0.00000000
v 0.39962231 0.56526592 -0.49741901 0.00000000 0.00000000 0.00000000
v 0.41764032 0.56526592 -0.49741901 0.00000000 0.00000000 0.00000000
v 0.43565834 0.56526592 -0.49741901 0.00000000 0.00000000 0.00000000
v 0.45367636 0.56526592 -0.49741901 0.00000000 0.00000000 0.00000000
v 0.47169438 0.56526592 -0.49741901 0.00000000 0.00000000 0.00000000
v 0.48971240 0.56526592 -0.49741901 0.00000000 0.00000000 0.00000000
v 0.50773041 0.56526592 -0.49741901 0.00000000 0.00000000 0.00000000
v 0.52574843 0.56526592 -0.49741901 0.00000000 0.00000000 0.00000000
v 0.54376645 0.56526592 -0.49741901 0.00000000 0.00000000 0.00000000
v 0.56178447 0.56526592 -0.49741901 0.00000000 0.00000000 0.00000000
v 0.57980249 0.56526592 -0.49741901 0.00000000 0.00000000 0.00000000
v 0.59782050 0.56526592 -0.49741901 0.00000000 0.00000000 0.00000000
v 0.61583852 0.56526592 -0.49741901 0.00000000 0.00000000 0.00000000
v 0.63385654 0.56526592 -0.49741901 0.00000000 0.00000000 0.00000000
v 0.65187456 0.56526592 -0.49741901 0.00000000 0.00000000 0.00000000
v 0.66989258 0.56526592 -0.49741901 0.00000000 0.00000000 0.00000000
v 0.68791059 0.56526592 -0.49741901 0.00000000 0.00000000 0.00000000
v 0.70592861 0.56526592 -0.49741901 0.00000000 0.00000000 0.00000000
v 0.72394663 0.56526592 -0.49741901 0.00000000 0.00000000 0.00000000
v 0.74196465 0.56526592 -0.49741901 0.00000000 0.00000000 0.00000000
v 0.75998267 0.56526592 -0.49741901 0.00000000 0.00000000 0.00000000
v 0.77800068 0.56526592 -0.49741901 0.00000000 0.00000000 0.00000000
v 0.79601870 0.56526592 -0.49741901 0.00000000 0.00000000 0.00000000
v 0.81403672 0.56526592 -0.49741901 0.00000000 0.00000000 0.00000000
v 0.83205474 0.56526592 -0.49741901 0.00000000 0.00000000 0.00000000
v 0.85007276 0.56526592 -0.49741901 0.00000000 0.00000000 0.00000000
v 0.86809077 0.56526592 -0.49741901 0.00000000 0.00000000 0.00000000
v 0.88610879 0.56526592 -0.49741901 0.00000000 0.00000000 0.00000000
v 0.90412681 0.56526592 -0.49741901 0.00000000 0.00000000 0.00000000
v 0.92214483 0.56526592 -0.49741901 0.00000000 0.00000000 0.00000000
v -0.91569301 0.54724791 -0.49741901 0.00000000 0.00000000 0.00000000
v -0.89767499 0.54724791 -0.49741901 0.00000000 0.00000000 0.00000000
v -0.87965697 0.54724791 -0.49741901 0.00000000 0.00000000 0.00000000
v -0.86163896 0.54724791 -0.49741901 0.00000000 0.00000000 0.00000000
v -0.84362094 0.54724791 -0.49741901 0.00000000 0.00000000 0.00000000
v -0.82560292 0.54724791 -0.49741901 0.00000000 0.00000000 0.00000000
v -0.80758490 0.54724791 -0.49741901 0.00000000 0.00000000 0.00000000
v -0.78956688 0.54724791 -0.49741901 0.00000000 0.00000000 0.00000000
v -0.77154887 0.54724791 -0.49741901 0.00000000 0.00000000 0.00000000
v -0.75353085 0.54724791 -0.49741901 0.00000000 0.00000000 0.00000000
v -0.73551283 0.54724791 -0.49741901 0.00000000 0.00000000 0.00000000
v -0.71749481 0.54724791 -0.49741901 0.00000000 0.00000000 0.00000000
v -0.69947679 0.54724791 -0.49741901 0.00000000 0.00000000 0.00000000
v -0.68145878 0.54724791 -0.49741901 0.00000000 0.00000000 0.00000000
v -0.66344076 0.54724791 -0.49741901 0.00000000 0.00000000 0.00000000
v -0.64542274 0.54724791 -0.49741901 0.00000000 0.00000000 0.00000000
v -0.62740472 0.54724791 -0.49741901 0.00000000 0.00000000 0.00000000
v -0.60938670 0.54724791 -0.49741901 0.00000000 0.00000000 0.00000000
v -0.59136869 0.54724791 -0.49741901 0.00000000 0.00000000 0.00000000
v -0.57335067 0.54724791 -0.49741901 0.00000000 0.00000000 0.00000000
v -0.55533265 0.54724791 -0.49741901 0.00000000 0.00000000 0.00000000
v -0.53731463 0.54724791 -0.49741901 0.00000000 0.00000000 0.00000000
v -0.51929661 0.54724791 -0.49741901 0.00000000 0.00000000 0.00000000
v -0.50127860 0.54724791 -0.49741901 0.00000000 0.00000000 0.00000000
v -0.48326058 0.54724791 -0.49741901 0.00000000 0.00000000 0.00000000
v -0.46524256 0.54724791 -0.49741901 0.00000000 0.00000000 0.00000000
v -0.44722454 0.54724791 -0.49741901 0.00000000 0.00000000 0.00000000
v -0.42920652 0.54724791 -0.49741901 0.00000000 0.00000000 0.00000000
v -0.41118851 0.54724791 -0.49741901 0.00000000 0.00000000 0.00000000
v -0.39317049 0.54724791 -0.49741901 0.00000000 0.00000000 0.00000000
v -0.37515247 0.54724791 -0.49741901 0.00000000 0.00000000 0.00000000
v -0.35713445 0.54724791 -0.49741901 0.00000000 0.00000000 0.00000000
v -0.33911643 0.54724791 -0.49741901 0.00000000 0.00000000 0.00000000
v -0.32109842 0.54724791 -0.49741901 0.00784314 0.00784314 0.00784314
v -0.30308040 0.54724791 0.29805658 0.31372549 0.31372549 0.31372549
v -0.28506238 0.54724791 0.35635354 0.22352941 0.21960784 0.21176471
v -0.26704436 0.54724791 0.36630179 0.32156863 0.30196078 0.28627451
v -0.24902634 0.54724791 0.37421931 0.22745098 0.16078431 0.12941176
v -0.23100833 0.54724791 0.37714542 0.25098039 0.14117647 0.09411765
v -0.21299031 0.54724791 0.37899277 0.43529412 0.29411765 0.23921569
v -0.19497229 0.54724791 0.37760607 0.27058824 0.14901961 0.07058824
v -0.17695427 0.54724791 0.37597716 0.29411765 0.18823529 0.11372549
v -0.15893625 0.54724791 0.37572429 0.38431373 0.29803922 0.24313725
v -0.14091824 0.54724791 0.37522289 0.30588235 0.25490196 0.21960784
v -0.12290022 0.54724791 0.37592142 0.30980392 0.28235294 0.25882353
v -0.10488220 0.54724791 0.37599875 0.32156863 0.30196078 0.29019608
v -0.08686418 0.54724791 0.37636826 0.32549020 0.30980392 0.29803922
v -0.06884616 0.54724791 0.37680231 0.31372549 0.29803922 0.28627451
v -0.05082815 0.54724791 0.37711525 0.32156863 0.29803922 0.29803922
v -0.03281013 0.54724791 0.37807497 0.31764706 0.29411765 0.29411765
v -0.01479211 0.54724791 0.37876732 0.31372549 0.29019608 0.29019608
v 0.00322591 0.54724791 0.37894039 0.31372549 0.29019608 0.29019608
v 0.02124393 0.54724791 0.37923004 0.32156863 0.29803922 0.29803922
v 0.03926195 0.54724791 0.37856023 0.32156863 0.29803922 0.29803922
v 0.05727996 0.54724791 0.37714329 0.31764706 0.29411765 0.29411765
v 0.07529798 0.54724791 0.37575062 0.31372549 0.29019608 0.29019608
v 0.09331600 0.54724791 0.37484781 0.31764706 0.29803922 0.28627451
v 0.11133402 0.54724791 0.37291214 0.26666667 0.24705882 0.23137255
v 0.12935204 0.54724791 0.37032653 0.08627451 0.07058824 0.05882353
v 0.14737005 0.54724791 0.36488760 0.25882353 0.24313725 0.23137255
v 0.16538807 0.54724791 0.35858627 0.27843137 0.27450980 0.26666667
v 0.18340609 0.54724791 0.34926157 0.27058824 0.27058824 0.27058824
v 0.20142411 0.54724791 0.33460103 0.20000000 0.20000000 0.20000000
v 0.21944213 0.54724791 -0.49741901 0.00000000 0.00000000 0.00000000
v 0.23746014 0.54724791 -0.49741901 0.00000000 0.00000000 0.00000000
v 0.25547816 0.54724791 -0.49741901 0.00000000 0.00000000 0.00000000
v 0.27349618 0.54724791 -0.49741901 0.00000000 0.00000000 0.00000000
v 0.29151420 0.54724791 -0.49741901 0.00000000 0.00000000 0.00000000
v 0.30953222 0.54724791 -0.49741901 0.00000000 0.00000000 0.00000000
v 0.32755023 0.54724791 -0.49741901 0.00000000 0.00000000 0.00000000
v 0.34556825 0.54724791 -0.49741901 0.00000000 0.00000000 0.00000000
v 0.36358627 0.54724791 -0.49741901 0.00000000 0.00000000 0.00000000
v 0.38160429 0.54724791 -0.49741901 0.00000000 0.00000000 0.00000000
v 0.39962231 0.54724791 -0.49741901 0.00000000 0.00000000 0.00000000
v 0.41764032 0.54724791 -0.49741901 0.00000000 0.00000000 0.00000000
v 0.43565834 0.54724791 -0.49741901 0.00000000 0.00000000 0.00000000
v 0.45367636 0.54724791 -0.49741901 0.00000000 0.00000000 0.00000000
v 0.47169438 0.54724791 -0.49741901 0.00000000 0.00000000 0.00000000
v 0.48971240 0.54724791 -0.49741901 0.00000000 0.00000000 0.00000000
v 0.50773041 0.54724791 -0.49741901 0.00000000 0.00000000 0.00000000
v 0.52574843 0.54724791 -0.49741901 0.00000000 0.00000000 0.00000000
v 0.54376645 0.54724791 -0.49741901 0.00000000 0.00000000 0.00000000
v 0.56178447 0.54724791 -0.49741901 0.00000000 0.00000000 0.00000000
v 0.57980249 0.54724791 -0.49741901 0.00000000 0.00000000 0.00000000
v 0.59782050 0.54724791 -0.49741901 0.00000000 0.00000000 0.00000000
v 0.61583852 0.54724791 -0.49741901 0.00000000 0.00000000 0.00000000
v 0.63385654 0.54724791 -0.49741901 0.00000000 0.00000000 0.00000000
v 0.65187456 0.54724791 -0.49741901 0.00000000 0.00000000 0.00000000
v 0.66989258 0.54724791 -0.49741901 0.00000000 0.00000000 0.00000000
v 0.68791059 0.54724791 -0.49741901 0.00000000 0.00000000 0.00000000
v 0.70592861 0.54724791 -0.49741901 0.00000000 0.00000000 0.00000000
v 0.72394663 0.54724791 -0.49741901 0.00000000 0.00000000 0.00000000
v 0.74196465 0.54724791 -0.49741901 0.00000000 0.00000000 0.00000000
v 0.75998267 0.54724791 -0.49741901 0.00000000 0.00000000 0.00000000
v 0.77800068 0.54724791 -0.49741901 0.00000000 0.00000000 0.00000000
v 0.79601870 0.54724791 -0.49741901 0.00000000 0.00000000 0.00000000
v 0.81403672 0.54724791 -0.49741901 0.00000000 0.00000000 0.00000000
v 0.83205474 0.54724791 -0.49741901 0.00000000 0.00000000 0.00000000
v 0.85007276 0.54724791 -0.49741901 0.00000000 0.00000000 0.00000000
v 0.86809077 0.54724791 -0.49741901 0.00000000 0.00000000 0.00000000
v 0.88610879 0.54724791 -0.49741901 0.00000000 0.00000000 0.00000000
v 0.90412681 0.54724791 -0.49741901 0.00000000 0.00000000 0.00000000
v 0.92214483 0.54724791 -0.49741901 0.00000000 0.00000000 0.00000000
v -0.91569301 0.52922989 -0.49741901 0.00000000 0.00000000 0.00000000
v -0.89767499 0.52922989 -0.49741901 0.00000000 0.00000000 0.00000000
v -0.87965697 0.52922989 -0.49741901 0.00000000 0.00000000 0.00000000
v -0.86163896 0.52922989 -0.49741901 0.00000000 0.00000000 0.00000000
v -0.84362094 0.52922989 -0.49741901 0.00000000 0.00000000 0.00000000
v -0.82560292 0.52922989 -0.49741901 0.00000000 0.00000000 0.00000000
v -0.80758490 0.52922989 -0.49741901 0.00000000 0.00000000 0.00000000
v -0.78956688 0.52922989 -0.49741901 0.00000000 0.00000000 0.00000000
v -0.77154887 0.52922989 -0.49741901 0.00000000 0.00000000 0.00000000
v -0.75353085 0.52922989 -0.49741901 0.00000000 0.00000000 0.00000000
v -0.73551283 0.52922989 -0.49741901 0.00000000 0.00000000 0.00000000
v -0.71749481 0.52922989 -0.49741901 0.00000000 0.00000000 0.00000000
v -0.69947679 0.52922989 -0.49741901 0.00000000 0.00000000 0.00000000
v -0.68145878 0.52922989 -0.49741901 0.00000000 0.00000000 0.00000000
v -0.66344076 0.52922989 -0.49741901 0.00000000 0.00000000 0.00000000
v -0.64542274 0.52922989 -0.49741901 0.00000000 0.00000000 0.00000000
v -0.62740472 0.52922989 -0.49741901 0.00000000 0.00000000 0.00000000
v -0.60938670 0.52922989 -0.49741901 0.00000000 0.00000000 0.00000000
v -0.59136869 0.52922989 -0.49741901 0.00000000 0.00000000 0.00000000
v -0.57335067 0.52922989 -0.49741901 0.00000000 0.00000000 0.00000000
v -0.55533265 0.52922989 -0.49741901 0.00000000 0.00000000 0.00000000
v -0.53731463 0.52922989 -0.49741901 0.00000000 0.00000000 0.00000000
v -0.51929661 0.52922989 -0.49741901 0.00000000 0.00000000 0.00000000
v -0.50127860 0.52922989 -0.49741901 0.00000000 0.00000000 0.00000000
v -0.48326058 0.52922989 -0.49741901 0.00000000 0.00000000 0.00000000
v -0.46524256 0.52922989 -0.49741901 0.00000000 0.00000000 0.00000000
v -0.44722454 0.52922989 -0.49741901 0.00000000 0.00000000 0.00000000
v -0.42920652 0.52922989 -0.49741901 0.00000000 0.00000000 0.00000000
v -0.41118851 0.52922989 -0.49741901 0.00000000 0.00000000 0.00000000
v -0.39317049 0.52922989 -0.49741901 0.00000000 0.00000000 0.00000000
v -0.37515247 0.52922989 -0.49741901 0.00000000 0.00000000 0.00000000
v -0.35713445 0.52922989 -0.49741901 0.00000000 0.00000000 0.00000000
v -0.33911643 0.52922989 -0.49741901 0.00000000 0.00000000 0.00000000
v -0.32109842 0.52922989 -0.49741901 0.00392157 0.00392157 0.00392157
v -0.30308040 0.52922989 0.31455573 0.37647059 0.37254902 0.37647059
v -0.28506238 0.52922989 0.35821779 0.27450980 0.27058824 0.26274510
v -0.26704436 0.52922989 0.36573522 0.21568627 0.18431373 0.17254902
v -0.24902634 0.52922989 0.37365803 0.23921569 0.17254902 0.14117647
v -0.23100833 0.52922989 0.37677062 0.41176471 0.30196078 0.25490196
v -0.21299031 0.52922989 0.37722845 0.22352941 0.07450980 0.02352941
v -0.19497229 0.52922989 0.37569543 0.30980392 0.20000000 0.11764706
v -0.17695427 0.52922989 0.37483495 0.32941176 0.24313725 0.16078431
v -0.15893625 0.52922989 0.37450572 0.23921569 0.16862745 0.11372549
v -0.14091824 0.52922989 0.37381839 0.33725490 0.29803922 0.26274510
v -0.12290022 0.52922989 0.37431925 0.31764706 0.29803922 0.28235294
v -0.10488220 0.52922989 0.37446489 0.32941176 0.31372549 0.30980392
v -0.08686418 0.52922989 0.37482629 0.34117647 0.32549020 0.32156863
v -0.06884616 0.52922989 0.37498308 0.32549020 0.30980392 0.30588235
v -0.05082815 0.52922989 0.37538826 0.32549020 0.30196078 0.30196078
v -0.03281013 0.52922989 0.37675633 0.32156863 0.29803922 0.29803922
v -0.01479211 0.52922989 0.37713841 0.31764706 0.29411765 0.29411765
v 0.00322591 0.52922989 0.37745589 0.31764706 0.29411765 0.29411765
v 0.02124393 0.52922989 0.37753040 0.32156863 0.29803922 0.29803922
v 0.03926195 0.52922989 0.37776134 0.32156863 0.29803922 0.29803922
v 0.05727996 0.52922989 0.37667000 0.31764706 0.29411765 0.29411765
v 0.07529798 0.52922989 0.37554408 0.31372549 0.29019608 0.29019608
v 0.09331600 0.52922989 0.37445163 0.32549020 0.30588235 0.29411765
v 0.11133402 0.52922989 0.37205435 0.26274510 0.24313725 0.22745098
v 0.12935204 0.52922989 0.36886025 0.07450980 0.05882353 0.04705882
v 0.14737005 0.52922989 0.36343375 0.26274510 0.24705882 0.23529412
v 0.16538807 0.52922989 0.35687447 0.27843137 0.27450980 0.26666667
v 0.18340609 0.52922989 0.34708279 0.23529412 0.23529412 0.23529412
v 0.20142411 0.52922989 0.33262454 0.23137255 0.23137255 0.23137255
v 0.21944213 0.52922989 -0.49741901 0.00000000 0.00000000 0.00000000
v 0.23746014 0.52922989 -0.49741901 0.00000000 0.00000000 0.00000000
v 0.25547816 0.52922989 -0.49741901 0.00000000 0.00000000 0.00000000
v 0.27349618 0.52922989 -0.49741901 0.00000000 0.00000000 0.00000000
v 0.29151420 0.52922989 -0.49741901 0.00000000 0.00000000 0.00000000
v 0.30953222 0.52922989 -0.49741901 0.00000000 0.00000000 0.00000000
v 0.32755023 0.52922989 -0.49741901 0.00000000 0.00000000 0.00000000
v 0.34556825 0.52922989 -0.49741901 0.00000000 0.00000000 0.00000000
v 0.36358627 0.52922989 -0.49741901 0.00000000 0.00000000 0.00000000
v 0.38160429 0.52922989 -0.49741901 0.00000000 0.00000000 0.00000000
v 0.39962231 0.52922989 -0.49741901 0.00000000 0.00000000 0.00000000
v 0.41764032 0.52922989 -0.49741901 0.00000000 0.00000000 0.00000000
v 0.43565834 0.52922989 -0.49741901 0.00000000 0.00000000 0.00000000
v 0.45367636 0.52922989 -0.49741901 0.00000000 0.00000000 0.00000000
v 0.47169438 0.52922989 -0.49741901 0.00000000 0.00000000 0.00000000
v 0.48971240 0.52922989 -0.49741901 0.00000000 0.00000000 0.00000000
v 0.50773041 0.52922989 -0.49741901 0.00000000 0.00000000 0.00000000
v 0.52574843 0.52922989 -0.49741901 0.00000000 0.00000000 0.00000000
v 0.54376645 0.52922989 -0.49741901 0.00000000 0.00000000 0.00000000
v 0.56178447 0.52922989 -0.49741901 0.00000000 0.00000000 0.00000000
v 0.57980249 0.52922989 -0.49741901 0.00000000 0.00000000 0.00000000
v 0.59782050 0.52922989 -0.49741901 0.00000000 0.00000000 0.00000000
v 0.61583852 0.52922989 -0.49741901 0.00000000 0.00000000 0.00000000
v 0.63385654 0.52922989 -0.49741901 0.00000000 0.00000000 0.00000000
v 0.65187456 0.52922989 -0.49741901 0.00000000 0.00000000 0.00000000
v 0.66989258 0.52922989 -0.49741901 0.00000000 0.00000000 0.00000000
v 0.68791059 0.52922989 -0.49741901 0.00000000 0.00000000 0.00000000
v 0.70592861 0.52922989 -0.49741901 0.00000000 0.00000000 0.00000000
v 0.72394663 0.52922989 -0.49741901 0.00000000 0.00000000 0.00000000
v 0.74196465 0.52922989 -0.49741901 0.00000000 0.00000000 0.00000000
v 0.75998267 0.52922989 -0.49741901 0.00000000 0.00000000 0.00000000
v 0.77800068 0.52922989 -0.49741901 0.00000000 0.00000000 0.00000000
v 0.79601870 0.52922989 -0.49741901 0.00000000 0.00000000 0.00000000
v 0.81403672 0.52922989 -0.49741901 0.00000000 0.00000000 0.00000000
v 0.83205474 0.52922989 -0.49741901 0.00000000 0.00000000 0.00000000
v 0.85007276 0.52922989 -0.49741901 0.00000000 0.00000000 0.00000000
v 0.86809077 0.52922989 -0.49741901 0.00000000 0.00000000 0.00000000
v 0.88610879 0.52922989 -0.49741901 0.00000000 0.00000000 0.00000000
v 0.90412681 0.52922989 -0.49741901 0.00000000 0.00000000 0.00000000
v 0.92214483 0.52922989 -0.49741901 0.00000000 0.00000000 0.00000000
v -0.91569301 0.51121187 -0.49741901 0.00000000 0.00000000 0.00000000
v -0.89767499 0.51121187 -0.49741901 0.00000000 0.00000000 0.00000000
v -0.87965697 0.51121187 -0.49741901 0.00000000 0.00000000 0.00000000
v -0.86163896 0.51121187 -0.49741901 0.00000000 0.00000000 0.00000000
v -0.84362094 0.51121187 -0.49741901 0.00000000 0.00000000 0.00000000
v -0.82560292 0.51121187 -0.49741901 0.00000000 0.00000000 0.00000000
v -0.80758490 0.51121187 -0.49741901 0.00000000 0.00000000 0.00000000
v -0.78956688 0.51121187 -0.49741901 0.00000000 0.00000000 0.00000000
v -0.77154887 0.51121187 -0.49741901 0.00000000 0.00000000 0.00000000
v -0.75353085 0.51121187 -0.49741901 0.00000000 0.00000000 0.00000000
v -0.73551283 0.51121187 -0.49741901 0.00000000 0.00000000 0.00000000
v -0.71749481 0.51121187 -0.49741901 0.00000000 0.00000000 0.00000000
v -0.69947679 0.51121187 -0.49741901 0.00000000 0.00000000 0.00000000
v -0.68145878 0.51121187 -0.49741901 0.00000000 0.00000000 0.00000000
v -0.66344076 0.51121187 -0.49741901 0.00000000 0.00000000 0.00000000
v -0.64542274 0.51121187 -0.49741901 0.00000000 0.00000000 0.00000000
v -0.62740472 0.51121187 -0.49741901 0.00000000 0.00000000 0.00000000
v -0.60938670 0.51121187 -0.49741901 0.00000000 0.00000000 0.00000000
v -0.59136869 0.51121187 -0.49741901 0.00000000 0.00000000 0.00000000
v -0.57335067 0.51121187 -0.49741901 0.00000000 0.00000000 0.00000000
v -0.55533265 0.51121187 -0.49741901 0.00000000 0.00000000 0.00000000
v -0.53731463 0.51121187 -0.49741901 0.00000000 0.00000000 0.00000000
v -0.51929661 0.51121187 -0.49741901 0.00000000 0.00000000 0.00000000
v -0.50127860 0.51121187 -0.49741901 0.00000000 0.00000000 0.00000000
v -0.48326058 0.51121187 -0.49741901 0.00000000 0.00000000 0.00000000
v -0.46524256 0.51121187 -0.49741901 0.00000000 0.00000000 0.00000000
v -0.44722454 0.51121187 -0.49741901 0.00000000 0.00000000 0.00000000
v -0.42920652 0.51121187 -0.49741901 0.00000000 0.00000000 0.00000000
v -0.41118851 0.51121187 -0.49741901 0.00000000 0.00000000 0.00000000
v -0.39317049 0.51121187 -0.49741901 0.00000000 0.00000000 0.00000000
v -0.37515247 0.51121187 -0.49741901 0.00000000 0.00000000 0.00000000
v -0.35713445 0.51121187 -0.49741901 0.00000000 0.00000000 0.00000000
v -0.33911643 0.51121187 -0.49741901 0.00000000 0.00000000 0.00000000
v -0.32109842 0.51121187 -0.49741901 0.00000000 0.00000000 0.00000000
v -0.30308040 0.51121187 0.32216601 0.26666667 0.25882353 0.26274510
v -0.28506238 0.51121187 0.35850138 0.26666667 0.25098039 0.24705882
v -0.26704436 0.51121187 0.36400280 0.23921569 0.20784314 0.19607843
v -0.24902634 0.51121187 0.37081901 0.28235294 0.20784314 0.18039216
v -0.23100833 0.51121187 0.37306466 0.23921569 0.12156863 0.07843137
v -0.21299031 0.51121187 0.37247843 0.35294118 0.20392157 0.15294118
v -0.19497229 0.51121187 0.37119793 0.23921569 0.13333333 0.05098039
v -0.17695427 0.51121187 0.37102851 0.21960784 0.13725490 0.06274510
v -0.15893625 0.51121187 0.37211112 0.26274510 0.21176471 0.14901961
v -0.14091824 0.51121187 0.37243444 0.31372549 0.27843137 0.24313725
v -0.12290022 0.51121187 0.37346579 0.30588235 0.28627451 0.27058824
v -0.10488220 0.51121187 0.37404899 0.31372549 0.30980392 0.30196078
v -0.08686418 0.51121187 0.37408026 0.32941176 0.31372549 0.30980392
v -0.06884616 0.51121187 0.37395531 0.31764706 0.30196078 0.29803922
v -0.05082815 0.51121187 0.37440805 0.32549020 0.30196078 0.30196078
v -0.03281013 0.51121187 0.37522234 0.32549020 0.30196078 0.30196078
v -0.01479211 0.51121187 0.37595056 0.32156863 0.29803922 0.29803922
v 0.00322591 0.51121187 0.37588011 0.32156863 0.29803922 0.29803922
v 0.02124393 0.51121187 0.37620000 0.32156863 0.29803922 0.29803922
v 0.03926195 0.51121187 0.37637657 0.32156863 0.29803922 0.29803922
v 0.05727996 0.51121187 0.37533148 0.31764706 0.29411765 0.29411765
v 0.07529798 0.51121187 0.37393943 0.31372549 0.29019608 0.29019608
v 0.09331600 0.51121187 0.37269488 0.30196078 0.28235294 0.27058824
v 0.11133402 0.51121187 0.36982615 0.27450980 0.25490196 0.23921569
v 0.12935204 0.51121187 0.36607600 0.09803922 0.08235294 0.07058824
v 0.14737005 0.51121187 0.36031745 0.25098039 0.23529412 0.22352941
v 0.16538807 0.51121187 0.35304300 0.30980392 0.30588235 0.29803922
v 0.18340609 0.51121187 0.34242068 0.28235294 0.28235294 0.28235294
v 0.20142411 0.51121187 0.32795975 0.23529412 0.23529412 0.23529412
v 0.21944213 0.51121187 -0.49741901 0.00000000 0.00000000 0.00000000
v 0.23746014 0.51121187 -0.49741901 0.00000000 0.00000000 0.00000000
v 0.25547816 0.51121187 -0.49741901 0.00000000 0.00000000 0.00000000
v 0.27349618 0.51121187 -0.49741901 0.00000000 0.00000000 0.00000000
v 0.29151420 0.51121187 -0.49741901 0.00000000 0.00000000 0.00000000
v 0.30953222 0.51121187 -0.49741901 0.00000000 0.00000000 0.00000000
v 0.32755023 0.51121187 -0.49741901 0.00000000 0.00000000 0.00000000
v 0.34556825 0.51121187 -0.49741901 0.00000000 0.00000000 0.00000000
v 0.36358627 0.51121187 -0.49741901 0.00000000 0.00000000 0.00000000
v 0.38160429 0.51121187 -0.49741901 0.00000000 0.00000000 0.00000000
v 0.39962231 0.51121187 -0.49741901 0.00000000 0.00000000 0.00000000
v 0.41764032 0.51121187 -0.49741901 0.00000000 0.00000000 0.00000000
v 0.43565834 0.51121187 -0.49741901 0.00000000 0.00000000 0.00000000
v 0.45367636 0.51121187 -0.49741901 0.00000000 0.00000000 0.00000000
v 0.47169438 0.51121187 -0.49741901 0.00000000 0.00000000 0.00000000
v 0.48971240 0.51121187 -0.49741901 0.00000000 0.00000000 0.00000000
v 0.50773041 0.51121187 -0.49741901 0.00000000 0.00000000 0.00000000
v 0.52574843 0.51121187 -0.49741901 0.00000000 0.00000000 0.00000000
v 0.54376645 0.51121187 -0.49741901 0.00000000 0.00000000 0.00000000
v 0.56178447 0.51121187 -0.49741901 0.00000000 0.00000000 0.00000000
v 0.57980249 0.51121187 -0.49741901 0.00000000 0.00000000 0.00000000
v 0.59782050 0.51121187 -0.49741901 0.00000000 0.00000000 0.00000000
v 0.61583852 0.51121187 -0.49741901 0.00000000 0.00000000 0.00000000
v 0.63385654 0.51121187 -0.49741901 0.00000000 0.00000000 0.00000000
v 0.65187456 0.51121187 -0.49741901 0.00000000 0.00000000 0.00000000
v 0.66989258 0.51121187 -0.49741901 0.00000000 0.00000000 0.00000000
v 0.68791059 0.51121187 -0.49741901 0.00000000 0.00000000 0.00000000
v 0.70592861 0.51121187 -0.49741901 0.00000000 0.00000000 0.00000000
v 0.72394663 0.51121187 -0.49741901 0.00000000 0.00000000 0.00000000
v 0.74196465 0.51121187 -0.49741901 0.00000000 0.00000000 0.00000000
v 0.75998267 0.51121187 -0.49741901 0.00000000 0.00000000 0.00000000
v 0.77800068 0.51121187 -0.49741901 0.00000000 0.00000000 0.00000000
v 0.79601870 0.51121187 -0.49741901 0.00000000 0.00000000 0.00000000
v 0.81403672 0.51121187 -0.49741901 0.00000000 0.00000000 0.00000000
v 0.83205474 0.51121187 -0.49741901 0.00000000 0.00000000 0.00000000
v 0.85007276 0.51121187 -0.49741901 0.00000000 0.00000000 0.00000000
v 0.86809077 0.51121187 -0.49741901 0.00000000 0.00000000 0.00000000
v 0.88610879 0.51121187 -0.49741901 0.00000000 0.00000000 0.00000000
v 0.90412681 0.51121187 -0.49741901 0.00000000 0.00000000 0.00000000
v 0.92214483 0.51121187 -0.49741901 0.00000000 0.00000000 0.00000000
v -0.91569301 0.49319385 -0.49741901 0.00000000 0.00000000 0.00000000
v -0.89767499 0.49319385 -0.49741901 0.00000000 0.00000000 0.00000000
v -0.87965697 0.49319385 -0.49741901 0.00000000 0.00000000 0.00000000
v -0.86163896 0.49319385 -0.49741901 0.00000000 0.00000000 0.00000000
v -0.84362094 0.49319385 -0.49741901 0.00000000 0.00000000 0.00000000
v -0.82560292 0.49319385 -0.49741901 0.00000000 0.00000000 0.00000000
v -0.80758490 0.49319385 -0.49741901 0.00000000 0.00000000 0.00000000
v -0.78956688 0.49319385 -0.49741901 0.00000000 0.00000000 0.00000000
v -0.77154887 0.49319385 -0.49741901 0.00000000 0.00000000 0.00000000
v -0.75353085 0.49319385 -0.49741901 0.00000000 0.00000000 0.00000000
v -0.73551283 0.49319385 -0.49741901 0.00000000 0.00000000 0.00000000
v -0.71749481 0.49319385 -0.49741901 0.00000000 0.00000000 0.00000000
v -0.69947679 0.49319385 -0.49741901 0.00000000 0.00000000 0.00000000
v -0.68145878 0.49319385 -0.49741901 0.00000000 0.00000000 0.00000000
v -0.66344076 0.49319385 -0.49741901 0.00000000 0.00000000 0.00000000
v -0.64542274 0.49319385 -0.49741901 0.00000000 0.00000000 0.00000000
v -0.62740472 0.49319385 -0.49741901 0.00000000 0.00000000 0.00000000
v -0.60938670 0.49319385 -0.49741901 0.00000000 0.00000000 0.00000000
v -0.59136869 0.49319385 -0.49741901 0.00000000 0.00000000 0.00000000
v -0.57335067 0.49319385 -0.49741901 0.00000000 0.00000000 0.00000000
v -0.55533265 0.49319385 -0.49741901 0.00000000 0.00000000 0.00000000
v -0.53731463 0.49319385 -0.49741901 0.00000000 0.00000000 0.00000000
v -0.51929661 0.49319385 -0.49741901 0.00000000 0.00000000 0.00000000
v -0.50127860 0.49319385 -0.49741901 0.00000000 0.00000000 0.00000000
v -0.48326058 0.49319385 -0.49741901 0.00000000 0.00000000 0.00000000
v -0.46524256 0.49319385 -0.49741901 0.00000000 0.00000000 0.00000000
v -0.44722454 0.49319385 -0.49741901 0.00000000 0.00000000 0.00000000
v -0.42920652 0.49319385 -0.49741901 0.00000000 0.00000000 0.00000000
v -0.41118851 0.49319385 -0.49741901 0.00000000 0.00000000 0.00000000
v -0.39317049 0.49319385 -0.49741901 0.00000000 0.00000000 0.00000000
v -0.37515247 0.49319385 -0.49741901 0.00000000 0.00000000 0.00000000
v -0.35713445 0.49319385 -0.49741901 0.00000000 0.00000000 0.00000000
v -0.33911643 0.49319385 -0.49741901 0.00000000 0.00000000 0.00000000
v -0.32109842 0.49319385 -0.49741901 0.00000000 0.00000000 0.00000000
v -0.30308040 0.49319385 0.32591913 0.34901961 0.24705882 0.17647059
v -0.28506238 0.49319385 0.35625511 0.43921569 0.30588235 0.20392157
v -0.26704436 0.49319385 0.35951382 0.23137255 0.10588235 0.00784314
v -0.24902634 0.49319385 0.36603242 0.21176471 0.10980392 0.04313725
v -0.23100833 0.49319385 0.36740702 0.14117647 0.06274510 0.03529412
v -0.21299031 0.49319385 0.36704184 0.16470588 0.09019608 0.07450980
v -0.19497229 0.49319385 0.36588684 0.07843137 0.02352941 0.01176471
v -0.17695427 0.49319385 0.36658284 0.22745098 0.19215686 0.17254902
v -0.15893625 0.49319385 0.36942132 0.24705882 0.21568627 0.20392157
v -0.14091824 0.49319385 0.37087544 0.29411765 0.27450980 0.26274510
v -0.12290022 0.49319385 0.37244304 0.30588235 0.28235294 0.28235294
v -0.10488220 0.49319385 0.37332482 0.30980392 0.28627451 0.28627451
v -0.08686418 0.49319385 0.37351562 0.31372549 0.29019608 0.29019608
v -0.06884616 0.49319385 0.37343871 0.32156863 0.29803922 0.29803922
v -0.05082815 0.49319385 0.37339472 0.31372549 0.29803922 0.29411765
v -0.03281013 0.49319385 0.37425890 0.31372549 0.29803922 0.29411765
v -0.01479211 0.49319385 0.37461714 0.31372549 0.29803922 0.29411765
v 0.00322591 0.49319385 0.37433953 0.31372549 0.29803922 0.29411765
v 0.02124393 0.49319385 0.37432028 0.30196078 0.28627451 0.28235294
v 0.03926195 0.49319385 0.37434351 0.30588235 0.29019608 0.28627451
v 0.05727996 0.49319385 0.37319202 0.31372549 0.29803922 0.29411765
v 0.07529798 0.49319385 0.37182368 0.31764706 0.30196078 0.29803922
v 0.09331600 0.49319385 0.36994761 0.27058824 0.27058824 0.27843137
v 0.11133402 0.49319385 0.36670305 0.29803922 0.27843137 0.26666667
v 0.12935204 0.49319385 0.36241533 0.18431373 0.12549020 0.09803922
v 0.14737005 0.49319385 0.35665851 0.29411765 0.22745098 0.19607843
v 0.16538807 0.49319385 0.34833903 0.30980392 0.27450980 0.25490196
v 0.18340609 0.49319385 0.33611365 0.27058824 0.26666667 0.25882353
v 0.20142411 0.49319385 0.32029008 0.20392157 0.20392157 0.20392157
v 0.21944213 0.49319385 -0.49741901 0.00000000 0.00000000 0.00000000
v 0.23746014 0.49319385 -0.49741901 0.00000000 0.00000000 0.00000000
v 0.25547816 0.49319385 -0.49741901 0.00000000 0.00000000 0.00000000
v 0.27349618 0.49319385 -0.49741901 0.00000000 0.00000000 0.00000000
v 0.29151420 0.49319385 -0.49741901 0.00000000 0.00000000 0.00000000
v 0.30953222 0.49319385 -0.49741901 0.00000000 0.00000000 0.00000000
v 0.32755023 0.49319385 -0.49741901 0.00000000 0.00000000 0.00000000
v 0.34556825 0.49319385 -0.49741901 0.00000000 0.00000000 0.00000000
v 0.36358627 0.49319385 -0.49741901 0.00000000 0.00000000 0.00000000
v 0.38160429 0.49319385 -0.49741901 0.00000000 0.00000000 0.00000000
v 0.39962231 0.49319385 -0.49741901 0.00000000 0.00000000 0.00000000
v 0.41764032 0.49319385 -0.49741901 0.00000000 0.00000000 0.00000000
v 0.43565834 0.49319385 -0.49741901 0.00000000 0.00000000 0.00000000
v 0.45367636 0.49319385 -0.49741901 0.00000000 0.00000000 0.00000000
v 0.47169438 0.49319385 -0.49741901 0.00000000 0.00000000 0.00000000
v 0.48971240 0.49319385 -0.49741901 0.00000000 0.00000000 0.00000000
v 0.50773041 0.49319385 -0.49741901 0.00000000 0.00000000 0.00000000
v 0.52574843 0.49319385 -0.49741901 0.00000000 0.00000000 0.00000000
v 0.54376645 0.49319385 -0.49741901 0.00000000 0.00000000 0.00000000
v 0.56178447 0.49319385 -0.49741901 0.00000000 0.00000000 0.00000000
v 0.57980249 0.49319385 -0.49741901 0.00000000 0.00000000 0.00000000
v 0.59782050 0.49319385 -0.49741901 0.00000000 0.00000000 0.00000000
v 0.61583852 0.49319385 -0.49741901 0.00000000 0.00000000 0.00000000
v 0.63385654 0.49319385 -0.49741901 0.00000000 0.00000000 0.00000000
v 0.65187456 0.49319385 -0.49741901 0.00000000 0.00000000 0.00000000
v 0.66989258 0.49319385 -0.49741901 0.00000000 0.00000000 0.00000000
v 0.68791059 0.49319385 -0.49741901 0.00000000 0.00000000 0.00000000
v 0.70592861 0.49319385 -0.49741901 0.00000000 0.00000000 0.00000000
v 0.72394663 0.49319385 -0.49741901 0.00000000 0.00000000 0.00000000
v 0.74196465 0.49319385 -0.49741901 0.00000000 0.00000000 0.00000000
v 0.75998267 0.49319385 -0.49741901 0.00000000 0.00000000 0.00000000
v 0.77800068 0.49319385 -0.49741901 0.00000000 0.00000000 0.00000000
v 0.79601870 0.49319385 -0.49741901 0.00000000 0.00000000 0.00000000
v 0.81403672 0.49319385 -0.49741901 0.00000000 0.00000000 0.00000000
v 0.83205474 0.49319385 -0.49741901 0.00000000 0.00000000 0.00000000
v 0.85007276 0.49319385 -0.49741901 0.00000000 0.00000000 0.00000000
v 0.86809077 0.49319385 -0.49741901 0.00000000 0.00000000 0.00000000
v 0.88610879 0.49319385 -0.49741901 0.00000000 0.00000000 0.00000000
v 0.90412681 0.49319385 -0.49741901 0.00000000 0.00000000 0.00000000
v 0.92214483 0.49319385 -0.49741901 0.00000000 0.00000000 0.00000000
v -0.91569301 0.47517583 -0.49741901 0.00000000 0.00000000 0.00000000
v -0.89767499 0.47517583 -0.49741901 0.00000000 0.00000000 0.00000000
v -0.87965697 0.47517583 -0.49741901 0.00000000 0.00000000 0.00000000
v -0.86163896 0.47517583 -0.49741901 0.00000000 0.00000000 0.00000000
v -0.84362094 0.47517583 -0.49741901 0.00000000 0.00000000 0.00000000
v -0.82560292 0.47517583 -0.49741901 0.00000000 0.00000000 0.00000000
v -0.80758490 0.47517583 -0.49741901 0.00000000 0.00000000 0.00000000
v -0.78956688 0.47517583 -0.49741901 0.00000000 0.00000000 0.00000000
v -0.77154887 0.47517583 -0.49741901 0.00000000 0.00000000 0.00000000
v -0.75353085 0.47517583 -0.49741901 0.00000000 0.00000000 0.00000000
v -0.73551283 0.47517583 -0.49741901 0.00000000 0.00000000 0.00000000
v -0.71749481 0.47517583 -0.49741901 0.00000000 0.00000000 0.00000000
v -0.69947679 0.47517583 -0.49741901 0.00000000 0.00000000 0.00000000
v -0.68145878 0.47517583 -0.49741901 0.00000000 0.00000000 0.00000000
v -0.66344076 0.47517583 -0.49741901 0.00000000 0.00000000 0.00000000
v -0.64542274 0.47517583 -0.49741901 0.00000000 0.00000000 0.00000000
v -0.62740472 0.47517583 -0.49741901 0.00000000 0.00000000 0.00000000
v -0.60938670 0.47517583 -0.49741901 0.00000000 0.00000000 0.00000000
v -0.59136869 0.47517583 -0.49741901 0.00000000 0.00000000 0.00000000
v -0.57335067 0.47517583 -0.49741901 0.00000000 0.00000000 0.00000000
v -0.55533265 0.47517583 -0.49741901 0.00000000 0.00000000 0.00000000
v -0.53731463 0.47517583 -0.49741901 0.00000000 0.00000000 0.00000000
v -0.51929661 0.47517583 -0.49741901 0.00000000 0.00000000 0.00000000
v -0.50127860 0.47517583 -0.49741901 0.00000000 0.00000000 0.00000000
v -0.48326058 0.47517583 -0.49741901 0.00000000 0.00000000 0.00000000
v -0.46524256 0.47517583 -0.49741901 0.00000000 0.00000000 0.00000000
v -0.44722454 0.47517583 -0.49741901 0.00000000 0.00000000 0.00000000
v -0.42920652 0.47517583 -0.49741901 0.00000000 0.00000000 0.00000000
v -0.41118851 0.47517583 -0.49741901 0.00000000 0.00000000 0.00000000
v -0.39317049 0.47517583 -0.49741901 0.00000000 0.00000000 0.00000000
v -0.37515247 0.47517583 -0.49741901 0.00000000 0.00000000 0.00000000
v -0.35713445 0.47517583 -0.49741901 0.00000000 0.00000000 0.00000000
v -0.33911643 0.47517583 -0.49741901 0.00000000 0.00000000 0.00000000
v -0.32109842 0.47517583 -0.49741901 0.00000000 0.00000000 0.00000000
v -0.30308040 0.47517583 0.32651491 0.76470588 0.61960784 0.53333333
v -0.28506238 0.47517583 0.34996340 0.83921569 0.65490196 0.50588235
v -0.26704436 0.47517583 0.35146564 0.90588235 0.73725490 0.60000000
v -0.24902634 0.47517583 0.35898107 0.30588235 0.18431373 0.10196078
v -0.23100833 0.47517583 0.36050585 0.17647059 0.09803922 0.06274510
v -0.21299031 0.47517583 0.36123126 0.15294118 0.07450980 0.07058824
v -0.19497229 0.47517583 0.36108342 0.09411765 0.05490196 0.05098039
v -0.17695427 0.47517583 0.36317477 0.20000000 0.17647059 0.17647059
v -0.15893625 0.47517583 0.36657665 0.25490196 0.23137255 0.23137255
v -0.14091824 0.47517583 0.36822233 0.29803922 0.27450980 0.27450980
v -0.12290022 0.47517583 0.36964614 0.28627451 0.26274510 0.26274510
v -0.10488220 0.47517583 0.37055535 0.29019608 0.26666667 0.26666667
v -0.08686418 0.47517583 0.37080512 0.29803922 0.27450980 0.27450980
v -0.06884616 0.47517583 0.37115704 0.30196078 0.27843137 0.27843137
v -0.05082815 0.47517583 0.37139444 0.29411765 0.27843137 0.27450980
v -0.03281013 0.47517583 0.37236441 0.28627451 0.28235294 0.27450980
v -0.01479211 0.47517583 0.37251624 0.28627451 0.28235294 0.27450980
v 0.00322591 0.47517583 0.37231842 0.28627451 0.28235294 0.27450980
v 0.02124393 0.47517583 0.37240771 0.27450980 0.27058824 0.26274510
v 0.03926195 0.47517583 0.37198947 0.27843137 0.27450980 0.26666667
v 0.05727996 0.47517583 0.37073192 0.27843137 0.27450980 0.26666667
v 0.07529798 0.47517583 0.36923807 0.27843137 0.27450980 0.26666667
v 0.09331600 0.47517583 0.36761157 0.17647059 0.16862745 0.18823529
v 0.11133402 0.47517583 0.36395530 0.27450980 0.21960784 0.20784314
v 0.12935204 0.47517583 0.35873783 0.31372549 0.20000000 0.13725490
v 0.14737005 0.47517583 0.35198829 0.75294118 0.61568627 0.52941176
v 0.16538807 0.47517583 0.34282765 0.71372549 0.60784314 0.54117647
v 0.18340609 0.47517583 0.32842872 0.49803922 0.44313725 0.40000000
v 0.20142411 0.47517583 0.30777052 0.47450980 0.45490196 0.43529412
v 0.21944213 0.47517583 -0.49741901 0.00000000 0.00000000 0.00000000
v 0.23746014 0.47517583 -0.49741901 0.00000000 0.00000000 0.00000000
v 0.25547816 0.47517583 -0.49741901 0.00000000 0.00000000 0.00000000
v 0.27349618 0.47517583 -0.49741901 0.00000000 0.00000000 0.00000000
v 0.29151420 0.47517583 -0.49741901 0.00000000 0.00000000 0.00000000
v 0.30953222 0.47517583 -0.49741901 0.00000000 0.00000000 0.00000000
v 0.32755023 0.47517583 -0.49741901 0.00000000 0.00000000 0.00000000
v 0.34556825 0.47517583 -0.49741901 0.00000000 0.00000000 0.00000000
v 0.36358627 0.47517583 -0.49741901 0.00000000 0.00000000 0.00000000
v 0.38160429 0.47517583 -0.49741901 0.00000000 0.00000000 0.00000000
v 0.39962231 0.47517583 -0.49741901 0.00000000 0.00000000 0.00000000
v 0.41764032 0.47517583 -0.49741901 0.00000000 0.00000000 0.00000000
v 0.43565834 0.47517583 -0.49741901 0.00000000 0.00000000 0.00000000
v 0.45367636 0.47517583 -0.49741901 0.00000000 0.00000000 0.00000000
v 0.47169438 0.47517583 -0.49741901 0.00000000 0.00000000 0.00000000
v 0.48971240 0.47517583 -0.49741901 0.00000000 0.00000000 0.00000000
v 0.50773041 0.47517583 -0.49741901 0.00000000 0.00000000 0.00000000
v 0.52574843 0.47517583 -0.49741901 0.00000000 0.00000000 0.00000000
v 0.54376645 0.47517583 -0.49741901 0.00000000 0.00000000 0.00000000
v 0.56178447 0.47517583 -0.49741901 0.00000000 0.00000000 0.00000000
v 0.57980249 0.47517583 -0.49741901 0.00000000 0.00000000 0.00000000
v 0.59782050 0.47517583 -0.49741901 0.00000000 0.00000000 0.00000000
v 0.61583852 0.47517583 -0.49741901 0.00000000 0.00000000 0.00000000
v 0.63385654 0.47517583 -0.49741901 0.00000000 0.00000000 0.00000000
v 0.65187456 0.47517583 -0.49741901 0.00000000 0.00000000 0.00000000
v 0.66989258 0.47517583 -0.49741901 0.00000000 0.00000000 0.00000000
v 0.68791059 0.47517583 -0.49741901 0.00000000 0.00000000 0.00000000
v 0.70592861 0.47517583 -0.49741901 0.00000000 0.00000000 0.00000000
v 0.72394663 0.47517583 -0.49741901 0.00000000 0.00000000 0.00000000
v 0.74196465 0.47517583 -0.49741901 0.00000000 0.00000000 0.00000000
v 0.75998267 0.47517583 -0.49741901 0.00000000 0.00000000 0.00000000
v 0.77800068 0.47517583 -0.49741901 0.00000000 0.00000000 0.00000000
v 0.79601870 0.47517583 -0.49741901 0.00000000 0.00000000 0.00000000
v 0.81403672 0.47517583 -0.49741901 0.00000000 0.00000000 0.00000000
v 0.83205474 0.47517583 -0.49741901 0.00000000 0.00000000 0.00000000
v 0.85007276 0.47517583 -0.49741901 0.00000000 0.00000000 0.00000000
v 0.86809077 0.47517583 -0.49741901 0.00000000 0.00000000 0.00000000
v 0.88610879 0.47517583 -0.49741901 0.00000000 0.00000000 0.00000000
v 0.90412681 0.47517583 -0.49741901 0.00000000 0.00000000 0.00000000
v 0.92214483 0.47517583 -0.49741901 0.00000000 0.00000000 0.00000000
v -0.91569301 0.45715782 -0.49741901 0.00000000 0.00000000 0.00000000
v -0.89767499 0.45715782 -0.49741901 0.00000000 0.00000000 0.00000000
v -0.87965697 0.45715782 -0.49741901 0.00000000 0.00000000 0.00000000
v -0.86163896 0.45715782 -0.49741901 0.00000000 0.00000000 0.00000000
v -0.84362094 0.45715782 -0.49741901 0.00000000 0.00000000 0.00000000
v -0.82560292 0.45715782 -0.49741901 0.00000000 0.00000000 0.00000000
v -0.80758490 0.45715782 -0.49741901 0.00000000 0.00000000 0.00000000
v -0.78956688 0.45715782 -0.49741901 0.00000000 0.00000000 0.00000000
v -0.77154887 0.45715782 -0.49741901 0.00000000 0.00000000 0.00000000
v -0.75353085 0.45715782 -0.49741901 0.00000000 0.00000000 0.00000000
v -0.73551283 0.45715782 -0.49741901 0.00000000 0.00000000 0.00000000
v -0.71749481 0.45715782 -0.49741901 0.00000000 0.00000000 0.00000000
v -0.69947679 0.45715782 -0.49741901 0.00000000 0.00000000 0.00000000
v -0.68145878 0.45715782 -0.49741901 0.00000000 0.00000000 0.00000000
v -0.66344076 0.45715782 -0.49741901 0.00000000 0.00000000 0.00000000
v -0.64542274 0.45715782 -0.49741901 0.00000000 0.00000000 0.00000000
v -0.62740472 0.45715782 -0.49741901 0.00000000 0.00000000 0.00000000
v -0.60938670 0.45715782 -0.49741901 0.00000000 0.00000000 0.00000000
v -0.59136869 0.45715782 -0.49741901 0.00000000 0.00000000 0.00000000
v -0.57335067 0.45715782 -0.49741901 0.00000000 0.00000000 0.00000000
v -0.55533265 0.45715782 -0.49741901 0.00000000 0.00000000 0.00000000
v -0.53731463 0.45715782 -0.49741901 0.00000000 0.00000000 0.00000000
v -0.51929661 0.45715782 -0.49741901 0.00000000 0.00000000 0.00000000
v -0.50127860 0.45715782 -0.49741901 0.00000000 0.00000000 0.00000000
v -0.48326058 0.45715782 -0.49741901 0.00000000 0.00000000 0.00000000
v -0.46524256 0.45715782 -0.49741901 0.00000000 0.00000000 0.00000000
v -0.44722454 0.45715782 -0.49741901 0.00000000 0.00000000 0.00000000
v -0.42920652 0.45715782 -0.49741901 0.00000000 0.00000000 0.00000000
v -0.41118851 0.45715782 -0.49741901 0.00000000 0.00000000 0.00000000
v -0.39317049 0.45715782 -0.49741901 0.00000000 0.00000000 0.00000000
v -0.37515247 0.45715782 -0.49741901 0.00000000 0.00000000 0.00000000
v -0.35713445 0.45715782 -0.49741901 0.00000000 0.00000000 0.00000000
v -0.33911643 0.45715782 -0.49741901 0.00000000 0.00000000 0.00000000
v -0.32109842 0.45715782 -0.49741901 0.00392157 0.00392157 0.00392157
v -0.30308040 0.45715782 0.32208140 0.72156863 0.57647059 0.47450980
v -0.28506238 0.45715782 0.34202911 0.87058824 0.66666667 0.50980392
v -0.26704436 0.45715782 0.34517276 0.81960784 0.63137255 0.48627451
v -0.24902634 0.45715782 0.35309558 0.42352941 0.28235294 0.18039216
v -0.23100833 0.45715782 0.35553039 0.23921569 0.13725490 0.07843137
v -0.21299031 0.45715782 0.35667906 0.27843137 0.18039216 0.15294118
v -0.19497229 0.45715782 0.35830783 0.13333333 0.09411765 0.09019608
v -0.17695427 0.45715782 0.36108871 0.19607843 0.17254902 0.17254902
v -0.15893625 0.45715782 0.36436543 0.27450980 0.25098039 0.25098039
v -0.14091824 0.45715782 0.36590904 0.28627451 0.26274510 0.26274510
v -0.12290022 0.45715782 0.36707998 0.27450980 0.25098039 0.25098039
v -0.10488220 0.45715782 0.36784396 0.27843137 0.25490196 0.25490196
v -0.08686418 0.45715782 0.36814872 0.28627451 0.26274510 0.26274510
v -0.06884616 0.45715782 0.36883337 0.29019608 0.26666667 0.26666667
v -0.05082815 0.45715782 0.36938399 0.28627451 0.27058824 0.26666667
v -0.03281013 0.45715782 0.37060696 0.27843137 0.27450980 0.26666667
v -0.01479211 0.45715782 0.37099022 0.27843137 0.27450980 0.26666667
v 0.00322591 0.45715782 0.37071020 0.27843137 0.27450980 0.26666667
v 0.02124393 0.45715782 0.37094245 0.26666667 0.26274510 0.25490196
v 0.03926195 0.45715782 0.37057095 0.26274510 0.25882353 0.25098039
v 0.05727996 0.45715782 0.36933231 0.25490196 0.25098039 0.24313725
v 0.07529798 0.45715782 0.36803723 0.24705882 0.24313725 0.23529412
v 0.09331600 0.45715782 0.36642344 0.21176471 0.19215686 0.20784314
v 0.11133402 0.45715782 0.36201579 0.34901961 0.27058824 0.23529412
v 0.12935204 0.45715782 0.35494499 0.58039216 0.41176471 0.29803922
v 0.14737005 0.45715782 0.34671321 0.89803922 0.68235294 0.52941176
v 0.16538807 0.45715782 0.33697632 0.83529412 0.64313725 0.51372549
v 0.18340609 0.45715782 0.32087410 0.78039216 0.65882353 0.57647059
v 0.20142411 0.45715782 0.29504888 0.33333333 0.32941176 0.31372549
v 0.21944213 0.45715782 -0.49741901 0.00784314 0.00784314 0.00784314
v 0.23746014 0.45715782 -0.49741901 0.00000000 0.00000000 0.00000000
v 0.25547816 0.45715782 -0.49741901 0.00000000 0.00000000 0.00000000
v 0.27349618 0.45715782 -0.49741901 0.00000000 0.00000000 0.00000000
v 0.29151420 0.45715782 -0.49741901 0.00000000 0.00000000 0.00000000
v 0.30953222 0.45715782 -0.49741901 0.00000000 0.00000000 0.00000000
v 0.32755023 0.45715782 -0.49741901 0.00000000 0.00000000 0.00000000
v 0.34556825 0.45715782 -0.49741901 0.00000000 0.00000000 0.00000000
v 0.36358627 0.45715782 -0.49741901 0.00000000 0.00000000 0.00000000
v 0.38160429 0.45715782 -0.49741901 0.00000000 0.00000000 0.00000000
v 0.39962231 0.45715782 -0.49741901 0.00000000 0.00000000 0.00000000
v 0.41764032 0.45715782 -0.49741901 0.00000000 0.00000000 0.00000000
v 0.43565834 0.45715782 -0.49741901 0.00000000 0.00000000 0.00000000
v 0.45367636 0.45715782 -0.49741901 0.00000000 0.00000000 0.00000000
v 0.47169438 0.45715782 -0.49741901 0.00000000 0.00000000 0.00000000
v 0.48971240 0.45715782 -0.49741901 0.00000000 0.00000000 0.00000000
v 0.50773041 0.45715782 -0.49741901 0.00000000 0.00000000 0.00000000
v 0.52574843 0.45715782 -0.49741901 0.00000000 0.00000000 0.00000000
v 0.54376645 0.45715782 -0.49741901 0.00000000 0.00000000 0.00000000
v 0.56178447 0.45715782 -0.49741901 0.00000000 0.00000000 0.00000000
v 0.57980249 0.45715782 -0.49741901 0.00000000 0.00000000 0.00000000
v 0.59782050 0.45715782 -0.49741901 0.00000000 0.00000000 0.00000000
v 0.61583852 0.45715782 -0.49741901 0.00000000 0.00000000 0.00000000
v 0.63385654 0.45715782 -0.49741901 0.00000000 0.00000000 0.00000000
v 0.65187456 0.45715782 -0.49741901 0.00000000 0.00000000 0.00000000
v 0.66989258 0.45715782 -0.49741901 0.00000000 0.00000000 0.00000000
v 0.68791059 0.45715782 -0.49741901 0.00000000 0.00000000 0.00000000
v 0.70592861 0.45715782 -0.49741901 0.00000000 0.00000000 0.00000000
v 0.72394663 0.45715782 -0.49741901 0.00000000 0.00000000 0.00000000
v 0.74196465 0.45715782 -0.49741901 0.00000000 0.00000000 0.00000000
v 0.75998267 0.45715782 -0.49741901 0.00000000 0.00000000 0.00000000
v 0.77800068 0.45715782 -0.49741901 0.00000000 0.00000000 0.00000000
v 0.79601870 0.45715782 -0.49741901 0.00000000 0.00000000 0.00000000
v 0.81403672 0.45715782 -0.49741901 0.00000000 0.00000000 0.00000000
v 0.83205474 0.45715782 -0.49741901 0.00000000 0.00000000 0.00000000
v 0.85007276 0.45715782 -0.49741901 0.00000000 0.00000000 0.00000000
v 0.86809077 0.45715782 -0.49741901 0.00000000 0.00000000 0.00000000
v 0.88610879 0.45715782 -0.49741901 0.00000000 0.00000000 0.00000000
v 0.90412681 0.45715782 -0.49741901 0.00000000 0.00000000 0.00000000
v 0.92214483 0.45715782 -0.49741901 0.00000000 0.00000000 0.00000000
v -0.91569301 0.43913980 -0.49741901 0.00000000 0.00000000 0.00000000
v -0.89767499 0.43913980 -0.49741901 0.00000000 0.00000000 0.00000000
v -0.87965697 0.43913980 -0.49741901 0.00000000 0.00000000 0.00000000
v -0.86163896 0.43913980 -0.49741901 0.00000000 0.00000000 0.00000000
v -0.84362094 0.43913980 -0.49741901 0.00000000 0.00000000 0.00000000
v -0.82560292 0.43913980 -0.49741901 0.00000000 0.00000000 0.00000000
v -0.80758490 0.43913980 -0.49741901 0.00000000 0.00000000 0.00000000
v -0.78956688 0.43913980 -0.49741901 0.00000000 0.00000000 0.00000000
v -0.77154887 0.43913980 -0.49741901 0.00000000 0.00000000 0.00000000
v -0.75353085 0.43913980 -0.49741901 0.00000000 0.00000000 0.00000000
v -0.73551283 0.43913980 -0.49741901 0.00000000 0.00000000 0.00000000
v -0.71749481 0.43913980 -0.49741901 0.00000000 0.00000000 0.00000000
v -0.69947679 0.43913980 -0.49741901 0.00000000 0.00000000 0.00000000
v -0.68145878 0.43913980 -0.49741901 0.00000000 0.00000000 0.00000000
v -0.66344076 0.43913980 -0.49741901 0.00000000 0.00000000 0.00000000
v -0.64542274 0.43913980 -0.49741901 0.00000000 0.00000000 0.00000000
v -0.62740472 0.43913980 -0.49741901 0.00000000 0.00000000 0.00000000
v -0.60938670 0.43913980 -0.49741901 0.00000000 0.00000000 0.00000000
v -0.59136869 0.43913980 -0.49741901 0.00000000 0.00000000 0.00000000
v -0.57335067 0.43913980 -0.49741901 0.00000000 0.00000000 0.00000000
v -0.55533265 0.43913980 -0.49741901 0.00000000 0.00000000 0.00000000
v -0.53731463 0.43913980 -0.49741901 0.00000000 0.00000000 0.00000000
v -0.51929661 0.43913980 -0.49741901 0.00000000 0.00000000 0.00000000
v -0.50127860 0.43913980 -0.49741901 0.00000000 0.00000000 0.00000000
v -0.48326058 0.43913980 -0.49741901 0.00000000 0.00000000 0.00000000
v -0.46524256 0.43913980 -0.49741901 0.00000000 0.00000000 0.00000000
v -0.44722454 0.43913980 -0.49741901 0.00000000 0.00000000 0.00000000
v -0.42920652 0.43913980 -0.49741901 0.00000000 0.00000000 0.00000000
v -0.41118851 0.43913980 -0.49741901 0.00000000 0.00000000 0.00000000
v -0.39317049 0.43913980 -0.49741901 0.00000000 0.00000000 0.00000000
v -0.37515247 0.43913980 -0.49741901 0.00000000 0.00000000 0.00000000
v -0.35713445 0.43913980 -0.49741901 0.00000000 0.00000000 0.00000000
v -0.33911643 0.43913980 -0.49741901 0.00392157 0.00392157 0.00392157
v -0.32109842 0.43913980 0.17810566 0.07843137 0.07843137 0.07450980
v -0.30308040 0.43913980 0.31928547 0.81176471 0.64705882 0.54901961
v -0.28506238 0.43913980 0.33598532 0.90588235 0.67843137 0.52156863
v -0.26704436 0.43913980 0.34124019 0.87843137 0.66274510 0.50980392
v -0.24902634 0.43913980 0.34947767 0.74509804 0.57254902 0.46274510
v -0.23100833 0.43913980 0.35259850 0.42352941 0.29411765 0.21960784
v -0.21299031 0.43913980 0.35402774 0.38039216 0.27058824 0.22745098
v -0.19497229 0.43913980 0.35578401 0.15294118 0.10980392 0.10196078
v -0.17695427 0.43913980 0.35895709 0.21960784 0.19607843 0.19607843
v -0.15893625 0.43913980 0.36181213 0.27843137 0.25490196 0.25490196
v -0.14091824 0.43913980 0.36332914 0.26274510 0.23921569 0.23921569
v -0.12290022 0.43913980 0.36456057 0.29019608 0.26666667 0.26666667
v -0.10488220 0.43913980 0.36543307 0.29411765 0.27058824 0.27058824
v -0.08686418 0.43913980 0.36614047 0.29803922 0.27450980 0.27450980
v -0.06884616 0.43913980 0.36698864 0.30588235 0.28235294 0.28235294
v -0.05082815 0.43913980 0.36755912 0.29803922 0.28235294 0.27843137
v -0.03281013 0.43913980 0.36880024 0.29019608 0.28627451 0.27843137
v -0.01479211 0.43913980 0.36909387 0.29019608 0.28627451 0.27843137
v 0.00322591 0.43913980 0.36950668 0.29019608 0.28627451 0.27843137
v 0.02124393 0.43913980 0.36944077 0.28235294 0.27843137 0.27058824
v 0.03926195 0.43913980 0.36886932 0.27450980 0.27058824 0.26274510
v 0.05727996 0.43913980 0.36755383 0.25490196 0.25098039 0.24313725
v 0.07529798 0.43913980 0.36610067 0.23921569 0.23529412 0.22745098
v 0.09331600 0.43913980 0.36449479 0.27843137 0.27450980 0.29411765
v 0.11133402 0.43913980 0.35965542 0.58039216 0.51764706 0.49411765
v 0.12935204 0.43913980 0.35190752 0.67450980 0.47843137 0.34117647
v 0.14737005 0.43913980 0.34292738 0.94117647 0.67450980 0.48627451
v 0.16538807 0.43913980 0.33262626 0.92549020 0.68627451 0.50980392
v 0.18340609 0.43913980 0.31467443 0.72549020 0.57254902 0.45882353
v 0.20142411 0.43913980 0.28483332 0.20000000 0.19215686 0.18039216
v 0.21944213 0.43913980 -0.49741901 0.00784314 0.00784314 0.00784314
v 0.23746014 0.43913980 -0.49741901 0.00000000 0.00000000 0.00000000
v 0.25547816 0.43913980 -0.49741901 0.00000000 0.00000000 0.00000000
v 0.27349618 0.43913980 -0.49741901 0.00000000 0.00000000 0.00000000
v 0.29151420 0.43913980 -0.49741901 0.00000000 0.00000000 0.00000000
v 0.30953222 0.43913980 -0.49741901 0.00000000 0.00000000 0.00000000
v 0.32755023 0.43913980 -0.49741901 0.00000000 0.00000000 0.00000000
v 0.34556825 0.43913980 -0.49741901 0.00000000 0.00000000 0.00000000
v 0.36358627 0.43913980 -0.49741901 0.00000000 0.00000000 0.00000000
v 0.38160429 0.43913980 -0.49741901 0.00000000 0.00000000 0.00000000
v 0.39962231 0.43913980 -0.49741901 0.00000000 0.00000000 0.00000000
v 0.41764032 0.43913980 -0.49741901 0.00000000 0.00000000 0.00000000
v 0.43565834 0.43913980 -0.49741901 0.00000000 0.00000000 0.00000000
v 0.45367636 0.43913980 -0.49741901 0.00000000 0.00000000 0.00000000
v 0.47169438 0.43913980 -0.49741901 0.00000000 0.00000000 0.00000000
v 0.48971240 0.43913980 -0.49741901 0.00000000 0.00000000 0.00000000
v 0.50773041 0.43913980 -0.49741901 0.00000000 0.00000000 0.00000000
v 0.52574843 0.43913980 -0.49741901 0.00000000 0.00000000 0.00000000
v 0.54376645 0.43913980 -0.49741901 0.00000000 0.00000000 0.00000000
v 0.56178447 0.43913980 -0.49741901 0.00000000 0.00000000 0.00000000
v 0.57980249 0.43913980 -0.49741901 0.00000000 0.00000000 0.00000000
v 0.59782050 0.43913980 -0.49741901 0.00000000 0.00000000 0.00000000
v 0.61583852 0.43913980 -0.49741901 0.00000000 0.00000000 0.00000000
v 0.63385654 0.43913980 -0.49741901 0.00000000 0.00000000 0.00000000
v 0.65187456 0.43913980 -0.49741901 0.00000000 0.00000000 0.00000000
v 0.66989258 0.43913980 -0.49741901 0.00000000 0.00000000 0.00000000
v 0.68791059 0.43913980 -0.49741901 0.00000000 0.00000000 0.00000000
v 0.70592861 0.43913980 -0.49741901 0.00000000 0.00000000 0.00000000
v 0.72394663 0.43913980 -0.49741901 0.00000000 0.00000000 0.00000000
v 0.74196465 0.43913980 -0.49741901 0.00000000 0.00000000 0.00000000
v 0.75998267 0.43913980 -0.49741901 0.00000000 0.00000000 0.00000000
v 0.77800068 0.43913980 -0.49741901 0.00000000 0.00000000 0.00000000
v 0.79601870 0.43913980 -0.49741901 0.00000000 0.00000000 0.00000000
v 0.81403672 0.43913980 -0.49741901 0.00000000 0.00000000 0.00000000
v 0.83205474 0.43913980 -0.49741901 0.00000000 0.00000000 0.00000000
v 0.85007276 0.43913980 -0.49741901 0.00000000 0.00000000 0.00000000
v 0.86809077 0.43913980 -0.49741901 0.00000000 0.00000000 0.00000000
v 0.88610879 0.43913980 -0.49741901 0.00000000 0.00000000 0.00000000
v 0.90412681 0.43913980 -0.49741901 0.00000000 0.00000000 0.00000000
v 0.92214483 0.43913980 -0.49741901 0.00000000 0.00000000 0.00000000
v -0.91569301 0.42112178 -0.49741901 0.00000000 0.00000000 0.00000000
v -0.89767499 0.42112178 -0.49741901 0.00000000 0.00000000 0.00000000
v -0.87965697 0.42112178 -0.49741901 0.00000000 0.00000000 0.00000000
v -0.86163896 0.42112178 -0.49741901 0.00000000 0.00000000 0.00000000
v -0.84362094 0.42112178 -0.49741901 0.00000000 0.00000000 0.00000000
v -0.82560292 0.42112178 -0.49741901 0.00000000 0.00000000 0.00000000
v -0.80758490 0.42112178 -0.49741901 0.00000000 0.00000000 0.00000000
v -0.78956688 0.42112178 -0.49741901 0.00000000 0.00000000 0.00000000
v -0.77154887 0.42112178 -0.49741901 0.00000000 0.00000000 0.00000000
v -0.75353085 0.42112178 -0.49741901 0.00000000 0.00000000 0.00000000
v -0.73551283 0.42112178 -0.49741901 0.00000000 0.00000000 0.00000000
v -0.71749481 0.42112178 -0.49741901 0.00000000 0.00000000 0.00000000
v -0.69947679 0.42112178 -0.49741901 0.00000000 0.00000000 0.00000000
v -0.68145878 0.42112178 -0.49741901 0.00000000 0.00000000 0.00000000
v -0.66344076 0.42112178 -0.49741901 0.00000000 0.00000000 0.00000000
v -0.64542274 0.42112178 -0.49741901 0.00000000 0.00000000 0.00000000
v -0.62740472 0.42112178 -0.49741901 0.00000000 0.00000000 0.00000000
v -0.60938670 0.42112178 -0.49741901 0.00000000 0.00000000 0.00000000
v -0.59136869 0.42112178 -0.49741901 0.00000000 0.00000000 0.00000000
v -0.57335067 0.42112178 -0.49741901 0.00000000 0.00000000 0.00000000
v -0.55533265 0.42112178 -0.49741901 0.00000000 0.00000000 0.00000000
v -0.53731463 0.42112178 -0.49741901 0.00000000 0.00000000 0.00000000
v -0.51929661 0.42112178 -0.49741901 0.00000000 0.00000000 0.00000000
v -0.50127860 0.42112178 -0.49741901 0.00000000 0.00000000 0.00000000
v -0.48326058 0.42112178 -0.49741901 0.00000000 0.00000000 0.00000000
v -0.46524256 0.42112178 -0.49741901 0.00000000 0.00000000 0.00000000
v -0.44722454 0.42112178 -0.49741901 0.00000000 0.00000000 0.00000000
v -0.42920652 0.42112178 -0.49741901 0.00000000 0.00000000 0.00000000
v -0.41118851 0.42112178 -0.49741901 0.00000000 0.00000000 0.00000000
v -0.39317049 0.42112178 -0.49741901 0.00000000 0.00000000 0.00000000
v -0.37515247 0.42112178 -0.49741901 0.00000000 0.00000000 0.00000000
v -0.35713445 0.42112178 -0.49741901 0.00000000 0.00000000 0.00000000
v -0.33911643 0.42112178 -0.49741901 0.00392157 0.00392157 0.00392157
v -0.32109842 0.42112178 0.20038534 0.15686275 0.14901961 0.14117647
v -0.30308040 0.42112178 0.31770619 0.83137255 0.65490196 0.54117647
v -0.28506238 0.42112178 0.33029991 0.95294118 0.70980392 0.54901961
v -0.26704436 0.42112178 0.33748233 0.93725490 0.70588235 0.54901961
v -0.24902634 0.42112178 0.34618383 0.77647059 0.60000000 0.48627451
v -0.23100833 0.42112178 0.35021785 0.70980392 0.66666667 0.61568627
v -0.21299031 0.42112178 0.35212747 0.53725490 0.43921569 0.38431373
v -0.19497229 0.42112178 0.35369837 0.17254902 0.12941176 0.12156863
v -0.17695427 0.42112178 0.35714748 0.21960784 0.19607843 0.19607843
v -0.15893625 0.42112178 0.35991000 0.27058824 0.24705882 0.24705882
v -0.14091824 0.42112178 0.36110947 0.25098039 0.22745098 0.22745098
v -0.12290022 0.42112178 0.36238303 0.30196078 0.27843137 0.27843137
v -0.10488220 0.42112178 0.36344667 0.30196078 0.27843137 0.27843137
v -0.08686418 0.42112178 0.36408631 0.30588235 0.28235294 0.28235294
v -0.06884616 0.42112178 0.36477178 0.30980392 0.28627451 0.28627451
v -0.05082815 0.42112178 0.36601867 0.30588235 0.29019608 0.28627451
v -0.03281013 0.42112178 0.36741272 0.29411765 0.29019608 0.28235294
v -0.01479211 0.42112178 0.36783055 0.29411765 0.29019608 0.28235294
v 0.00322591 0.42112178 0.36829787 0.29019608 0.28627451 0.27843137
v 0.02124393 0.42112178 0.36825381 0.28627451 0.28235294 0.27450980
v 0.03926195 0.42112178 0.36762600 0.28235294 0.27843137 0.27058824
v 0.05727996 0.42112178 0.36615930 0.27058824 0.26666667 0.25882353
v 0.07529798 0.42112178 0.36464944 0.26274510 0.25882353 0.25098039
v 0.09331600 0.42112178 0.36259658 0.25882353 0.27450980 0.30980392
v 0.11133402 0.42112178 0.35724240 0.52549020 0.48627451 0.47058824
v 0.12935204 0.42112178 0.34866606 0.83529412 0.64313725 0.51372549
v 0.14737005 0.42112178 0.33915056 0.97254902 0.70588235 0.52156863
v 0.16538807 0.42112178 0.32840981 0.89019608 0.65098039 0.48235294
v 0.18340609 0.42112178 0.30887190 0.72941176 0.58823529 0.48627451
v 0.20142411 0.42112178 0.27435954 0.05490196 0.05098039 0.05098039
v 0.21944213 0.42112178 -0.49741901 0.00392157 0.00392157 0.00392157
v 0.23746014 0.42112178 -0.49741901 0.00000000 0.00000000 0.00000000
v 0.25547816 0.42112178 -0.49741901 0.00000000 0.00000000 0.00000000
v 0.27349618 0.42112178 -0.49741901 0.00000000 0.00000000 0.00000000
v 0.29151420 0.42112178 -0.49741901 0.00000000 0.00000000 0.00000000
v 0.30953222 0.42112178 -0.49741901 0.00000000 0.00000000 0.00000000
v 0.32755023 0.42112178 -0.49741901 0.00000000 0.00000000 0.00000000
v 0.34556825 0.42112178 -0.49741901 0.00000000 0.00000000 0.00000000
v 0.36358627 0.42112178 -0.49741901 0.00000000 0.00000000 0.00000000
v 0.38160429 0.42112178 -0.49741901 0.00000000 0.00000000 0.00000000
v 0.39962231 0.42112178 -0.49741901 0.00000000 0.00000000 0.00000000
v 0.41764032 0.42112178 -0.49741901 0.00000000 0.00000000 0.00000000
v 0.43565834 0.42112178 -0.49741901 0.00000000 0.00000000 0.00000000
v 0.45367636 0.42112178 -0.49741901 0.00000000 0.00000000 0.00000000
v 0.47169438 0.42112178 -0.49741901 0.00000000 0.00000000 0.00000000
v 0.48971240 0.42112178 -0.49741901 0.00000000 0.00000000 0.00000000
v 0.50773041 0.42112178 -0.49741901 0.00000000 0.00000000 0.00000000
v 0.52574843 0.42112178 -0.49741901 0.00000000 0.00000000 0.00000000
v 0.54376645 0.42112178 -0.49741901 0.00000000 0.00000000 0.00000000
v 0.56178447 0.42112178 -0.49741901 0.00000000 0.00000000 0.00000000
v 0.57980249 0.42112178 -0.49741901 0.00000000 0.00000000 0.00000000
v 0.59782050 0.42112178 -0.49741901 0.00000000 0.00000000 0.00000000
v 0.61583852 0.42112178 -0.49741901 0.00000000 0.00000000 0.00000000
v 0.63385654 0.42112178 -0.49741901 0.00000000 0.00000000 0.00000000
v 0.65187456 0.42112178 -0.49741901 0.00000000 0.00000000 0.00000000
v 0.66989258 0.42112178 -0.49741901 0.00000000 0.00000000 0.00000000
v 0.68791059 0.42112178 -0.49741901 0.00000000 0.00000000 0.00000000
v 0.70592861 0.42112178 -0.49741901 0.00000000 0.00000000 0.00000000
v 0.72394663 0.42112178 -0.49741901 0.00000000 0.00000000 0.00000000
v 0.74196465 0.42112178 -0.49741901 0.00000000 0.00000000 0.00000000
v 0.75998267 0.42112178 -0.49741901 0.00000000 0.00000000 0.00000000
v 0.77800068 0.42112178 -0.49741901 0.00000000 0.00000000 0.00000000
v 0.79601870 0.42112178 -0.49741901 0.00000000 0.00000000 0.00000000
v 0.81403672 0.42112178 -0.49741901 0.00000000 0.00000000 0.00000000
v 0.83205474 0.42112178 -0.49741901 0.00000000 0.00000000 0.00000000
v 0.85007276 0.42112178 -0.49741901 0.00000000 0.00000000 0.00000000
v 0.86809077 0.42112178 -0.49741901 0.00000000 0.00000000 0.00000000
v 0.88610879 0.42112178 -0.49741901 0.00000000 0.00000000 0.00000000
v 0.90412681 0.42112178 -0.49741901 0.00000000 0.00000000 0.00000000
v 0.92214483 0.42112178 -0.49741901 0.00000000 0.00000000 0.00000000
v -0.91569301 0.40310376 -0.49741901 0.00000000 0.00000000 0.00000000
v -0.89767499 0.40310376 -0.49741901 0.00000000 0.00000000 0.00000000
v -0.87965697 0.40310376 -0.49741901 0.00000000 0.00000000 0.00000000
v -0.86163896 0.40310376 -0.49741901 0.00000000 0.00000000 0.00000000
v -0.84362094 0.40310376 -0.49741901 0.00000000 0.00000000 0.00000000
v -0.82560292 0.40310376 -0.49741901 0.00000000 0.00000000 0.00000000
v -0.80758490 0.40310376 -0.49741901 0.00000000 0.00000000 0.00000000
v -0.78956688 0.40310376 -0.49741901 0.00000000 0.00000000 0.00000000
v -0.77154887 0.40310376 -0.49741901 0.00000000 0.00000000 0.00000000
v -0.75353085 0.40310376 -0.49741901 0.00000000 0.00000000 0.00000000
v -0.73551283 0.40310376 -0.49741901 0.00000000 0.00000000 0.00000000
v -0.71749481 0.40310376 -0.49741901 0.00000000 0.00000000 0.00000000
v -0.69947679 0.40310376 -0.49741901 0.00000000 0.00000000 0.00000000
v -0.68145878 0.40310376 -0.49741901 0.00000000 0.00000000 0.00000000
v -0.66344076 0.40310376 -0.49741901 0.00000000 0.00000000 0.00000000
v -0.64542274 0.40310376 -0.49741901 0.00000000 0.00000000 0.00000000
v -0.62740472 0.40310376 -0.49741901 0.00000000 0.00000000 0.00000000
v -0.60938670 0.40310376 -0.49741901 0.00000000 0.00000000 0.00000000
v -0.59136869 0.40310376 -0.49741901 0.00000000 0.00000000 0.00000000
v -0.57335067 0.40310376 -0.49741901 0.00000000 0.00000000 0.00000000
v -0.55533265 0.40310376 -0.49741901 0.00000000 0.00000000 0.00000000
v -0.53731463 0.40310376 -0.49741901 0.00000000 0.00000000 0.00000000
v -0.51929661 0.40310376 -0.49741901 0.00000000 0.00000000 0.00000000
v -0.50127860 0.40310376 -0.49741901 0.00000000 0.00000000 0.00000000
v -0.48326058 0.40310376 -0.49741901 0.00000000 0.00000000 0.00000000
v -0.46524256 0.40310376 -0.49741901 0.00000000 0.00000000 0.00000000
v -0.44722454 0.40310376 -0.49741901 0.00000000 0.00000000 0.00000000
v -0.42920652 0.40310376 -0.49741901 0.00000000 0.00000000 0.00000000
v -0.41118851 0.40310376 -0.49741901 0.00000000 0.00000000 0.00000000
v -0.39317049 0.40310376 -0.49741901 0.00000000 0.00000000 0.00000000
v -0.37515247 0.40310376 -0.49741901 0.00000000 0.00000000 0.00000000
v -0.35713445 0.40310376 -0.49741901 0.00000000 0.00000000 0.00000000
v -0.33911643 0.40310376 -0.49741901 0.00392157 0.00392157 0.00392157
v -0.32109842 0.40310376 0.22042268 0.27843137 0.25882353 0.24705882
v -0.30308040 0.40310376 0.31848404 0.85098039 0.66666667 0.54901961
v -0.28506238 0.40310376 0.32793988 0.97254902 0.71764706 0.56078431
v -0.26704436 0.40310376 0.33528459 0.97647059 0.73333333 0.58823529
v -0.24902634 0.40310376 0.34430590 0.76470588 0.59215686 0.48627451
v -0.23100833 0.40310376 0.34914390 0.40392157 0.36078431 0.33333333
v -0.21299031 0.40310376 0.35103069 0.45490196 0.41568627 0.39215686
v -0.19497229 0.40310376 0.35252599 0.18823529 0.15686275 0.14509804
v -0.17695427 0.40310376 0.35622019 0.18823529 0.16470588 0.16470588
v -0.15893625 0.40310376 0.35881666 0.27058824 0.24705882 0.24705882
v -0.14091824 0.40310376 0.35973240 0.26274510 0.23921569 0.23921569
v -0.12290022 0.40310376 0.36069508 0.30588235 0.28235294 0.28235294
v -0.10488220 0.40310376 0.36157115 0.30588235 0.28235294 0.28235294
v -0.08686418 0.40310376 0.36224769 0.30980392 0.28627451 0.28627451
v -0.06884616 0.40310376 0.36277013 0.31372549 0.29019608 0.29019608
v -0.05082815 0.40310376 0.36418858 0.30588235 0.29019608 0.28627451
v -0.03281013 0.40310376 0.36582787 0.29803922 0.29411765 0.28627451
v -0.01479211 0.40310376 0.36615373 0.29411765 0.29019608 0.28235294
v 0.00322591 0.40310376 0.36679811 0.29411765 0.29019608 0.28235294
v 0.02124393 0.40310376 0.36681584 0.26274510 0.25882353 0.25098039
v 0.03926195 0.40310376 0.36604809 0.25882353 0.25490196 0.24705882
v 0.05727996 0.40310376 0.36487447 0.25098039 0.24705882 0.23921569
v 0.07529798 0.40310376 0.36279907 0.24313725 0.23921569 0.23137255
v 0.09331600 0.40310376 0.36023339 0.24313725 0.25490196 0.29019608
v 0.11133402 0.40310376 0.35462414 0.43921569 0.40392157 0.38823529
v 0.12935204 0.40310376 0.34500533 0.80784314 0.63529412 0.52156863
v 0.14737005 0.40310376 0.33421345 0.95686275 0.71764706 0.54509804
v 0.16538807 0.40310376 0.32310182 0.89411765 0.68627451 0.52941176
v 0.18340609 0.40310376 0.30294551 0.67843137 0.56862745 0.48627451
v 0.20142411 0.40310376 -0.49741901 0.00000000 0.00000000 0.00000000
v 0.21944213 0.40310376 -0.49741901 0.00000000 0.00000000 0.00000000
v 0.23746014 0.40310376 -0.49741901 0.00000000 0.00000000 0.00000000
v 0.25547816 0.40310376 -0.49741901 0.00000000 0.00000000 0.00000000
v 0.27349618 0.40310376 -0.49741901 0.00000000 0.00000000 0.00000000
v 0.29151420 0.40310376 -0.49741901 0.00000000 0.00000000 0.00000000
v 0.30953222 0.40310376 -0.49741901 0.00000000 0.00000000 0.00000000
v 0.32755023 0.40310376 -0.49741901 0.00000000 0.00000000 0.00000000
v 0.34556825 0.40310376 -0.49741901 0.00000000 0.00000000 0.00000000
v 0.36358627 0.40310376 -0.49741901 0.00000000 0.00000000 0.00000000
v 0.38160429 0.40310376 -0.49741901 0.00000000 0.00000000 0.00000000
v 0.39962231 0.40310376 -0.49741901 0.00000000 0.00000000 0.00000000
v 0.41764032 0.40310376 -0.49741901 0.00000000 0.00000000 0.00000000
v 0.43565834 0.40310376 -0.49741901 0.00000000 0.00000000 0.00000000
v 0.45367636 0.40310376 -0.49741901 0.00000000 0.00000000 0.00000000
v 0.47169438 0.40310376 -0.49741901 0.00000000 0.00000000 0.00000000
v 0.48971240 0.40310376 -0.49741901 0.00000000 0.00000000 0.00000000
v 0.50773041 0.40310376 -0.49741901 0.00000000 0.00000000 0.00000000
v 0.52574843 0.40310376 -0.49741901 0.00000000 0.00000000 0.00000000
v 0.54376645 0.40310376 -0.49741901 0.00000000 0.00000000 0.00000000
v 0.56178447 0.40310376 -0.49741901 0.00000000 0.00000000 0.00000000
v 0.57980249 0.40310376 -0.49741901 0.00000000 0.00000000 0.00000000
v 0.59782050 0.40310376 -0.49741901 0.00000000 0.00000000 0.00000000
v 0.61583852 0.40310376 -0.49741901 0.00000000 0.00000000 0.00000000
v 0.63385654 0.40310376 -0.49741901 0.00000000 0.00000000 0.00000000
v 0.65187456 0.40310376 -0.49741901 0.00000000 0.00000000 0.00000000
v 0.66989258 0.40310376 -0.49741901 0.00000000 0.00000000 0.00000000
v 0.68791059 0.40310376 -0.49741901 0.00000000 0.00000000 0.00000000
v 0.70592861 0.40310376 -0.49741901 0.00000000 0.00000000 0.00000000
v 0.72394663 0.40310376 -0.49741901 0.00000000 0.00000000 0.00000000
v 0.74196465 0.40310376 -0.49741901 0.00000000 0.00000000 0.00000000
v 0.75998267 0.40310376 -0.49741901 0.00000000 0.00000000 0.00000000
v 0.77800068 0.40310376 -0.49741901 0.00000000 0.00000000 0.00000000
v 0.79601870 0.40310376 -0.49741901 0.00000000 0.00000000 0.00000000
v 0.81403672 0.40310376 -0.49741901 0.00000000 0.00000000 0.00000000
v 0.83205474 0.40310376 -0.49741901 0.00000000 0.00000000 0.00000000
v 0.85007276 0.40310376 -0.49741901 0.00000000 0.00000000 0.00000000
v 0.86809077 0.40310376 -0.49741901 0.00000000 0.00000000 0.00000000
v 0.88610879 0.40310376 -0.49741901 0.00000000 0.00000000 0.00000000
v 0.90412681 0.40310376 -0.49741901 0.00000000 0.00000000 0.00000000
v 0.92214483 0.40310376 -0.49741901 0.00000000 0.00000000 0.00000000
v -0.91569301 0.38508574 -0.49741901 0.00000000 0.00000000 0.00000000
v -0.89767499 0.38508574 -0.49741901 0.00000000 0.00000000 0.00000000
v -0.87965697 0.38508574 -0.49741901 0.00000000 0.00000000 0.00000000
v -0.86163896 0.38508574 -0.49741901 0.00000000 0.00000000 0.00000000
v -0.84362094 0.38508574 -0.49741901 0.00000000 0.00000000 0.00000000
v -0.82560292 0.38508574 -0.49741901 0.00000000 0.00000000 0.00000000
v -0.80758490 0.38508574 -0.49741901 0.00000000 0.00000000 0.00000000
v -0.78956688 0.38508574 -0.49741901 0.00000000 0.00000000 0.00000000
v -0.77154887 0.38508574 -0.49741901 0.00000000 0.00000000 0.00000000
v -0.75353085 0.38508574 -0.49741901 0.00000000 0.00000000 0.00000000
v -0.73551283 0.38508574 -0.49741901 0.00000000 0.00000000 0.00000000
v -0.71749481 0.38508574 -0.49741901 0.00000000 0.00000000 0.00000000
v -0.69947679 0.38508574 -0.49741901 0.00000000 0.00000000 0.00000000
v -0.68145878 0.38508574 -0.49741901 0.00000000 0.00000000 0.00000000
v -0.66344076 0.38508574 -0.49741901 0.00000000 0.00000000 0.00000000
v -0.64542274 0.38508574 -0.49741901 0.00000000 0.00000000 0.00000000
v -0.62740472 0.38508574 -0.49741901 0.00000000 0.00000000 0.00000000
v -0.60938670 0.38508574 -0.49741901 0.00000000 0.00000000 0.00000000
v -0.59136869 0.38508574 -0.49741901 0.00000000 0.00000000 0.00000000
v -0.57335067 0.38508574 -0.49741901 0.00000000 0.00000000 0.00000000
v -0.55533265 0.38508574 -0.49741901 0.00000000 0.00000000 0.00000000
v -0.53731463 0.38508574 -0.49741901 0.00000000 0.00000000 0.00000000
v -0.51929661 0.38508574 -0.49741901 0.00000000 0.00000000 0.00000000
v -0.50127860 0.38508574 -0.49741901 0.00000000 0.00000000 0.00000000
v -0.48326058 0.38508574 -0.49741901 0.00000000 0.00000000 0.00000000
v -0.46524256 0.38508574 -0.49741901 0.00000000 0.00000000 0.00000000
v -0.44722454 0.38508574 -0.49741901 0.00000000 0.00000000 0.00000000
v -0.42920652 0.38508574 -0.49741901 0.00000000 0.00000000 0.00000000
v -0.41118851 0.38508574 -0.49741901 0.00000000 0.00000000 0.00000000
v -0.39317049 0.38508574 -0.49741901 0.00000000 0.00000000 0.00000000
v -0.37515247 0.38508574 -0.49741901 0.00000000 0.00000000 0.00000000
v -0.35713445 0.38508574 -0.49741901 0.00000000 0.00000000 0.00000000
v -0.33911643 0.38508574 -0.49741901 0.00392157 0.00392157 0.00392157
v -0.32109842 0.38508574 0.23602616 0.42352941 0.38431373 0.36078431
v -0.30308040 0.38508574 0.32173162 0.88235294 0.68235294 0.56078431
v -0.28506238 0.38508574 0.32817255 0.98823529 0.73333333 0.56862745
v -0.26704436 0.38508574 0.33470984 0.97254902 0.73725490 0.59607843
v -0.24902634 0.38508574 0.34338556 0.72156863 0.56078431 0.47450980
v -0.23100833 0.38508574 0.34811523 0.27450980 0.25490196 0.24313725
v -0.21299031 0.38508574 0.35007620 0.32156863 0.30980392 0.30196078
v -0.19497229 0.38508574 0.35206919 0.25098039 0.23137255 0.21960784
v -0.17695427 0.38508574 0.35551410 0.22352941 0.20000000 0.20000000
v -0.15893625 0.38508574 0.35778154 0.30588235 0.28235294 0.28235294
v -0.14091824 0.38508574 0.35901812 0.33725490 0.31372549 0.31372549
v -0.12290022 0.38508574 0.35996093 0.31372549 0.29019608 0.29019608
v -0.10488220 0.38508574 0.36043581 0.31372549 0.29019608 0.29019608
v -0.08686418 0.38508574 0.36063576 0.31764706 0.29411765 0.29411765
v -0.06884616 0.38508574 0.36111126 0.32156863 0.29803922 0.29803922
v -0.05082815 0.38508574 0.36243877 0.30980392 0.29411765 0.29019608
v -0.03281013 0.38508574 0.36377783 0.30196078 0.29803922 0.29019608
v -0.01479211 0.38508574 0.36438014 0.29803922 0.29411765 0.28627451
v 0.00322591 0.38508574 0.36496307 0.29411765 0.29019608 0.28235294
v 0.02124393 0.38508574 0.36492100 0.28627451 0.28235294 0.27450980
v 0.03926195 0.38508574 0.36457473 0.28235294 0.27843137 0.27058824
v 0.05727996 0.38508574 0.36335574 0.27450980 0.27058824 0.26274510
v 0.07529798 0.38508574 0.36114631 0.26274510 0.25882353 0.25098039
v 0.09331600 0.38508574 0.35790478 0.22745098 0.20392157 0.21176471
v 0.11133402 0.38508574 0.35146138 0.40000000 0.32941176 0.29019608
v 0.12935204 0.38508574 0.34076600 0.86274510 0.68627451 0.55686275
v 0.14737005 0.38508574 0.32907866 0.94901961 0.71764706 0.55294118
v 0.16538807 0.38508574 0.31782338 0.90196078 0.70980392 0.57254902
v 0.18340609 0.38508574 0.29757503 0.70196078 0.60000000 0.52941176
v 0.20142411 0.38508574 -0.49741901 0.00000000 0.00000000 0.00000000
v 0.21944213 0.38508574 -0.49741901 0.00000000 0.00000000 0.00000000
v 0.23746014 0.38508574 -0.49741901 0.00000000 0.00000000 0.00000000
v 0.25547816 0.38508574 -0.49741901 0.00000000 0.00000000 0.00000000
v 0.27349618 0.38508574 -0.49741901 0.00000000 0.00000000 0.00000000
v 0.29151420 0.38508574 -0.49741901 0.00000000 0.00000000 0.00000000
v 0.30953222 0.38508574 -0.49741901 0.00000000 0.00000000 0.00000000
v 0.32755023 0.38508574 -0.49741901 0.00000000 0.00000000 0.00000000
v 0.34556825 0.38508574 -0.49741901 0.00000000 0.00000000 0.00000000
v 0.36358627 0.38508574 -0.49741901 0.00000000 0.00000000 0.00000000
v 0.38160429 0.38508574 -0.49741901 0.00000000 0.00000000 0.00000000
v 0.39962231 0.38508574 -0.49741901 0.00000000 0.00000000 0.00000000
v 0.41764032 0.38508574 -0.49741901 0.00000000 0.00000000 0.00000000
v 0.43565834 0.38508574 -0.49741901 0.00000000 0.00000000 0.00000000
v 0.45367636 0.38508574 -0.49741901 0.00000000 0.00000000 0.00000000
v 0.47169438 0.38508574 -0.49741901 0.00000000 0.00000000 0.00000000
v 0.48971240 0.38508574 -0.49741901 0.00000000 0.00000000 0.00000000
v 0.50773041 0.38508574 -0.49741901 0.00000000 0.00000000 0.00000000
v 0.52574843 0.38508574 -0.49741901 0.00000000 0.00000000 0.00000000
v 0.54376645 0.38508574 -0.49741901 0.00000000 0.00000000 0.00000000
v 0.56178447 0.38508574 -0.49741901 0.00000000 0.00000000 0.00000000
v 0.57980249 0.38508574 -0.49741901 0.00000000 0.00000000 0.00000000
v 0.59782050 0.38508574 -0.49741901 0.00000000 0.00000000 0.00000000
v 0.61583852 0.38508574 -0.49741901 0.00000000 0.00000000 0.00000000
v 0.63385654 0.38508574 -0.49741901 0.00000000 0.00000000 0.00000000
v 0.65187456 0.38508574 -0.49741901 0.00000000 0.00000000 0.00000000
v 0.66989258 0.38508574 -0.49741901 0.00000000 0.00000000 0.00000000
v 0.68791059 0.38508574 -0.49741901 0.00000000 0.00000000 0.00000000
v 0.70592861 0.38508574 -0.49741901 0.00000000 0.00000000 0.00000000
v 0.72394663 0.38508574 -0.49741901 0.00000000 0.00000000 0.00000000
v 0.74196465 0.38508574 -0.49741901 0.00000000 0.00000000 0.00000000
v 0.75998267 0.38508574 -0.49741901 0.00000000 0.00000000 0.00000000
v 0.77800068 0.38508574 -0.49741901 0.00000000 0.00000000 0.00000000
v 0.79601870 0.38508574 -0.49741901 0.00000000 0.00000000 0.00000000
v 0.81403672 0.38508574 -0.49741901 0.00000000 0.00000000 0.00000000
v 0.83205474 0.38508574 -0.49741901 0.00000000 0.00000000 0.00000000
v 0.85007276 0.38508574 -0.49741901 0.00000000 0.00000000 0.00000000
v 0.86809077 0.38508574 -0.49741901 0.00000000 0.00000000 0.00000000
v 0.88610879 0.38508574 -0.49741901 0.00000000 0.00000000 0.00000000
v 0.90412681 0.38508574 -0.49741901 0.00000000 0.00000000 0.00000000
v 0.92214483 0.38508574 -0.49741901 0.00000000 0.00000000 0.00000000
v -0.91569301 0.36706773 -0.49741901 0.00000000 0.00000000 0.00000000
v -0.89767499 0.36706773 -0.49741901 0.00000000 0.00000000 0.00000000
v -0.87965697 0.36706773 -0.49741901 0.00000000 0.00000000 0.00000000
v -0.86163896 0.36706773 -0.49741901 0.00000000 0.00000000 0.00000000
v -0.84362094 0.36706773 -0.49741901 0.00000000 0.00000000 0.00000000
v -0.82560292 0.36706773 -0.49741901 0.00000000 0.00000000 0.00000000
v -0.80758490 0.36706773 -0.49741901 0.00000000 0.00000000 0.00000000
v -0.78956688 0.36706773 -0.49741901 0.00000000 0.00000000 0.00000000
v -0.77154887 0.36706773 -0.49741901 0.00000000 0.00000000 0.00000000
v -0.75353085 0.36706773 -0.49741901 0.00000000 0.00000000 0.00000000
v -0.73551283 0.36706773 -0.49741901 0.00000000 0.00000000 0.00000000
v -0.71749481 0.36706773 -0.49741901 0.00000000 0.00000000 0.00000000
v -0.69947679 0.36706773 -0.49741901 0.00000000 0.00000000 0.00000000
v -0.68145878 0.36706773 -0.49741901 0.00000000 0.00000000 0.00000000
v -0.66344076 0.36706773 -0.49741901 0.00000000 0.00000000 0.00000000
v -0.64542274 0.36706773 -0.49741901 0.00000000 0.00000000 0.00000000
v -0.62740472 0.36706773 -0.49741901 0.00000000 0.00000000 0.00000000
v -0.60938670 0.36706773 -0.49741901 0.00000000 0.00000000 0.00000000
v -0.59136869 0.36706773 -0.49741901 0.00000000 0.00000000 0.00000000
v -0.57335067 0.36706773 -0.49741901 0.00000000 0.00000000 0.00000000
v -0.55533265 0.36706773 -0.49741901 0.00000000 0.00000000 0.00000000
v -0.53731463 0.36706773 -0.49741901 0.00000000 0.00000000 0.00000000
v -0.51929661 0.36706773 -0.49741901 0.00000000 0.00000000 0.00000000
v -0.50127860 0.36706773 -0.49741901 0.00000000 0.00000000 0.00000000
v -0.48326058 0.36706773 -0.49741901 0.00000000 0.00000000 0.00000000
v -0.46524256 0.36706773 -0.49741901 0.00000000 0.00000000 0.00000000
v -0.44722454 0.36706773 -0.49741901 0.00000000 0.00000000 0.00000000
v -0.42920652 0.36706773 -0.49741901 0.00000000 0.00000000 0.00000000
v -0.41118851 0.36706773 -0.49741901 0.00000000 0.00000000 0.00000000
v -0.39317049 0.36706773 -0.49741901 0.00000000 0.00000000 0.00000000
v -0.37515247 0.36706773 -0.49741901 0.00000000 0.00000000 0.00000000
v -0.35713445 0.36706773 -0.49741901 0.00000000 0.00000000 0.00000000
v -0.33911643 0.36706773 -0.49741901 0.00000000 0.00000000 0.00000000
v -0.32109842 0.36706773 0.24575955 0.51764706 0.46666667 0.42352941
v -0.30308040 0.36706773 0.32418574 0.90980392 0.70588235 0.58039216
v -0.28506238 0.36706773 0.32812567 0.99607843 0.74117647 0.58823529
v -0.26704436 0.36706773 0.33473376 0.93333333 0.70588235 0.58039216
v -0.24902634 0.36706773 0.34305117 0.69411765 0.55294118 0.48627451
v -0.23100833 0.36706773 0.34754372 0.14117647 0.13725490 0.13333333
v -0.21299031 0.36706773 0.34995983 0.31372549 0.31372549 0.31372549
v -0.19497229 0.36706773 0.35257101 0.23529412 0.21960784 0.22352941
v -0.17695427 0.36706773 0.35552867 0.25490196 0.23137255 0.23137255
v -0.15893625 0.36706773 0.35698396 0.27843137 0.25490196 0.25490196
v -0.14091824 0.36706773 0.35778532 0.35294118 0.32941176 0.32941176
v -0.12290022 0.36706773 0.35918294 0.31764706 0.29411765 0.29411765
v -0.10488220 0.36706773 0.35966050 0.32156863 0.29803922 0.29803922
v -0.08686418 0.36706773 0.35943540 0.32549020 0.30196078 0.30196078
v -0.06884616 0.36706773 0.35973164 0.32549020 0.30196078 0.30196078
v -0.05082815 0.36706773 0.36114356 0.31372549 0.29803922 0.29411765
v -0.03281013 0.36706773 0.36271047 0.30588235 0.30196078 0.29411765
v -0.01479211 0.36706773 0.36347705 0.30196078 0.29803922 0.29019608
v 0.00322591 0.36706773 0.36421065 0.29803922 0.29411765 0.28627451
v 0.02124393 0.36706773 0.36390829 0.28627451 0.28235294 0.27450980
v 0.03926195 0.36706773 0.36359218 0.28235294 0.27843137 0.27058824
v 0.05727996 0.36706773 0.36240660 0.27058824 0.26666667 0.25882353
v 0.07529798 0.36706773 0.36032185 0.25882353 0.25490196 0.24705882
v 0.09331600 0.36706773 0.35645293 0.26666667 0.21176471 0.18431373
v 0.11133402 0.36706773 0.34918809 0.32941176 0.22352941 0.16078431
v 0.12935204 0.36706773 0.33771500 0.87450980 0.67450980 0.52941176
v 0.14737005 0.36706773 0.32569286 0.92549020 0.69411765 0.52941176
v 0.16538807 0.36706773 0.31384427 0.90196078 0.71764706 0.57647059
v 0.18340609 0.36706773 0.29398111 0.72549020 0.63529412 0.56470588
v 0.20142411 0.36706773 -0.49741901 0.00000000 0.00000000 0.00000000
v 0.21944213 0.36706773 -0.49741901 0.00000000 0.00000000 0.00000000
v 0.23746014 0.36706773 -0.49741901 0.00000000 0.00000000 0.00000000
v 0.25547816 0.36706773 -0.49741901 0.00000000 0.00000000 0.00000000
v 0.27349618 0.36706773 -0.49741901 0.00000000 0.00000000 0.00000000
v 0.29151420 0.36706773 -0.49741901 0.00000000 0.00000000 0.00000000
v 0.30953222 0.36706773 -0.49741901 0.00000000 0.00000000 0.00000000
v 0.32755023 0.36706773 -0.49741901 0.00000000 0.00000000 0.00000000
v 0.34556825 0.36706773 -0.49741901 0.00000000 0.00000000 0.00000000
v 0.36358627 0.36706773 -0.49741901 0.00000000 0.00000000 0.00000000
v 0.38160429 0.36706773 -0.49741901 0.00000000 0.00000000 0.00000000
v 0.39962231 0.36706773 -0.49741901 0.00000000 0.00000000 0.00000000
v 0.41764032 0.36706773 -0.49741901 0.00000000 0.00000000 0.00000000
v 0.43565834 0.36706773 -0.49741901 0.00000000 0.00000000 0.00000000
v 0.45367636 0.36706773 -0.49741901 0.00000000 0.00000000 0.00000000
v 0.47169438 0.36706773 -0.49741901 0.00000000 0.00000000 0.00000000
v 0.48971240 0.36706773 -0.49741901 0.00000000 0.00000000 0.00000000
v 0.50773041 0.36706773 -0.49741901 0.00000000 0.00000000 0.00000000
v 0.52574843 0.36706773 -0.49741901 0.00000000 0.00000000 0.00000000
v 0.54376645 0.36706773 -0.49741901 0.00000000 0.00000000 0.00000000
v 0.56178447 0.36706773 -0.49741901 0.00000000 0.00000000 0.00000000
v 0.57980249 0.36706773 -0.49741901 0.00000000 0.00000000 0.00000000
v 0.59782050 0.36706773 -0.49741901 0.00000000 0.00000000 0.00000000
v 0.61583852 0.36706773 -0.49741901 0.00000000 0.00000000 0.00000000
v 0.63385654 0.36706773 -0.49741901 0.00000000 0.00000000 0.00000000
v 0.65187456 0.36706773 -0.49741901 0.00000000 0.00000000 0.00000000
v 0.66989258 0.36706773 -0.49741901 0.00000000 0.00000000 0.00000000
v 0.68791059 0.36706773 -0.49741901 0.00000000 0.00000000 0.00000000
v 0.70592861 0.36706773 -0.49741901 0.00000000 0.00000000 0.00000000
v 0.72394663 0.36706773 -0.49741901 0.00000000 0.00000000 0.00000000
v 0.74196465 0.36706773 -0.49741901 0.00000000 0.00000000 0.00000000
v 0.75998267 0.36706773 -0.49741901 0.00000000 0.00000000 0.00000000
v 0.77800068 0.36706773 -0.49741901 0.00000000 0.00000000 0.00000000
v 0.79601870 0.36706773 -0.49741901 0.00000000 0.00000000 0.00000000
v 0.81403672 0.36706773 -0.49741901 0.00000000 0.00000000 0.00000000
v 0.83205474 0.36706773 -0.49741901 0.00000000 0.00000000 0.00000000
v 0.85007276 0.36706773 -0.49741901 0.00000000 0.00000000 0.00000000
v 0.86809077 0.36706773 -0.49741901 0.00000000 0.00000000 0.00000000
v 0.88610879 0.36706773 -0.49741901 0.00000000 0.00000000 0.00000000
v 0.90412681 0.36706773 -0.49741901 0.00000000 0.00000000 0.00000000
v 0.92214483 0.36706773 -0.49741901 0.00000000 0.00000000 0.00000000
v -0.91569301 0.34904971 -0.49741901 0.00000000 0.00000000 0.00000000
v -0.89767499 0.34904971 -0.49741901 0.00000000 0.00000000 0.00000000
v -0.87965697 0.34904971 -0.49741901 0.00000000 0.00000000 0.00000000
v -0.86163896 0.34904971 -0.49741901 0.00000000 0.00000000 0.00000000
v -0.84362094 0.34904971 -0.49741901 0.00000000 0.00000000 0.00000000
v -0.82560292 0.34904971 -0.49741901 0.00000000 0.00000000 0.00000000
v -0.80758490 0.34904971 -0.49741901 0.00000000 0.00000000 0.00000000
v -0.78956688 0.34904971 -0.49741901 0.00000000 0.00000000 0.00000000
v -0.77154887 0.34904971 -0.49741901 0.00000000 0.00000000 0.00000000
v -0.75353085 0.34904971 -0.49741901 0.00000000 0.00000000 0.00000000
v -0.73551283 0.34904971 -0.49741901 0.00000000 0.00000000 0.00000000
v -0.71749481 0.34904971 -0.49741901 0.00000000 0.00000000 0.00000000
v -0.69947679 0.34904971 -0.49741901 0.00000000 0.00000000 0.00000000
v -0.68145878 0.34904971 -0.49741901 0.00000000 0.00000000 0.00000000
v -0.66344076 0.34904971 -0.49741901 0.00000000 0.00000000 0.00000000
v -0.64542274 0.34904971 -0.49741901 0.00000000 0.00000000 0.00000000
v -0.62740472 0.34904971 -0.49741901 0.00000000 0.00000000 0.00000000
v -0.60938670 0.34904971 -0.49741901 0.00000000 0.00000000 0.00000000
v -0.59136869 0.34904971 -0.49741901 0.00000000 0.00000000 0.00000000
v -0.57335067 0.34904971 -0.49741901 0.00000000 0.00000000 0.00000000
v -0.55533265 0.34904971 -0.49741901 0.00000000 0.00000000 0.00000000
v -0.53731463 0.34904971 -0.49741901 0.00000000 0.00000000 0.00000000
v -0.51929661 0.34904971 -0.49741901 0.00000000 0.00000000 0.00000000
v -0.50127860 0.34904971 -0.49741901 0.00000000 0.00000000 0.00000000
v -0.48326058 0.34904971 -0.49741901 0.00000000 0.00000000 0.00000000
v -0.46524256 0.34904971 -0.49741901 0.00000000 0.00000000 0.00000000
v -0.44722454 0.34904971 -0.49741901 0.00000000 0.00000000 0.00000000
v -0.42920652 0.34904971 -0.49741901 0.00000000 0.00000000 0.00000000
v -0.41118851 0.34904971 -0.49741901 0.00000000 0.00000000 0.00000000
v -0.39317049 0.34904971 -0.49741901 0.00000000 0.00000000 0.00000000
v -0.37515247 0.34904971 -0.49741901 0.00000000 0.00000000 0.00000000
v -0.35713445 0.34904971 -0.49741901 0.00000000 0.00000000 0.00000000
v -0.33911643 0.34904971 -0.49741901 0.00000000 0.00000000 0.00000000
v -0.32109842 0.34904971 0.24993448 0.57254902 0.45098039 0.40392157
v -0.30308040 0.34904971 0.32431792 0.89411765 0.72549020 0.58039216
v -0.28506238 0.34904971 0.32762612 0.99607843 0.76078431 0.59215686
v -0.26704436 0.34904971 0.33498113 0.90196078 0.67450980 0.54117647
v -0.24902634 0.34904971 0.34370270 0.49019608 0.42352941 0.34901961
v -0.23100833 0.34904971 0.34765293 0.25490196 0.23137255 0.23137255
v -0.21299031 0.34904971 0.34984491 0.20392157 0.19607843 0.21568627
v -0.19497229 0.34904971 0.35310933 0.29411765 0.29411765 0.29411765
v -0.17695427 0.34904971 0.35538605 0.30980392 0.29411765 0.29019608
v -0.15893625 0.34904971 0.35542935 0.31764706 0.30196078 0.29803922
v -0.14091824 0.34904971 0.35664916 0.32549020 0.30980392 0.30588235
v -0.12290022 0.34904971 0.35810204 0.31764706 0.30196078 0.29803922
v -0.10488220 0.34904971 0.35883598 0.31764706 0.30196078 0.29803922
v -0.08686418 0.34904971 0.35828824 0.31372549 0.29803922 0.29411765
v -0.06884616 0.34904971 0.35835072 0.30980392 0.29411765 0.29019608
v -0.05082815 0.34904971 0.35993475 0.31372549 0.30588235 0.31764706
v -0.03281013 0.34904971 0.36178484 0.31764706 0.29803922 0.31372549
v -0.01479211 0.34904971 0.36289234 0.31764706 0.29411765 0.30196078
v 0.00322591 0.34904971 0.36361212 0.32549020 0.29019608 0.29411765
v 0.02124393 0.34904971 0.36352599 0.30196078 0.26274510 0.25882353
v 0.03926195 0.34904971 0.36331739 0.29803922 0.25882353 0.25490196
v 0.05727996 0.34904971 0.36241946 0.29019608 0.25098039 0.24705882
v 0.07529798 0.34904971 0.36019861 0.27450980 0.24705882 0.23921569
v 0.09331600 0.34904971 0.35597770 0.29411765 0.25882353 0.21568627
v 0.11133402 0.34904971 0.34833271 0.47058824 0.37647059 0.29019608
v 0.12935204 0.34904971 0.33687164 0.88235294 0.65098039 0.50980392
v 0.14737005 0.34904971 0.32460556 0.98431373 0.70196078 0.54509804
v 0.16538807 0.34904971 0.31154136 0.92156863 0.71764706 0.59215686
v 0.18340609 0.34904971 0.29095540 0.65098039 0.58039216 0.53333333
v 0.20142411 0.34904971 -0.49741901 0.00000000 0.00000000 0.00000000
v 0.21944213 0.34904971 -0.49741901 0.00000000 0.00000000 0.00000000
v 0.23746014 0.34904971 -0.49741901 0.00000000 0.00000000 0.00000000
v 0.25547816 0.34904971 -0.49741901 0.00000000 0.00000000 0.00000000
v 0.27349618 0.34904971 -0.49741901 0.00000000 0.00000000 0.00000000
v 0.29151420 0.34904971 -0.49741901 0.00000000 0.00000000 0.00000000
v 0.30953222 0.34904971 -0.49741901 0.00000000 0.00000000 0.00000000
v 0.32755023 0.34904971 -0.49741901 0.00000000 0.00000000 0.00000000
v 0.34556825 0.34904971 -0.49741901 0.00000000 0.00000000 0.00000000
v 0.36358627 0.34904971 -0.49741901 0.00000000 0.00000000 0.00000000
v 0.38160429 0.34904971 -0.49741901 0.00000000 0.00000000 0.00000000
v 0.39962231 0.34904971 -0.49741901 0.00000000 0.00000000 0.00000000
v 0.41764032 0.34904971 -0.49741901 0.00000000 0.00000000 0.00000000
v 0.43565834 0.34904971 -0.49741901 0.00000000 0.00000000 0.00000000
v 0.45367636 0.34904971 -0.49741901 0.00000000 0.00000000 0.00000000
v 0.47169438 0.34904971 -0.49741901 0.00000000 0.00000000 0.00000000
v 0.48971240 0.34904971 -0.49741901 0.00000000 0.00000000 0.00000000
v 0.50773041 0.34904971 -0.49741901 0.00000000 0.00000000 0.00000000
v 0.52574843 0.34904971 -0.49741901 0.00000000 0.00000000 0.00000000
v 0.54376645 0.34904971 -0.49741901 0.00000000 0.00000000 0.00000000
v 0.56178447 0.34904971 -0.49741901 0.00000000 0.00000000 0.00000000
v 0.57980249 0.34904971 -0.49741901 0.00000000 0.00000000 0.00000000
v 0.59782050 0.34904971 -0.49741901 0.00000000 0.00000000 0.00000000
v 0.61583852 0.34904971 -0.49741901 0.00000000 0.00000000 0.00000000
v 0.63385654 0.34904971 -0.49741901 0.00000000 0.00000000 0.00000000
v 0.65187456 0.34904971 -0.49741901 0.00000000 0.00000000 0.00000000
v 0.66989258 0.34904971 -0.49741901 0.00000000 0.00000000 0.00000000
v 0.68791059 0.34904971 -0.49741901 0.00000000 0.00000000 0.00000000
v 0.70592861 0.34904971 -0.49741901 0.00000000 0.00000000 0.00000000
v 0.72394663 0.34904971 -0.49741901 0.00000000 0.00000000 0.00000000
v 0.74196465 0.34904971 -0.49741901 0.00000000 0.00000000 0.00000000
v 0.75998267 0.34904971 -0.49741901 0.00000000 0.00000000 0.00000000
v 0.77800068 0.34904971 -0.49741901 0.00000000 0.00000000 0.00000000
v 0.79601870 0.34904971 -0.49741901 0.00000000 0.00000000 0.00000000
v 0.81403672 0.34904971 -0.49741901 0.00000000 0.00000000 0.00000000
v 0.83205474 0.34904971 -0.49741901 0.00000000 0.00000000 0.00000000
v 0.85007276 0.34904971 -0.49741901 0.00000000 0.00000000 0.00000000
v 0.86809077 0.34904971 -0.49741901 0.00000000 0.00000000 0.00000000
v 0.88610879 0.34904971 -0.49741901 0.00000000 0.00000000 0.00000000
v 0.90412681 0.34904971 -0.49741901 0.00000000 0.00000000 0.00000000
v 0.92214483 0.34904971 -0.49741901 0.00000000 0.00000000 0.00000000
v -0.91569301 0.33103169 -0.49741901 0.00000000 0.00000000 0.00000000
v -0.89767499 0.33103169 -0.49741901 0.00000000 0.00000000 0.00000000
v -0.87965697 0.33103169 -0.49741901 0.00000000 0.00000000 0.00000000
v -0.86163896 0.33103169 -0.49741901 0.00000000 0.00000000 0.00000000
v -0.84362094 0.33103169 -0.49741901 0.00000000 0.00000000 0.00000000
v -0.82560292 0.33103169 -0.49741901 0.00000000 0.00000000 0.00000000
v -0.80758490 0.33103169 -0.49741901 0.00000000 0.00000000 0.00000000
v -0.78956688 0.33103169 -0.49741901 0.00000000 0.00000000 0.00000000
v -0.77154887 0.33103169 -0.49741901 0.00000000 0.00000000 0.00000000
v -0.75353085 0.33103169 -0.49741901 0.00000000 0.00000000 0.00000000
v -0.73551283 0.33103169 -0.49741901 0.00000000 0.00000000 0.00000000
v -0.71749481 0.33103169 -0.49741901 0.00000000 0.00000000 0.00000000
v -0.69947679 0.33103169 -0.49741901 0.00000000 0.00000000 0.00000000
v -0.68145878 0.33103169 -0.49741901 0.00000000 0.00000000 0.00000000
v -0.66344076 0.33103169 -0.49741901 0.00000000 0.00000000 0.00000000
v -0.64542274 0.33103169 -0.49741901 0.00000000 0.00000000 0.00000000
v -0.62740472 0.33103169 -0.49741901 0.00000000 0.00000000 0.00000000
v -0.60938670 0.33103169 -0.49741901 0.00000000 0.00000000 0.00000000
v -0.59136869 0.33103169 -0.49741901 0.00000000 0.00000000 0.00000000
v -0.57335067 0.33103169 -0.49741901 0.00000000 0.00000000 0.00000000
v -0.55533265 0.33103169 -0.49741901 0.00000000 0.00000000 0.00000000
v -0.53731463 0.33103169 -0.49741901 0.00000000 0.00000000 0.00000000
v -0.51929661 0.33103169 -0.49741901 0.00000000 0.00000000 0.00000000
v -0.50127860 0.33103169 -0.49741901 0.00000000 0.00000000 0.00000000
v -0.48326058 0.33103169 -0.49741901 0.00000000 0.00000000 0.00000000
v -0.46524256 0.33103169 -0.49741901 0.00000000 0.00000000 0.00000000
v -0.44722454 0.33103169 -0.49741901 0.00000000 0.00000000 0.00000000
v -0.42920652 0.33103169 -0.49741901 0.00000000 0.00000000 0.00000000
v -0.41118851 0.33103169 -0.49741901 0.00000000 0.00000000 0.00000000
v -0.39317049 0.33103169 -0.49741901 0.00000000 0.00000000 0.00000000
v -0.37515247 0.33103169 -0.49741901 0.00000000 0.00000000 0.00000000
v -0.35713445 0.33103169 -0.49741901 0.00000000 0.00000000 0.00000000
v -0.33911643 0.33103169 -0.49741901 0.00000000 0.00000000 0.00000000
v -0.32109842 0.33103169 0.24831512 0.66274510 0.52156863 0.46666667
v -0.30308040 0.33103169 0.32272447 0.92549020 0.75686275 0.60392157
v -0.28506238 0.33103169 0.32727778 0.98823529 0.74901961 0.57647059
v -0.26704436 0.33103169 0.33516114 0.85882353 0.63137255 0.50588235
v -0.24902634 0.33103169 0.34423469 0.50196078 0.46274510 0.40392157
v -0.23100833 0.33103169 0.34770435 0.48627451 0.42745098 0.42352941
v -0.21299031 0.33103169 0.34923311 0.23529412 0.23137255 0.25098039
v -0.19497229 0.33103169 0.35254970 0.27450980 0.27450980 0.27450980
v -0.17695427 0.33103169 0.35437044 0.28235294 0.27843137 0.27058824
v -0.15893625 0.33103169 0.35444997 0.29411765 0.29019608 0.28235294
v -0.14091824 0.33103169 0.35584388 0.30196078 0.29803922 0.29019608
v -0.12290022 0.33103169 0.35713249 0.30980392 0.30588235 0.29803922
v -0.10488220 0.33103169 0.35748056 0.30980392 0.30588235 0.29803922
v -0.08686418 0.33103169 0.35695275 0.30588235 0.30196078 0.29411765
v -0.06884616 0.33103169 0.35653197 0.30196078 0.29803922 0.29019608
v -0.05082815 0.33103169 0.35837601 0.31372549 0.29803922 0.30196078
v -0.03281013 0.33103169 0.36041760 0.31372549 0.29411765 0.30980392
v -0.01479211 0.33103169 0.36171123 0.31372549 0.29019608 0.29803922
v 0.00322591 0.33103169 0.36264298 0.31764706 0.28627451 0.27843137
v 0.02124393 0.33103169 0.36297262 0.29803922 0.26666667 0.25882353
v 0.03926195 0.33103169 0.36319305 0.29803922 0.25882353 0.25490196
v 0.05727996 0.33103169 0.36236234 0.28627451 0.25098039 0.25490196
v 0.07529798 0.33103169 0.36005159 0.27450980 0.24313725 0.24705882
v 0.09331600 0.33103169 0.35548853 0.43529412 0.41176471 0.35294118
v 0.11133402 0.33103169 0.34750495 0.54901961 0.44705882 0.35294118
v 0.12935204 0.33103169 0.33617138 0.89019608 0.64313725 0.50588235
v 0.14737005 0.33103169 0.32363416 0.99607843 0.72156863 0.57254902
v 0.16538807 0.33103169 0.30849139 0.88627451 0.68627451 0.56470588
v 0.18340609 0.33103169 0.28753172 0.40784314 0.36862745 0.34117647
v 0.20142411 0.33103169 -0.49741901 0.00392157 0.00392157 0.00392157
v 0.21944213 0.33103169 -0.49741901 0.00000000 0.00000000 0.00000000
v 0.23746014 0.33103169 -0.49741901 0.00000000 0.00000000 0.00000000
v 0.25547816 0.33103169 -0.49741901 0.00000000 0.00000000 0.00000000
v 0.27349618 0.33103169 -0.49741901 0.00000000 0.00000000 0.00000000
v 0.29151420 0.33103169 -0.49741901 0.00000000 0.00000000 0.00000000
v 0.30953222 0.33103169 -0.49741901 0.00000000 0.00000000 0.00000000
v 0.32755023 0.33103169 -0.49741901 0.00000000 0.00000000 0.00000000
v 0.34556825 0.33103169 -0.49741901 0.00000000 0.00000000 0.00000000
v 0.36358627 0.33103169 -0.49741901 0.00000000 0.00000000 0.00000000
v 0.38160429 0.33103169 -0.49741901 0.00000000 0.00000000 0.00000000
v 0.39962231 0.33103169 -0.49741901 0.00000000 0.00000000 0.00000000
v 0.41764032 0.33103169 -0.49741901 0.00000000 0.00000000 0.00000000
v 0.43565834 0.33103169 -0.49741901 0.00000000 0.00000000 0.00000000
v 0.45367636 0.33103169 -0.49741901 0.00000000 0.00000000 0.00000000
v 0.47169438 0.33103169 -0.49741901 0.00000000 0.00000000 0.00000000
v 0.48971240 0.33103169 -0.49741901 0.00000000 0.00000000 0.00000000
v 0.50773041 0.33103169 -0.49741901 0.00000000 0.00000000 0.00000000
v 0.52574843 0.33103169 -0.49741901 0.00000000 0.00000000 0.00000000
v 0.54376645 0.33103169 -0.49741901 0.00000000 0.00000000 0.00000000
v 0.56178447 0.33103169 -0.49741901 0.00000000 0.00000000 0.00000000
v 0.57980249 0.33103169 -0.49741901 0.00000000 0.00000000 0.00000000
v 0.59782050 0.33103169 -0.49741901 0.00000000 0.00000000 0.00000000
v 0.61583852 0.33103169 -0.49741901 0.00000000 0.00000000 0.00000000
v 0.63385654 0.33103169 -0.49741901 0.00000000 0.00000000 0.00000000
v 0.65187456 0.33103169 -0.49741901 0.00000000 0.00000000 0.00000000
v 0.66989258 0.33103169 -0.49741901 0.00000000 0.00000000 0.00000000
v 0.68791059 0.33103169 -0.49741901 0.00000000 0.00000000 0.00000000
v 0.70592861 0.33103169 -0.49741901 0.00000000 0.00000000 0.00000000
v 0.72394663 0.33103169 -0.49741901 0.00000000 0.00000000 0.00000000
v 0.74196465 0.33103169 -0.49741901 0.00000000 0.00000000 0.00000000
v 0.75998267 0.33103169 -0.49741901 0.00000000 0.00000000 0.00000000
v 0.77800068 0.33103169 -0.49741901 0.00000000 0.00000000 0.00000000
v 0.79601870 0.33103169 -0.49741901 0.00000000 0.00000000 0.00000000
v 0.81403672 0.33103169 -0.49741901 0.00000000 0.00000000 0.00000000
v 0.83205474 0.33103169 -0.49741901 0.00000000 0.00000000 0.00000000
v 0.85007276 0.33103169 -0.49741901 0.00000000 0.00000000 0.00000000
v 0.86809077 0.33103169 -0.49741901 0.00000000 0.00000000 0.00000000
v 0.88610879 0.33103169 -0.49741901 0.00000000 0.00000000 0.00000000
v 0.90412681 0.33103169 -0.49741901 0.00000000 0.00000000 0.00000000
v 0.92214483 0.33103169 -0.49741901 0.00000000 0.00000000 0.00000000
v -0.91569301 0.31301367 -0.49741901 0.00000000 0.00000000 0.00000000
v -0.89767499 0.31301367 -0.49741901 0.00000000 0.00000000 0.00000000
v -0.87965697 0.31301367 -0.49741901 0.00000000 0.00000000 0.00000000
v -0.86163896 0.31301367 -0.49741901 0.00000000 0.00000000 0.00000000
v -0.84362094 0.31301367 -0.49741901 0.00000000 0.00000000 0.00000000
v -0.82560292 0.31301367 -0.49741901 0.00000000 0.00000000 0.00000000
v -0.80758490 0.31301367 -0.49741901 0.00000000 0.00000000 0.00000000
v -0.78956688 0.31301367 -0.49741901 0.00000000 0.00000000 0.00000000
v -0.77154887 0.31301367 -0.49741901 0.00000000 0.00000000 0.00000000
v -0.75353085 0.31301367 -0.49741901 0.00000000 0.00000000 0.00000000
v -0.73551283 0.31301367 -0.49741901 0.00000000 0.00000000 0.00000000
v -0.71749481 0.31301367 -0.49741901 0.00000000 0.00000000 0.00000000
v -0.69947679 0.31301367 -0.49741901 0.00000000 0.00000000 0.00000000
v -0.68145878 0.31301367 -0.49741901 0.00000000 0.00000000 0.00000000
v -0.66344076 0.31301367 -0.49741901 0.00000000 0.00000000 0.00000000
v -0.64542274 0.31301367 -0.49741901 0.00000000 0.00000000 0.00000000
v -0.62740472 0.31301367 -0.49741901 0.00000000 0.00000000 0.00000000
v -0.60938670 0.31301367 -0.49741901 0.00000000 0.00000000 0.00000000
v -0.59136869 0.31301367 -0.49741901 0.00000000 0.00000000 0.00000000
v -0.57335067 0.31301367 -0.49741901 0.00000000 0.00000000 0.00000000
v -0.55533265 0.31301367 -0.49741901 0.00000000 0.00000000 0.00000000
v -0.53731463 0.31301367 -0.49741901 0.00000000 0.00000000 0.00000000
v -0.51929661 0.31301367 -0.49741901 0.00000000 0.00000000 0.00000000
v -0.50127860 0.31301367 -0.49741901 0.00000000 0.00000000 0.00000000
v -0.48326058 0.31301367 -0.49741901 0.00000000 0.00000000 0.00000000
v -0.46524256 0.31301367 -0.49741901 0.00000000 0.00000000 0.00000000
v -0.44722454 0.31301367 -0.49741901 0.00000000 0.00000000 0.00000000
v -0.42920652 0.31301367 -0.49741901 0.00000000 0.00000000 0.00000000
v -0.41118851 0.31301367 -0.49741901 0.00000000 0.00000000 0.00000000
v -0.39317049 0.31301367 -0.49741901 0.00000000 0.00000000 0.00000000
v -0.37515247 0.31301367 -0.49741901 0.00000000 0.00000000 0.00000000
v -0.35713445 0.31301367 -0.49741901 0.00000000 0.00000000 0.00000000
v -0.33911643 0.31301367 -0.49741901 0.00000000 0.00000000 0.00000000
v -0.32109842 0.31301367 0.24055830 0.65098039 0.50980392 0.44705882
v -0.30308040 0.31301367 0.32026554 0.92156863 0.73725490 0.58039216
v -0.28506238 0.31301367 0.32698401 0.98431373 0.72941176 0.56470588
v -0.26704436 0.31301367 0.33489425 0.88235294 0.65098039 0.52549020
v -0.24902634 0.31301367 0.34397852 0.63921569 0.58039216 0.52156863
v -0.23100833 0.31301367 0.34727401 0.36078431 0.29803922 0.29803922
v -0.21299031 0.31301367 0.34832054 0.28235294 0.28235294 0.31372549
v -0.19497229 0.31301367 0.35074126 0.29411765 0.29411765 0.29411765
v -0.17695427 0.31301367 0.35257541 0.30588235 0.30196078 0.29411765
v -0.15893625 0.31301367 0.35325910 0.31372549 0.30980392 0.30196078
v -0.14091824 0.31301367 0.35481247 0.32156863 0.31764706 0.30980392
v -0.12290022 0.31301367 0.35592492 0.30980392 0.30588235 0.29803922
v -0.10488220 0.31301367 0.35612177 0.30980392 0.30588235 0.29803922
v -0.08686418 0.31301367 0.35533601 0.30588235 0.30196078 0.29411765
v -0.06884616 0.31301367 0.35463246 0.30196078 0.29803922 0.29019608
v -0.05082815 0.31301367 0.35702046 0.30588235 0.28627451 0.27450980
v -0.03281013 0.31301367 0.35912163 0.30588235 0.28627451 0.27450980
v -0.01479211 0.31301367 0.36054345 0.30196078 0.28235294 0.27058824
v 0.00322591 0.31301367 0.36128371 0.29803922 0.27843137 0.26666667
v 0.02124393 0.31301367 0.36180615 0.28627451 0.27058824 0.26666667
v 0.03926195 0.31301367 0.36249967 0.28235294 0.26666667 0.26274510
v 0.05727996 0.31301367 0.36194705 0.27450980 0.25882353 0.26274510
v 0.07529798 0.31301367 0.35931044 0.26274510 0.24705882 0.25098039
v 0.09331600 0.31301367 0.35387660 0.48627451 0.43921569 0.38431373
v 0.11133402 0.31301367 0.34505475 0.61568627 0.47843137 0.38039216
v 0.12935204 0.31301367 0.33398828 0.94117647 0.69019608 0.55294118
v 0.14737005 0.31301367 0.32136067 0.96470588 0.69803922 0.56078431
v 0.16538807 0.31301367 0.30505713 0.83137255 0.65098039 0.54901961
v 0.18340609 0.31301367 0.28313169 0.16862745 0.16078431 0.15294118
v 0.20142411 0.31301367 -0.49741901 0.00392157 0.00392157 0.00392157
v 0.21944213 0.31301367 -0.49741901 0.00000000 0.00000000 0.00000000
v 0.23746014 0.31301367 -0.49741901 0.00000000 0.00000000 0.00000000
v 0.25547816 0.31301367 -0.49741901 0.00000000 0.00000000 0.00000000
v 0.27349618 0.31301367 -0.49741901 0.00000000 0.00000000 0.00000000
v 0.29151420 0.31301367 -0.49741901 0.00000000 0.00000000 0.00000000
v 0.30953222 0.31301367 -0.49741901 0.00000000 0.00000000 0.00000000
v 0.32755023 0.31301367 -0.49741901 0.00000000 0.00000000 0.00000000
v 0.34556825 0.31301367 -0.49741901 0.00000000 0.00000000 0.00000000
v 0.36358627 0.31301367 -0.49741901 0.00000000 0.00000000 0.00000000
v 0.38160429 0.31301367 -0.49741901 0.00000000 0.00000000 0.00000000
v 0.39962231 0.31301367 -0.49741901 0.00000000 0.00000000 0.00000000
v 0.41764032 0.31301367 -0.49741901 0.00000000 0.00000000 0.00000000
v 0.43565834 0.31301367 -0.49741901 0.00000000 0.00000000 0.00000000
v 0.45367636 0.31301367 -0.49741901 0.00000000 0.00000000 0.00000000
v 0.47169438 0.31301367 -0.49741901 0.00000000 0.00000000 0.00000000
v 0.48971240 0.31301367 -0.49741901 0.00000000 0.00000000 0.00000000
v 0.50773041 0.31301367 -0.49741901 0.00000000 0.00000000 0.00000000
v 0.52574843 0.31301367 -0.49741901 0.00000000 0.00000000 0.00000000
v 0.54376645 0.31301367 -0.49741901 0.00000000 0.00000000 0.00000000
v 0.56178447 0.31301367 -0.49741901 0.00000000 0.00000000 0.00000000
v 0.57980249 0.31301367 -0.49741901 0.00000000 0.00000000 0.00000000
v 0.59782050 0.31301367 -0.49741901 0.00000000 0.00000000 0.00000000
v 0.61583852 0.31301367 -0.49741901 0.00000000 0.00000000 0.00000000
v 0.63385654 0.31301367 -0.49741901 0.00000000 0.00000000 0.00000000
v 0.65187456 0.31301367 -0.49741901 0.00000000 0.00000000 0.00000000
v 0.66989258 0.31301367 -0.49741901 0.00000000 0.00000000 0.00000000
v 0.68791059 0.31301367 -0.49741901 0.00000000 0.00000000 0.00000000
v 0.70592861 0.31301367 -0.49741901 0.00000000 0.00000000 0.00000000
v 0.72394663 0.31301367 -0.49741901 0.00000000 0.00000000 0.00000000
v 0.74196465 0.31301367 -0.49741901 0.00000000 0.00000000 0.00000000
v 0.75998267 0.31301367 -0.49741901 0.00000000 0.00000000 0.00000000
v 0.77800068 0.31301367 -0.49741901 0.00000000 0.00000000 0.00000000
v 0.79601870 0.31301367 -0.49741901 0.00000000 0.00000000 0.00000000
v 0.81403672 0.31301367 -0.49741901 0.00000000 0.00000000 0.00000000
v 0.83205474 0.31301367 -0.49741901 0.00000000 0.00000000 0.00000000
v 0.85007276 0.31301367 -0.49741901 0.00000000 0.00000000 0.00000000
v 0.86809077 0.31301367 -0.49741901 0.00000000 0.00000000 0.00000000
v 0.88610879 0.31301367 -0.49741901 0.00000000 0.00000000 0.00000000
v 0.90412681 0.31301367 -0.49741901 0.00000000 0.00000000 0.00000000
v 0.92214483 0.31301367 -0.49741901 0.00000000 0.00000000 0.00000000
v -0.91569301 0.29499565 -0.49741901 0.00000000 0.00000000 0.00000000
v -0.89767499 0.29499565 -0.49741901 0.00000000 0.00000000 0.00000000
v -0.87965697 0.29499565 -0.49741901 0.00000000 0.00000000 0.00000000
v -0.86163896 0.29499565 -0.49741901 0.00000000 0.00000000 0.00000000
v -0.84362094 0.29499565 -0.49741901 0.00000000 0.00000000 0.00000000
v -0.82560292 0.29499565 -0.49741901 0.00000000 0.00000000 0.00000000
v -0.80758490 0.29499565 -0.49741901 0.00000000 0.00000000 0.00000000
v -0.78956688 0.29499565 -0.49741901 0.00000000 0.00000000 0.00000000
v -0.77154887 0.29499565 -0.49741901 0.00000000 0.00000000 0.00000000
v -0.75353085 0.29499565 -0.49741901 0.00000000 0.00000000 0.00000000
v -0.73551283 0.29499565 -0.49741901 0.00000000 0.00000000 0.00000000
v -0.71749481 0.29499565 -0.49741901 0.00000000 0.00000000 0.00000000
v -0.69947679 0.29499565 -0.49741901 0.00000000 0.00000000 0.00000000
v -0.68145878 0.29499565 -0.49741901 0.00000000 0.00000000 0.00000000
v -0.66344076 0.29499565 -0.49741901 0.00000000 0.00000000 0.00000000
v -0.64542274 0.29499565 -0.49741901 0.00000000 0.00000000 0.00000000
v -0.62740472 0.29499565 -0.49741901 0.00000000 0.00000000 0.00000000
v -0.60938670 0.29499565 -0.49741901 0.00000000 0.00000000 0.00000000
v -0.59136869 0.29499565 -0.49741901 0.00000000 0.00000000 0.00000000
v -0.57335067 0.29499565 -0.49741901 0.00000000 0.00000000 0.00000000
v -0.55533265 0.29499565 -0.49741901 0.00000000 0.00000000 0.00000000
v -0.53731463 0.29499565 -0.49741901 0.00000000 0.00000000 0.00000000
v -0.51929661 0.29499565 -0.49741901 0.00000000 0.00000000 0.00000000
v -0.50127860 0.29499565 -0.49741901 0.00000000 0.00000000 0.00000000
v -0.48326058 0.29499565 -0.49741901 0.00000000 0.00000000 0.00000000
v -0.46524256 0.29499565 -0.49741901 0.00000000 0.00000000 0.00000000
v -0.44722454 0.29499565 -0.49741901 0.00000000 0.00000000 0.00000000
v -0.42920652 0.29499565 -0.49741901 0.00000000 0.00000000 0.00000000
v -0.41118851 0.29499565 -0.49741901 0.00000000 0.00000000 0.00000000
v -0.39317049 0.29499565 -0.49741901 0.00000000 0.00000000 0.00000000
v -0.37515247 0.29499565 -0.49741901 0.00000000 0.00000000 0.00000000
v -0.35713445 0.29499565 -0.49741901 0.00000000 0.00000000 0.00000000
v -0.33911643 0.29499565 -0.49741901 0.00000000 0.00000000 0.00000000
v -0.32109842 0.29499565 0.22693722 0.63529412 0.50588235 0.44313725
v -0.30308040 0.29499565 0.31795143 0.89411765 0.69411765 0.54117647
v -0.28506238 0.29499565 0.32587012 0.96470588 0.70980392 0.54509804
v -0.26704436 0.29499565 0.33400175 0.94901961 0.72941176 0.60000000
v -0.24902634 0.29499565 0.34263004 0.20000000 0.09411765 0.03137255
v -0.23100833 0.29499565 0.34628899 0.28627451 0.23921569 0.23921569
v -0.21299031 0.29499565 0.34686821 0.26274510 0.27450980 0.30196078
v -0.19497229 0.29499565 0.34850640 0.28235294 0.28235294 0.29019608
v -0.17695427 0.29499565 0.35027916 0.29019608 0.28627451 0.27843137
v -0.15893625 0.29499565 0.35137237 0.29803922 0.29411765 0.28627451
v -0.14091824 0.29499565 0.35325868 0.30588235 0.30196078 0.29411765
v -0.12290022 0.29499565 0.35443650 0.30980392 0.30588235 0.29803922
v -0.10488220 0.29499565 0.35489852 0.30980392 0.30588235 0.29803922
v -0.08686418 0.29499565 0.35347671 0.30588235 0.30196078 0.29411765
v -0.06884616 0.29499565 0.35290333 0.30196078 0.29803922 0.29019608
v -0.05082815 0.29499565 0.35529312 0.30588235 0.27843137 0.25490196
v -0.03281013 0.29499565 0.35757039 0.30196078 0.27450980 0.24313725
v -0.01479211 0.29499565 0.35846750 0.29411765 0.27450980 0.25882353
v 0.00322591 0.29499565 0.35924253 0.27843137 0.27450980 0.25882353
v 0.02124393 0.29499565 0.36032000 0.27450980 0.27450980 0.27450980
v 0.03926195 0.29499565 0.36160174 0.27058824 0.27058824 0.27058824
v 0.05727996 0.29499565 0.36083069 0.26274510 0.26274510 0.25490196
v 0.07529798 0.29499565 0.35868449 0.25490196 0.25490196 0.24705882
v 0.09331600 0.29499565 0.35273294 0.51764706 0.44705882 0.38039216
v 0.11133402 0.29499565 0.34277026 0.77647059 0.60784314 0.49411765
v 0.12935204 0.29499565 0.33156467 0.95686275 0.70588235 0.56862745
v 0.14737005 0.29499565 0.31837441 0.96862745 0.72156863 0.59215686
v 0.16538807 0.29499565 0.30040121 0.77254902 0.63137255 0.53725490
v 0.18340609 0.29499565 -0.49741901 0.00784314 0.00784314 0.00784314
v 0.20142411 0.29499565 -0.49741901 0.00392157 0.00392157 0.00392157
v 0.21944213 0.29499565 -0.49741901 0.00000000 0.00000000 0.00000000
v 0.23746014 0.29499565 -0.49741901 0.00000000 0.00000000 0.00000000
v 0.25547816 0.29499565 -0.49741901 0.00000000 0.00000000 0.00000000
v 0.27349618 0.29499565 -0.49741901 0.00000000 0.00000000 0.00000000
v 0.29151420 0.29499565 -0.49741901 0.00000000 0.00000000 0.00000000
v 0.30953222 0.29499565 -0.49741901 0.00000000 0.00000000 0.00000000
v 0.32755023 0.29499565 -0.49741901 0.00000000 0.00000000 0.00000000
v 0.34556825 0.29499565 -0.49741901 0.00000000 0.00000000 0.00000000
v 0.36358627 0.29499565 -0.49741901 0.00000000 0.00000000 0.00000000
v 0.38160429 0.29499565 -0.49741901 0.00000000 0.00000000 0.00000000
v 0.39962231 0.29499565 -0.49741901 0.00000000 0.00000000 0.00000000
v 0.41764032 0.29499565 -0.49741901 0.00000000 0.00000000 0.00000000
v 0.43565834 0.29499565 -0.49741901 0.00000000 0.00000000 0.00000000
v 0.45367636 0.29499565 -0.49741901 0.00000000 0.00000000 0.00000000
v 0.47169438 0.29499565 -0.49741901 0.00000000 0.00000000 0.00000000
v 0.48971240 0.29499565 -0.49741901 0.00000000 0.00000000 0.00000000
v 0.50773041 0.29499565 -0.49741901 0.00000000 0.00000000 0.00000000
v 0.52574843 0.29499565 -0.49741901 0.00000000 0.00000000 0.00000000
v 0.54376645 0.29499565 -0.49741901 0.00000000 0.00000000 0.00000000
v 0.56178447 0.29499565 -0.49741901 0.00000000 0.00000000 0.00000000
v 0.57980249 0.29499565 -0.49741901 0.00000000 0.00000000 0.00000000
v 0.59782050 0.29499565 -0.49741901 0.00000000 0.00000000 0.00000000
v 0.61583852 0.29499565 -0.49741901 0.00000000 0.00000000 0.00000000
v 0.63385654 0.29499565 -0.49741901 0.00000000 0.00000000 0.00000000
v 0.65187456 0.29499565 -0.49741901 0.00000000 0.00000000 0.00000000
v 0.66989258 0.29499565 -0.49741901 0.00000000 0.00000000 0.00000000
v 0.68791059 0.29499565 -0.49741901 0.00000000 0.00000000 0.00000000
v 0.70592861 0.29499565 -0.49741901 0.00000000 0.00000000 0.00000000
v 0.72394663 0.29499565 -0.49741901 0.00000000 0.00000000 0.00000000
v 0.74196465 0.29499565 -0.49741901 0.00000000 0.00000000 0.00000000
v 0.75998267 0.29499565 -0.49741901 0.00000000 0.00000000 0.00000000
v 0.77800068 0.29499565 -0.49741901 0.00000000 0.00000000 0.00000000
v 0.79601870 0.29499565 -0.49741901 0.00000000 0.00000000 0.00000000
v 0.81403672 0.29499565 -0.49741901 0.00000000 0.00000000 0.00000000
v 0.83205474 0.29499565 -0.49741901 0.00000000 0.00000000 0.00000000
v 0.85007276 0.29499565 -0.49741901 0.00000000 0.00000000 0.00000000
v 0.86809077 0.29499565 -0.49741901 0.00000000 0.00000000 0.00000000
v 0.88610879 0.29499565 -0.49741901 0.00000000 0.00000000 0.00000000
v 0.90412681 0.29499565 -0.49741901 0.00000000 0.00000000 0.00000000
v 0.92214483 0.29499565 -0.49741901 0.00000000 0.00000000 0.00000000
v -0.91569301 0.27697764 -0.49741901 0.00000000 0.00000000 0.00000000
v -0.89767499 0.27697764 -0.49741901 0.00000000 0.00000000 0.00000000
v -0.87965697 0.27697764 -0.49741901 0.00000000 0.00000000 0.00000000
v -0.86163896 0.27697764 -0.49741901 0.00000000 0.00000000 0.00000000
v -0.84362094 0.27697764 -0.49741901 0.00000000 0.00000000 0.00000000
v -0.82560292 0.27697764 -0.49741901 0.00000000 0.00000000 0.00000000
v -0.80758490 0.27697764 -0.49741901 0.00000000 0.00000000 0.00000000
v -0.78956688 0.27697764 -0.49741901 0.00000000 0.00000000 0.00000000
v -0.77154887 0.27697764 -0.49741901 0.00000000 0.00000000 0.00000000
v -0.75353085 0.27697764 -0.49741901 0.00000000 0.00000000 0.00000000
v -0.73551283 0.27697764 -0.49741901 0.00000000 0.00000000 0.00000000
v -0.71749481 0.27697764 -0.49741901 0.00000000 0.00000000 0.00000000
v -0.69947679 0.27697764 -0.49741901 0.00000000 0.00000000 0.00000000
v -0.68145878 0.27697764 -0.49741901 0.00000000 0.00000000 0.00000000
v -0.66344076 0.27697764 -0.49741901 0.00000000 0.00000000 0.00000000
v -0.64542274 0.27697764 -0.49741901 0.00000000 0.00000000 0.00000000
v -0.62740472 0.27697764 -0.49741901 0.00000000 0.00000000 0.00000000
v -0.60938670 0.27697764 -0.49741901 0.00000000 0.00000000 0.00000000
v -0.59136869 0.27697764 -0.49741901 0.00000000 0.00000000 0.00000000
v -0.57335067 0.27697764 -0.49741901 0.00000000 0.00000000 0.00000000
v -0.55533265 0.27697764 -0.49741901 0.00000000 0.00000000 0.00000000
v -0.53731463 0.27697764 -0.49741901 0.00000000 0.00000000 0.00000000
v -0.51929661 0.27697764 -0.49741901 0.00000000 0.00000000 0.00000000
v -0.50127860 0.27697764 -0.49741901 0.00000000 0.00000000 0.00000000
v -0.48326058 0.27697764 -0.49741901 0.00000000 0.00000000 0.00000000
v -0.46524256 0.27697764 -0.49741901 0.00000000 0.00000000 0.00000000
v -0.44722454 0.27697764 -0.49741901 0.00000000 0.00000000 0.00000000
v -0.42920652 0.27697764 -0.49741901 0.00000000 0.00000000 0.00000000
v -0.41118851 0.27697764 -0.49741901 0.00000000 0.00000000 0.00000000
v -0.39317049 0.27697764 -0.49741901 0.00000000 0.00000000 0.00000000
v -0.37515247 0.27697764 -0.49741901 0.00000000 0.00000000 0.00000000
v -0.35713445 0.27697764 -0.49741901 0.00000000 0.00000000 0.00000000
v -0.33911643 0.27697764 -0.49741901 0.00000000 0.00000000 0.00000000
v -0.32109842 0.27697764 0.20117117 0.58431373 0.50196078 0.43921569
v -0.30308040 0.27697764 0.31500284 0.85098039 0.64313725 0.50196078
v -0.28506238 0.27697764 0.32518602 0.98823529 0.72549020 0.56078431
v -0.26704436 0.27697764 0.33189170 0.95294118 0.73333333 0.59607843
v -0.24902634 0.27697764 0.33989267 0.76078431 0.62352941 0.54901961
v -0.23100833 0.27697764 0.34414953 0.36862745 0.33333333 0.31372549
v -0.21299031 0.27697764 0.34485329 0.36862745 0.38431373 0.39607843
v -0.19497229 0.27697764 0.34617668 0.34117647 0.34117647 0.34117647
v -0.17695427 0.27697764 0.34817421 0.33725490 0.33333333 0.32549020
v -0.15893625 0.27697764 0.34928872 0.32156863 0.31764706 0.30980392
v -0.14091824 0.27697764 0.35114266 0.30588235 0.30196078 0.29411765
v -0.12290022 0.27697764 0.35234989 0.30980392 0.30588235 0.29803922
v -0.10488220 0.27697764 0.35302197 0.30980392 0.30588235 0.29803922
v -0.08686418 0.27697764 0.35138687 0.30980392 0.30588235 0.29803922
v -0.06884616 0.27697764 0.35072036 0.30980392 0.30588235 0.29803922
v -0.05082815 0.27697764 0.35341897 0.32941176 0.29411765 0.26666667
v -0.03281013 0.27697764 0.35558929 0.32156863 0.29411765 0.26274510
v -0.01479211 0.27697764 0.35647224 0.29803922 0.28627451 0.26666667
v 0.00322591 0.27697764 0.35701468 0.27843137 0.27843137 0.27058824
v 0.02124393 0.27697764 0.35846523 0.26274510 0.27058824 0.26666667
v 0.03926195 0.27697764 0.36047107 0.23529412 0.23529412 0.22745098
v 0.05727996 0.27697764 0.35935601 0.19215686 0.18823529 0.17254902
v 0.07529798 0.27697764 0.35730398 0.25490196 0.23529412 0.21176471
v 0.09331600 0.27697764 0.35080731 0.43529412 0.32549020 0.23921569
v 0.11133402 0.27697764 0.34006237 0.88235294 0.68235294 0.56078431
v 0.12935204 0.27697764 0.32849195 0.95686275 0.70196078 0.57647059
v 0.14737005 0.27697764 0.31468062 0.86274510 0.65098039 0.53333333
v 0.16538807 0.27697764 0.29505685 0.64705882 0.55294118 0.47843137
v 0.18340609 0.27697764 -0.49741901 0.00000000 0.00000000 0.00000000
v 0.20142411 0.27697764 -0.49741901 0.00000000 0.00000000 0.00000000
v 0.21944213 0.27697764 -0.49741901 0.00000000 0.00000000 0.00000000
v 0.23746014 0.27697764 -0.49741901 0.00000000 0.00000000 0.00000000
v 0.25547816 0.27697764 -0.49741901 0.00000000 0.00000000 0.00000000
v 0.27349618 0.27697764 -0.49741901 0.00000000 0.00000000 0.00000000
v 0.29151420 0.27697764 -0.49741901 0.00000000 0.00000000 0.00000000
v 0.30953222 0.27697764 -0.49741901 0.00000000 0.00000000 0.00000000
v 0.32755023 0.27697764 -0.49741901 0.00000000 0.00000000 0.00000000
v 0.34556825 0.27697764 -0.49741901 0.00000000 0.00000000 0.00000000
v 0.36358627 0.27697764 -0.49741901 0.00000000 0.00000000 0.00000000
v 0.38160429 0.27697764 -0.49741901 0.00000000 0.00000000 0.00000000
v 0.39962231 0.27697764 -0.49741901 0.00000000 0.00000000 0.00000000
v 0.41764032 0.27697764 -0.49741901 0.00000000 0.00000000 0.00000000
v 0.43565834 0.27697764 -0.49741901 0.00000000 0.00000000 0.00000000
v 0.45367636 0.27697764 -0.49741901 0.00000000 0.00000000 0.00000000
v 0.47169438 0.27697764 -0.49741901 0.00000000 0.00000000 0.00000000
v 0.48971240 0.27697764 -0.49741901 0.00000000 0.00000000 0.00000000
v 0.50773041 0.27697764 -0.49741901 0.00000000 0.00000000 0.00000000
v 0.52574843 0.27697764 -0.49741901 0.00000000 0.00000000 0.00000000
v 0.54376645 0.27697764 -0.49741901 0.00000000 0.00000000 0.00000000
v 0.56178447 0.27697764 -0.49741901 0.00000000 0.00000000 0.00000000
v 0.57980249 0.27697764 -0.49741901 0.00000000 0.00000000 0.00000000
v 0.59782050 0.27697764 -0.49741901 0.00000000 0.00000000 0.00000000
v 0.61583852 0.27697764 -0.49741901 0.00000000 0.00000000 0.00000000
v 0.63385654 0.27697764 -0.49741901 0.00000000 0.00000000 0.00000000
v 0.65187456 0.27697764 -0.49741901 0.00000000 0.00000000 0.00000000
v 0.66989258 0.27697764 -0.49741901 0.00000000 0.00000000 0.00000000
v 0.68791059 0.27697764 -0.49741901 0.00000000 0.00000000 0.00000000
v 0.70592861 0.27697764 -0.49741901 0.00000000 0.00000000 0.00000000
v 0.72394663 0.27697764 -0.49741901 0.00000000 0.00000000 0.00000000
v 0.74196465 0.27697764 -0.49741901 0.00000000 0.00000000 0.00000000
v 0.75998267 0.27697764 -0.49741901 0.00000000 0.00000000 0.00000000
v 0.77800068 0.27697764 -0.49741901 0.00000000 0.00000000 0.00000000
v 0.79601870 0.27697764 -0.49741901 0.00000000 0.00000000 0.00000000
v 0.81403672 0.27697764 -0.49741901 0.00000000 0.00000000 0.00000000
v 0.83205474 0.27697764 -0.49741901 0.00000000 0.00000000 0.00000000
v 0.85007276 0.27697764 -0.49741901 0.00000000 0.00000000 0.00000000
v 0.86809077 0.27697764 -0.49741901 0.00000000 0.00000000 0.00000000
v 0.88610879 0.27697764 -0.49741901 0.00000000 0.00000000 0.00000000
v 0.90412681 0.27697764 -0.49741901 0.00000000 0.00000000 0.00000000
v 0.92214483 0.27697764 -0.49741901 0.00000000 0.00000000 0.00000000
v -0.91569301 0.25895962 -0.49741901 0.00000000 0.00000000 0.00000000
v -0.89767499 0.25895962 -0.49741901 0.00000000 0.00000000 0.00000000
v -0.87965697 0.25895962 -0.49741901 0.00000000 0.00000000 0.00000000
v -0.86163896 0.25895962 -0.49741901 0.00000000 0.00000000 0.00000000
v -0.84362094 0.25895962 -0.49741901 0.00000000 0.00000000 0.00000000
v -0.82560292 0.25895962 -0.49741901 0.00000000 0.00000000 0.00000000
v -0.80758490 0.25895962 -0.49741901 0.00000000 0.00000000 0.00000000
v -0.78956688 0.25895962 -0.49741901 0.00000000 0.00000000 0.00000000
v -0.77154887 0.25895962 -0.49741901 0.00000000 0.00000000 0.00000000
v -0.75353085 0.25895962 -0.49741901 0.00000000 0.00000000 0.00000000
v -0.73551283 0.25895962 -0.49741901 0.00000000 0.00000000 0.00000000
v -0.71749481 0.25895962 -0.49741901 0.00000000 0.00000000 0.00000000
v -0.69947679 0.25895962 -0.49741901 0.00000000 0.00000000 0.00000000
v -0.68145878 0.25895962 -0.49741901 0.00000000 0.00000000 0.00000000
v -0.66344076 0.25895962 -0.49741901 0.00000000 0.00000000 0.00000000
v -0.64542274 0.25895962 -0.49741901 0.00000000 0.00000000 0.00000000
v -0.62740472 0.25895962 -0.49741901 0.00000000 0.00000000 0.00000000
v -0.60938670 0.25895962 -0.49741901 0.00000000 0.00000000 0.00000000
v -0.59136869 0.25895962 -0.49741901 0.00000000 0.00000000 0.00000000
v -0.57335067 0.25895962 -0.49741901 0.00000000 0.00000000 0.00000000
v -0.55533265 0.25895962 -0.49741901 0.00000000 0.00000000 0.00000000
v -0.53731463 0.25895962 -0.49741901 0.00000000 0.00000000 0.00000000
v -0.51929661 0.25895962 -0.49741901 0.00000000 0.00000000 0.00000000
v -0.50127860 0.25895962 -0.49741901 0.00000000 0.00000000 0.00000000
v -0.48326058 0.25895962 -0.49741901 0.00000000 0.00000000 0.00000000
v -0.46524256 0.25895962 -0.49741901 0.00000000 0.00000000 0.00000000
v -0.44722454 0.25895962 -0.49741901 0.00000000 0.00000000 0.00000000
v -0.42920652 0.25895962 -0.49741901 0.00000000 0.00000000 0.00000000
v -0.41118851 0.25895962 -0.49741901 0.00000000 0.00000000 0.00000000
v -0.39317049 0.25895962 -0.49741901 0.00000000 0.00000000 0.00000000
v -0.37515247 0.25895962 -0.49741901 0.00000000 0.00000000 0.00000000
v -0.35713445 0.25895962 -0.49741901 0.00000000 0.00000000 0.00000000
v -0.33911643 0.25895962 -0.49741901 0.00392157 0.00392157 0.00392157
v -0.32109842 0.25895962 0.15136257 0.40784314 0.38431373 0.35294118
v -0.30308040 0.25895962 0.30973223 0.85882353 0.64313725 0.52549020
v -0.28506238 0.25895962 0.32477967 0.99607843 0.74117647 0.58823529
v -0.26704436 0.25895962 0.32987136 0.94117647 0.72156863 0.58431373
v -0.24902634 0.25895962 0.33692312 0.90980392 0.72941176 0.66666667
v -0.23100833 0.25895962 0.34099570 0.25490196 0.21568627 0.17647059
v -0.21299031 0.25895962 0.34252234 0.32941176 0.31372549 0.30196078
v -0.19497229 0.25895962 0.34387968 0.35686275 0.35294118 0.34509804
v -0.17695427 0.25895962 0.34573253 0.34509804 0.34117647 0.33333333
v -0.15893625 0.25895962 0.34725841 0.32549020 0.32156863 0.31372549
v -0.14091824 0.25895962 0.34879404 0.30588235 0.30196078 0.29411765
v -0.12290022 0.25895962 0.35020981 0.29019608 0.28627451 0.27843137
v -0.10488220 0.25895962 0.35122054 0.29019608 0.28627451 0.27843137
v -0.08686418 0.25895962 0.34984759 0.29019608 0.28627451 0.27843137
v -0.06884616 0.25895962 0.34953300 0.29019608 0.28627451 0.27843137
v -0.05082815 0.25895962 0.35248392 0.33333333 0.29803922 0.27058824
v -0.03281013 0.25895962 0.35470249 0.32941176 0.29411765 0.26666667
v -0.01479211 0.25895962 0.35525820 0.30196078 0.28627451 0.27450980
v 0.00322591 0.25895962 0.35611909 0.28235294 0.28235294 0.28235294
v 0.02124393 0.25895962 0.35814232 0.25882353 0.25882353 0.25882353
v 0.03926195 0.25895962 0.35951836 0.27058824 0.25490196 0.24313725
v 0.05727996 0.25895962 0.35775040 0.26274510 0.22745098 0.20000000
v 0.07529798 0.25895962 0.35548585 0.18431373 0.12941176 0.08627451
v 0.09331600 0.25895962 0.34801000 0.87450980 0.71764706 0.61568627
v 0.11133402 0.25895962 0.33643711 0.96470588 0.73333333 0.60784314
v 0.12935204 0.25895962 0.32448844 0.99215686 0.73725490 0.61176471
v 0.14737005 0.25895962 0.30988118 0.83137255 0.63529412 0.52941176
v 0.16538807 0.25895962 0.28875112 0.46666667 0.42745098 0.39607843
v 0.18340609 0.25895962 -0.49741901 0.00392157 0.00392157 0.00392157
v 0.20142411 0.25895962 -0.49741901 0.00000000 0.00000000 0.00000000
v 0.21944213 0.25895962 -0.49741901 0.00000000 0.00000000 0.00000000
v 0.23746014 0.25895962 -0.49741901 0.00000000 0.00000000 0.00000000
v 0.25547816 0.25895962 -0.49741901 0.00000000 0.00000000 0.00000000
v 0.27349618 0.25895962 -0.49741901 0.00000000 0.00000000 0.00000000
v 0.29151420 0.25895962 -0.49741901 0.00000000 0.00000000 0.00000000
v 0.30953222 0.25895962 -0.49741901 0.00000000 0.00000000 0.00000000
v 0.32755023 0.25895962 -0.49741901 0.00000000 0.00000000 0.00000000
v 0.34556825 0.25895962 -0.49741901 0.00000000 0.00000000 0.00000000
v 0.36358627 0.25895962 -0.49741901 0.00000000 0.00000000 0.00000000
v 0.38160429 0.25895962 -0.49741901 0.00000000 0.00000000 0.00000000
v 0.39962231 0.25895962 -0.49741901 0.00000000 0.00000000 0.00000000
v 0.41764032 0.25895962 -0.49741901 0.00000000 0.00000000 0.00000000
v 0.43565834 0.25895962 -0.49741901 0.00000000 0.00000000 0.00000000
v 0.45367636 0.25895962 -0.49741901 0.00000000 0.00000000 0.00000000
v 0.47169438 0.25895962 -0.49741901 0.00000000 0.00000000 0.00000000
v 0.48971240 0.25895962 -0.49741901 0.00000000 0.00000000 0.00000000
v 0.50773041 0.25895962 -0.49741901 0.00000000 0.00000000 0.00000000
v 0.52574843 0.25895962 -0.49741901 0.00000000 0.00000000 0.00000000
v 0.54376645 0.25895962 -0.49741901 0.00000000 0.00000000 0.00000000
v 0.56178447 0.25895962 -0.49741901 0.00000000 0.00000000 0.00000000
v 0.57980249 0.25895962 -0.49741901 0.00000000 0.00000000 0.00000000
v 0.59782050 0.25895962 -0.49741901 0.00000000 0.00000000 0.00000000
v 0.61583852 0.25895962 -0.49741901 0.00000000 0.00000000 0.00000000
v 0.63385654 0.25895962 -0.49741901 0.00000000 0.00000000 0.00000000
v 0.65187456 0.25895962 -0.49741901 0.00000000 0.00000000 0.00000000
v 0.66989258 0.25895962 -0.49741901 0.00000000 0.00000000 0.00000000
v 0.68791059 0.25895962 -0.49741901 0.00000000 0.00000000 0.00000000
v 0.70592861 0.25895962 -0.49741901 0.00000000 0.00000000 0.00000000
v 0.72394663 0.25895962 -0.49741901 0.00000000 0.00000000 0.00000000
v 0.74196465 0.25895962 -0.49741901 0.00000000 0.00000000 0.00000000
v 0.75998267 0.25895962 -0.49741901 0.00000000 0.00000000 0.00000000
v 0.77800068 0.25895962 -0.49741901 0.00000000 0.00000000 0.00000000
v 0.79601870 0.25895962 -0.49741901 0.00000000 0.00000000 0.00000000
v 0.81403672 0.25895962 -0.49741901 0.00000000 0.00000000 0.00000000
v 0.83205474 0.25895962 -0.49741901 0.00000000 0.00000000 0.00000000
v 0.85007276 0.25895962 -0.49741901 0.00000000 0.00000000 0.00000000
v 0.86809077 0.25895962 -0.49741901 0.00000000 0.00000000 0.00000000
v 0.88610879 0.25895962 -0.49741901 0.00000000 0.00000000 0.00000000
v 0.90412681 0.25895962 -0.49741901 0.00000000 0.00000000 0.00000000
v 0.92214483 0.25895962 -0.49741901 0.00000000 0.00000000 0.00000000
v -0.91569301 0.24094160 -0.49741901 0.00000000 0.00000000 0.00000000
v -0.89767499 0.24094160 -0.49741901 0.00000000 0.00000000 0.00000000
v -0.87965697 0.24094160 -0.49741901 0.00000000 0.00000000 0.00000000
v -0.86163896 0.24094160 -0.49741901 0.00000000 0.00000000 0.00000000
v -0.84362094 0.24094160 -0.49741901 0.00000000 0.00000000 0.00000000
v -0.82560292 0.24094160 -0.49741901 0.00000000 0.00000000 0.00000000
v -0.80758490 0.24094160 -0.49741901 0.00000000 0.00000000 0.00000000
v -0.78956688 0.24094160 -0.49741901 0.00000000 0.00000000 0.00000000
v -0.77154887 0.24094160 -0.49741901 0.00000000 0.00000000 0.00000000
v -0.75353085 0.24094160 -0.49741901 0.00000000 0.00000000 0.00000000
v -0.73551283 0.24094160 -0.49741901 0.00000000 0.00000000 0.00000000
v -0.71749481 0.24094160 -0.49741901 0.00000000 0.00000000 0.00000000
v -0.69947679 0.24094160 -0.49741901 0.00000000 0.00000000 0.00000000
v -0.68145878 0.24094160 -0.49741901 0.00000000 0.00000000 0.00000000
v -0.66344076 0.24094160 -0.49741901 0.00000000 0.00000000 0.00000000
v -0.64542274 0.24094160 -0.49741901 0.00000000 0.00000000 0.00000000
v -0.62740472 0.24094160 -0.49741901 0.00000000 0.00000000 0.00000000
v -0.60938670 0.24094160 -0.49741901 0.00000000 0.00000000 0.00000000
v -0.59136869 0.24094160 -0.49741901 0.00000000 0.00000000 0.00000000
v -0.57335067 0.24094160 -0.49741901 0.00000000 0.00000000 0.00000000
v -0.55533265 0.24094160 -0.49741901 0.00000000 0.00000000 0.00000000
v -0.53731463 0.24094160 -0.49741901 0.00000000 0.00000000 0.00000000
v -0.51929661 0.24094160 -0.49741901 0.00000000 0.00000000 0.00000000
v -0.50127860 0.24094160 -0.49741901 0.00000000 0.00000000 0.00000000
v -0.48326058 0.24094160 -0.49741901 0.00000000 0.00000000 0.00000000
v -0.46524256 0.24094160 -0.49741901 0.00000000 0.00000000 0.00000000
v -0.44722454 0.24094160 -0.49741901 0.00000000 0.00000000 0.00000000
v -0.42920652 0.24094160 -0.49741901 0.00000000 0.00000000 0.00000000
v -0.41118851 0.24094160 -0.49741901 0.00000000 0.00000000 0.00000000
v -0.39317049 0.24094160 -0.49741901 0.00000000 0.00000000 0.00000000
v -0.37515247 0.24094160 -0.49741901 0.00000000 0.00000000 0.00000000
v -0.35713445 0.24094160 -0.49741901 0.00000000 0.00000000 0.00000000
v -0.33911643 0.24094160 -0.49741901 0.00392157 0.00392157 0.00392157
v -0.32109842 0.24094160 0.09150275 0.11764706 0.12156863 0.11372549
v -0.30308040 0.24094160 0.30104386 0.85098039 0.63921569 0.54509804
v -0.28506238 0.24094160 0.32331723 0.96862745 0.71372549 0.56470588
v -0.26704436 0.24094160 0.32790256 0.99607843 0.76470588 0.63137255
v -0.24902634 0.24094160 0.33405275 0.96862745 0.75294118 0.67450980
v -0.23100833 0.24094160 0.33815083 0.35294118 0.30196078 0.23529412
v -0.21299031 0.24094160 0.34005729 0.31372549 0.28235294 0.23921569
v -0.19497229 0.24094160 0.34063039 0.29803922 0.28235294 0.27058824
v -0.17695427 0.24094160 0.34260049 0.30196078 0.29803922 0.29019608
v -0.15893625 0.24094160 0.34471555 0.32549020 0.32156863 0.31372549
v -0.14091824 0.24094160 0.34647897 0.34117647 0.33725490 0.32941176
v -0.12290022 0.24094160 0.34833958 0.32156863 0.31764706 0.30980392
v -0.10488220 0.24094160 0.34932728 0.32156863 0.31764706 0.30980392
v -0.08686418 0.24094160 0.34848983 0.32156863 0.31764706 0.30980392
v -0.06884616 0.24094160 0.34880862 0.32156863 0.31764706 0.30980392
v -0.05082815 0.24094160 0.35224267 0.34117647 0.30196078 0.29411765
v -0.03281013 0.24094160 0.35438460 0.32941176 0.29803922 0.29019608
v -0.01479211 0.24094160 0.35504403 0.30980392 0.29019608 0.30588235
v 0.00322591 0.24094160 0.35615552 0.29019608 0.28627451 0.30588235
v 0.02124393 0.24094160 0.35836412 0.33333333 0.32549020 0.33725490
v 0.03926195 0.24094160 0.35848936 0.28235294 0.24313725 0.23529412
v 0.05727996 0.24094160 0.35637505 0.39607843 0.32549020 0.27843137
v 0.07529798 0.24094160 0.35269968 0.65098039 0.54901961 0.48627451
v 0.09331600 0.24094160 0.34396209 0.91372549 0.72156863 0.60392157
v 0.11133402 0.24094160 0.33225187 0.99607843 0.76078431 0.63137255
v 0.12935204 0.24094160 0.31997122 0.96078431 0.70588235 0.58039216
v 0.14737005 0.24094160 0.30440018 0.76470588 0.59215686 0.49411765
v 0.16538807 0.24094160 0.28036910 0.04313725 0.04313725 0.03921569
v 0.18340609 0.24094160 -0.49741901 0.00392157 0.00392157 0.00392157
v 0.20142411 0.24094160 -0.49741901 0.00000000 0.00000000 0.00000000
v 0.21944213 0.24094160 -0.49741901 0.00000000 0.00000000 0.00000000
v 0.23746014 0.24094160 -0.49741901 0.00000000 0.00000000 0.00000000
v 0.25547816 0.24094160 -0.49741901 0.00000000 0.00000000 0.00000000
v 0.27349618 0.24094160 -0.49741901 0.00000000 0.00000000 0.00000000
v 0.29151420 0.24094160 -0.49741901 0.00000000 0.00000000 0.00000000
v 0.30953222 0.24094160 -0.49741901 0.00000000 0.00000000 0.00000000
v 0.32755023 0.24094160 -0.49741901 0.00000000 0.00000000 0.00000000
v 0.34556825 0.24094160 -0.49741901 0.00000000 0.00000000 0.00000000
v 0.36358627 0.24094160 -0.49741901 0.00000000 0.00000000 0.00000000
v 0.38160429 0.24094160 -0.49741901 0.00000000 0.00000000 0.00000000
v 0.39962231 0.24094160 -0.49741901 0.00000000 0.00000000 0.00000000
v 0.41764032 0.24094160 -0.49741901 0.00000000 0.00000000 0.00000000
v 0.43565834 0.24094160 -0.49741901 0.00000000 0.00000000 0.00000000
v 0.45367636 0.24094160 -0.49741901 0.00000000 0.00000000 0.00000000
v 0.47169438 0.24094160 -0.49741901 0.00000000 0.00000000 0.00000000
v 0.48971240 0.24094160 -0.49741901 0.00000000 0.00000000 0.00000000
v 0.50773041 0.24094160 -0.49741901 0.00000000 0.00000000 0.00000000
v 0.52574843 0.24094160 -0.49741901 0.00000000 0.00000000 0.00000000
v 0.54376645 0.24094160 -0.49741901 0.00000000 0.00000000 0.00000000
v 0.56178447 0.24094160 -0.49741901 0.00000000 0.00000000 0.00000000
v 0.57980249 0.24094160 -0.49741901 0.00000000 0.00000000 0.00000000
v 0.59782050 0.24094160 -0.49741901 0.00000000 0.00000000 0.00000000
v 0.61583852 0.24094160 -0.49741901 0.00000000 0.00000000 0.00000000
v 0.63385654 0.24094160 -0.49741901 0.00000000 0.00000000 0.00000000
v 0.65187456 0.24094160 -0.49741901 0.00000000 0.00000000 0.00000000
v 0.66989258 0.24094160 -0.49741901 0.00000000 0.00000000 0.00000000
v 0.68791059 0.24094160 -0.49741901 0.00000000 0.00000000 0.00000000
v 0.70592861 0.24094160 -0.49741901 0.00000000 0.00000000 0.00000000
v 0.72394663 0.24094160 -0.49741901 0.00000000 0.00000000 0.00000000
v 0.74196465 0.24094160 -0.49741901 0.00000000 0.00000000 0.00000000
v 0.75998267 0.24094160 -0.49741901 0.00000000 0.00000000 0.00000000
v 0.77800068 0.24094160 -0.49741901 0.00000000 0.00000000 0.00000000
v 0.79601870 0.24094160 -0.49741901 0.00000000 0.00000000 0.00000000
v 0.81403672 0.24094160 -0.49741901 0.00000000 0.00000000 0.00000000
v 0.83205474 0.24094160 -0.49741901 0.00000000 0.00000000 0.00000000
v 0.85007276 0.24094160 -0.49741901 0.00000000 0.00000000 0.00000000
v 0.86809077 0.24094160 -0.49741901 0.00000000 0.00000000 0.00000000
v 0.88610879 0.24094160 -0.49741901 0.00000000 0.00000000 0.00000000
v 0.90412681 0.24094160 -0.49741901 0.00000000 0.00000000 0.00000000
v 0.92214483 0.24094160 -0.49741901 0.00000000 0.00000000 0.00000000
v -0.91569301 0.22292358 -0.49741901 0.00000000 0.00000000 0.00000000
v -0.89767499 0.22292358 -0.49741901 0.00000000 0.00000000 0.00000000
v -0.87965697 0.22292358 -0.49741901 0.00000000 0.00000000 0.00000000
v -0.86163896 0.22292358 -0.49741901 0.00000000 0.00000000 0.00000000
v -0.84362094 0.22292358 -0.49741901 0.00000000 0.00000000 0.00000000
v -0.82560292 0.22292358 -0.49741901 0.00000000 0.00000000 0.00000000
v -0.80758490 0.22292358 -0.49741901 0.00000000 0.00000000 0.00000000
v -0.78956688 0.22292358 -0.49741901 0.00000000 0.00000000 0.00000000
v -0.77154887 0.22292358 -0.49741901 0.00000000 0.00000000 0.00000000
v -0.75353085 0.22292358 -0.49741901 0.00000000 0.00000000 0.00000000
v -0.73551283 0.22292358 -0.49741901 0.00000000 0.00000000 0.00000000
v -0.71749481 0.22292358 -0.49741901 0.00000000 0.00000000 0.00000000
v -0.69947679 0.22292358 -0.49741901 0.00000000 0.00000000 0.00000000
v -0.68145878 0.22292358 -0.49741901 0.00000000 0.00000000 0.00000000
v -0.66344076 0.22292358 -0.49741901 0.00000000 0.00000000 0.00000000
v -0.64542274 0.22292358 -0.49741901 0.00000000 0.00000000 0.00000000
v -0.62740472 0.22292358 -0.49741901 0.00000000 0.00000000 0.00000000
v -0.60938670 0.22292358 -0.49741901 0.00000000 0.00000000 0.00000000
v -0.59136869 0.22292358 -0.49741901 0.00000000 0.00000000 0.00000000
v -0.57335067 0.22292358 -0.49741901 0.00000000 0.00000000 0.00000000
v -0.55533265 0.22292358 -0.49741901 0.00000000 0.00000000 0.00000000
v -0.53731463 0.22292358 -0.49741901 0.00000000 0.00000000 0.00000000
v -0.51929661 0.22292358 -0.49741901 0.00000000 0.00000000 0.00000000
v -0.50127860 0.22292358 -0.49741901 0.00000000 0.00000000 0.00000000
v -0.48326058 0.22292358 -0.49741901 0.00000000 0.00000000 0.00000000
v -0.46524256 0.22292358 -0.49741901 0.00000000 0.00000000 0.00000000
v -0.44722454 0.22292358 -0.49741901 0.00000000 0.00000000 0.00000000
v -0.42920652 0.22292358 -0.49741901 0.00000000 0.00000000 0.00000000
v -0.41118851 0.22292358 -0.49741901 0.00000000 0.00000000 0.00000000
v -0.39317049 0.22292358 -0.49741901 0.00000000 0.00000000 0.00000000
v -0.37515247 0.22292358 -0.49741901 0.00000000 0.00000000 0.00000000
v -0.35713445 0.22292358 -0.49741901 0.00000000 0.00000000 0.00000000
v -0.33911643 0.22292358 -0.49741901 0.00000000 0.00000000 0.00000000
v -0.32109842 0.22292358 -0.49741901 0.00000000 0.00000000 0.00000000
v -0.30308040 0.22292358 0.27652546 0.76078431 0.56078431 0.47843137
v -0.28506238 0.22292358 0.32123104 0.96078431 0.70588235 0.57254902
v -0.26704436 0.22292358 0.32619461 0.96862745 0.74117647 0.59607843
v -0.24902634 0.22292358 0.33176936 0.98823529 0.74509804 0.66274510
v -0.23100833 0.22292358 0.33572633 0.64313725 0.57647059 0.49803922
v -0.21299031 0.22292358 0.33788793 0.35294118 0.30196078 0.23921569
v -0.19497229 0.22292358 0.33830789 0.29019608 0.27058824 0.25490196
v -0.17695427 0.22292358 0.33965066 0.28235294 0.27843137 0.27058824
v -0.15893625 0.22292358 0.34178689 0.29019608 0.28627451 0.27843137
v -0.14091824 0.22292358 0.34431043 0.29411765 0.29019608 0.28235294
v -0.12290022 0.22292358 0.34595495 0.32549020 0.32156863 0.31372549
v -0.10488220 0.22292358 0.34711475 0.32549020 0.32156863 0.31372549
v -0.08686418 0.22292358 0.34707317 0.32549020 0.32156863 0.31372549
v -0.06884616 0.22292358 0.34792436 0.32549020 0.32156863 0.31372549
v -0.05082815 0.22292358 0.35104630 0.34117647 0.30980392 0.30196078
v -0.03281013 0.22292358 0.35313325 0.33725490 0.30196078 0.31372549
v -0.01479211 0.22292358 0.35414232 0.31764706 0.29803922 0.32156863
v 0.00322591 0.22292358 0.35548248 0.29803922 0.29411765 0.31764706
v 0.02124393 0.22292358 0.35665459 0.29411765 0.27058824 0.28627451
v 0.03926195 0.22292358 0.35535477 0.37254902 0.31372549 0.29411765
v 0.05727996 0.22292358 0.35276559 0.23921569 0.13725490 0.07843137
v 0.07529798 0.22292358 0.34731470 0.78823529 0.64705882 0.56078431
v 0.09331600 0.22292358 0.33850302 0.96470588 0.74117647 0.62352941
v 0.11133402 0.22292358 0.32727551 0.94901961 0.67843137 0.54901961
v 0.12935204 0.22292358 0.31408484 0.88627451 0.63529412 0.51764706
v 0.14737005 0.22292358 0.29641110 0.67450980 0.55294118 0.48627451
v 0.16538807 0.22292358 -0.49741901 0.00000000 0.00000000 0.00000000
v 0.18340609 0.22292358 -0.49741901 0.00000000 0.00000000 0.00000000
v 0.20142411 0.22292358 -0.49741901 0.00000000 0.00000000 0.00000000
v 0.21944213 0.22292358 -0.49741901 0.00000000 0.00000000 0.00000000
v 0.23746014 0.22292358 -0.49741901 0.00000000 0.00000000 0.00000000
v 0.25547816 0.22292358 -0.49741901 0.00000000 0.00000000 0.00000000
v 0.27349618 0.22292358 -0.49741901 0.00000000 0.00000000 0.00000000
v 0.29151420 0.22292358 -0.49741901 0.00000000 0.00000000 0.00000000
v 0.30953222 0.22292358 -0.49741901 0.00000000 0.00000000 0.00000000
v 0.32755023 0.22292358 -0.49741901 0.00000000 0.00000000 0.00000000
v 0.34556825 0.22292358 -0.49741901 0.00000000 0.00000000 0.00000000
v 0.36358627 0.22292358 -0.49741901 0.00000000 0.00000000 0.00000000
v 0.38160429 0.22292358 -0.49741901 0.00000000 0.00000000 0.00000000
v 0.39962231 0.22292358 -0.49741901 0.00000000 0.00000000 0.00000000
v 0.41764032 0.22292358 -0.49741901 0.00000000 0.00000000 0.00000000
v 0.43565834 0.22292358 -0.49741901 0.00000000 0.00000000 0.00000000
v 0.45367636 0.22292358 -0.49741901 0.00000000 0.00000000 0.00000000
v 0.47169438 0.22292358 -0.49741901 0.00000000 0.00000000 0.00000000
v 0.48971240 0.22292358 -0.49741901 0.00000000 0.00000000 0.00000000
v 0.50773041 0.22292358 -0.49741901 0.00000000 0.00000000 0.00000000
v 0.52574843 0.22292358 -0.49741901 0.00000000 0.00000000 0.00000000
v 0.54376645 0.22292358 -0.49741901 0.00000000 0.00000000 0.00000000
v 0.56178447 0.22292358 -0.49741901 0.00000000 0.00000000 0.00000000
v 0.57980249 0.22292358 -0.49741901 0.00000000 0.00000000 0.00000000
v 0.59782050 0.22292358 -0.49741901 0.00000000 0.00000000 0.00000000
v 0.61583852 0.22292358 -0.49741901 0.00000000 0.00000000 0.00000000
v 0.63385654 0.22292358 -0.49741901 0.00000000 0.00000000 0.00000000
v 0.65187456 0.22292358 -0.49741901 0.00000000 0.00000000 0.00000000
v 0.66989258 0.22292358 -0.49741901 0.00000000 0.00000000 0.00000000
v 0.68791059 0.22292358 -0.49741901 0.00000000 0.00000000 0.00000000
v 0.70592861 0.22292358 -0.49741901 0.00000000 0.00000000 0.00000000
v 0.72394663 0.22292358 -0.49741901 0.00000000 0.00000000 0.00000000
v 0.74196465 0.22292358 -0.49741901 0.00000000 0.00000000 0.00000000
v 0.75998267 0.22292358 -0.49741901 0.00000000 0.00000000 0.00000000
v 0.77800068 0.22292358 -0.49741901 0.00000000 0.00000000 0.00000000
v 0.79601870 0.22292358 -0.49741901 0.00000000 0.00000000 0.00000000
v 0.81403672 0.22292358 -0.49741901 0.00000000 0.00000000 0.00000000
v 0.83205474 0.22292358 -0.49741901 0.00000000 0.00000000 0.00000000
v 0.85007276 0.22292358 -0.49741901 0.00000000 0.00000000 0.00000000
v 0.86809077 0.22292358 -0.49741901 0.00000000 0.00000000 0.00000000
v 0.88610879 0.22292358 -0.49741901 0.00000000 0.00000000 0.00000000
v 0.90412681 0.22292358 -0.49741901 0.00000000 0.00000000 0.00000000
v 0.92214483 0.22292358 -0.49741901 0.00000000 0.00000000 0.00000000
v -0.91569301 0.20490556 -0.49741901 0.00000000 0.00000000 0.00000000
v -0.89767499 0.20490556 -0.49741901 0.00000000 0.00000000 0.00000000
v -0.87965697 0.20490556 -0.49741901 0.00000000 0.00000000 0.00000000
v -0.86163896 0.20490556 -0.49741901 0.00000000 0.00000000 0.00000000
v -0.84362094 0.20490556 -0.49741901 0.00000000 0.00000000 0.00000000
v -0.82560292 0.20490556 -0.49741901 0.00000000 0.00000000 0.00000000
v -0.80758490 0.20490556 -0.49741901 0.00000000 0.00000000 0.00000000
v -0.78956688 0.20490556 -0.49741901 0.00000000 0.00000000 0.00000000
v -0.77154887 0.20490556 -0.49741901 0.00000000 0.00000000 0.00000000
v -0.75353085 0.20490556 -0.49741901 0.00000000 0.00000000 0.00000000
v -0.73551283 0.20490556 -0.49741901 0.00000000 0.00000000 0.00000000
v -0.71749481 0.20490556 -0.49741901 0.00000000 0.00000000 0.00000000
v -0.69947679 0.20490556 -0.49741901 0.00000000 0.00000000 0.00000000
v -0.68145878 0.20490556 -0.49741901 0.00000000 0.00000000 0.00000000
v -0.66344076 0.20490556 -0.49741901 0.00000000 0.00000000 0.00000000
v -0.64542274 0.20490556 -0.49741901 0.00000000 0.00000000 0.00000000
v -0.62740472 0.20490556 -0.49741901 0.00000000 0.00000000 0.00000000
v -0.60938670 0.20490556 -0.49741901 0.00000000 0.00000000 0.00000000
v -0.59136869 0.20490556 -0.49741901 0.00000000 0.00000000 0.00000000
v -0.57335067 0.20490556 -0.49741901 0.00000000 0.00000000 0.00000000
v -0.55533265 0.20490556 -0.49741901 0.00000000 0.00000000 0.00000000
v -0.53731463 0.20490556 -0.49741901 0.00000000 0.00000000 0.00000000
v -0.51929661 0.20490556 -0.49741901 0.00000000 0.00000000 0.00000000
v -0.50127860 0.20490556 -0.49741901 0.00000000 0.00000000 0.00000000
v -0.48326058 0.20490556 -0.49741901 0.00000000 0.00000000 0.00000000
v -0.46524256 0.20490556 -0.49741901 0.00000000 0.00000000 0.00000000
v -0.44722454 0.20490556 -0.49741901 0.00000000 0.00000000 0.00000000
v -0.42920652 0.20490556 -0.49741901 0.00000000 0.00000000 0.00000000
v -0.41118851 0.20490556 -0.49741901 0.00000000 0.00000000 0.00000000
v -0.39317049 0.20490556 -0.49741901 0.00000000 0.00000000 0.00000000
v -0.37515247 0.20490556 -0.49741901 0.00000000 0.00000000 0.00000000
v -0.35713445 0.20490556 -0.49741901 0.00000000 0.00000000 0.00000000
v -0.33911643 0.20490556 -0.49741901 0.00000000 0.00000000 0.00000000
v -0.32109842 0.20490556 -0.49741901 0.00000000 0.00000000 0.00000000
v -0.30308040 0.20490556 0.25298624 0.56862745 0.45490196 0.40392157
v -0.28506238 0.20490556 0.32090813 0.85098039 0.64705882 0.52549020
v -0.26704436 0.20490556 0.32469086 0.99607843 0.78431373 0.63137255
v -0.24902634 0.20490556 0.33048645 0.97254902 0.73725490 0.60392157
v -0.23100833 0.20490556 0.33404794 0.78431373 0.65882353 0.56862745
v -0.21299031 0.20490556 0.33675005 0.34901961 0.29803922 0.26274510
v -0.19497229 0.20490556 0.33720740 0.32156863 0.30196078 0.27843137
v -0.17695427 0.20490556 0.33704485 0.27843137 0.25882353 0.24313725
v -0.15893625 0.20490556 0.33923146 0.22352941 0.20392157 0.18039216
v -0.14091824 0.20490556 0.34193240 0.30196078 0.28235294 0.25882353
v -0.12290022 0.20490556 0.34361692 0.23921569 0.21960784 0.20392157
v -0.10488220 0.20490556 0.34575026 0.22352941 0.20784314 0.19607843
v -0.08686418 0.20490556 0.34679226 0.21960784 0.21568627 0.20784314
v -0.06884616 0.20490556 0.34804190 0.23921569 0.23921569 0.23921569
v -0.05082815 0.20490556 0.35022514 0.26274510 0.21960784 0.19607843
v -0.03281013 0.20490556 0.35252283 0.26274510 0.22745098 0.20784314
v -0.01479211 0.20490556 0.35413160 0.24313725 0.24313725 0.24313725
v 0.00322591 0.20490556 0.35537849 0.23529412 0.25882353 0.25882353
v 0.02124393 0.20490556 0.35533030 0.25882353 0.25882353 0.25098039
v 0.03926195 0.20490556 0.35317050 0.30588235 0.23921569 0.20000000
v 0.05727996 0.20490556 0.34891213 0.67450980 0.53333333 0.45098039
v 0.07529798 0.20490556 0.34244240 0.96470588 0.74901961 0.63137255
v 0.09331600 0.20490556 0.33441827 0.99607843 0.75686275 0.62352941
v 0.11133402 0.20490556 0.32310739 0.90980392 0.67058824 0.55686275
v 0.12935204 0.20490556 0.30628739 0.78039216 0.60000000 0.50980392
v 0.14737005 0.20490556 0.28149000 0.05098039 0.04705882 0.04705882
v 0.16538807 0.20490556 -0.49741901 0.00392157 0.00392157 0.00392157
v 0.18340609 0.20490556 -0.49741901 0.00000000 0.00000000 0.00000000
v 0.20142411 0.20490556 -0.49741901 0.00000000 0.00000000 0.00000000
v 0.21944213 0.20490556 -0.49741901 0.00000000 0.00000000 0.00000000
v 0.23746014 0.20490556 -0.49741901 0.00000000 0.00000000 0.00000000
v 0.25547816 0.20490556 -0.49741901 0.00000000 0.00000000 0.00000000
v 0.27349618 0.20490556 -0.49741901 0.00000000 0.00000000 0.00000000
v 0.29151420 0.20490556 -0.49741901 0.00000000 0.00000000 0.00000000
v 0.30953222 0.20490556 -0.49741901 0.00000000 0.00000000 0.00000000
v 0.32755023 0.20490556 -0.49741901 0.00000000 0.00000000 0.00000000
v 0.34556825 0.20490556 -0.49741901 0.00000000 0.00000000 0.00000000
v 0.36358627 0.20490556 -0.49741901 0.00000000 0.00000000 0.00000000
v 0.38160429 0.20490556 -0.49741901 0.00000000 0.00000000 0.00000000
v 0.39962231 0.20490556 -0.49741901 0.00000000 0.00000000 0.00000000
v 0.41764032 0.20490556 -0.49741901 0.00000000 0.00000000 0.00000000
v 0.43565834 0.20490556 -0.49741901 0.00000000 0.00000000 0.00000000
v 0.45367636 0.20490556 -0.49741901 0.00000000 0.00000000 0.00000000
v 0.47169438 0.20490556 -0.49741901 0.00000000 0.00000000 0.00000000
v 0.48971240 0.20490556 -0.49741901 0.00000000 0.00000000 0.00000000
v 0.50773041 0.20490556 -0.49741901 0.00000000 0.00000000 0.00000000
v 0.52574843 0.20490556 -0.49741901 0.00000000 0.00000000 0.00000000
v 0.54376645 0.20490556 -0.49741901 0.00000000 0.00000000 0.00000000
v 0.56178447 0.20490556 -0.49741901 0.00000000 0.00000000 0.00000000
v 0.57980249 0.20490556 -0.49741901 0.00000000 0.00000000 0.00000000
v 0.59782050 0.20490556 -0.49741901 0.00000000 0.00000000 0.00000000
v 0.61583852 0.20490556 -0.49741901 0.00000000 0.00000000 0.00000000
v 0.63385654 0.20490556 -0.49741901 0.00000000 0.00000000 0.00000000
v 0.65187456 0.20490556 -0.49741901 0.00000000 0.00000000 0.00000000
v 0.66989258 0.20490556 -0.49741901 0.00000000 0.00000000 0.00000000
v 0.68791059 0.20490556 -0.49741901 0.00000000 0.00000000 0.00000000
v 0.70592861 0.20490556 -0.49741901 0.00000000 0.00000000 0.00000000
v 0.72394663 0.20490556 -0.49741901 0.00000000 0.00000000 0.00000000
v 0.74196465 0.20490556 -0.49741901 0.00000000 0.00000000 0.00000000
v 0.75998267 0.20490556 -0.49741901 0.00000000 0.00000000 0.00000000
v 0.77800068 0.20490556 -0.49741901 0.00000000 0.00000000 0.00000000
v 0.79601870 0.20490556 -0.49741901 0.00000000 0.00000000 0.00000000
v 0.81403672 0.20490556 -0.49741901 0.00000000 0.00000000 0.00000000
v 0.83205474 0.20490556 -0.49741901 0.00000000 0.00000000 0.00000000
v 0.85007276 0.20490556 -0.49741901 0.00000000 0.00000000 0.00000000
v 0.86809077 0.20490556 -0.49741901 0.00000000 0.00000000 0.00000000
v 0.88610879 0.20490556 -0.49741901 0.00000000 0.00000000 0.00000000
v 0.90412681 0.20490556 -0.49741901 0.00000000 0.00000000 0.00000000
v 0.92214483 0.20490556 -0.49741901 0.00000000 0.00000000 0.00000000
v -0.91569301 0.18688755 -0.49741901 0.00000000 0.00000000 0.00000000
v -0.89767499 0.18688755 -0.49741901 0.00000000 0.00000000 0.00000000
v -0.87965697 0.18688755 -0.49741901 0.00000000 0.00000000 0.00000000
v -0.86163896 0.18688755 -0.49741901 0.00000000 0.00000000 0.00000000
v -0.84362094 0.18688755 -0.49741901 0.00000000 0.00000000 0.00000000
v -0.82560292 0.18688755 -0.49741901 0.00000000 0.00000000 0.00000000
v -0.80758490 0.18688755 -0.49741901 0.00000000 0.00000000 0.00000000
v -0.78956688 0.18688755 -0.49741901 0.00000000 0.00000000 0.00000000
v -0.77154887 0.18688755 -0.49741901 0.00000000 0.00000000 0.00000000
v -0.75353085 0.18688755 -0.49741901 0.00000000 0.00000000 0.00000000
v -0.73551283 0.18688755 -0.49741901 0.00000000 0.00000000 0.00000000
v -0.71749481 0.18688755 -0.49741901 0.00000000 0.00000000 0.00000000
v -0.69947679 0.18688755 -0.49741901 0.00000000 0.00000000 0.00000000
v -0.68145878 0.18688755 -0.49741901 0.00000000 0.00000000 0.00000000
v -0.66344076 0.18688755 -0.49741901 0.00000000 0.00000000 0.00000000
v -0.64542274 0.18688755 -0.49741901 0.00000000 0.00000000 0.00000000
v -0.62740472 0.18688755 -0.49741901 0.00000000 0.00000000 0.00000000
v -0.60938670 0.18688755 -0.49741901 0.00000000 0.00000000 0.00000000
v -0.59136869 0.18688755 -0.49741901 0.00000000 0.00000000 0.00000000
v -0.57335067 0.18688755 -0.49741901 0.00000000 0.00000000 0.00000000
v -0.55533265 0.18688755 -0.49741901 0.00000000 0.00000000 0.00000000
v -0.53731463 0.18688755 -0.49741901 0.00000000 0.00000000 0.00000000
v -0.51929661 0.18688755 -0.49741901 0.00000000 0.00000000 0.00000000
v -0.50127860 0.18688755 -0.49741901 0.00000000 0.00000000 0.00000000
v -0.48326058 0.18688755 -0.49741901 0.00000000 0.00000000 0.00000000
v -0.46524256 0.18688755 -0.49741901 0.00000000 0.00000000 0.00000000
v -0.44722454 0.18688755 -0.49741901 0.00000000 0.00000000 0.00000000
v -0.42920652 0.18688755 -0.49741901 0.00000000 0.00000000 0.00000000
v -0.41118851 0.18688755 -0.49741901 0.00000000 0.00000000 0.00000000
v -0.39317049 0.18688755 -0.49741901 0.00000000 0.00000000 0.00000000
v -0.37515247 0.18688755 -0.49741901 0.00000000 0.00000000 0.00000000
v -0.35713445 0.18688755 -0.49741901 0.00000000 0.00000000 0.00000000
v -0.33911643 0.18688755 -0.49741901 0.00000000 0.00000000 0.00000000
v -0.32109842 0.18688755 -0.49741901 0.00392157 0.00392157 0.00392157
v -0.30308040 0.18688755 0.23389694 0.34117647 0.31764706 0.29803922
v -0.28506238 0.18688755 0.31746631 0.82352941 0.64313725 0.54117647
v -0.26704436 0.18688755 0.32191053 0.96862745 0.72549020 0.57254902
v -0.24902634 0.18688755 0.32804704 0.96470588 0.72941176 0.58431373
v -0.23100833 0.18688755 0.33186566 0.90196078 0.74509804 0.64313725
v -0.21299031 0.18688755 0.33525964 0.19607843 0.13333333 0.08235294
v -0.19497229 0.18688755 0.33592374 0.35686275 0.33725490 0.32156863
v -0.17695427 0.18688755 0.33491899 0.36862745 0.35294118 0.34117647
v -0.15893625 0.18688755 0.33677149 0.32941176 0.30980392 0.29411765
v -0.14091824 0.18688755 0.33951574 0.33333333 0.31372549 0.29803922
v -0.12290022 0.18688755 0.34144659 0.27843137 0.25882353 0.24313725
v -0.10488220 0.18688755 0.34445897 0.27843137 0.26274510 0.25098039
v -0.08686418 0.18688755 0.34624596 0.28627451 0.28235294 0.27450980
v -0.06884616 0.18688755 0.34810864 0.30588235 0.30588235 0.29803922
v -0.05082815 0.18688755 0.35042350 0.29411765 0.26666667 0.24313725
v -0.03281013 0.18688755 0.35301599 0.28627451 0.26666667 0.25098039
v -0.01479211 0.18688755 0.35475013 0.27058824 0.27843137 0.27450980
v 0.00322591 0.18688755 0.35577473 0.25882353 0.28235294 0.27450980
v 0.02124393 0.18688755 0.35441375 0.29803922 0.28627451 0.26666667
v 0.03926195 0.18688755 0.35182958 0.26274510 0.18823529 0.12941176
v 0.05727996 0.18688755 0.34633216 0.87450980 0.70196078 0.60392157
v 0.07529798 0.18688755 0.33958640 0.96862745 0.72156863 0.59215686
v 0.09331600 0.18688755 0.33105893 0.96470588 0.71764706 0.59607843
v 0.11133402 0.18688755 0.31763615 0.88627451 0.68627451 0.59215686
v 0.12935204 0.18688755 0.29600173 0.53333333 0.46274510 0.42745098
v 0.14737005 0.18688755 -0.49741901 0.00392157 0.00392157 0.00392157
v 0.16538807 0.18688755 -0.49741901 0.00000000 0.00000000 0.00000000
v 0.18340609 0.18688755 -0.49741901 0.00000000 0.00000000 0.00000000
v 0.20142411 0.18688755 -0.49741901 0.00000000 0.00000000 0.00000000
v 0.21944213 0.18688755 -0.49741901 0.00000000 0.00000000 0.00000000
v 0.23746014 0.18688755 -0.49741901 0.00000000 0.00000000 0.00000000
v 0.25547816 0.18688755 -0.49741901 0.00000000 0.00000000 0.00000000
v 0.27349618 0.18688755 -0.49741901 0.00000000 0.00000000 0.00000000
v 0.29151420 0.18688755 -0.49741901 0.00000000 0.00000000 0.00000000
v 0.30953222 0.18688755 -0.49741901 0.00000000 0.00000000 0.00000000
v 0.32755023 0.18688755 -0.49741901 0.00000000 0.00000000 0.00000000
v 0.34556825 0.18688755 -0.49741901 0.00000000 0.00000000 0.00000000
v 0.36358627 0.18688755 -0.49741901 0.00000000 0.00000000 0.00000000
v 0.38160429 0.18688755 -0.49741901 0.00000000 0.00000000 0.00000000
v 0.39962231 0.18688755 -0.49741901 0.00000000 0.00000000 0.00000000
v 0.41764032 0.18688755 -0.49741901 0.00000000 0.00000000 0.00000000
v 0.43565834 0.18688755 -0.49741901 0.00000000 0.00000000 0.00000000
v 0.45367636 0.18688755 -0.49741901 0.00000000 0.00000000 0.00000000
v 0.47169438 0.18688755 -0.49741901 0.00000000 0.00000000 0.00000000
v 0.48971240 0.18688755 -0.49741901 0.00000000 0.00000000 0.00000000
v 0.50773041 0.18688755 -0.49741901 0.00000000 0.00000000 0.00000000
v 0.52574843 0.18688755 -0.49741901 0.00000000 0.00000000 0.00000000
v 0.54376645 0.18688755 -0.49741901 0.00000000 0.00000000 0.00000000
v 0.56178447 0.18688755 -0.49741901 0.00000000 0.00000000 0.00000000
v 0.57980249 0.18688755 -0.49741901 0.00000000 0.00000000 0.00000000
v 0.59782050 0.18688755 -0.49741901 0.00000000 0.00000000 0.00000000
v 0.61583852 0.18688755 -0.49741901 0.00000000 0.00000000 0.00000000
v 0.63385654 0.18688755 -0.49741901 0.00000000 0.00000000 0.00000000
v 0.65187456 0.18688755 -0.49741901 0.00000000 0.00000000 0.00000000
v 0.66989258 0.18688755 -0.49741901 0.00000000 0.00000000 0.00000000
v 0.68791059 0.18688755 -0.49741901 0.00000000 0.00000000 0.00000000
v 0.70592861 0.18688755 -0.49741901 0.00000000 0.00000000 0.00000000
v 0.72394663 0.18688755 -0.49741901 0.00000000 0.00000000 0.00000000
v 0.74196465 0.18688755 -0.49741901 0.00000000 0.00000000 0.00000000
v 0.75998267 0.18688755 -0.49741901 0.00000000 0.00000000 0.00000000
v 0.77800068 0.18688755 -0.49741901 0.00000000 0.00000000 0.00000000
v 0.79601870 0.18688755 -0.49741901 0.00000000 0.00000000 0.00000000
v 0.81403672 0.18688755 -0.49741901 0.00000000 0.00000000 0.00000000
v 0.83205474 0.18688755 -0.49741901 0.00000000 0.00000000 0.00000000
v 0.85007276 0.18688755 -0.49741901 0.00000000 0.00000000 0.00000000
v 0.86809077 0.18688755 -0.49741901 0.00000000 0.00000000 0.00000000
v 0.88610879 0.18688755 -0.49741901 0.00000000 0.00000000 0.00000000
v 0.90412681 0.18688755 -0.49741901 0.00000000 0.00000000 0.00000000
v 0.92214483 0.18688755 -0.49741901 0.00000000 0.00000000 0.00000000
v -0.91569301 0.16886953 -0.49741901 0.00000000 0.00000000 0.00000000
v -0.89767499 0.16886953 -0.49741901 0.00000000 0.00000000 0.00000000
v -0.87965697 0.16886953 -0.49741901 0.00000000 0.00000000 0.00000000
v -0.86163896 0.16886953 -0.49741901 0.00000000 0.00000000 0.00000000
v -0.84362094 0.16886953 -0.49741901 0.00000000 0.00000000 0.00000000
v -0.82560292 0.16886953 -0.49741901 0.00000000 0.00000000 0.00000000
v -0.80758490 0.16886953 -0.49741901 0.00000000 0.00000000 0.00000000
v -0.78956688 0.16886953 -0.49741901 0.00000000 0.00000000 0.00000000
v -0.77154887 0.16886953 -0.49741901 0.00000000 0.00000000 0.00000000
v -0.75353085 0.16886953 -0.49741901 0.00000000 0.00000000 0.00000000
v -0.73551283 0.16886953 -0.49741901 0.00000000 0.00000000 0.00000000
v -0.71749481 0.16886953 -0.49741901 0.00000000 0.00000000 0.00000000
v -0.69947679 0.16886953 -0.49741901 0.00000000 0.00000000 0.00000000
v -0.68145878 0.16886953 -0.49741901 0.00000000 0.00000000 0.00000000
v -0.66344076 0.16886953 -0.49741901 0.00000000 0.00000000 0.00000000
v -0.64542274 0.16886953 -0.49741901 0.00000000 0.00000000 0.00000000
v -0.62740472 0.16886953 -0.49741901 0.00000000 0.00000000 0.00000000
v -0.60938670 0.16886953 -0.49741901 0.00000000 0.00000000 0.00000000
v -0.59136869 0.16886953 -0.49741901 0.00000000 0.00000000 0.00000000
v -0.57335067 0.16886953 -0.49741901 0.00000000 0.00000000 0.00000000
v -0.55533265 0.16886953 -0.49741901 0.00000000 0.00000000 0.00000000
v -0.53731463 0.16886953 -0.49741901 0.00000000 0.00000000 0.00000000
v -0.51929661 0.16886953 -0.49741901 0.00000000 0.00000000 0.00000000
v -0.50127860 0.16886953 -0.49741901 0.00000000 0.00000000 0.00000000
v -0.48326058 0.16886953 -0.49741901 0.00000000 0.00000000 0.00000000
v -0.46524256 0.16886953 -0.49741901 0.00000000 0.00000000 0.00000000
v -0.44722454 0.16886953 -0.49741901 0.00000000 0.00000000 0.00000000
v -0.42920652 0.16886953 -0.49741901 0.00000000 0.00000000 0.00000000
v -0.41118851 0.16886953 -0.49741901 0.00000000 0.00000000 0.00000000
v -0.39317049 0.16886953 -0.49741901 0.00000000 0.00000000 0.00000000
v -0.37515247 0.16886953 -0.49741901 0.00000000 0.00000000 0.00000000
v -0.35713445 0.16886953 -0.49741901 0.00000000 0.00000000 0.00000000
v -0.33911643 0.16886953 -0.49741901 0.00000000 0.00000000 0.00000000
v -0.32109842 0.16886953 -0.49741901 0.00392157 0.00392157 0.00392157
v -0.30308040 0.16886953 0.22321902 0.19607843 0.19215686 0.18431373
v -0.28506238 0.16886953 0.31108126 0.76862745 0.61960784 0.54509804
v -0.26704436 0.16886953 0.31906229 0.95686275 0.73725490 0.60784314
v -0.24902634 0.16886953 0.32611000 0.98431373 0.74901961 0.60392157
v -0.23100833 0.16886953 0.32859780 0.93725490 0.76078431 0.63921569
v -0.21299031 0.16886953 0.33240466 0.13725490 0.03137255 0.00000000
v -0.19497229 0.16886953 0.33454859 0.29411765 0.27450980 0.25882353
v -0.17695427 0.16886953 0.33408437 0.26274510 0.25490196 0.25882353
v -0.15893625 0.16886953 0.33577617 0.23529412 0.22745098 0.23137255
v -0.14091824 0.16886953 0.33829545 0.32156863 0.31764706 0.30980392
v -0.12290022 0.16886953 0.34072469 0.31372549 0.30980392 0.30196078
v -0.10488220 0.16886953 0.34376772 0.34901961 0.33333333 0.32941176
v -0.08686418 0.16886953 0.34617950 0.35686275 0.34117647 0.32941176
v -0.06884616 0.16886953 0.34858716 0.32549020 0.30980392 0.29803922
v -0.05082815 0.16886953 0.35114534 0.30588235 0.29803922 0.30980392
v -0.03281013 0.16886953 0.35411050 0.29411765 0.29411765 0.30196078
v -0.01479211 0.16886953 0.35523415 0.28235294 0.28627451 0.29411765
v 0.00322591 0.16886953 0.35518892 0.27843137 0.27843137 0.27058824
v 0.02124393 0.16886953 0.35329745 0.30588235 0.25490196 0.21960784
v 0.03926195 0.16886953 0.34992148 0.40000000 0.29019608 0.20784314
v 0.05727996 0.16886953 0.34410575 0.94117647 0.74901961 0.62352941
v 0.07529798 0.16886953 0.33736796 0.95294118 0.70196078 0.56078431
v 0.09331600 0.16886953 0.32666028 0.85882353 0.66666667 0.56862745
v 0.11133402 0.16886953 0.30980096 0.69411765 0.56078431 0.50196078
v 0.12935204 0.16886953 -0.49741901 0.00392157 0.00392157 0.00392157
v 0.14737005 0.16886953 -0.49741901 0.00000000 0.00000000 0.00000000
v 0.16538807 0.16886953 -0.49741901 0.00000000 0.00000000 0.00000000
v 0.18340609 0.16886953 -0.49741901 0.00000000 0.00000000 0.00000000
v 0.20142411 0.16886953 -0.49741901 0.00000000 0.00000000 0.00000000
v 0.21944213 0.16886953 -0.49741901 0.00000000 0.00000000 0.00000000
v 0.23746014 0.16886953 -0.49741901 0.00000000 0.00000000 0.00000000
v 0.25547816 0.16886953 -0.49741901 0.00000000 0.00000000 0.00000000
v 0.27349618 0.16886953 -0.49741901 0.00000000 0.00000000 0.00000000
v 0.29151420 0.16886953 -0.49741901 0.00000000 0.00000000 0.00000000
v 0.30953222 0.16886953 -0.49741901 0.00000000 0.00000000 0.00000000
v 0.32755023 0.16886953 -0.49741901 0.00000000 0.00000000 0.00000000
v 0.34556825 0.16886953 -0.49741901 0.00000000 0.00000000 0.00000000
v 0.36358627 0.16886953 -0.49741901 0.00000000 0.00000000 0.00000000
v 0.38160429 0.16886953 -0.49741901 0.00000000 0.00000000 0.00000000
v 0.39962231 0.16886953 -0.49741901 0.00000000 0.00000000 0.00000000
v 0.41764032 0.16886953 -0.49741901 0.00000000 0.00000000 0.00000000
v 0.43565834 0.16886953 -0.49741901 0.00000000 0.00000000 0.00000000
v 0.45367636 0.16886953 -0.49741901 0.00000000 0.00000000 0.00000000
v 0.47169438 0.16886953 -0.49741901 0.00000000 0.00000000 0.00000000
v 0.48971240 0.16886953 -0.49741901 0.00000000 0.00000000 0.00000000
v 0.50773041 0.16886953 -0.49741901 0.00000000 0.00000000 0.00000000
v 0.52574843 0.16886953 -0.49741901 0.00000000 0.00000000 0.00000000
v 0.54376645 0.16886953 -0.49741901 0.00000000 0.00000000 0.00000000
v 0.56178447 0.16886953 -0.49741901 0.00000000 0.00000000 0.00000000
v 0.57980249 0.16886953 -0.49741901 0.00000000 0.00000000 0.00000000
v 0.59782050 0.16886953 -0.49741901 0.00000000 0.00000000 0.00000000
v 0.61583852 0.16886953 -0.49741901 0.00000000 0.00000000 0.00000000
v 0.63385654 0.16886953 -0.49741901 0.00000000 0.00000000 0.00000000
v 0.65187456 0.16886953 -0.49741901 0.00000000 0.00000000 0.00000000
v 0.66989258 0.16886953 -0.49741901 0.00000000 0.00000000 0.00000000
v 0.68791059 0.16886953 -0.49741901 0.00000000 0.00000000 0.00000000
v 0.70592861 0.16886953 -0.49741901 0.00000000 0.00000000 0.00000000
v 0.72394663 0.16886953 -0.49741901 0.00000000 0.00000000 0.00000000
v 0.74196465 0.16886953 -0.49741901 0.00000000 0.00000000 0.00000000
v 0.75998267 0.16886953 -0.49741901 0.00000000 0.00000000 0.00000000
v 0.77800068 0.16886953 -0.49741901 0.00000000 0.00000000 0.00000000
v 0.79601870 0.16886953 -0.49741901 0.00000000 0.00000000 0.00000000
v 0.81403672 0.16886953 -0.49741901 0.00000000 0.00000000 0.00000000
v 0.83205474 0.16886953 -0.49741901 0.00000000 0.00000000 0.00000000
v 0.85007276 0.16886953 -0.49741901 0.00000000 0.00000000 0.00000000
v 0.86809077 0.16886953 -0.49741901 0.00000000 0.00000000 0.00000000
v 0.88610879 0.16886953 -0.49741901 0.00000000 0.00000000 0.00000000
v 0.90412681 0.16886953 -0.49741901 0.00000000 0.00000000 0.00000000
v 0.92214483 0.16886953 -0.49741901 0.00000000 0.00000000 0.00000000
v -0.91569301 0.15085151 -0.49741901 0.00000000 0.00000000 0.00000000
v -0.89767499 0.15085151 -0.49741901 0.00000000 0.00000000 0.00000000
v -0.87965697 0.15085151 -0.49741901 0.00000000 0.00000000 0.00000000
v -0.86163896 0.15085151 -0.49741901 0.00000000 0.00000000 0.00000000
v -0.84362094 0.15085151 -0.49741901 0.00000000 0.00000000 0.00000000
v -0.82560292 0.15085151 -0.49741901 0.00000000 0.00000000 0.00000000
v -0.80758490 0.15085151 -0.49741901 0.00000000 0.00000000 0.00000000
v -0.78956688 0.15085151 -0.49741901 0.00000000 0.00000000 0.00000000
v -0.77154887 0.15085151 -0.49741901 0.00000000 0.00000000 0.00000000
v -0.75353085 0.15085151 -0.49741901 0.00000000 0.00000000 0.00000000
v -0.73551283 0.15085151 -0.49741901 0.00000000 0.00000000 0.00000000
v -0.71749481 0.15085151 -0.49741901 0.00000000 0.00000000 0.00000000
v -0.69947679 0.15085151 -0.49741901 0.00000000 0.00000000 0.00000000
v -0.68145878 0.15085151 -0.49741901 0.00000000 0.00000000 0.00000000
v -0.66344076 0.15085151 -0.49741901 0.00000000 0.00000000 0.00000000
v -0.64542274 0.15085151 -0.49741901 0.00000000 0.00000000 0.00000000
v -0.62740472 0.15085151 -0.49741901 0.00000000 0.00000000 0.00000000
v -0.60938670 0.15085151 -0.49741901 0.00000000 0.00000000 0.00000000
v -0.59136869 0.15085151 -0.49741901 0.00000000 0.00000000 0.00000000
v -0.57335067 0.15085151 -0.49741901 0.00000000 0.00000000 0.00000000
v -0.55533265 0.15085151 -0.49741901 0.00000000 0.00000000 0.00000000
v -0.53731463 0.15085151 -0.49741901 0.00000000 0.00000000 0.00000000
v -0.51929661 0.15085151 -0.49741901 0.00000000 0.00000000 0.00000000
v -0.50127860 0.15085151 -0.49741901 0.00000000 0.00000000 0.00000000
v -0.48326058 0.15085151 -0.49741901 0.00000000 0.00000000 0.00000000
v -0.46524256 0.15085151 -0.49741901 0.00000000 0.00000000 0.00000000
v -0.44722454 0.15085151 -0.49741901 0.00000000 0.00000000 0.00000000
v -0.42920652 0.15085151 -0.49741901 0.00000000 0.00000000 0.00000000
v -0.41118851 0.15085151 -0.49741901 0.00000000 0.00000000 0.00000000
v -0.39317049 0.15085151 -0.49741901 0.00000000 0.00000000 0.00000000
v -0.37515247 0.15085151 -0.49741901 0.00000000 0.00000000 0.00000000
v -0.35713445 0.15085151 -0.49741901 0.00000000 0.00000000 0.00000000
v -0.33911643 0.15085151 -0.49741901 0.00000000 0.00000000 0.00000000
v -0.32109842 0.15085151 -0.49741901 0.00392157 0.00392157 0.00392157
v -0.30308040 0.15085151 0.22073974 0.39607843 0.38039216 0.38039216
v -0.28506238 0.15085151 0.30530560 0.54901961 0.44313725 0.39607843
v -0.26704436 0.15085151 0.31808511 0.86274510 0.66666667 0.56078431
v -0.24902634 0.15085151 0.32557140 0.95686275 0.72941176 0.58431373
v -0.23100833 0.15085151 0.32618499 0.96078431 0.76470588 0.62745098
v -0.21299031 0.15085151 0.33005976 0.61176471 0.47058824 0.35686275
v -0.19497229 0.15085151 0.33407921 0.33725490 0.30196078 0.28235294
v -0.17695427 0.15085151 0.33476386 0.24313725 0.24705882 0.26274510
v -0.15893625 0.15085151 0.33577562 0.19215686 0.19607843 0.21176471
v -0.14091824 0.15085151 0.33847470 0.30196078 0.30588235 0.32156863
v -0.12290022 0.15085151 0.34117482 0.29803922 0.29803922 0.30588235
v -0.10488220 0.15085151 0.34476181 0.26666667 0.25098039 0.24705882
v -0.08686418 0.15085151 0.34735772 0.24705882 0.22745098 0.21568627
v -0.06884616 0.15085151 0.34996038 0.27450980 0.24313725 0.23137255
v -0.05082815 0.15085151 0.35238137 0.28627451 0.29803922 0.32549020
v -0.03281013 0.15085151 0.35449643 0.27843137 0.29019608 0.31764706
v -0.01479211 0.15085151 0.35481618 0.27450980 0.26666667 0.27843137
v 0.00322591 0.15085151 0.35327422 0.28627451 0.24313725 0.21960784
v 0.02124393 0.15085151 0.35128157 0.20000000 0.10980392 0.03921569
v 0.03926195 0.15085151 0.34709496 0.87058824 0.71372549 0.61176471
v 0.05727996 0.15085151 0.34195082 0.95294118 0.74509804 0.61176471
v 0.07529798 0.15085151 0.33519028 0.92549020 0.68235294 0.52941176
v 0.09331600 0.15085151 0.32167801 0.76470588 0.62352941 0.56078431
v 0.11133402 0.15085151 0.29823824 0.16862745 0.16470588 0.16078431
v 0.12935204 0.15085151 -0.49741901 0.00392157 0.00392157 0.00392157
v 0.14737005 0.15085151 -0.49741901 0.00000000 0.00000000 0.00000000
v 0.16538807 0.15085151 -0.49741901 0.00000000 0.00000000 0.00000000
v 0.18340609 0.15085151 -0.49741901 0.00000000 0.00000000 0.00000000
v 0.20142411 0.15085151 -0.49741901 0.00000000 0.00000000 0.00000000
v 0.21944213 0.15085151 -0.49741901 0.00000000 0.00000000 0.00000000
v 0.23746014 0.15085151 -0.49741901 0.00000000 0.00000000 0.00000000
v 0.25547816 0.15085151 -0.49741901 0.00000000 0.00000000 0.00000000
v 0.27349618 0.15085151 -0.49741901 0.00000000 0.00000000 0.00000000
v 0.29151420 0.15085151 -0.49741901 0.00000000 0.00000000 0.00000000
v 0.30953222 0.15085151 -0.49741901 0.00000000 0.00000000 0.00000000
v 0.32755023 0.15085151 -0.49741901 0.00000000 0.00000000 0.00000000
v 0.34556825 0.15085151 -0.49741901 0.00000000 0.00000000 0.00000000
v 0.36358627 0.15085151 -0.49741901 0.00000000 0.00000000 0.00000000
v 0.38160429 0.15085151 -0.49741901 0.00000000 0.00000000 0.00000000
v 0.39962231 0.15085151 -0.49741901 0.00000000 0.00000000 0.00000000
v 0.41764032 0.15085151 -0.49741901 0.00000000 0.00000000 0.00000000
v 0.43565834 0.15085151 -0.49741901 0.00000000 0.00000000 0.00000000
v 0.45367636 0.15085151 -0.49741901 0.00000000 0.00000000 0.00000000
v 0.47169438 0.15085151 -0.49741901 0.00000000 0.00000000 0.00000000
v 0.48971240 0.15085151 -0.49741901 0.00000000 0.00000000 0.00000000
v 0.50773041 0.15085151 -0.49741901 0.00000000 0.00000000 0.00000000
v 0.52574843 0.15085151 -0.49741901 0.00000000 0.00000000 0.00000000
v 0.54376645 0.15085151 -0.49741901 0.00000000 0.00000000 0.00000000
v 0.56178447 0.15085151 -0.49741901 0.00000000 0.00000000 0.00000000
v 0.57980249 0.15085151 -0.49741901 0.00000000 0.00000000 0.00000000
v 0.59782050 0.15085151 -0.49741901 0.00000000 0.00000000 0.00000000
v 0.61583852 0.15085151 -0.49741901 0.00000000 0.00000000 0.00000000
v 0.63385654 0.15085151 -0.49741901 0.00000000 0.00000000 0.00000000
v 0.65187456 0.15085151 -0.49741901 0.00000000 0.00000000 0.00000000
v 0.66989258 0.15085151 -0.49741901 0.00000000 0.00000000 0.00000000
v 0.68791059 0.15085151 -0.49741901 0.00000000 0.00000000 0.00000000
v 0.70592861 0.15085151 -0.49741901 0.00000000 0.00000000 0.00000000
v 0.72394663 0.15085151 -0.49741901 0.00000000 0.00000000 0.00000000
v 0.74196465 0.15085151 -0.49741901 0.00000000 0.00000000 0.00000000
v 0.75998267 0.15085151 -0.49741901 0.00000000 0.00000000 0.00000000
v 0.77800068 0.15085151 -0.49741901 0.00000000 0.00000000 0.00000000
v 0.79601870 0.15085151 -0.49741901 0.00000000 0.00000000 0.00000000
v 0.81403672 0.15085151 -0.49741901 0.00000000 0.00000000 0.00000000
v 0.83205474 0.15085151 -0.49741901 0.00000000 0.00000000 0.00000000
v 0.85007276 0.15085151 -0.49741901 0.00000000 0.00000000 0.00000000
v 0.86809077 0.15085151 -0.49741901 0.00000000 0.00000000 0.00000000
v 0.88610879 0.15085151 -0.49741901 0.00000000 0.00000000 0.00000000
v 0.90412681 0.15085151 -0.49741901 0.00000000 0.00000000 0.00000000
v 0.92214483 0.15085151 -0.49741901 0.00000000 0.00000000 0.00000000
v -0.91569301 0.13283349 -0.49741901 0.00000000 0.00000000 0.00000000
v -0.89767499 0.13283349 -0.49741901 0.00000000 0.00000000 0.00000000
v -0.87965697 0.13283349 -0.49741901 0.00000000 0.00000000 0.00000000
v -0.86163896 0.13283349 -0.49741901 0.00000000 0.00000000 0.00000000
v -0.84362094 0.13283349 -0.49741901 0.00000000 0.00000000 0.00000000
v -0.82560292 0.13283349 -0.49741901 0.00000000 0.00000000 0.00000000
v -0.80758490 0.13283349 -0.49741901 0.00000000 0.00000000 0.00000000
v -0.78956688 0.13283349 -0.49741901 0.00000000 0.00000000 0.00000000
v -0.77154887 0.13283349 -0.49741901 0.00000000 0.00000000 0.00000000
v -0.75353085 0.13283349 -0.49741901 0.00000000 0.00000000 0.00000000
v -0.73551283 0.13283349 -0.49741901 0.00000000 0.00000000 0.00000000
v -0.71749481 0.13283349 -0.49741901 0.00000000 0.00000000 0.00000000
v -0.69947679 0.13283349 -0.49741901 0.00000000 0.00000000 0.00000000
v -0.68145878 0.13283349 -0.49741901 0.00000000 0.00000000 0.00000000
v -0.66344076 0.13283349 -0.49741901 0.00000000 0.00000000 0.00000000
v -0.64542274 0.13283349 -0.49741901 0.00000000 0.00000000 0.00000000
v -0.62740472 0.13283349 -0.49741901 0.00000000 0.00000000 0.00000000
v -0.60938670 0.13283349 -0.49741901 0.00000000 0.00000000 0.00000000
v -0.59136869 0.13283349 -0.49741901 0.00000000 0.00000000 0.00000000
v -0.57335067 0.13283349 -0.49741901 0.00000000 0.00000000 0.00000000
v -0.55533265 0.13283349 -0.49741901 0.00000000 0.00000000 0.00000000
v -0.53731463 0.13283349 -0.49741901 0.00000000 0.00000000 0.00000000
v -0.51929661 0.13283349 -0.49741901 0.00000000 0.00000000 0.00000000
v -0.50127860 0.13283349 -0.49741901 0.00000000 0.00000000 0.00000000
v -0.48326058 0.13283349 -0.49741901 0.00000000 0.00000000 0.00000000
v -0.46524256 0.13283349 -0.49741901 0.00000000 0.00000000 0.00000000
v -0.44722454 0.13283349 -0.49741901 0.00000000 0.00000000 0.00000000
v -0.42920652 0.13283349 -0.49741901 0.00000000 0.00000000 0.00000000
v -0.41118851 0.13283349 -0.49741901 0.00000000 0.00000000 0.00000000
v -0.39317049 0.13283349 -0.49741901 0.00000000 0.00000000 0.00000000
v -0.37515247 0.13283349 -0.49741901 0.00000000 0.00000000 0.00000000
v -0.35713445 0.13283349 -0.49741901 0.00000000 0.00000000 0.00000000
v -0.33911643 0.13283349 -0.49741901 0.00000000 0.00000000 0.00000000
v -0.32109842 0.13283349 -0.49741901 0.00000000 0.00000000 0.00000000
v -0.30308040 0.13283349 0.22103935 0.40784314 0.40784314 0.42745098
v -0.28506238 0.13283349 0.30094750 0.50588235 0.43529412 0.41960784
v -0.26704436 0.13283349 0.31654521 0.81176471 0.66274510 0.58823529
v -0.24902634 0.13283349 0.32488256 0.98039216 0.76470588 0.64313725
v -0.23100833 0.13283349 0.32473217 0.96862745 0.75686275 0.60784314
v -0.21299031 0.13283349 0.32765127 0.93333333 0.74509804 0.60392157
v -0.19497229 0.13283349 0.33274304 0.30196078 0.23529412 0.20392157
v -0.17695427 0.13283349 0.33496443 0.40392157 0.38823529 0.39215686
v -0.15893625 0.13283349 0.33613007 0.44705882 0.44705882 0.45490196
v -0.14091824 0.13283349 0.33862963 0.53725490 0.54117647 0.55686275
v -0.12290022 0.13283349 0.34141773 0.37647059 0.38039216 0.39607843
v -0.10488220 0.13283349 0.34511193 0.29803922 0.29019608 0.29411765
v -0.08686418 0.13283349 0.34750887 0.23921569 0.20784314 0.20000000
v -0.06884616 0.13283349 0.34983487 0.28235294 0.24705882 0.22745098
v -0.05082815 0.13283349 0.35201145 0.29019608 0.30196078 0.33725490
v -0.03281013 0.13283349 0.35371480 0.23921569 0.23921569 0.27058824
v -0.01479211 0.13283349 0.35311228 0.26666667 0.22352941 0.21568627
v 0.00322591 0.13283349 0.35081501 0.34901961 0.24705882 0.19607843
v 0.02124393 0.13283349 0.34779576 0.68627451 0.53725490 0.45098039
v 0.03926195 0.13283349 0.34291281 0.89803922 0.72156863 0.60000000
v 0.05727996 0.13283349 0.33769884 0.91372549 0.71764706 0.58823529
v 0.07529798 0.13283349 0.33013653 0.88235294 0.67843137 0.54509804
v 0.09331600 0.13283349 0.31301163 0.63921569 0.57647059 0.55294118
v 0.11133402 0.13283349 -0.49741901 0.00000000 0.00000000 0.00000000
v 0.12935204 0.13283349 -0.49741901 0.00000000 0.00000000 0.00000000
v 0.14737005 0.13283349 -0.49741901 0.00000000 0.00000000 0.00000000
v 0.16538807 0.13283349 -0.49741901 0.00000000 0.00000000 0.00000000
v 0.18340609 0.13283349 -0.49741901 0.00000000 0.00000000 0.00000000
v 0.20142411 0.13283349 -0.49741901 0.00000000 0.00000000 0.00000000
v 0.21944213 0.13283349 -0.49741901 0.00000000 0.00000000 0.00000000
v 0.23746014 0.13283349 -0.49741901 0.00000000 0.00000000 0.00000000
v 0.25547816 0.13283349 -0.49741901 0.00000000 0.00000000 0.00000000
v 0.27349618 0.13283349 -0.49741901 0.00000000 0.00000000 0.00000000
v 0.29151420 0.13283349 -0.49741901 0.00000000 0.00000000 0.00000000
v 0.30953222 0.13283349 -0.49741901 0.00000000 0.00000000 0.00000000
v 0.32755023 0.13283349 -0.49741901 0.00000000 0.00000000 0.00000000
v 0.34556825 0.13283349 -0.49741901 0.00000000 0.00000000 0.00000000
v 0.36358627 0.13283349 -0.49741901 0.00000000 0.00000000 0.00000000
v 0.38160429 0.13283349 -0.49741901 0.00000000 0.00000000 0.00000000
v 0.39962231 0.13283349 -0.49741901 0.00000000 0.00000000 0.00000000
v 0.41764032 0.13283349 -0.49741901 0.00000000 0.00000000 0.00000000
v 0.43565834 0.13283349 -0.49741901 0.00000000 0.00000000 0.00000000
v 0.45367636 0.13283349 -0.49741901 0.00000000 0.00000000 0.00000000
v 0.47169438 0.13283349 -0.49741901 0.00000000 0.00000000 0.00000000
v 0.48971240 0.13283349 -0.49741901 0.00000000 0.00000000 0.00000000
v 0.50773041 0.13283349 -0.49741901 0.00000000 0.00000000 0.00000000
v 0.52574843 0.13283349 -0.49741901 0.00000000 0.00000000 0.00000000
v 0.54376645 0.13283349 -0.49741901 0.00000000 0.00000000 0.00000000
v 0.56178447 0.13283349 -0.49741901 0.00000000 0.00000000 0.00000000
v 0.57980249 0.13283349 -0.49741901 0.00000000 0.00000000 0.00000000
v 0.59782050 0.13283349 -0.49741901 0.00000000 0.00000000 0.00000000
v 0.61583852 0.13283349 -0.49741901 0.00000000 0.00000000 0.00000000
v 0.63385654 0.13283349 -0.49741901 0.00000000 0.00000000 0.00000000
v 0.65187456 0.13283349 -0.49741901 0.00000000 0.00000000 0.00000000
v 0.66989258 0.13283349 -0.49741901 0.00000000 0.00000000 0.00000000
v 0.68791059 0.13283349 -0.49741901 0.00000000 0.00000000 0.00000000
v 0.70592861 0.13283349 -0.49741901 0.00000000 0.00000000 0.00000000
v 0.72394663 0.13283349 -0.49741901 0.00000000 0.00000000 0.00000000
v 0.74196465 0.13283349 -0.49741901 0.00000000 0.00000000 0.00000000
v 0.75998267 0.13283349 -0.49741901 0.00000000 0.00000000 0.00000000
v 0.77800068 0.13283349 -0.49741901 0.00000000 0.00000000 0.00000000
v 0.79601870 0.13283349 -0.49741901 0.00000000 0.00000000 0.00000000
v 0.81403672 0.13283349 -0.49741901 0.00000000 0.00000000 0.00000000
v 0.83205474 0.13283349 -0.49741901 0.00000000 0.00000000 0.00000000
v 0.85007276 0.13283349 -0.49741901 0.00000000 0.00000000 0.00000000
v 0.86809077 0.13283349 -0.49741901 0.00000000 0.00000000 0.00000000
v 0.88610879 0.13283349 -0.49741901 0.00000000 0.00000000 0.00000000
v 0.90412681 0.13283349 -0.49741901 0.00000000 0.00000000 0.00000000
v 0.92214483 0.13283349 -0.49741901 0.00000000 0.00000000 0.00000000
v -0.91569301 0.11481547 -0.49741901 0.00000000 0.00000000 0.00000000
v -0.89767499 0.11481547 -0.49741901 0.00000000 0.00000000 0.00000000
v -0.87965697 0.11481547 -0.49741901 0.00000000 0.00000000 0.00000000
v -0.86163896 0.11481547 -0.49741901 0.00000000 0.00000000 0.00000000
v -0.84362094 0.11481547 -0.49741901 0.00000000 0.00000000 0.00000000
v -0.82560292 0.11481547 -0.49741901 0.00000000 0.00000000 0.00000000
v -0.80758490 0.11481547 -0.49741901 0.00000000 0.00000000 0.00000000
v -0.78956688 0.11481547 -0.49741901 0.00000000 0.00000000 0.00000000
v -0.77154887 0.11481547 -0.49741901 0.00000000 0.00000000 0.00000000
v -0.75353085 0.11481547 -0.49741901 0.00000000 0.00000000 0.00000000
v -0.73551283 0.11481547 -0.49741901 0.00000000 0.00000000 0.00000000
v -0.71749481 0.11481547 -0.49741901 0.00000000 0.00000000 0.00000000
v -0.69947679 0.11481547 -0.49741901 0.00000000 0.00000000 0.00000000
v -0.68145878 0.11481547 -0.49741901 0.00000000 0.00000000 0.00000000
v -0.66344076 0.11481547 -0.49741901 0.00000000 0.00000000 0.00000000
v -0.64542274 0.11481547 -0.49741901 0.00000000 0.00000000 0.00000000
v -0.62740472 0.11481547 -0.49741901 0.00000000 0.00000000 0.00000000
v -0.60938670 0.11481547 -0.49741901 0.00000000 0.00000000 0.00000000
v -0.59136869 0.11481547 -0.49741901 0.00000000 0.00000000 0.00000000
v -0.57335067 0.11481547 -0.49741901 0.00000000 0.00000000 0.00000000
v -0.55533265 0.11481547 -0.49741901 0.00000000 0.00000000 0.00000000
v -0.53731463 0.11481547 -0.49741901 0.00000000 0.00000000 0.00000000
v -0.51929661 0.11481547 -0.49741901 0.00000000 0.00000000 0.00000000
v -0.50127860 0.11481547 -0.49741901 0.00000000 0.00000000 0.00000000
v -0.48326058 0.11481547 -0.49741901 0.00000000 0.00000000 0.00000000
v -0.46524256 0.11481547 -0.49741901 0.00000000 0.00000000 0.00000000
v -0.44722454 0.11481547 -0.49741901 0.00000000 0.00000000 0.00000000
v -0.42920652 0.11481547 -0.49741901 0.00000000 0.00000000 0.00000000
v -0.41118851 0.11481547 -0.49741901 0.00000000 0.00000000 0.00000000
v -0.39317049 0.11481547 -0.49741901 0.00000000 0.00000000 0.00000000
v -0.37515247 0.11481547 -0.49741901 0.00000000 0.00000000 0.00000000
v -0.35713445 0.11481547 -0.49741901 0.00000000 0.00000000 0.00000000
v -0.33911643 0.11481547 -0.49741901 0.00000000 0.00000000 0.00000000
v -0.32109842 0.11481547 -0.49741901 0.00000000 0.00000000 0.00000000
v -0.30308040 0.11481547 0.22647368 0.43921569 0.45098039 0.48627451
v -0.28506238 0.11481547 0.29544698 0.42745098 0.39215686 0.40392157
v -0.26704436 0.11481547 0.31309515 0.53333333 0.41960784 0.37647059
v -0.24902634 0.11481547 0.32296992 0.86274510 0.67843137 0.56862745
v -0.23100833 0.11481547 0.32293102 0.94509804 0.73333333 0.58431373
v -0.21299031 0.11481547 0.32479362 0.96862745 0.75686275 0.60784314
v -0.19497229 0.11481547 0.32993116 0.36078431 0.25882353 0.20000000
v -0.17695427 0.11481547 0.33363994 0.34509804 0.29411765 0.27058824
v -0.15893625 0.11481547 0.33517358 0.37647059 0.34509804 0.33725490
v -0.14091824 0.11481547 0.33795398 0.32941176 0.32156863 0.33333333
v -0.12290022 0.11481547 0.34090800 0.55294118 0.54901961 0.56862745
v -0.10488220 0.11481547 0.34413626 0.45490196 0.44705882 0.45882353
v -0.08686418 0.11481547 0.34654214 0.47450980 0.44313725 0.43529412
v -0.06884616 0.11481547 0.34899509 0.50196078 0.46274510 0.44705882
v -0.05082815 0.11481547 0.35138831 0.50588235 0.50196078 0.52549020
v -0.03281013 0.11481547 0.35240103 0.49411765 0.45882353 0.47058824
v -0.01479211 0.11481547 0.35046825 0.44313725 0.34509804 0.31764706
v 0.00322591 0.11481547 0.34846138 0.36078431 0.19215686 0.11764706
v 0.02124393 0.11481547 0.34475899 0.96470588 0.76470588 0.65098039
v 0.03926195 0.11481547 0.33905674 0.90980392 0.71764706 0.59215686
v 0.05727996 0.11481547 0.33288552 0.87058824 0.70980392 0.60000000
v 0.07529798 0.11481547 0.32259683 0.68235294 0.54117647 0.44313725
v 0.09331600 0.11481547 0.30031069 0.34117647 0.32549020 0.31764706
v 0.11133402 0.11481547 -0.49741901 0.00784314 0.00784314 0.00784314
v 0.12935204 0.11481547 -0.49741901 0.00000000 0.00000000 0.00000000
v 0.14737005 0.11481547 -0.49741901 0.00000000 0.00000000 0.00000000
v 0.16538807 0.11481547 -0.49741901 0.00000000 0.00000000 0.00000000
v 0.18340609 0.11481547 -0.49741901 0.00000000 0.00000000 0.00000000
v 0.20142411 0.11481547 -0.49741901 0.00000000 0.00000000 0.00000000
v 0.21944213 0.11481547 -0.49741901 0.00000000 0.00000000 0.00000000
v 0.23746014 0.11481547 -0.49741901 0.00000000 0.00000000 0.00000000
v 0.25547816 0.11481547 -0.49741901 0.00000000 0.00000000 0.00000000
v 0.27349618 0.11481547 -0.49741901 0.00000000 0.00000000 0.00000000
v 0.29151420 0.11481547 -0.49741901 0.00000000 0.00000000 0.00000000
v 0.30953222 0.11481547 -0.49741901 0.00000000 0.00000000 0.00000000
v 0.32755023 0.11481547 -0.49741901 0.00000000 0.00000000 0.00000000
v 0.34556825 0.11481547 -0.49741901 0.00000000 0.00000000 0.00000000
v 0.36358627 0.11481547 -0.49741901 0.00000000 0.00000000 0.00000000
v 0.38160429 0.11481547 -0.49741901 0.00000000 0.00000000 0.00000000
v 0.39962231 0.11481547 -0.49741901 0.00000000 0.00000000 0.00000000
v 0.41764032 0.11481547 -0.49741901 0.00000000 0.00000000 0.00000000
v 0.43565834 0.11481547 -0.49741901 0.00000000 0.00000000 0.00000000
v 0.45367636 0.11481547 -0.49741901 0.00000000 0.00000000 0.00000000
v 0.47169438 0.11481547 -0.49741901 0.00000000 0.00000000 0.00000000
v 0.48971240 0.11481547 -0.49741901 0.00000000 0.00000000 0.00000000
v 0.50773041 0.11481547 -0.49741901 0.00000000 0.00000000 0.00000000
v 0.52574843 0.11481547 -0.49741901 0.00000000 0.00000000 0.00000000
v 0.54376645 0.11481547 -0.49741901 0.00000000 0.00000000 0.00000000
v 0.56178447 0.11481547 -0.49741901 0.00000000 0.00000000 0.00000000
v 0.57980249 0.11481547 -0.49741901 0.00000000 0.00000000 0.00000000
v 0.59782050 0.11481547 -0.49741901 0.00000000 0.00000000 0.00000000
v 0.61583852 0.11481547 -0.49741901 0.00000000 0.00000000 0.00000000
v 0.63385654 0.11481547 -0.49741901 0.00000000 0.00000000 0.00000000
v 0.65187456 0.11481547 -0.49741901 0.00000000 0.00000000 0.00000000
v 0.66989258 0.11481547 -0.49741901 0.00000000 0.00000000 0.00000000
v 0.68791059 0.11481547 -0.49741901 0.00000000 0.00000000 0.00000000
v 0.70592861 0.11481547 -0.49741901 0.00000000 0.00000000 0.00000000
v 0.72394663 0.11481547 -0.49741901 0.00000000 0.00000000 0.00000000
v 0.74196465 0.11481547 -0.49741901 0.00000000 0.00000000 0.00000000
v 0.75998267 0.11481547 -0.49741901 0.00000000 0.00000000 0.00000000
v 0.77800068 0.11481547 -0.49741901 0.00000000 0.00000000 0.00000000
v 0.79601870 0.11481547 -0.49741901 0.00000000 0.00000000 0.00000000
v 0.81403672 0.11481547 -0.49741901 0.00000000 0.00000000 0.00000000
v 0.83205474 0.11481547 -0.49741901 0.00000000 0.00000000 0.00000000
v 0.85007276 0.11481547 -0.49741901 0.00000000 0.00000000 0.00000000
v 0.86809077 0.11481547 -0.49741901 0.00000000 0.00000000 0.00000000
v 0.88610879 0.11481547 -0.49741901 0.00000000 0.00000000 0.00000000
v 0.90412681 0.11481547 -0.49741901 0.00000000 0.00000000 0.00000000
v 0.92214483 0.11481547 -0.49741901 0.00000000 0.00000000 0.00000000
v -0.91569301 0.09679746 -0.49741901 0.00000000 0.00000000 0.00000000
v -0.89767499 0.09679746 -0.49741901 0.00000000 0.00000000 0.00000000
v -0.87965697 0.09679746 -0.49741901 0.00000000 0.00000000 0.00000000
v -0.86163896 0.09679746 -0.49741901 0.00000000 0.00000000 0.00000000
v -0.84362094 0.09679746 -0.49741901 0.00000000 0.00000000 0.00000000
v -0.82560292 0.09679746 -0.49741901 0.00000000 0.00000000 0.00000000
v -0.80758490 0.09679746 -0.49741901 0.00000000 0.00000000 0.00000000
v -0.78956688 0.09679746 -0.49741901 0.00000000 0.00000000 0.00000000
v -0.77154887 0.09679746 -0.49741901 0.00000000 0.00000000 0.00000000
v -0.75353085 0.09679746 -0.49741901 0.00000000 0.00000000 0.00000000
v -0.73551283 0.09679746 -0.49741901 0.00000000 0.00000000 0.00000000
v -0.71749481 0.09679746 -0.49741901 0.00000000 0.00000000 0.00000000
v -0.69947679 0.09679746 -0.49741901 0.00000000 0.00000000 0.00000000
v -0.68145878 0.09679746 -0.49741901 0.00000000 0.00000000 0.00000000
v -0.66344076 0.09679746 -0.49741901 0.00000000 0.00000000 0.00000000
v -0.64542274 0.09679746 -0.49741901 0.00000000 0.00000000 0.00000000
v -0.62740472 0.09679746 -0.49741901 0.00000000 0.00000000 0.00000000
v -0.60938670 0.09679746 -0.49741901 0.00000000 0.00000000 0.00000000
v -0.59136869 0.09679746 -0.49741901 0.00000000 0.00000000 0.00000000
v -0.57335067 0.09679746 -0.49741901 0.00000000 0.00000000 0.00000000
v -0.55533265 0.09679746 -0.49741901 0.00000000 0.00000000 0.00000000
v -0.53731463 0.09679746 -0.49741901 0.00000000 0.00000000 0.00000000
v -0.51929661 0.09679746 -0.49741901 0.00000000 0.00000000 0.00000000
v -0.50127860 0.09679746 -0.49741901 0.00000000 0.00000000 0.00000000
v -0.48326058 0.09679746 -0.49741901 0.00000000 0.00000000 0.00000000
v -0.46524256 0.09679746 -0.49741901 0.00000000 0.00000000 0.00000000
v -0.44722454 0.09679746 -0.49741901 0.00000000 0.00000000 0.00000000
v -0.42920652 0.09679746 -0.49741901 0.00000000 0.00000000 0.00000000
v -0.41118851 0.09679746 -0.49741901 0.00000000 0.00000000 0.00000000
v -0.39317049 0.09679746 -0.49741901 0.00000000 0.00000000 0.00000000
v -0.37515247 0.09679746 -0.49741901 0.00000000 0.00000000 0.00000000
v -0.35713445 0.09679746 -0.49741901 0.00000000 0.00000000 0.00000000
v -0.33911643 0.09679746 -0.49741901 0.00392157 0.00392157 0.00392157
v -0.32109842 0.09679746 0.10816933 0.04313725 0.04313725 0.04313725
v -0.30308040 0.09679746 0.24041609 0.40784314 0.43137255 0.47843137
v -0.28506238 0.09679746 0.29106860 0.41176471 0.40784314 0.43921569
v -0.26704436 0.09679746 0.30639173 0.41568627 0.32549020 0.30196078
v -0.24902634 0.09679746 0.31848074 0.90196078 0.73725490 0.64313725
v -0.23100833 0.09679746 0.32082255 0.94117647 0.73725490 0.59215686
v -0.21299031 0.09679746 0.32277032 0.96862745 0.76078431 0.60392157
v -0.19497229 0.09679746 0.32743683 0.91764706 0.77647059 0.68235294
v -0.17695427 0.09679746 0.33186167 0.32941176 0.22745098 0.17647059
v -0.15893625 0.09679746 0.33437442 0.43529412 0.36862745 0.34117647
v -0.14091824 0.09679746 0.33706718 0.46274510 0.43137255 0.42352941
v -0.12290022 0.09679746 0.34048873 0.45490196 0.44705882 0.45882353
v -0.10488220 0.09679746 0.34349670 0.42745098 0.40784314 0.42352941
v -0.08686418 0.09679746 0.34607351 0.32549020 0.29019608 0.29411765
v -0.06884616 0.09679746 0.34832446 0.45882353 0.40392157 0.39215686
v -0.05082815 0.09679746 0.35071686 0.52941176 0.49803922 0.49803922
v -0.03281013 0.09679746 0.35090794 0.50196078 0.43137255 0.40784314
v -0.01479211 0.09679746 0.34764860 0.40000000 0.24705882 0.18039216
v 0.00322591 0.09679746 0.34524356 0.99607843 0.80784314 0.70196078
v 0.02124393 0.09679746 0.34151031 0.96470588 0.72549020 0.60392157
v 0.03926195 0.09679746 0.33541896 0.97254902 0.78039216 0.66274510
v 0.05727996 0.09679746 0.32785452 0.84705882 0.72549020 0.64313725
v 0.07529798 0.09679746 0.31432526 0.43921569 0.37647059 0.31764706
v 0.09331600 0.09679746 0.28757475 0.30980392 0.30196078 0.29803922
v 0.11133402 0.09679746 -0.49741901 0.00784314 0.00784314 0.00784314
v 0.12935204 0.09679746 -0.49741901 0.00000000 0.00000000 0.00000000
v 0.14737005 0.09679746 -0.49741901 0.00000000 0.00000000 0.00000000
v 0.16538807 0.09679746 -0.49741901 0.00000000 0.00000000 0.00000000
v 0.18340609 0.09679746 -0.49741901 0.00000000 0.00000000 0.00000000
v 0.20142411 0.09679746 -0.49741901 0.00000000 0.00000000 0.00000000
v 0.21944213 0.09679746 -0.49741901 0.00000000 0.00000000 0.00000000
v 0.23746014 0.09679746 -0.49741901 0.00000000 0.00000000 0.00000000
v 0.25547816 0.09679746 -0.49741901 0.00000000 0.00000000 0.00000000
v 0.27349618 0.09679746 -0.49741901 0.00000000 0.00000000 0.00000000
v 0.29151420 0.09679746 -0.49741901 0.00000000 0.00000000 0.00000000
v 0.30953222 0.09679746 -0.49741901 0.00000000 0.00000000 0.00000000
v 0.32755023 0.09679746 -0.49741901 0.00000000 0.00000000 0.00000000
v 0.34556825 0.09679746 -0.49741901 0.00000000 0.00000000 0.00000000
v 0.36358627 0.09679746 -0.49741901 0.00000000 0.00000000 0.00000000
v 0.38160429 0.09679746 -0.49741901 0.00000000 0.00000000 0.00000000
v 0.39962231 0.09679746 -0.49741901 0.00000000 0.00000000 0.00000000
v 0.41764032 0.09679746 -0.49741901 0.00000000 0.00000000 0.00000000
v 0.43565834 0.09679746 -0.49741901 0.00000000 0.00000000 0.00000000
v 0.45367636 0.09679746 -0.49741901 0.00000000 0.00000000 0.00000000
v 0.47169438 0.09679746 -0.49741901 0.00000000 0.00000000 0.00000000
v 0.48971240 0.09679746 -0.49741901 0.00000000 0.00000000 0.00000000
v 0.50773041 0.09679746 -0.49741901 0.00000000 0.00000000 0.00000000
v 0.52574843 0.09679746 -0.49741901 0.00000000 0.00000000 0.00000000
v 0.54376645 0.09679746 -0.49741901 0.00000000 0.00000000 0.00000000
v 0.56178447 0.09679746 -0.49741901 0.00000000 0.00000000 0.00000000
v 0.57980249 0.09679746 -0.49741901 0.00000000 0.00000000 0.00000000
v 0.59782050 0.09679746 -0.49741901 0.00000000 0.00000000 0.00000000
v 0.61583852 0.09679746 -0.49741901 0.00000000 0.00000000 0.00000000
v 0.63385654 0.09679746 -0.49741901 0.00000000 0.00000000 0.00000000
v 0.65187456 0.09679746 -0.49741901 0.00000000 0.00000000 0.00000000
v 0.66989258 0.09679746 -0.49741901 0.00000000 0.00000000 0.00000000
v 0.68791059 0.09679746 -0.49741901 0.00000000 0.00000000 0.00000000
v 0.70592861 0.09679746 -0.49741901 0.00000000 0.00000000 0.00000000
v 0.72394663 0.09679746 -0.49741901 0.00000000 0.00000000 0.00000000
v 0.74196465 0.09679746 -0.49741901 0.00000000 0.00000000 0.00000000
v 0.75998267 0.09679746 -0.49741901 0.00000000 0.00000000 0.00000000
v 0.77800068 0.09679746 -0.49741901 0.00000000 0.00000000 0.00000000
v 0.79601870 0.09679746 -0.49741901 0.00000000 0.00000000 0.00000000
v 0.81403672 0.09679746 -0.49741901 0.00000000 0.00000000 0.00000000
v 0.83205474 0.09679746 -0.49741901 0.00000000 0.00000000 0.00000000
v 0.85007276 0.09679746 -0.49741901 0.00000000 0.00000000 0.00000000
v 0.86809077 0.09679746 -0.49741901 0.00000000 0.00000000 0.00000000
v 0.88610879 0.09679746 -0.49741901 0.00000000 0.00000000 0.00000000
v 0.90412681 0.09679746 -0.49741901 0.00000000 0.00000000 0.00000000
v 0.92214483 0.09679746 -0.49741901 0.00000000 0.00000000 0.00000000
v -0.91569301 0.07877944 -0.49741901 0.00000000 0.00000000 0.00000000
v -0.89767499 0.07877944 -0.49741901 0.00000000 0.00000000 0.00000000
v -0.87965697 0.07877944 -0.49741901 0.00000000 0.00000000 0.00000000
v -0.86163896 0.07877944 -0.49741901 0.00000000 0.00000000 0.00000000
v -0.84362094 0.07877944 -0.49741901 0.00000000 0.00000000 0.00000000
v -0.82560292 0.07877944 -0.49741901 0.00000000 0.00000000 0.00000000
v -0.80758490 0.07877944 -0.49741901 0.00000000 0.00000000 0.00000000
v -0.78956688 0.07877944 -0.49741901 0.00000000 0.00000000 0.00000000
v -0.77154887 0.07877944 -0.49741901 0.00000000 0.00000000 0.00000000
v -0.75353085 0.07877944 -0.49741901 0.00000000 0.00000000 0.00000000
v -0.73551283 0.07877944 -0.49741901 0.00000000 0.00000000 0.00000000
v -0.71749481 0.07877944 -0.49741901 0.00000000 0.00000000 0.00000000
v -0.69947679 0.07877944 -0.49741901 0.00000000 0.00000000 0.00000000
v -0.68145878 0.07877944 -0.49741901 0.00000000 0.00000000 0.00000000
v -0.66344076 0.07877944 -0.49741901 0.00000000 0.00000000 0.00000000
v -0.64542274 0.07877944 -0.49741901 0.00000000 0.00000000 0.00000000
v -0.62740472 0.07877944 -0.49741901 0.00000000 0.00000000 0.00000000
v -0.60938670 0.07877944 -0.49741901 0.00000000 0.00000000 0.00000000
v -0.59136869 0.07877944 -0.49741901 0.00000000 0.00000000 0.00000000
v -0.57335067 0.07877944 -0.49741901 0.00000000 0.00000000 0.00000000
v -0.55533265 0.07877944 -0.49741901 0.00000000 0.00000000 0.00000000
v -0.53731463 0.07877944 -0.49741901 0.00000000 0.00000000 0.00000000
v -0.51929661 0.07877944 -0.49741901 0.00000000 0.00000000 0.00000000
v -0.50127860 0.07877944 -0.49741901 0.00000000 0.00000000 0.00000000
v -0.48326058 0.07877944 -0.49741901 0.00000000 0.00000000 0.00000000
v -0.46524256 0.07877944 -0.49741901 0.00000000 0.00000000 0.00000000
v -0.44722454 0.07877944 -0.49741901 0.00000000 0.00000000 0.00000000
v -0.42920652 0.07877944 -0.49741901 0.00000000 0.00000000 0.00000000
v -0.41118851 0.07877944 -0.49741901 0.00000000 0.00000000 0.00000000
v -0.39317049 0.07877944 -0.49741901 0.00000000 0.00000000 0.00000000
v -0.37515247 0.07877944 -0.49741901 0.00000000 0.00000000 0.00000000
v -0.35713445 0.07877944 -0.49741901 0.00000000 0.00000000 0.00000000
v -0.33911643 0.07877944 -0.49741901 0.00392157 0.00392157 0.00392157
v -0.32109842 0.07877944 0.12930963 0.09803922 0.09803922 0.09803922
v -0.30308040 0.07877944 0.25574567 0.41568627 0.43921569 0.48627451
v -0.28506238 0.07877944 0.28740065 0.40000000 0.40784314 0.45490196
v -0.26704436 0.07877944 0.29931818 0.42352941 0.35294118 0.34509804
v -0.24902634 0.07877944 0.31218793 0.64313725 0.49803922 0.41568627
v -0.23100833 0.07877944 0.31745792 0.97647059 0.78039216 0.64313725
v -0.21299031 0.07877944 0.32048665 0.97254902 0.76470588 0.60784314
v -0.19497229 0.07877944 0.32469774 0.95294118 0.77647059 0.66274510
v -0.17695427 0.07877944 0.32957993 0.46666667 0.32941176 0.25098039
v -0.15893625 0.07877944 0.33338851 0.44313725 0.34901961 0.30196078
v -0.14091824 0.07877944 0.33614341 0.47843137 0.43529412 0.42745098
v -0.12290022 0.07877944 0.33981775 0.44313725 0.42352941 0.43921569
v -0.10488220 0.07877944 0.34360461 0.34509804 0.32549020 0.34117647
v -0.08686418 0.07877944 0.34578181 0.44705882 0.41176471 0.41568627
v -0.06884616 0.07877944 0.34740563 0.51372549 0.46274510 0.45882353
v -0.05082815 0.07877944 0.34805977 0.42745098 0.36862745 0.34901961
v -0.03281013 0.07877944 0.34726988 0.49411765 0.37647059 0.33725490
v -0.01479211 0.07877944 0.34412465 0.90980392 0.70980392 0.62745098
v 0.00322591 0.07877944 0.34050783 0.93333333 0.67843137 0.55294118
v 0.02124393 0.07877944 0.33667781 0.99607843 0.74117647 0.60392157
v 0.03926195 0.07877944 0.32995198 0.92156863 0.72549020 0.61960784
v 0.05727996 0.07877944 0.32003734 0.41568627 0.32549020 0.26274510
v 0.07529798 0.07877944 0.30457112 0.40000000 0.39607843 0.37647059
v 0.09331600 0.07877944 0.27620386 0.31372549 0.31764706 0.30980392
v 0.11133402 0.07877944 -0.49741901 0.00392157 0.00392157 0.00392157
v 0.12935204 0.07877944 -0.49741901 0.00000000 0.00000000 0.00000000
v 0.14737005 0.07877944 -0.49741901 0.00000000 0.00000000 0.00000000
v 0.16538807 0.07877944 -0.49741901 0.00000000 0.00000000 0.00000000
v 0.18340609 0.07877944 -0.49741901 0.00000000 0.00000000 0.00000000
v 0.20142411 0.07877944 -0.49741901 0.00000000 0.00000000 0.00000000
v 0.21944213 0.07877944 -0.49741901 0.00000000 0.00000000 0.00000000
v 0.23746014 0.07877944 -0.49741901 0.00000000 0.00000000 0.00000000
v 0.25547816 0.07877944 -0.49741901 0.00000000 0.00000000 0.00000000
v 0.27349618 0.07877944 -0.49741901 0.00000000 0.00000000 0.00000000
v 0.29151420 0.07877944 -0.49741901 0.00000000 0.00000000 0.00000000
v 0.30953222 0.07877944 -0.49741901 0.00000000 0.00000000 0.00000000
v 0.32755023 0.07877944 -0.49741901 0.00000000 0.00000000 0.00000000
v 0.34556825 0.07877944 -0.49741901 0.00000000 0.00000000 0.00000000
v 0.36358627 0.07877944 -0.49741901 0.00000000 0.00000000 0.00000000
v 0.38160429 0.07877944 -0.49741901 0.00000000 0.00000000 0.00000000
v 0.39962231 0.07877944 -0.49741901 0.00000000 0.00000000 0.00000000
v 0.41764032 0.07877944 -0.49741901 0.00000000 0.00000000 0.00000000
v 0.43565834 0.07877944 -0.49741901 0.00000000 0.00000000 0.00000000
v 0.45367636 0.07877944 -0.49741901 0.00000000 0.00000000 0.00000000
v 0.47169438 0.07877944 -0.49741901 0.00000000 0.00000000 0.00000000
v 0.48971240 0.07877944 -0.49741901 0.00000000 0.00000000 0.00000000
v 0.50773041 0.07877944 -0.49741901 0.00000000 0.00000000 0.00000000
v 0.52574843 0.07877944 -0.49741901 0.00000000 0.00000000 0.00000000
v 0.54376645 0.07877944 -0.49741901 0.00000000 0.00000000 0.00000000
v 0.56178447 0.07877944 -0.49741901 0.00000000 0.00000000 0.00000000
v 0.57980249 0.07877944 -0.49741901 0.00000000 0.00000000 0.00000000
v 0.59782050 0.07877944 -0.49741901 0.00000000 0.00000000 0.00000000
v 0.61583852 0.07877944 -0.49741901 0.00000000 0.00000000 0.00000000
v 0.63385654 0.07877944 -0.49741901 0.00000000 0.00000000 0.00000000
v 0.65187456 0.07877944 -0.49741901 0.00000000 0.00000000 0.00000000
v 0.66989258 0.07877944 -0.49741901 0.00000000 0.00000000 0.00000000
v 0.68791059 0.07877944 -0.49741901 0.00000000 0.00000000 0.00000000
v 0.70592861 0.07877944 -0.49741901 0.00000000 0.00000000 0.00000000
v 0.72394663 0.07877944 -0.49741901 0.00000000 0.00000000 0.00000000
v 0.74196465 0.07877944 -0.49741901 0.00000000 0.00000000 0.00000000
v 0.75998267 0.07877944 -0.49741901 0.00000000 0.00000000 0.00000000
v 0.77800068 0.07877944 -0.49741901 0.00000000 0.00000000 0.00000000
v 0.79601870 0.07877944 -0.49741901 0.00000000 0.00000000 0.00000000
v 0.81403672 0.07877944 -0.49741901 0.00000000 0.00000000 0.00000000
v 0.83205474 0.07877944 -0.49741901 0.00000000 0.00000000 0.00000000
v 0.85007276 0.07877944 -0.49741901 0.00000000 0.00000000 0.00000000
v 0.86809077 0.07877944 -0.49741901 0.00000000 0.00000000 0.00000000
v 0.88610879 0.07877944 -0.49741901 0.00000000 0.00000000 0.00000000
v 0.90412681 0.07877944 -0.49741901 0.00000000 0.00000000 0.00000000
v 0.92214483 0.07877944 -0.49741901 0.00000000 0.00000000 0.00000000
v -0.91569301 0.06076142 -0.49741901 0.00000000 0.00000000 0.00000000
v -0.89767499 0.06076142 -0.49741901 0.00000000 0.00000000 0.00000000
v -0.87965697 0.06076142 -0.49741901 0.00000000 0.00000000 0.00000000
v -0.86163896 0.06076142 -0.49741901 0.00000000 0.00000000 0.00000000
v -0.84362094 0.06076142 -0.49741901 0.00000000 0.00000000 0.00000000
v -0.82560292 0.06076142 -0.49741901 0.00000000 0.00000000 0.00000000
v -0.80758490 0.06076142 -0.49741901 0.00000000 0.00000000 0.00000000
v -0.78956688 0.06076142 -0.49741901 0.00000000 0.00000000 0.00000000
v -0.77154887 0.06076142 -0.49741901 0.00000000 0.00000000 0.00000000
v -0.75353085 0.06076142 -0.49741901 0.00000000 0.00000000 0.00000000
v -0.73551283 0.06076142 -0.49741901 0.00000000 0.00000000 0.00000000
v -0.71749481 0.06076142 -0.49741901 0.00000000 0.00000000 0.00000000
v -0.69947679 0.06076142 -0.49741901 0.00000000 0.00000000 0.00000000
v -0.68145878 0.06076142 -0.49741901 0.00000000 0.00000000 0.00000000
v -0.66344076 0.06076142 -0.49741901 0.00000000 0.00000000 0.00000000
v -0.64542274 0.06076142 -0.49741901 0.00000000 0.00000000 0.00000000
v -0.62740472 0.06076142 -0.49741901 0.00000000 0.00000000 0.00000000
v -0.60938670 0.06076142 -0.49741901 0.00000000 0.00000000 0.00000000
v -0.59136869 0.06076142 -0.49741901 0.00000000 0.00000000 0.00000000
v -0.57335067 0.06076142 -0.49741901 0.00000000 0.00000000 0.00000000
v -0.55533265 0.06076142 -0.49741901 0.00000000 0.00000000 0.00000000
v -0.53731463 0.06076142 -0.49741901 0.00000000 0.00000000 0.00000000
v -0.51929661 0.06076142 -0.49741901 0.00000000 0.00000000 0.00000000
v -0.50127860 0.06076142 -0.49741901 0.00000000 0.00000000 0.00000000
v -0.48326058 0.06076142 -0.49741901 0.00000000 0.00000000 0.00000000
v -0.46524256 0.06076142 -0.49741901 0.00000000 0.00000000 0.00000000
v -0.44722454 0.06076142 -0.49741901 0.00000000 0.00000000 0.00000000
v -0.42920652 0.06076142 -0.49741901 0.00000000 0.00000000 0.00000000
v -0.41118851 0.06076142 -0.49741901 0.00000000 0.00000000 0.00000000
v -0.39317049 0.06076142 -0.49741901 0.00000000 0.00000000 0.00000000
v -0.37515247 0.06076142 -0.49741901 0.00000000 0.00000000 0.00000000
v -0.35713445 0.06076142 -0.49741901 0.00000000 0.00000000 0.00000000
v -0.33911643 0.06076142 -0.49741901 0.00392157 0.00392157 0.00392157
v -0.32109842 0.06076142 0.13743005 0.07843137 0.07843137 0.07843137
v -0.30308040 0.06076142 0.25891476 0.37254902 0.38823529 0.42352941
v -0.28506238 0.06076142 0.28257193 0.39607843 0.40784314 0.44313725
v -0.26704436 0.06076142 0.29329927 0.38431373 0.34901961 0.36078431
v -0.24902634 0.06076142 0.30641716 0.40392157 0.30980392 0.26274510
v -0.23100833 0.06076142 0.31351036 0.94117647 0.79607843 0.69019608
v -0.21299031 0.06076142 0.31765470 0.93333333 0.75294118 0.61176471
v -0.19497229 0.06076142 0.32167546 0.97647059 0.78431373 0.62745098
v -0.17695427 0.06076142 0.32576049 0.95294118 0.76078431 0.63529412
v -0.15893625 0.06076142 0.32983850 0.76078431 0.59215686 0.51764706
v -0.14091824 0.06076142 0.33330995 0.36862745 0.25098039 0.21176471
v -0.12290022 0.06076142 0.33732163 0.53333333 0.47058824 0.44313725
v -0.10488220 0.06076142 0.34104203 0.55294118 0.50196078 0.47450980
v -0.08686418 0.06076142 0.34345010 0.54117647 0.45882353 0.41568627
v -0.06884616 0.06076142 0.34534618 0.60000000 0.47450980 0.41568627
v -0.05082815 0.06076142 0.34512424 0.85490196 0.67843137 0.58823529
v -0.03281013 0.06076142 0.34309447 0.92941176 0.73725490 0.61960784
v -0.01479211 0.06076142 0.33967224 0.94901961 0.73725490 0.60392157
v 0.00322591 0.06076142 0.33574201 0.92156863 0.71764706 0.56470588
v 0.02124393 0.06076142 0.33105089 0.89411765 0.71764706 0.58823529
v 0.03926195 0.06076142 0.32330884 0.69411765 0.57254902 0.49803922
v 0.05727996 0.06076142 0.31218305 0.38039216 0.32549020 0.31372549
v 0.07529798 0.06076142 0.29749640 0.40784314 0.40784314 0.43921569
v 0.09331600 0.06076142 0.27024304 0.34901961 0.34901961 0.35294118
v 0.11133402 0.06076142 -0.49741901 0.00392157 0.00392157 0.00392157
v 0.12935204 0.06076142 -0.49741901 0.00000000 0.00000000 0.00000000
v 0.14737005 0.06076142 -0.49741901 0.00000000 0.00000000 0.00000000
v 0.16538807 0.06076142 -0.49741901 0.00000000 0.00000000 0.00000000
v 0.18340609 0.06076142 -0.49741901 0.00000000 0.00000000 0.00000000
v 0.20142411 0.06076142 -0.49741901 0.00000000 0.00000000 0.00000000
v 0.21944213 0.06076142 -0.49741901 0.00000000 0.00000000 0.00000000
v 0.23746014 0.06076142 -0.49741901 0.00000000 0.00000000 0.00000000
v 0.25547816 0.06076142 -0.49741901 0.00000000 0.00000000 0.00000000
v 0.27349618 0.06076142 -0.49741901 0.00000000 0.00000000 0.00000000
v 0.29151420 0.06076142 -0.49741901 0.00000000 0.00000000 0.00000000
v 0.30953222 0.06076142 -0.49741901 0.00000000 0.00000000 0.00000000
v 0.32755023 0.06076142 -0.49741901 0.00000000 0.00000000 0.00000000
v 0.34556825 0.06076142 -0.49741901 0.00000000 0.00000000 0.00000000
v 0.36358627 0.06076142 -0.49741901 0.00000000 0.00000000 0.00000000
v 0.38160429 0.06076142 -0.49741901 0.00000000 0.00000000 0.00000000
v 0.39962231 0.06076142 -0.49741901 0.00000000 0.00000000 0.00000000
v 0.41764032 0.06076142 -0.49741901 0.00000000 0.00000000 0.00000000
v 0.43565834 0.06076142 -0.49741901 0.00000000 0.00000000 0.00000000
v 0.45367636 0.06076142 -0.49741901 0.00000000 0.00000000 0.00000000
v 0.47169438 0.06076142 -0.49741901 0.00000000 0.00000000 0.00000000
v 0.48971240 0.06076142 -0.49741901 0.00000000 0.00000000 0.00000000
v 0.50773041 0.06076142 -0.49741901 0.00000000 0.00000000 0.00000000
v 0.52574843 0.06076142 -0.49741901 0.00000000 0.00000000 0.00000000
v 0.54376645 0.06076142 -0.49741901 0.00000000 0.00000000 0.00000000
v 0.56178447 0.06076142 -0.49741901 0.00000000 0.00000000 0.00000000
v 0.57980249 0.06076142 -0.49741901 0.00000000 0.00000000 0.00000000
v 0.59782050 0.06076142 -0.49741901 0.00000000 0.00000000 0.00000000
v 0.61583852 0.06076142 -0.49741901 0.00000000 0.00000000 0.00000000
v 0.63385654 0.06076142 -0.49741901 0.00000000 0.00000000 0.00000000
v 0.65187456 0.06076142 -0.49741901 0.00000000 0.00000000 0.00000000
v 0.66989258 0.06076142 -0.49741901 0.00000000 0.00000000 0.00000000
v 0.68791059 0.06076142 -0.49741901 0.00000000 0.00000000 0.00000000
v 0.70592861 0.06076142 -0.49741901 0.00000000 0.00000000 0.00000000
v 0.72394663 0.06076142 -0.49741901 0.00000000 0.00000000 0.00000000
v 0.74196465 0.06076142 -0.49741901 0.00000000 0.00000000 0.00000000
v 0.75998267 0.06076142 -0.49741901 0.00000000 0.00000000 0.00000000
v 0.77800068 0.06076142 -0.49741901 0.00000000 0.00000000 0.00000000
v 0.79601870 0.06076142 -0.49741901 0.00000000 0.00000000 0.00000000
v 0.81403672 0.06076142 -0.49741901 0.00000000 0.00000000 0.00000000
v 0.83205474 0.06076142 -0.49741901 0.00000000 0.00000000 0.00000000
v 0.85007276 0.06076142 -0.49741901 0.00000000 0.00000000 0.00000000
v 0.86809077 0.06076142 -0.49741901 0.00000000 0.00000000 0.00000000
v 0.88610879 0.06076142 -0.49741901 0.00000000 0.00000000 0.00000000
v 0.90412681 0.06076142 -0.49741901 0.00000000 0.00000000 0.00000000
v 0.92214483 0.06076142 -0.49741901 0.00000000 0.00000000 0.00000000
v -0.91569301 0.04274340 -0.49741901 0.00000000 0.00000000 0.00000000
v -0.89767499 0.04274340 -0.49741901 0.00000000 0.00000000 0.00000000
v -0.87965697 0.04274340 -0.49741901 0.00000000 0.00000000 0.00000000
v -0.86163896 0.04274340 -0.49741901 0.00000000 0.00000000 0.00000000
v -0.84362094 0.04274340 -0.49741901 0.00000000 0.00000000 0.00000000
v -0.82560292 0.04274340 -0.49741901 0.00000000 0.00000000 0.00000000
v -0.80758490 0.04274340 -0.49741901 0.00000000 0.00000000 0.00000000
v -0.78956688 0.04274340 -0.49741901 0.00000000 0.00000000 0.00000000
v -0.77154887 0.04274340 -0.49741901 0.00000000 0.00000000 0.00000000
v -0.75353085 0.04274340 -0.49741901 0.00000000 0.00000000 0.00000000
v -0.73551283 0.04274340 -0.49741901 0.00000000 0.00000000 0.00000000
v -0.71749481 0.04274340 -0.49741901 0.00000000 0.00000000 0.00000000
v -0.69947679 0.04274340 -0.49741901 0.00000000 0.00000000 0.00000000
v -0.68145878 0.04274340 -0.49741901 0.00000000 0.00000000 0.00000000
v -0.66344076 0.04274340 -0.49741901 0.00000000 0.00000000 0.00000000
v -0.64542274 0.04274340 -0.49741901 0.00000000 0.00000000 0.00000000
v -0.62740472 0.04274340 -0.49741901 0.00000000 0.00000000 0.00000000
v -0.60938670 0.04274340 -0.49741901 0.00000000 0.00000000 0.00000000
v -0.59136869 0.04274340 -0.49741901 0.00000000 0.00000000 0.00000000
v -0.57335067 0.04274340 -0.49741901 0.00000000 0.00000000 0.00000000
v -0.55533265 0.04274340 -0.49741901 0.00000000 0.00000000 0.00000000
v -0.53731463 0.04274340 -0.49741901 0.00000000 0.00000000 0.00000000
v -0.51929661 0.04274340 -0.49741901 0.00000000 0.00000000 0.00000000
v -0.50127860 0.04274340 -0.49741901 0.00000000 0.00000000 0.00000000
v -0.48326058 0.04274340 -0.49741901 0.00000000 0.00000000 0.00000000
v -0.46524256 0.04274340 -0.49741901 0.00000000 0.00000000 0.00000000
v -0.44722454 0.04274340 -0.49741901 0.00000000 0.00000000 0.00000000
v -0.42920652 0.04274340 -0.49741901 0.00000000 0.00000000 0.00000000
v -0.41118851 0.04274340 -0.49741901 0.00000000 0.00000000 0.00000000
v -0.39317049 0.04274340 -0.49741901 0.00000000 0.00000000 0.00000000
v -0.37515247 0.04274340 -0.49741901 0.00000000 0.00000000 0.00000000
v -0.35713445 0.04274340 -0.49741901 0.00000000 0.00000000 0.00000000
v -0.33911643 0.04274340 -0.49741901 0.00392157 0.00392157 0.00392157
v -0.32109842 0.04274340 0.12771955 0.05098039 0.05098039 0.05098039
v -0.30308040 0.04274340 0.25554855 0.40000000 0.41960784 0.44313725
v -0.28506238 0.04274340 0.27877778 0.40784314 0.41568627 0.46274510
v -0.26704436 0.04274340 0.28684089 0.40392157 0.39215686 0.41960784
v -0.24902634 0.04274340 0.29885388 0.43529412 0.37647059 0.35686275
v -0.23100833 0.04274340 0.30726436 0.63529412 0.52941176 0.45098039
v -0.21299031 0.04274340 0.31332052 0.89411765 0.75294118 0.62745098
v -0.19497229 0.04274340 0.31775890 0.89803922 0.69411765 0.53725490
v -0.17695427 0.04274340 0.32113199 0.97647059 0.75686275 0.61176471
v -0.15893625 0.04274340 0.32436424 0.90588235 0.69411765 0.60000000
v -0.14091824 0.04274340 0.32862330 0.90196078 0.73333333 0.67058824
v -0.12290022 0.04274340 0.33269802 0.57254902 0.47058824 0.40392157
v -0.10488220 0.04274340 0.33698704 0.36078431 0.27450980 0.19215686
v -0.08686418 0.04274340 0.33957347 0.76078431 0.62352941 0.53725490
v -0.06884616 0.04274340 0.34159678 0.96470588 0.76862745 0.67058824
v -0.05082815 0.04274340 0.34140322 0.96862745 0.73725490 0.61176471
v -0.03281013 0.04274340 0.33947230 0.96078431 0.73333333 0.58823529
v -0.01479211 0.04274340 0.33589583 0.92941176 0.72549020 0.58039216
v 0.00322591 0.04274340 0.33158990 0.88627451 0.71764706 0.58431373
v 0.02124393 0.04274340 0.32571870 0.70196078 0.58431373 0.48627451
v 0.03926195 0.04274340 0.31652452 0.34117647 0.27058824 0.21568627
v 0.05727996 0.04274340 0.30568260 0.40000000 0.36470588 0.36862745
v 0.07529798 0.04274340 0.29329343 0.45882353 0.45098039 0.49411765
v 0.09331600 0.04274340 0.26785916 0.38039216 0.38039216 0.38431373
v 0.11133402 0.04274340 -0.49741901 0.00000000 0.00000000 0.00000000
v 0.12935204 0.04274340 -0.49741901 0.00000000 0.00000000 0.00000000
v 0.14737005 0.04274340 -0.49741901 0.00000000 0.00000000 0.00000000
v 0.16538807 0.04274340 -0.49741901 0.00000000 0.00000000 0.00000000
v 0.18340609 0.04274340 -0.49741901 0.00000000 0.00000000 0.00000000
v 0.20142411 0.04274340 -0.49741901 0.00000000 0.00000000 0.00000000
v 0.21944213 0.04274340 -0.49741901 0.00000000 0.00000000 0.00000000
v 0.23746014 0.04274340 -0.49741901 0.00000000 0.00000000 0.00000000
v 0.25547816 0.04274340 -0.49741901 0.00000000 0.00000000 0.00000000
v 0.27349618 0.04274340 -0.49741901 0.00000000 0.00000000 0.00000000
v 0.29151420 0.04274340 -0.49741901 0.00000000 0.00000000 0.00000000
v 0.30953222 0.04274340 -0.49741901 0.00000000 0.00000000 0.00000000
v 0.32755023 0.04274340 -0.49741901 0.00000000 0.00000000 0.00000000
v 0.34556825 0.04274340 -0.49741901 0.00000000 0.00000000 0.00000000
v 0.36358627 0.04274340 -0.49741901 0.00000000 0.00000000 0.00000000
v 0.38160429 0.04274340 -0.49741901 0.00000000 0.00000000 0.00000000
v 0.39962231 0.04274340 -0.49741901 0.00000000 0.00000000 0.00000000
v 0.41764032 0.04274340 -0.49741901 0.00000000 0.00000000 0.00000000
v 0.43565834 0.04274340 -0.49741901 0.00000000 0.00000000 0.00000000
v 0.45367636 0.04274340 -0.49741901 0.00000000 0.00000000 0.00000000
v 0.47169438 0.04274340 -0.49741901 0.00000000 0.00000000 0.00000000
v 0.48971240 0.04274340 -0.49741901 0.00000000 0.00000000 0.00000000
v 0.50773041 0.04274340 -0.49741901 0.00000000 0.00000000 0.00000000
v 0.52574843 0.04274340 -0.49741901 0.00000000 0.00000000 0.00000000
v 0.54376645 0.04274340 -0.49741901 0.00000000 0.00000000 0.00000000
v 0.56178447 0.04274340 -0.49741901 0.00000000 0.00000000 0.00000000
v 0.57980249 0.04274340 -0.49741901 0.00000000 0.00000000 0.00000000
v 0.59782050 0.04274340 -0.49741901 0.00000000 0.00000000 0.00000000
v 0.61583852 0.04274340 -0.49741901 0.00000000 0.00000000 0.00000000
v 0.63385654 0.04274340 -0.49741901 0.00000000 0.00000000 0.00000000
v 0.65187456 0.04274340 -0.49741901 0.00000000 0.00000000 0.00000000
v 0.66989258 0.04274340 -0.49741901 0.00000000 0.00000000 0.00000000
v 0.68791059 0.04274340 -0.49741901 0.00000000 0.00000000 0.00000000
v 0.70592861 0.04274340 -0.49741901 0.00000000 0.00000000 0.00000000
v 0.72394663 0.04274340 -0.49741901 0.00000000 0.00000000 0.00000000
v 0.74196465 0.04274340 -0.49741901 0.00000000 0.00000000 0.00000000
v 0.75998267 0.04274340 -0.49741901 0.00000000 0.00000000 0.00000000
v 0.77800068 0.04274340 -0.49741901 0.00000000 0.00000000 0.00000000
v 0.79601870 0.04274340 -0.49741901 0.00000000 0.00000000 0.00000000
v 0.81403672 0.04274340 -0.49741901 0.00000000 0.00000000 0.00000000
v 0.83205474 0.04274340 -0.49741901 0.00000000 0.00000000 0.00000000
v 0.85007276 0.04274340 -0.49741901 0.00000000 0.00000000 0.00000000
v 0.86809077 0.04274340 -0.49741901 0.00000000 0.00000000 0.00000000
v 0.88610879 0.04274340 -0.49741901 0.00000000 0.00000000 0.00000000
v 0.90412681 0.04274340 -0.49741901 0.00000000 0.00000000 0.00000000
v 0.92214483 0.04274340 -0.49741901 0.00000000 0.00000000 0.00000000
v -0.91569301 0.02472538 -0.49741901 0.00000000 0.00000000 0.00000000
v -0.89767499 0.02472538 -0.49741901 0.00000000 0.00000000 0.00000000
v -0.87965697 0.02472538 -0.49741901 0.00000000 0.00000000 0.00000000
v -0.86163896 0.02472538 -0.49741901 0.00000000 0.00000000 0.00000000
v -0.84362094 0.02472538 -0.49741901 0.00000000 0.00000000 0.00000000
v -0.82560292 0.02472538 -0.49741901 0.00000000 0.00000000 0.00000000
v -0.80758490 0.02472538 -0.49741901 0.00000000 0.00000000 0.00000000
v -0.78956688 0.02472538 -0.49741901 0.00000000 0.00000000 0.00000000
v -0.77154887 0.02472538 -0.49741901 0.00000000 0.00000000 0.00000000
v -0.75353085 0.02472538 -0.49741901 0.00000000 0.00000000 0.00000000
v -0.73551283 0.02472538 -0.49741901 0.00000000 0.00000000 0.00000000
v -0.71749481 0.02472538 -0.49741901 0.00000000 0.00000000 0.00000000
v -0.69947679 0.02472538 -0.49741901 0.00000000 0.00000000 0.00000000
v -0.68145878 0.02472538 -0.49741901 0.00000000 0.00000000 0.00000000
v -0.66344076 0.02472538 -0.49741901 0.00000000 0.00000000 0.00000000
v -0.64542274 0.02472538 -0.49741901 0.00000000 0.00000000 0.00000000
v -0.62740472 0.02472538 -0.49741901 0.00000000 0.00000000 0.00000000
v -0.60938670 0.02472538 -0.49741901 0.00000000 0.00000000 0.00000000
v -0.59136869 0.02472538 -0.49741901 0.00000000 0.00000000 0.00000000
v -0.57335067 0.02472538 -0.49741901 0.00000000 0.00000000 0.00000000
v -0.55533265 0.02472538 -0.49741901 0.00000000 0.00000000 0.00000000
v -0.53731463 0.02472538 -0.49741901 0.00000000 0.00000000 0.00000000
v -0.51929661 0.02472538 -0.49741901 0.00000000 0.00000000 0.00000000
v -0.50127860 0.02472538 -0.49741901 0.00000000 0.00000000 0.00000000
v -0.48326058 0.02472538 -0.49741901 0.00000000 0.00000000 0.00000000
v -0.46524256 0.02472538 -0.49741901 0.00000000 0.00000000 0.00000000
v -0.44722454 0.02472538 -0.49741901 0.00000000 0.00000000 0.00000000
v -0.42920652 0.02472538 -0.49741901 0.00000000 0.00000000 0.00000000
v -0.41118851 0.02472538 -0.49741901 0.00000000 0.00000000 0.00000000
v -0.39317049 0.02472538 -0.49741901 0.00000000 0.00000000 0.00000000
v -0.37515247 0.02472538 -0.49741901 0.00000000 0.00000000 0.00000000
v -0.35713445 0.02472538 -0.49741901 0.00000000 0.00000000 0.00000000
v -0.33911643 0.02472538 -0.49741901 0.00000000 0.00000000 0.00000000
v -0.32109842 0.02472538 -0.49741901 0.00000000 0.00000000 0.00000000
v -0.30308040 0.02472538 0.23879371 0.32156863 0.33333333 0.36078431
v -0.28506238 0.02472538 0.27447632 0.38823529 0.40392157 0.44705882
v -0.26704436 0.02472538 0.28041412 0.40000000 0.40000000 0.43137255
v -0.24902634 0.02472538 0.29051819 0.36470588 0.32941176 0.33333333
v -0.23100833 0.02472538 0.29819913 0.36470588 0.29803922 0.25882353
v -0.21299031 0.02472538 0.30583643 0.74117647 0.65490196 0.57254902
v -0.19497229 0.02472538 0.31345304 0.83529412 0.64705882 0.49803922
v -0.17695427 0.02472538 0.31741386 0.95686275 0.72941176 0.58039216
v -0.15893625 0.02472538 0.31995486 0.97254902 0.73333333 0.61960784
v -0.14091824 0.02472538 0.32404223 0.93725490 0.72549020 0.62352941
v -0.12290022 0.02472538 0.32837600 0.80000000 0.63921569 0.52941176
v -0.10488220 0.02472538 0.33322657 0.59607843 0.44705882 0.32549020
v -0.08686418 0.02472538 0.33576861 0.89411765 0.70196078 0.57254902
v -0.06884616 0.02472538 0.33701117 0.97647059 0.72941176 0.59215686
v -0.05082815 0.02472538 0.33606505 0.99607843 0.76078431 0.60392157
v -0.03281013 0.02472538 0.33396642 0.92941176 0.69411765 0.54901961
v -0.01479211 0.02472538 0.33048989 0.84705882 0.66666667 0.53725490
v 0.00322591 0.02472538 0.32524609 0.74901961 0.63137255 0.53725490
v 0.02124393 0.02472538 0.31771045 0.32549020 0.25490196 0.20000000
v 0.03926195 0.02472538 0.30962776 0.38823529 0.35294118 0.33333333
v 0.05727996 0.02472538 0.30003988 0.39607843 0.37254902 0.38039216
v 0.07529798 0.02472538 0.29029088 0.46274510 0.44313725 0.46666667
v 0.09331600 0.02472538 0.26629266 0.43529412 0.43137255 0.43921569
v 0.11133402 0.02472538 -0.49741901 0.00000000 0.00000000 0.00000000
v 0.12935204 0.02472538 -0.49741901 0.00000000 0.00000000 0.00000000
v 0.14737005 0.02472538 -0.49741901 0.00000000 0.00000000 0.00000000
v 0.16538807 0.02472538 -0.49741901 0.00000000 0.00000000 0.00000000
v 0.18340609 0.02472538 -0.49741901 0.00000000 0.00000000 0.00000000
v 0.20142411 0.02472538 -0.49741901 0.00000000 0.00000000 0.00000000
v 0.21944213 0.02472538 -0.49741901 0.00000000 0.00000000 0.00000000
v 0.23746014 0.02472538 -0.49741901 0.00000000 0.00000000 0.00000000
v 0.25547816 0.02472538 -0.49741901 0.00000000 0.00000000 0.00000000
v 0.27349618 0.02472538 -0.49741901 0.00000000 0.00000000 0.00000000
v 0.29151420 0.02472538 -0.49741901 0.00000000 0.00000000 0.00000000
v 0.30953222 0.02472538 -0.49741901 0.00000000 0.00000000 0.00000000
v 0.32755023 0.02472538 -0.49741901 0.00000000 0.00000000 0.00000000
v 0.34556825 0.02472538 -0.49741901 0.00000000 0.00000000 0.00000000
v 0.36358627 0.02472538 -0.49741901 0.00000000 0.00000000 0.00000000
v 0.38160429 0.02472538 -0.49741901 0.00000000 0.00000000 0.00000000
v 0.39962231 0.02472538 -0.49741901 0.00000000 0.00000000 0.00000000
v 0.41764032 0.02472538 -0.49741901 0.00000000 0.00000000 0.00000000
v 0.43565834 0.02472538 -0.49741901 0.00000000 0.00000000 0.00000000
v 0.45367636 0.02472538 -0.49741901 0.00000000 0.00000000 0.00000000
v 0.47169438 0.02472538 -0.49741901 0.00000000 0.00000000 0.00000000
v 0.48971240 0.02472538 -0.49741901 0.00000000 0.00000000 0.00000000
v 0.50773041 0.02472538 -0.49741901 0.00000000 0.00000000 0.00000000
v 0.52574843 0.02472538 -0.49741901 0.00000000 0.00000000 0.00000000
v 0.54376645 0.02472538 -0.49741901 0.00000000 0.00000000 0.00000000
v 0.56178447 0.02472538 -0.49741901 0.00000000 0.00000000 0.00000000
v 0.57980249 0.02472538 -0.49741901 0.00000000 0.00000000 0.00000000
v 0.59782050 0.02472538 -0.49741901 0.00000000 0.00000000 0.00000000
v 0.61583852 0.02472538 -0.49741901 0.00000000 0.00000000 0.00000000
v 0.63385654 0.02472538 -0.49741901 0.00000000 0.00000000 0.00000000
v 0.65187456 0.02472538 -0.49741901 0.00000000 0.00000000 0.00000000
v 0.66989258 0.02472538 -0.49741901 0.00000000 0.00000000 0.00000000
v 0.68791059 0.02472538 -0.49741901 0.00000000 0.00000000 0.00000000
v 0.70592861 0.02472538 -0.49741901 0.00000000 0.00000000 0.00000000
v 0.72394663 0.02472538 -0.49741901 0.00000000 0.00000000 0.00000000
v 0.74196465 0.02472538 -0.49741901 0.00000000 0.00000000 0.00000000
v 0.75998267 0.02472538 -0.49741901 0.00000000 0.00000000 0.00000000
v 0.77800068 0.02472538 -0.49741901 0.00000000 0.00000000 0.00000000
v 0.79601870 0.02472538 -0.49741901 0.00000000 0.00000000 0.00000000
v 0.81403672 0.02472538 -0.49741901 0.00000000 0.00000000 0.00000000
v 0.83205474 0.02472538 -0.49741901 0.00000000 0.00000000 0.00000000
v 0.85007276 0.02472538 -0.49741901 0.00000000 0.00000000 0.00000000
v 0.86809077 0.02472538 -0.49741901 0.00000000 0.00000000 0.00000000
v 0.88610879 0.02472538 -0.49741901 0.00000000 0.00000000 0.00000000
v 0.90412681 0.02472538 -0.49741901 0.00000000 0.00000000 0.00000000
v 0.92214483 0.02472538 -0.49741901 0.00000000 0.00000000 0.00000000
v -0.91569301 0.00670737 -0.49741901 0.00000000 0.00000000 0.00000000
v -0.89767499 0.00670737 -0.49741901 0.00000000 0.00000000 0.00000000
v -0.87965697 0.00670737 -0.49741901 0.00000000 0.00000000 0.00000000
v -0.86163896 0.00670737 -0.49741901 0.00000000 0.00000000 0.00000000
v -0.84362094 0.00670737 -0.49741901 0.00000000 0.00000000 0.00000000
v -0.82560292 0.00670737 -0.49741901 0.00000000 0.00000000 0.00000000
v -0.80758490 0.00670737 -0.49741901 0.00000000 0.00000000 0.00000000
v -0.78956688 0.00670737 -0.49741901 0.00000000 0.00000000 0.00000000
v -0.77154887 0.00670737 -0.49741901 0.00000000 0.00000000 0.00000000
v -0.75353085 0.00670737 -0.49741901 0.00000000 0.00000000 0.00000000
v -0.73551283 0.00670737 -0.49741901 0.00000000 0.00000000 0.00000000
v -0.71749481 0.00670737 -0.49741901 0.00000000 0.00000000 0.00000000
v -0.69947679 0.00670737 -0.49741901 0.00000000 0.00000000 0.00000000
v -0.68145878 0.00670737 -0.49741901 0.00000000 0.00000000 0.00000000
v -0.66344076 0.00670737 -0.49741901 0.00000000 0.00000000 0.00000000
v -0.64542274 0.00670737 -0.49741901 0.00000000 0.00000000 0.00000000
v -0.62740472 0.00670737 -0.49741901 0.00000000 0.00000000 0.00000000
v -0.60938670 0.00670737 -0.49741901 0.00000000 0.00000000 0.00000000
v -0.59136869 0.00670737 -0.49741901 0.00000000 0.00000000 0.00000000
v -0.57335067 0.00670737 -0.49741901 0.00000000 0.00000000 0.00000000
v -0.55533265 0.00670737 -0.49741901 0.00000000 0.00000000 0.00000000
v -0.53731463 0.00670737 -0.49741901 0.00000000 0.00000000 0.00000000
v -0.51929661 0.00670737 -0.49741901 0.00000000 0.00000000 0.00000000
v -0.50127860 0.00670737 -0.49741901 0.00000000 0.00000000 0.00000000
v -0.48326058 0.00670737 -0.49741901 0.00000000 0.00000000 0.00000000
v -0.46524256 0.00670737 -0.49741901 0.00000000 0.00000000 0.00000000
v -0.44722454 0.00670737 -0.49741901 0.00000000 0.00000000 0.00000000
v -0.42920652 0.00670737 -0.49741901 0.00000000 0.00000000 0.00000000
v -0.41118851 0.00670737 -0.49741901 0.00000000 0.00000000 0.00000000
v -0.39317049 0.00670737 -0.49741901 0.00000000 0.00000000 0.00000000
v -0.37515247 0.00670737 -0.49741901 0.00000000 0.00000000 0.00000000
v -0.35713445 0.00670737 -0.49741901 0.00000000 0.00000000 0.00000000
v -0.33911643 0.00670737 -0.49741901 0.00000000 0.00000000 0.00000000
v -0.32109842 0.00670737 -0.49741901 0.00000000 0.00000000 0.00000000
v -0.30308040 0.00670737 0.21222774 0.43921569 0.44705882 0.46274510
v -0.28506238 0.00670737 0.26893030 0.39607843 0.41176471 0.45490196
v -0.26704436 0.00670737 0.27431906 0.37647059 0.39215686 0.43529412
v -0.24902634 0.00670737 0.28326174 0.37254902 0.36862745 0.39215686
v -0.23100833 0.00670737 0.28995629 0.37254902 0.35294118 0.34117647
v -0.21299031 0.00670737 0.29907617 0.49411765 0.45882353 0.42352941
v -0.19497229 0.00670737 0.30876942 0.85098039 0.69411765 0.55686275
v -0.17695427 0.00670737 0.31421618 0.86274510 0.63529412 0.49019608
v -0.15893625 0.00670737 0.31720918 0.99607843 0.75294118 0.62745098
v -0.14091824 0.00670737 0.32031070 0.96470588 0.71764706 0.58823529
v -0.12290022 0.00670737 0.32455264 0.96078431 0.74901961 0.60784314
v -0.10488220 0.00670737 0.32889713 0.89019608 0.68627451 0.52941176
v -0.08686418 0.00670737 0.33203378 0.92156863 0.69019608 0.52549020
v -0.06884616 0.00670737 0.33322547 0.99607843 0.74117647 0.57647059
v -0.05082815 0.00670737 0.33186627 0.91764706 0.65490196 0.49019608
v -0.03281013 0.00670737 0.32907955 0.87843137 0.65882353 0.51372549
v -0.01479211 0.00670737 0.32447779 0.81568627 0.67058824 0.56862745
v 0.00322591 0.00670737 0.31777863 0.39215686 0.32156863 0.27450980
v 0.02124393 0.00670737 0.30930327 0.34117647 0.32156863 0.30980392
v 0.03926195 0.00670737 0.30206558 0.37647059 0.37254902 0.39215686
v 0.05727996 0.00670737 0.29557991 0.49803922 0.47843137 0.49411765
v 0.07529798 0.00670737 0.28708688 0.47058824 0.43529412 0.44705882
v 0.09331600 0.00670737 0.26355508 0.45882353 0.45490196 0.45882353
v 0.11133402 0.00670737 -0.49741901 0.00000000 0.00000000 0.00000000
v 0.12935204 0.00670737 -0.49741901 0.00000000 0.00000000 0.00000000
v 0.14737005 0.00670737 -0.49741901 0.00000000 0.00000000 0.00000000
v 0.16538807 0.00670737 -0.49741901 0.00000000 0.00000000 0.00000000
v 0.18340609 0.00670737 -0.49741901 0.00000000 0.00000000 0.00000000
v 0.20142411 0.00670737 -0.49741901 0.00000000 0.00000000 0.00000000
v 0.21944213 0.00670737 -0.49741901 0.00000000 0.00000000 0.00000000
v 0.23746014 0.00670737 -0.49741901 0.00000000 0.00000000 0.00000000
v 0.25547816 0.00670737 -0.49741901 0.00000000 0.00000000 0.00000000
v 0.27349618 0.00670737 -0.49741901 0.00000000 0.00000000 0.00000000
v 0.29151420 0.00670737 -0.49741901 0.00000000 0.00000000 0.00000000
v 0.30953222 0.00670737 -0.49741901 0.00000000 0.00000000 0.00000000
v 0.32755023 0.00670737 -0.49741901 0.00000000 0.00000000 0.00000000
v 0.34556825 0.00670737 -0.49741901 0.00000000 0.00000000 0.00000000
v 0.36358627 0.00670737 -0.49741901 0.00000000 0.00000000 0.00000000
v 0.38160429 0.00670737 -0.49741901 0.00000000 0.00000000 0.00000000
v 0.39962231 0.00670737 -0.49741901 0.00000000 0.00000000 0.00000000
v 0.41764032 0.00670737 -0.49741901 0.00000000 0.00000000 0.00000000
v 0.43565834 0.00670737 -0.49741901 0.00000000 0.00000000 0.00000000
v 0.45367636 0.00670737 -0.49741901 0.00000000 0.00000000 0.00000000
v 0.47169438 0.00670737 -0.49741901 0.00000000 0.00000000 0.00000000
v 0.48971240 0.00670737 -0.49741901 0.00000000 0.00000000 0.00000000
v 0.50773041 0.00670737 -0.49741901 0.00000000 0.00000000 0.00000000
v 0.52574843 0.00670737 -0.49741901 0.00000000 0.00000000 0.00000000
v 0.54376645 0.00670737 -0.49741901 0.00000000 0.00000000 0.00000000
v 0.56178447 0.00670737 -0.49741901 0.00000000 0.00000000 0.00000000
v 0.57980249 0.00670737 -0.49741901 0.00000000 0.00000000 0.00000000
v 0.59782050 0.00670737 -0.49741901 0.00000000 0.00000000 0.00000000
v 0.61583852 0.00670737 -0.49741901 0.00000000 0.00000000 0.00000000
v 0.63385654 0.00670737 -0.49741901 0.00000000 0.00000000 0.00000000
v 0.65187456 0.00670737 -0.49741901 0.00000000 0.00000000 0.00000000
v 0.66989258 0.00670737 -0.49741901 0.00000000 0.00000000 0.00000000
v 0.68791059 0.00670737 -0.49741901 0.00000000 0.00000000 0.00000000
v 0.70592861 0.00670737 -0.49741901 0.00000000 0.00000000 0.00000000
v 0.72394663 0.00670737 -0.49741901 0.00000000 0.00000000 0.00000000
v 0.74196465 0.00670737 -0.49741901 0.00000000 0.00000000 0.00000000
v 0.75998267 0.00670737 -0.49741901 0.00000000 0.00000000 0.00000000
v 0.77800068 0.00670737 -0.49741901 0.00000000 0.00000000 0.00000000
v 0.79601870 0.00670737 -0.49741901 0.00000000 0.00000000 0.00000000
v 0.81403672 0.00670737 -0.49741901 0.00000000 0.00000000 0.00000000
v 0.83205474 0.00670737 -0.49741901 0.00000000 0.00000000 0.00000000
v 0.85007276 0.00670737 -0.49741901 0.00000000 0.00000000 0.00000000
v 0.86809077 0.00670737 -0.49741901 0.00000000 0.00000000 0.00000000
v 0.88610879 0.00670737 -0.49741901 0.00000000 0.00000000 0.00000000
v 0.90412681 0.00670737 -0.49741901 0.00000000 0.00000000 0.00000000
v 0.92214483 0.00670737 -0.49741901 0.00000000 0.00000000 0.00000000
v -0.91569301 -0.01131065 -0.49741901 0.00000000 0.00000000 0.00000000
v -0.89767499 -0.01131065 -0.49741901 0.00000000 0.00000000 0.00000000
v -0.87965697 -0.01131065 -0.49741901 0.00000000 0.00000000 0.00000000
v -0.86163896 -0.01131065 -0.49741901 0.00000000 0.00000000 0.00000000
v -0.84362094 -0.01131065 -0.49741901 0.00000000 0.00000000 0.00000000
v -0.82560292 -0.01131065 -0.49741901 0.00000000 0.00000000 0.00000000
v -0.80758490 -0.01131065 -0.49741901 0.00000000 0.00000000 0.00000000
v -0.78956688 -0.01131065 -0.49741901 0.00000000 0.00000000 0.00000000
v -0.77154887 -0.01131065 -0.49741901 0.00000000 0.00000000 0.00000000
v -0.75353085 -0.01131065 -0.49741901 0.00000000 0.00000000 0.00000000
v -0.73551283 -0.01131065 -0.49741901 0.00000000 0.00000000 0.00000000
v -0.71749481 -0.01131065 -0.49741901 0.00000000 0.00000000 0.00000000
v -0.69947679 -0.01131065 -0.49741901 0.00000000 0.00000000 0.00000000
v -0.68145878 -0.01131065 -0.49741901 0.00000000 0.00000000 0.00000000
v -0.66344076 -0.01131065 -0.49741901 0.00000000 0.00000000 0.00000000
v -0.64542274 -0.01131065 -0.49741901 0.00000000 0.00000000 0.00000000
v -0.62740472 -0.01131065 -0.49741901 0.00000000 0.00000000 0.00000000
v -0.60938670 -0.01131065 -0.49741901 0.00000000 0.00000000 0.00000000
v -0.59136869 -0.01131065 -0.49741901 0.00000000 0.00000000 0.00000000
v -0.57335067 -0.01131065 -0.49741901 0.00000000 0.00000000 0.00000000
v -0.55533265 -0.01131065 -0.49741901 0.00000000 0.00000000 0.00000000
v -0.53731463 -0.01131065 -0.49741901 0.00000000 0.00000000 0.00000000
v -0.51929661 -0.01131065 -0.49741901 0.00000000 0.00000000 0.00000000
v -0.50127860 -0.01131065 -0.49741901 0.00000000 0.00000000 0.00000000
v -0.48326058 -0.01131065 -0.49741901 0.00000000 0.00000000 0.00000000
v -0.46524256 -0.01131065 -0.49741901 0.00000000 0.00000000 0.00000000
v -0.44722454 -0.01131065 -0.49741901 0.00000000 0.00000000 0.00000000
v -0.42920652 -0.01131065 -0.49741901 0.00000000 0.00000000 0.00000000
v -0.41118851 -0.01131065 -0.49741901 0.00000000 0.00000000 0.00000000
v -0.39317049 -0.01131065 -0.49741901 0.00000000 0.00000000 0.00000000
v -0.37515247 -0.01131065 -0.49741901 0.00000000 0.00000000 0.00000000
v -0.35713445 -0.01131065 -0.49741901 0.00000000 0.00000000 0.00000000
v -0.33911643 -0.01131065 -0.49741901 0.00000000 0.00000000 0.00000000
v -0.32109842 -0.01131065 -0.49741901 0.00392157 0.00392157 0.00392157
v -0.30308040 -0.01131065 0.18507734 0.29019608 0.29411765 0.29803922
v -0.28506238 -0.01131065 0.26202494 0.38431373 0.40000000 0.44313725
v -0.26704436 -0.01131065 0.26805395 0.36862745 0.39215686 0.43921569
v -0.24902634 -0.01131065 0.27640257 0.33725490 0.35294118 0.38823529
v -0.23100833 -0.01131065 0.28315637 0.34117647 0.34509804 0.36078431
v -0.21299031 -0.01131065 0.29204943 0.39215686 0.40000000 0.39607843
v -0.19497229 -0.01131065 0.30176783 0.81176471 0.68627451 0.58823529
v -0.17695427 -0.01131065 0.30839736 0.84313725 0.64705882 0.51764706
v -0.15893625 -0.01131065 0.31305122 0.93725490 0.69019608 0.56862745
v -0.14091824 -0.01131065 0.31711041 0.99607843 0.76470588 0.62745098
v -0.12290022 -0.01131065 0.32108422 0.92549020 0.69803922 0.54901961
v -0.10488220 -0.01131065 0.32506608 0.92549020 0.71764706 0.54509804
v -0.08686418 -0.01131065 0.32818258 0.98039216 0.74901961 0.58431373
v -0.06884616 -0.01131065 0.32924492 0.75294118 0.48627451 0.32549020
v -0.05082815 -0.01131065 0.32726266 0.85098039 0.61568627 0.47450980
v -0.03281013 -0.01131065 0.32352748 0.91372549 0.72941176 0.61176471
v -0.01479211 -0.01131065 0.31851263 0.41960784 0.30588235 0.24313725
v 0.00322591 -0.01131065 0.31195960 0.31764706 0.27450980 0.26666667
v 0.02124393 -0.01131065 0.30362906 0.39215686 0.39215686 0.42352941
v 0.03926195 -0.01131065 0.29702372 0.46666667 0.47843137 0.50980392
v 0.05727996 -0.01131065 0.29174727 0.48235294 0.47450980 0.49411765
v 0.07529798 -0.01131065 0.28300942 0.47450980 0.44313725 0.43529412
v 0.09331600 -0.01131065 0.25994115 0.44705882 0.44313725 0.43921569
v 0.11133402 -0.01131065 -0.49741901 0.00000000 0.00000000 0.00000000
v 0.12935204 -0.01131065 -0.49741901 0.00000000 0.00000000 0.00000000
v 0.14737005 -0.01131065 -0.49741901 0.00000000 0.00000000 0.00000000
v 0.16538807 -0.01131065 -0.49741901 0.00000000 0.00000000 0.00000000
v 0.18340609 -0.01131065 -0.49741901 0.00000000 0.00000000 0.00000000
v 0.20142411 -0.01131065 -0.49741901 0.00000000 0.00000000 0.00000000
v 0.21944213 -0.01131065 -0.49741901 0.00000000 0.00000000 0.00000000
v 0.23746014 -0.01131065 -0.49741901 0.00000000 0.00000000 0.00000000
v 0.25547816 -0.01131065 -0.49741901 0.00000000 0.00000000 0.00000000
v 0.27349618 -0.01131065 -0.49741901 0.00000000 0.00000000 0.00000000
v 0.29151420 -0.01131065 -0.49741901 0.00000000 0.00000000 0.00000000
v 0.30953222 -0.01131065 -0.49741901 0.00000000 0.00000000 0.00000000
v 0.32755023 -0.01131065 -0.49741901 0.00000000 0.00000000 0.00000000
v 0.34556825 -0.01131065 -0.49741901 0.00000000 0.00000000 0.00000000
v 0.36358627 -0.01131065 -0.49741901 0.00000000 0.00000000 0.00000000
v 0.38160429 -0.01131065 -0.49741901 0.00000000 0.00000000 0.00000000
v 0.39962231 -0.01131065 -0.49741901 0.00000000 0.00000000 0.00000000
v 0.41764032 -0.01131065 -0.49741901 0.00000000 0.00000000 0.00000000
v 0.43565834 -0.01131065 -0.49741901 0.00000000 0.00000000 0.00000000
v 0.45367636 -0.01131065 -0.49741901 0.00000000 0.00000000 0.00000000
v 0.47169438 -0.01131065 -0.49741901 0.00000000 0.00000000 0.00000000
v 0.48971240 -0.01131065 -0.49741901 0.00000000 0.00000000 0.00000000
v 0.50773041 -0.01131065 -0.49741901 0.00000000 0.00000000 0.00000000
v 0.52574843 -0.01131065 -0.49741901 0.00000000 0.00000000 0.00000000
v 0.54376645 -0.01131065 -0.49741901 0.00000000 0.00000000 0.00000000
v 0.56178447 -0.01131065 -0.49741901 0.00000000 0.00000000 0.00000000
v 0.57980249 -0.01131065 -0.49741901 0.00000000 0.00000000 0.00000000
v 0.59782050 -0.01131065 -0.49741901 0.00000000 0.00000000 0.00000000
v 0.61583852 -0.01131065 -0.49741901 0.00000000 0.00000000 0.00000000
v 0.63385654 -0.01131065 -0.49741901 0.00000000 0.00000000 0.00000000
v 0.65187456 -0.01131065 -0.49741901 0.00000000 0.00000000 0.00000000
v 0.66989258 -0.01131065 -0.49741901 0.00000000 0.00000000 0.00000000
v 0.68791059 -0.01131065 -0.49741901 0.00000000 0.00000000 0.00000000
v 0.70592861 -0.01131065 -0.49741901 0.00000000 0.00000000 0.00000000
v 0.72394663 -0.01131065 -0.49741901 0.00000000 0.00000000 0.00000000
v 0.74196465 -0.01131065 -0.49741901 0.00000000 0.00000000 0.00000000
v 0.75998267 -0.01131065 -0.49741901 0.00000000 0.00000000 0.00000000
v 0.77800068 -0.01131065 -0.49741901 0.00000000 0.00000000 0.00000000
v 0.79601870 -0.01131065 -0.49741901 0.00000000 0.00000000 0.00000000
v 0.81403672 -0.01131065 -0.49741901 0.00000000 0.00000000 0.00000000
v 0.83205474 -0.01131065 -0.49741901 0.00000000 0.00000000 0.00000000
v 0.85007276 -0.01131065 -0.49741901 0.00000000 0.00000000 0.00000000
v 0.86809077 -0.01131065 -0.49741901 0.00000000 0.00000000 0.00000000
v 0.88610879 -0.01131065 -0.49741901 0.00000000 0.00000000 0.00000000
v 0.90412681 -0.01131065 -0.49741901 0.00000000 0.00000000 0.00000000
v 0.92214483 -0.01131065 -0.49741901 0.00000000 0.00000000 0.00000000
v -0.91569301 -0.02932867 -0.49741901 0.00000000 0.00000000 0.00000000
v -0.89767499 -0.02932867 -0.49741901 0.00000000 0.00000000 0.00000000
v -0.87965697 -0.02932867 -0.49741901 0.00000000 0.00000000 0.00000000
v -0.86163896 -0.02932867 -0.49741901 0.00000000 0.00000000 0.00000000
v -0.84362094 -0.02932867 -0.49741901 0.00000000 0.00000000 0.00000000
v -0.82560292 -0.02932867 -0.49741901 0.00000000 0.00000000 0.00000000
v -0.80758490 -0.02932867 -0.49741901 0.00000000 0.00000000 0.00000000
v -0.78956688 -0.02932867 -0.49741901 0.00000000 0.00000000 0.00000000
v -0.77154887 -0.02932867 -0.49741901 0.00000000 0.00000000 0.00000000
v -0.75353085 -0.02932867 -0.49741901 0.00000000 0.00000000 0.00000000
v -0.73551283 -0.02932867 -0.49741901 0.00000000 0.00000000 0.00000000
v -0.71749481 -0.02932867 -0.49741901 0.00000000 0.00000000 0.00000000
v -0.69947679 -0.02932867 -0.49741901 0.00000000 0.00000000 0.00000000
v -0.68145878 -0.02932867 -0.49741901 0.00000000 0.00000000 0.00000000
v -0.66344076 -0.02932867 -0.49741901 0.00000000 0.00000000 0.00000000
v -0.64542274 -0.02932867 -0.49741901 0.00000000 0.00000000 0.00000000
v -0.62740472 -0.02932867 -0.49741901 0.00000000 0.00000000 0.00000000
v -0.60938670 -0.02932867 -0.49741901 0.00000000 0.00000000 0.00000000
v -0.59136869 -0.02932867 -0.49741901 0.00000000 0.00000000 0.00000000
v -0.57335067 -0.02932867 -0.49741901 0.00000000 0.00000000 0.00000000
v -0.55533265 -0.02932867 -0.49741901 0.00000000 0.00000000 0.00000000
v -0.53731463 -0.02932867 -0.49741901 0.00000000 0.00000000 0.00000000
v -0.51929661 -0.02932867 -0.49741901 0.00000000 0.00000000 0.00000000
v -0.50127860 -0.02932867 -0.49741901 0.00000000 0.00000000 0.00000000
v -0.48326058 -0.02932867 -0.49741901 0.00000000 0.00000000 0.00000000
v -0.46524256 -0.02932867 -0.49741901 0.00000000 0.00000000 0.00000000
v -0.44722454 -0.02932867 -0.49741901 0.00000000 0.00000000 0.00000000
v -0.42920652 -0.02932867 -0.49741901 0.00000000 0.00000000 0.00000000
v -0.41118851 -0.02932867 -0.49741901 0.00000000 0.00000000 0.00000000
v -0.39317049 -0.02932867 -0.49741901 0.00000000 0.00000000 0.00000000
v -0.37515247 -0.02932867 -0.49741901 0.00000000 0.00000000 0.00000000
v -0.35713445 -0.02932867 -0.49741901 0.00000000 0.00000000 0.00000000
v -0.33911643 -0.02932867 -0.49741901 0.00000000 0.00000000 0.00000000
v -0.32109842 -0.02932867 -0.49741901 0.00392157 0.00392157 0.00392157
v -0.30308040 -0.02932867 0.13594397 0.11372549 0.11372549 0.11764706
v -0.28506238 -0.02932867 0.24633959 0.36470588 0.37647059 0.41176471
v -0.26704436 -0.02932867 0.26373193 0.40000000 0.40784314 0.45490196
v -0.24902634 -0.02932867 0.27068856 0.36078431 0.37647059 0.41176471
v -0.23100833 -0.02932867 0.27762437 0.31764706 0.33725490 0.36078431
v -0.21299031 -0.02932867 0.28529776 0.30980392 0.32941176 0.34117647
v -0.19497229 -0.02932867 0.29371387 0.46274510 0.38823529 0.32941176
v -0.17695427 -0.02932867 0.30128312 0.87058824 0.72156863 0.63921569
v -0.15893625 -0.02932867 0.30780186 0.85098039 0.63921569 0.54509804
v -0.14091824 -0.02932867 0.31310057 0.76470588 0.52941176 0.42352941
v -0.12290022 -0.02932867 0.31771045 0.76470588 0.56078431 0.41960784
v -0.10488220 -0.02932867 0.32138500 0.81568627 0.63529412 0.49803922
v -0.08686418 -0.02932867 0.32391184 0.93333333 0.74117647 0.61176471
v -0.06884616 -0.02932867 0.32417014 0.16470588 0.00000000 0.00000000
v -0.05082815 -0.02932867 0.32206367 0.87058824 0.70588235 0.60784314
v -0.03281013 -0.02932867 0.31738809 0.40784314 0.29803922 0.21568627
v -0.01479211 -0.02932867 0.31243448 0.30980392 0.23529412 0.20784314
v 0.00322591 -0.02932867 0.30632684 0.45490196 0.43137255 0.44705882
v 0.02124393 -0.02932867 0.29867181 0.45098039 0.45098039 0.49019608
v 0.03926195 -0.02932867 0.29251118 0.46274510 0.46274510 0.49803922
v 0.05727996 -0.02932867 0.28751282 0.49019608 0.48235294 0.49411765
v 0.07529798 -0.02932867 0.27842718 0.45882353 0.43921569 0.42745098
v 0.09331600 -0.02932867 0.25438689 0.45098039 0.44705882 0.44313725
v 0.11133402 -0.02932867 -0.49741901 0.00000000 0.00000000 0.00000000
v 0.12935204 -0.02932867 -0.49741901 0.00000000 0.00000000 0.00000000
v 0.14737005 -0.02932867 -0.49741901 0.00000000 0.00000000 0.00000000
v 0.16538807 -0.02932867 -0.49741901 0.00000000 0.00000000 0.00000000
v 0.18340609 -0.02932867 -0.49741901 0.00000000 0.00000000 0.00000000
v 0.20142411 -0.02932867 -0.49741901 0.00000000 0.00000000 0.00000000
v 0.21944213 -0.02932867 -0.49741901 0.00000000 0.00000000 0.00000000
v 0.23746014 -0.02932867 -0.49741901 0.00000000 0.00000000 0.00000000
v 0.25547816 -0.02932867 -0.49741901 0.00000000 0.00000000 0.00000000
v 0.27349618 -0.02932867 -0.49741901 0.00000000 0.00000000 0.00000000
v 0.29151420 -0.02932867 -0.49741901 0.00000000 0.00000000 0.00000000
v 0.30953222 -0.02932867 -0.49741901 0.00000000 0.00000000 0.00000000
v 0.32755023 -0.02932867 -0.49741901 0.00000000 0.00000000 0.00000000
v 0.34556825 -0.02932867 -0.49741901 0.00000000 0.00000000 0.00000000
v 0.36358627 -0.02932867 -0.49741901 0.00000000 0.00000000 0.00000000
v 0.38160429 -0.02932867 -0.49741901 0.00000000 0.00000000 0.00000000
v 0.39962231 -0.02932867 -0.49741901 0.00000000 0.00000000 0.00000000
v 0.41764032 -0.02932867 -0.49741901 0.00000000 0.00000000 0.00000000
v 0.43565834 -0.02932867 -0.49741901 0.00000000 0.00000000 0.00000000
v 0.45367636 -0.02932867 -0.49741901 0.00000000 0.00000000 0.00000000
v 0.47169438 -0.02932867 -0.49741901 0.00000000 0.00000000 0.00000000
v 0.48971240 -0.02932867 -0.49741901 0.00000000 0.00000000 0.00000000
v 0.50773041 -0.02932867 -0.49741901 0.00000000 0.00000000 0.00000000
v 0.52574843 -0.02932867 -0.49741901 0.00000000 0.00000000 0.00000000
v 0.54376645 -0.02932867 -0.49741901 0.00000000 0.00000000 0.00000000
v 0.56178447 -0.02932867 -0.49741901 0.00000000 0.00000000 0.00000000
v 0.57980249 -0.02932867 -0.49741901 0.00000000 0.00000000 0.00000000
v 0.59782050 -0.02932867 -0.49741901 0.00000000 0.00000000 0.00000000
v 0.61583852 -0.02932867 -0.49741901 0.00000000 0.00000000 0.00000000
v 0.63385654 -0.02932867 -0.49741901 0.00000000 0.00000000 0.00000000
v 0.65187456 -0.02932867 -0.49741901 0.00000000 0.00000000 0.00000000
v 0.66989258 -0.02932867 -0.49741901 0.00000000 0.00000000 0.00000000
v 0.68791059 -0.02932867 -0.49741901 0.00000000 0.00000000 0.00000000
v 0.70592861 -0.02932867 -0.49741901 0.00000000 0.00000000 0.00000000
v 0.72394663 -0.02932867 -0.49741901 0.00000000 0.00000000 0.00000000
v 0.74196465 -0.02932867 -0.49741901 0.00000000 0.00000000 0.00000000
v 0.75998267 -0.02932867 -0.49741901 0.00000000 0.00000000 0.00000000
v 0.77800068 -0.02932867 -0.49741901 0.00000000 0.00000000 0.00000000
v 0.79601870 -0.02932867 -0.49741901 0.00000000 0.00000000 0.00000000
v 0.81403672 -0.02932867 -0.49741901 0.00000000 0.00000000 0.00000000
v 0.83205474 -0.02932867 -0.49741901 0.00000000 0.00000000 0.00000000
v 0.85007276 -0.02932867 -0.49741901 0.00000000 0.00000000 0.00000000
v 0.86809077 -0.02932867 -0.49741901 0.00000000 0.00000000 0.00000000
v 0.88610879 -0.02932867 -0.49741901 0.00000000 0.00000000 0.00000000
v 0.90412681 -0.02932867 -0.49741901 0.00000000 0.00000000 0.00000000
v 0.92214483 -0.02932867 -0.49741901 0.00000000 0.00000000 0.00000000
v -0.91569301 -0.04734669 -0.49741901 0.00000000 0.00000000 0.00000000
v -0.89767499 -0.04734669 -0.49741901 0.00000000 0.00000000 0.00000000
v -0.87965697 -0.04734669 -0.49741901 0.00000000 0.00000000 0.00000000
v -0.86163896 -0.04734669 -0.49741901 0.00000000 0.00000000 0.00000000
v -0.84362094 -0.04734669 -0.49741901 0.00000000 0.00000000 0.00000000
v -0.82560292 -0.04734669 -0.49741901 0.00000000 0.00000000 0.00000000
v -0.80758490 -0.04734669 -0.49741901 0.00000000 0.00000000 0.00000000
v -0.78956688 -0.04734669 -0.49741901 0.00000000 0.00000000 0.00000000
v -0.77154887 -0.04734669 -0.49741901 0.00000000 0.00000000 0.00000000
v -0.75353085 -0.04734669 -0.49741901 0.00000000 0.00000000 0.00000000
v -0.73551283 -0.04734669 -0.49741901 0.00000000 0.00000000 0.00000000
v -0.71749481 -0.04734669 -0.49741901 0.00000000 0.00000000 0.00000000
v -0.69947679 -0.04734669 -0.49741901 0.00000000 0.00000000 0.00000000
v -0.68145878 -0.04734669 -0.49741901 0.00000000 0.00000000 0.00000000
v -0.66344076 -0.04734669 -0.49741901 0.00000000 0.00000000 0.00000000
v -0.64542274 -0.04734669 -0.49741901 0.00000000 0.00000000 0.00000000
v -0.62740472 -0.04734669 -0.49741901 0.00000000 0.00000000 0.00000000
v -0.60938670 -0.04734669 -0.49741901 0.00000000 0.00000000 0.00000000
v -0.59136869 -0.04734669 -0.49741901 0.00000000 0.00000000 0.00000000
v -0.57335067 -0.04734669 -0.49741901 0.00000000 0.00000000 0.00000000
v -0.55533265 -0.04734669 -0.49741901 0.00000000 0.00000000 0.00000000
v -0.53731463 -0.04734669 -0.49741901 0.00000000 0.00000000 0.00000000
v -0.51929661 -0.04734669 -0.49741901 0.00000000 0.00000000 0.00000000
v -0.50127860 -0.04734669 -0.49741901 0.00000000 0.00000000 0.00000000
v -0.48326058 -0.04734669 -0.49741901 0.00000000 0.00000000 0.00000000
v -0.46524256 -0.04734669 -0.49741901 0.00000000 0.00000000 0.00000000
v -0.44722454 -0.04734669 -0.49741901 0.00000000 0.00000000 0.00000000
v -0.42920652 -0.04734669 -0.49741901 0.00000000 0.00000000 0.00000000
v -0.41118851 -0.04734669 -0.49741901 0.00000000 0.00000000 0.00000000
v -0.39317049 -0.04734669 -0.49741901 0.00000000 0.00000000 0.00000000
v -0.37515247 -0.04734669 -0.49741901 0.00000000 0.00000000 0.00000000
v -0.35713445 -0.04734669 -0.49741901 0.00000000 0.00000000 0.00000000
v -0.33911643 -0.04734669 -0.49741901 0.00000000 0.00000000 0.00000000
v -0.32109842 -0.04734669 -0.49741901 0.00000000 0.00000000 0.00000000
v -0.30308040 -0.04734669 -0.49741901 0.00784314 0.00784314 0.00784314
v -0.28506238 -0.04734669 0.20645490 0.41176471 0.40784314 0.42352941
v -0.26704436 -0.04734669 0.25779379 0.38431373 0.38039216 0.41176471
v -0.24902634 -0.04734669 0.26510550 0.39215686 0.39215686 0.42352941
v -0.23100833 -0.04734669 0.27320372 0.37254902 0.37647059 0.39607843
v -0.21299031 -0.04734669 0.27987669 0.30196078 0.31764706 0.32941176
v -0.19497229 -0.04734669 0.28724490 0.37647059 0.34901961 0.32549020
v -0.17695427 -0.04734669 0.29513830 0.60000000 0.50588235 0.47058824
v -0.15893625 -0.04734669 0.30265332 0.48235294 0.31764706 0.26274510
v -0.14091824 -0.04734669 0.30843517 0.89803922 0.71764706 0.62745098
v -0.12290022 -0.04734669 0.31273450 0.81176471 0.65490196 0.55294118
v -0.10488220 -0.04734669 0.31578365 0.30980392 0.19215686 0.09019608
v -0.08686418 -0.04734669 0.31735640 0.63921569 0.52549020 0.45882353
v -0.06884616 -0.04734669 0.31711027 0.65882353 0.52549020 0.49019608
v -0.05082815 -0.04734669 0.31533255 0.33725490 0.27058824 0.23137255
v -0.03281013 -0.04734669 0.31128938 0.32156863 0.27843137 0.25490196
v -0.01479211 -0.04734669 0.30660129 0.45098039 0.41960784 0.41176471
v 0.00322591 -0.04734669 0.30084894 0.44313725 0.41568627 0.44313725
v 0.02124393 -0.04734669 0.29355743 0.50196078 0.48627451 0.50980392
v 0.03926195 -0.04734669 0.28775903 0.46666667 0.45490196 0.48235294
v 0.05727996 -0.04734669 0.28189896 0.49411765 0.47450980 0.49019608
v 0.07529798 -0.04734669 0.27170733 0.46666667 0.45098039 0.43921569
v 0.09331600 -0.04734669 0.24681447 0.35686275 0.35686275 0.35294118
v 0.11133402 -0.04734669 -0.49741901 0.00392157 0.00392157 0.00392157
v 0.12935204 -0.04734669 -0.49741901 0.00000000 0.00000000 0.00000000
v 0.14737005 -0.04734669 -0.49741901 0.00000000 0.00000000 0.00000000
v 0.16538807 -0.04734669 -0.49741901 0.00000000 0.00000000 0.00000000
v 0.18340609 -0.04734669 -0.49741901 0.00000000 0.00000000 0.00000000
v 0.20142411 -0.04734669 -0.49741901 0.00000000 0.00000000 0.00000000
v 0.21944213 -0.04734669 -0.49741901 0.00000000 0.00000000 0.00000000
v 0.23746014 -0.04734669 -0.49741901 0.00000000 0.00000000 0.00000000
v 0.25547816 -0.04734669 -0.49741901 0.00000000 0.00000000 0.00000000
v 0.27349618 -0.04734669 -0.49741901 0.00000000 0.00000000 0.00000000
v 0.29151420 -0.04734669 -0.49741901 0.00000000 0.00000000 0.00000000
v 0.30953222 -0.04734669 -0.49741901 0.00000000 0.00000000 0.00000000
v 0.32755023 -0.04734669 -0.49741901 0.00000000 0.00000000 0.00000000
v 0.34556825 -0.04734669 -0.49741901 0.00000000 0.00000000 0.00000000
v 0.36358627 -0.04734669 -0.49741901 0.00000000 0.00000000 0.00000000
v 0.38160429 -0.04734669 -0.49741901 0.00000000 0.00000000 0.00000000
v 0.39962231 -0.04734669 -0.49741901 0.00000000 0.00000000 0.00000000
v 0.41764032 -0.04734669 -0.49741901 0.00000000 0.00000000 0.00000000
v 0.43565834 -0.04734669 -0.49741901 0.00000000 0.00000000 0.00000000
v 0.45367636 -0.04734669 -0.49741901 0.00000000 0.00000000 0.00000000
v 0.47169438 -0.04734669 -0.49741901 0.00000000 0.00000000 0.00000000
v 0.48971240 -0.04734669 -0.49741901 0.00000000 0.00000000 0.00000000
v 0.50773041 -0.04734669 -0.49741901 0.00000000 0.00000000 0.00000000
v 0.52574843 -0.04734669 -0.49741901 0.00000000 0.00000000 0.00000000
v 0.54376645 -0.04734669 -0.49741901 0.00000000 0.00000000 0.00000000
v 0.56178447 -0.04734669 -0.49741901 0.00000000 0.00000000 0.00000000
v 0.57980249 -0.04734669 -0.49741901 0.00000000 0.00000000 0.00000000
v 0.59782050 -0.04734669 -0.49741901 0.00000000 0.00000000 0.00000000
v 0.61583852 -0.04734669 -0.49741901 0.00000000 0.00000000 0.00000000
v 0.63385654 -0.04734669 -0.49741901 0.00000000 0.00000000 0.00000000
v 0.65187456 -0.04734669 -0.49741901 0.00000000 0.00000000 0.00000000
v 0.66989258 -0.04734669 -0.49741901 0.00000000 0.00000000 0.00000000
v 0.68791059 -0.04734669 -0.49741901 0.00000000 0.00000000 0.00000000
v 0.70592861 -0.04734669 -0.49741901 0.00000000 0.00000000 0.00000000
v 0.72394663 -0.04734669 -0.49741901 0.00000000 0.00000000 0.00000000
v 0.74196465 -0.04734669 -0.49741901 0.00000000 0.00000000 0.00000000
v 0.75998267 -0.04734669 -0.49741901 0.00000000 0.00000000 0.00000000
v 0.77800068 -0.04734669 -0.49741901 0.00000000 0.00000000 0.00000000
v 0.79601870 -0.04734669 -0.49741901 0.00000000 0.00000000 0.00000000
v 0.81403672 -0.04734669 -0.49741901 0.00000000 0.00000000 0.00000000
v 0.83205474 -0.04734669 -0.49741901 0.00000000 0.00000000 0.00000000
v 0.85007276 -0.04734669 -0.49741901 0.00000000 0.00000000 0.00000000
v 0.86809077 -0.04734669 -0.49741901 0.00000000 0.00000000 0.00000000
v 0.88610879 -0.04734669 -0.49741901 0.00000000 0.00000000 0.00000000
v 0.90412681 -0.04734669 -0.49741901 0.00000000 0.00000000 0.00000000
v 0.92214483 -0.04734669 -0.49741901 0.00000000 0.00000000 0.00000000
v -0.91569301 -0.06536471 -0.49741901 0.00000000 0.00000000 0.00000000
v -0.89767499 -0.06536471 -0.49741901 0.00000000 0.00000000 0.00000000
v -0.87965697 -0.06536471 -0.49741901 0.00000000 0.00000000 0.00000000
v -0.86163896 -0.06536471 -0.49741901 0.00000000 0.00000000 0.00000000
v -0.84362094 -0.06536471 -0.49741901 0.00000000 0.00000000 0.00000000
v -0.82560292 -0.06536471 -0.49741901 0.00000000 0.00000000 0.00000000
v -0.80758490 -0.06536471 -0.49741901 0.00000000 0.00000000 0.00000000
v -0.78956688 -0.06536471 -0.49741901 0.00000000 0.00000000 0.00000000
v -0.77154887 -0.06536471 -0.49741901 0.00000000 0.00000000 0.00000000
v -0.75353085 -0.06536471 -0.49741901 0.00000000 0.00000000 0.00000000
v -0.73551283 -0.06536471 -0.49741901 0.00000000 0.00000000 0.00000000
v -0.71749481 -0.06536471 -0.49741901 0.00000000 0.00000000 0.00000000
v -0.69947679 -0.06536471 -0.49741901 0.00000000 0.00000000 0.00000000
v -0.68145878 -0.06536471 -0.49741901 0.00000000 0.00000000 0.00000000
v -0.66344076 -0.06536471 -0.49741901 0.00000000 0.00000000 0.00000000
v -0.64542274 -0.06536471 -0.49741901 0.00000000 0.00000000 0.00000000
v -0.62740472 -0.06536471 -0.49741901 0.00000000 0.00000000 0.00000000
v -0.60938670 -0.06536471 -0.49741901 0.00000000 0.00000000 0.00000000
v -0.59136869 -0.06536471 -0.49741901 0.00000000 0.00000000 0.00000000
v -0.57335067 -0.06536471 -0.49741901 0.00000000 0.00000000 0.00000000
v -0.55533265 -0.06536471 -0.49741901 0.00000000 0.00000000 0.00000000
v -0.53731463 -0.06536471 -0.49741901 0.00000000 0.00000000 0.00000000
v -0.51929661 -0.06536471 -0.49741901 0.00000000 0.00000000 0.00000000
v -0.50127860 -0.06536471 -0.49741901 0.00000000 0.00000000 0.00000000
v -0.48326058 -0.06536471 -0.49741901 0.00000000 0.00000000 0.00000000
v -0.46524256 -0.06536471 -0.49741901 0.00000000 0.00000000 0.00000000
v -0.44722454 -0.06536471 -0.49741901 0.00000000 0.00000000 0.00000000
v -0.42920652 -0.06536471 -0.49741901 0.00000000 0.00000000 0.00000000
v -0.41118851 -0.06536471 -0.49741901 0.00000000 0.00000000 0.00000000
v -0.39317049 -0.06536471 -0.49741901 0.00000000 0.00000000 0.00000000
v -0.37515247 -0.06536471 -0.49741901 0.00000000 0.00000000 0.00000000
v -0.35713445 -0.06536471 -0.49741901 0.00000000 0.00000000 0.00000000
v -0.33911643 -0.06536471 -0.49741901 0.00000000 0.00000000 0.00000000
v -0.32109842 -0.06536471 -0.49741901 0.00000000 0.00000000 0.00000000
v -0.30308040 -0.06536471 -0.49741901 0.00392157 0.00392157 0.00392157
v -0.28506238 -0.06536471 0.15178809 0.06274510 0.06274510 0.06274510
v -0.26704436 -0.06536471 0.23560888 0.40000000 0.39215686 0.41176471
v -0.24902634 -0.06536471 0.26241576 0.37647059 0.36862745 0.38823529
v -0.23100833 -0.06536471 0.26937067 0.34509804 0.34509804 0.35294118
v -0.21299031 -0.06536471 0.27550374 0.34117647 0.34117647 0.34117647
v -0.19497229 -0.06536471 0.28176273 0.37254902 0.37254902 0.37254902
v -0.17695427 -0.06536471 0.28911761 0.39607843 0.34117647 0.33725490
v -0.15893625 -0.06536471 0.29591004 0.60392157 0.49019608 0.45882353
v -0.14091824 -0.06536471 0.30171972 0.58039216 0.43529412 0.38431373
v -0.12290022 -0.06536471 0.30564934 0.33333333 0.21176471 0.14117647
v -0.10488220 -0.06536471 0.30799218 0.27450980 0.20784314 0.14509804
v -0.08686418 -0.06536471 0.30858796 0.27843137 0.22745098 0.20392157
v -0.06884616 -0.06536471 0.30775911 0.30196078 0.23921569 0.25098039
v -0.05082815 -0.06536471 0.30586605 0.42352941 0.42352941 0.43137255
v -0.03281013 -0.06536471 0.30280928 0.39215686 0.40784314 0.41960784
v -0.01479211 -0.06536471 0.29954843 0.43921569 0.43137255 0.45098039
v 0.00322591 -0.06536471 0.29475731 0.50196078 0.47058824 0.49019608
v 0.02124393 -0.06536471 0.28804530 0.49019608 0.44705882 0.47058824
v 0.03926195 -0.06536471 0.28219926 0.50196078 0.46274510 0.47843137
v 0.05727996 -0.06536471 0.27507134 0.48627451 0.46274510 0.46274510
v 0.07529798 -0.06536471 0.26404625 0.48235294 0.47843137 0.47058824
v 0.09331600 -0.06536471 0.23791647 0.21960784 0.21960784 0.21960784
v 0.11133402 -0.06536471 -0.49741901 0.00392157 0.00392157 0.00392157
v 0.12935204 -0.06536471 -0.49741901 0.00000000 0.00000000 0.00000000
v 0.14737005 -0.06536471 -0.49741901 0.00000000 0.00000000 0.00000000
v 0.16538807 -0.06536471 -0.49741901 0.00000000 0.00000000 0.00000000
v 0.18340609 -0.06536471 -0.49741901 0.00000000 0.00000000 0.00000000
v 0.20142411 -0.06536471 -0.49741901 0.00000000 0.00000000 0.00000000
v 0.21944213 -0.06536471 -0.49741901 0.00000000 0.00000000 0.00000000
v 0.23746014 -0.06536471 -0.49741901 0.00000000 0.00000000 0.00000000
v 0.25547816 -0.06536471 -0.49741901 0.00000000 0.00000000 0.00000000
v 0.27349618 -0.06536471 -0.49741901 0.00000000 0.00000000 0.00000000
v 0.29151420 -0.06536471 -0.49741901 0.00000000 0.00000000 0.00000000
v 0.30953222 -0.06536471 -0.49741901 0.00000000 0.00000000 0.00000000
v 0.32755023 -0.06536471 -0.49741901 0.00000000 0.00000000 0.00000000
v 0.34556825 -0.06536471 -0.49741901 0.00000000 0.00000000 0.00000000
v 0.36358627 -0.06536471 -0.49741901 0.00000000 0.00000000 0.00000000
v 0.38160429 -0.06536471 -0.49741901 0.00000000 0.00000000 0.00000000
v 0.39962231 -0.06536471 -0.49741901 0.00000000 0.00000000 0.00000000
v 0.41764032 -0.06536471 -0.49741901 0.00000000 0.00000000 0.00000000
v 0.43565834 -0.06536471 -0.49741901 0.00000000 0.00000000 0.00000000
v 0.45367636 -0.06536471 -0.49741901 0.00000000 0.00000000 0.00000000
v 0.47169438 -0.06536471 -0.49741901 0.00000000 0.00000000 0.00000000
v 0.48971240 -0.06536471 -0.49741901 0.00000000 0.00000000 0.00000000
v 0.50773041 -0.06536471 -0.49741901 0.00000000 0.00000000 0.00000000
v 0.52574843 -0.06536471 -0.49741901 0.00000000 0.00000000 0.00000000
v 0.54376645 -0.06536471 -0.49741901 0.00000000 0.00000000 0.00000000
v 0.56178447 -0.06536471 -0.49741901 0.00000000 0.00000000 0.00000000
v 0.57980249 -0.06536471 -0.49741901 0.00000000 0.00000000 0.00000000
v 0.59782050 -0.06536471 -0.49741901 0.00000000 0.00000000 0.00000000
v 0.61583852 -0.06536471 -0.49741901 0.00000000 0.00000000 0.00000000
v 0.63385654 -0.06536471 -0.49741901 0.00000000 0.00000000 0.00000000
v 0.65187456 -0.06536471 -0.49741901 0.00000000 0.00000000 0.00000000
v 0.66989258 -0.06536471 -0.49741901 0.00000000 0.00000000 0.00000000
v 0.68791059 -0.06536471 -0.49741901 0.00000000 0.00000000 0.00000000
v 0.70592861 -0.06536471 -0.49741901 0.00000000 0.00000000 0.00000000
v 0.72394663 -0.06536471 -0.49741901 0.00000000 0.00000000 0.00000000
v 0.74196465 -0.06536471 -0.49741901 0.00000000 0.00000000 0.00000000
v 0.75998267 -0.06536471 -0.49741901 0.00000000 0.00000000 0.00000000
v 0.77800068 -0.06536471 -0.49741901 0.00000000 0.00000000 0.00000000
v 0.79601870 -0.06536471 -0.49741901 0.00000000 0.00000000 0.00000000
v 0.81403672 -0.06536471 -0.49741901 0.00000000 0.00000000 0.00000000
v 0.83205474 -0.06536471 -0.49741901 0.00000000 0.00000000 0.00000000
v 0.85007276 -0.06536471 -0.49741901 0.00000000 0.00000000 0.00000000
v 0.86809077 -0.06536471 -0.49741901 0.00000000 0.00000000 0.00000000
v 0.88610879 -0.06536471 -0.49741901 0.00000000 0.00000000 0.00000000
v 0.90412681 -0.06536471 -0.49741901 0.00000000 0.00000000 0.00000000
v 0.92214483 -0.06536471 -0.49741901 0.00000000 0.00000000 0.00000000
v -0.91569301 -0.08338272 -0.49741901 0.00000000 0.00000000 0.00000000
v -0.89767499 -0.08338272 -0.49741901 0.00000000 0.00000000 0.00000000
v -0.87965697 -0.08338272 -0.49741901 0.00000000 0.00000000 0.00000000
v -0.86163896 -0.08338272 -0.49741901 0.00000000 0.00000000 0.00000000
v -0.84362094 -0.08338272 -0.49741901 0.00000000 0.00000000 0.00000000
v -0.82560292 -0.08338272 -0.49741901 0.00000000 0.00000000 0.00000000
v -0.80758490 -0.08338272 -0.49741901 0.00000000 0.00000000 0.00000000
v -0.78956688 -0.08338272 -0.49741901 0.00000000 0.00000000 0.00000000
v -0.77154887 -0.08338272 -0.49741901 0.00000000 0.00000000 0.00000000
v -0.75353085 -0.08338272 -0.49741901 0.00000000 0.00000000 0.00000000
v -0.73551283 -0.08338272 -0.49741901 0.00000000 0.00000000 0.00000000
v -0.71749481 -0.08338272 -0.49741901 0.00000000 0.00000000 0.00000000
v -0.69947679 -0.08338272 -0.49741901 0.00000000 0.00000000 0.00000000
v -0.68145878 -0.08338272 -0.49741901 0.00000000 0.00000000 0.00000000
v -0.66344076 -0.08338272 -0.49741901 0.00000000 0.00000000 0.00000000
v -0.64542274 -0.08338272 -0.49741901 0.00000000 0.00000000 0.00000000
v -0.62740472 -0.08338272 -0.49741901 0.00000000 0.00000000 0.00000000
v -0.60938670 -0.08338272 -0.49741901 0.00000000 0.00000000 0.00000000
v -0.59136869 -0.08338272 -0.49741901 0.00000000 0.00000000 0.00000000
v -0.57335067 -0.08338272 -0.49741901 0.00000000 0.00000000 0.00000000
v -0.55533265 -0.08338272 -0.49741901 0.00000000 0.00000000 0.00000000
v -0.53731463 -0.08338272 -0.49741901 0.00000000 0.00000000 0.00000000
v -0.51929661 -0.08338272 -0.49741901 0.00000000 0.00000000 0.00000000
v -0.50127860 -0.08338272 -0.49741901 0.00000000 0.00000000 0.00000000
v -0.48326058 -0.08338272 -0.49741901 0.00000000 0.00000000 0.00000000
v -0.46524256 -0.08338272 -0.49741901 0.00000000 0.00000000 0.00000000
v -0.44722454 -0.08338272 -0.49741901 0.00000000 0.00000000 0.00000000
v -0.42920652 -0.08338272 -0.49741901 0.00000000 0.00000000 0.00000000
v -0.41118851 -0.08338272 -0.49741901 0.00000000 0.00000000 0.00000000
v -0.39317049 -0.08338272 -0.49741901 0.00000000 0.00000000 0.00000000
v -0.37515247 -0.08338272 -0.49741901 0.00000000 0.00000000 0.00000000
v -0.35713445 -0.08338272 -0.49741901 0.00000000 0.00000000 0.00000000
v -0.33911643 -0.08338272 -0.49741901 0.00000000 0.00000000 0.00000000
v -0.32109842 -0.08338272 -0.49741901 0.00000000 0.00000000 0.00000000
v -0.30308040 -0.08338272 -0.49741901 0.00000000 0.00000000 0.00000000
v -0.28506238 -0.08338272 -0.49741901 0.00000000 0.00000000 0.00000000
v -0.26704436 -0.08338272 0.21252247 0.36862745 0.37254902 0.38823529
v -0.24902634 -0.08338272 0.25931554 0.38431373 0.38823529 0.40784314
v -0.23100833 -0.08338272 0.26522179 0.33333333 0.34509804 0.37254902
v -0.21299031 -0.08338272 0.27114097 0.27450980 0.28627451 0.31372549
v -0.19497229 -0.08338272 0.27603746 0.26274510 0.27843137 0.28235294
v -0.17695427 -0.08338272 0.28064197 0.21176471 0.21960784 0.21568627
v -0.15893625 -0.08338272 0.28429418 0.17254902 0.15686275 0.14509804
v -0.14091824 -0.08338272 0.28949310 0.09803922 0.07843137 0.06274510
v -0.12290022 -0.08338272 0.29343605 0.01960784 0.00000000 0.00000000
v -0.10488220 -0.08338272 0.29678742 0.39607843 0.39215686 0.38431373
v -0.08686418 -0.08338272 0.29853984 0.15686275 0.15294118 0.14509804
v -0.06884616 -0.08338272 0.29858074 0.32156863 0.31372549 0.31764706
v -0.05082815 -0.08338272 0.29787663 0.43137255 0.42352941 0.43529412
v -0.03281013 -0.08338272 0.29588447 0.45882353 0.45098039 0.46274510
v -0.01479211 -0.08338272 0.29325652 0.48627451 0.46666667 0.48235294
v 0.00322591 -0.08338272 0.28866191 0.48627451 0.46274510 0.47058824
v 0.02124393 -0.08338272 0.28243536 0.49411765 0.45882353 0.47058824
v 0.03926195 -0.08338272 0.27542724 0.47843137 0.44313725 0.45490196
v 0.05727996 -0.08338272 0.26743315 0.47450980 0.45098039 0.45882353
v 0.07529798 -0.08338272 0.25630255 0.47058824 0.45490196 0.45882353
v 0.09331600 -0.08338272 -0.49741901 0.03137255 0.03137255 0.03137255
v 0.11133402 -0.08338272 -0.49741901 0.00392157 0.00392157 0.00392157
v 0.12935204 -0.08338272 -0.49741901 0.00000000 0.00000000 0.00000000
v 0.14737005 -0.08338272 -0.49741901 0.00000000 0.00000000 0.00000000
v 0.16538807 -0.08338272 -0.49741901 0.00000000 0.00000000 0.00000000
v 0.18340609 -0.08338272 -0.49741901 0.00000000 0.00000000 0.00000000
v 0.20142411 -0.08338272 -0.49741901 0.00000000 0.00000000 0.00000000
v 0.21944213 -0.08338272 -0.49741901 0.00000000 0.00000000 0.00000000
v 0.23746014 -0.08338272 -0.49741901 0.00000000 0.00000000 0.00000000
v 0.25547816 -0.08338272 -0.49741901 0.00000000 0.00000000 0.00000000
v 0.27349618 -0.08338272 -0.49741901 0.00000000 0.00000000 0.00000000
v 0.29151420 -0.08338272 -0.49741901 0.00000000 0.00000000 0.00000000
v 0.30953222 -0.08338272 -0.49741901 0.00000000 0.00000000 0.00000000
v 0.32755023 -0.08338272 -0.49741901 0.00000000 0.00000000 0.00000000
v 0.34556825 -0.08338272 -0.49741901 0.00000000 0.00000000 0.00000000
v 0.36358627 -0.08338272 -0.49741901 0.00000000 0.00000000 0.00000000
v 0.38160429 -0.08338272 -0.49741901 0.00000000 0.00000000 0.00000000
v 0.39962231 -0.08338272 -0.49741901 0.00000000 0.00000000 0.00000000
v 0.41764032 -0.08338272 -0.49741901 0.00000000 0.00000000 0.00000000
v 0.43565834 -0.08338272 -0.49741901 0.00000000 0.00000000 0.00000000
v 0.45367636 -0.08338272 -0.49741901 0.00000000 0.00000000 0.00000000
v 0.47169438 -0.08338272 -0.49741901 0.00000000 0.00000000 0.00000000
v 0.48971240 -0.08338272 -0.49741901 0.00000000 0.00000000 0.00000000
v 0.50773041 -0.08338272 -0.49741901 0.00000000 0.00000000 0.00000000
v 0.52574843 -0.08338272 -0.49741901 0.00000000 0.00000000 0.00000000
v 0.54376645 -0.08338272 -0.49741901 0.00000000 0.00000000 0.00000000
v 0.56178447 -0.08338272 -0.49741901 0.00000000 0.00000000 0.00000000
v 0.57980249 -0.08338272 -0.49741901 0.00000000 0.00000000 0.00000000
v 0.59782050 -0.08338272 -0.49741901 0.00000000 0.00000000 0.00000000
v 0.61583852 -0.08338272 -0.49741901 0.00000000 0.00000000 0.00000000
v 0.63385654 -0.08338272 -0.49741901 0.00000000 0.00000000 0.00000000
v 0.65187456 -0.08338272 -0.49741901 0.00000000 0.00000000 0.00000000
v 0.66989258 -0.08338272 -0.49741901 0.00000000 0.00000000 0.00000000
v 0.68791059 -0.08338272 -0.49741901 0.00000000 0.00000000 0.00000000
v 0.70592861 -0.08338272 -0.49741901 0.00000000 0.00000000 0.00000000
v 0.72394663 -0.08338272 -0.49741901 0.00000000 0.00000000 0.00000000
v 0.74196465 -0.08338272 -0.49741901 0.00000000 0.00000000 0.00000000
v 0.75998267 -0.08338272 -0.49741901 0.00000000 0.00000000 0.00000000
v 0.77800068 -0.08338272 -0.49741901 0.00000000 0.00000000 0.00000000
v 0.79601870 -0.08338272 -0.49741901 0.00000000 0.00000000 0.00000000
v 0.81403672 -0.08338272 -0.49741901 0.00000000 0.00000000 0.00000000
v 0.83205474 -0.08338272 -0.49741901 0.00000000 0.00000000 0.00000000
v 0.85007276 -0.08338272 -0.49741901 0.00000000 0.00000000 0.00000000
v 0.86809077 -0.08338272 -0.49741901 0.00000000 0.00000000 0.00000000
v 0.88610879 -0.08338272 -0.49741901 0.00000000 0.00000000 0.00000000
v 0.90412681 -0.08338272 -0.49741901 0.00000000 0.00000000 0.00000000
v 0.92214483 -0.08338272 -0.49741901 0.00000000 0.00000000 0.00000000
v -0.91569301 -0.10140074 -0.49741901 0.00000000 0.00000000 0.00000000
v -0.89767499 -0.10140074 -0.49741901 0.00000000 0.00000000 0.00000000
v -0.87965697 -0.10140074 -0.49741901 0.00000000 0.00000000 0.00000000
v -0.86163896 -0.10140074 -0.49741901 0.00000000 0.00000000 0.00000000
v -0.84362094 -0.10140074 -0.49741901 0.00000000 0.00000000 0.00000000
v -0.82560292 -0.10140074 -0.49741901 0.00000000 0.00000000 0.00000000
v -0.80758490 -0.10140074 -0.49741901 0.00000000 0.00000000 0.00000000
v -0.78956688 -0.10140074 -0.49741901 0.00000000 0.00000000 0.00000000
v -0.77154887 -0.10140074 -0.49741901 0.00000000 0.00000000 0.00000000
v -0.75353085 -0.10140074 -0.49741901 0.00000000 0.00000000 0.00000000
v -0.73551283 -0.10140074 -0.49741901 0.00000000 0.00000000 0.00000000
v -0.71749481 -0.10140074 -0.49741901 0.00000000 0.00000000 0.00000000
v -0.69947679 -0.10140074 -0.49741901 0.00000000 0.00000000 0.00000000
v -0.68145878 -0.10140074 -0.49741901 0.00000000 0.00000000 0.00000000
v -0.66344076 -0.10140074 -0.49741901 0.00000000 0.00000000 0.00000000
v -0.64542274 -0.10140074 -0.49741901 0.00000000 0.00000000 0.00000000
v -0.62740472 -0.10140074 -0.49741901 0.00000000 0.00000000 0.00000000
v -0.60938670 -0.10140074 -0.49741901 0.00000000 0.00000000 0.00000000
v -0.59136869 -0.10140074 -0.49741901 0.00000000 0.00000000 0.00000000
v -0.57335067 -0.10140074 -0.49741901 0.00000000 0.00000000 0.00000000
v -0.55533265 -0.10140074 -0.49741901 0.00000000 0.00000000 0.00000000
v -0.53731463 -0.10140074 -0.49741901 0.00000000 0.00000000 0.00000000
v -0.51929661 -0.10140074 -0.49741901 0.00000000 0.00000000 0.00000000
v -0.50127860 -0.10140074 -0.49741901 0.00000000 0.00000000 0.00000000
v -0.48326058 -0.10140074 -0.49741901 0.00000000 0.00000000 0.00000000
v -0.46524256 -0.10140074 -0.49741901 0.00000000 0.00000000 0.00000000
v -0.44722454 -0.10140074 -0.49741901 0.00000000 0.00000000 0.00000000
v -0.42920652 -0.10140074 -0.49741901 0.00000000 0.00000000 0.00000000
v -0.41118851 -0.10140074 -0.49741901 0.00000000 0.00000000 0.00000000
v -0.39317049 -0.10140074 -0.49741901 0.00000000 0.00000000 0.00000000
v -0.37515247 -0.10140074 -0.49741901 0.00000000 0.00000000 0.00000000
v -0.35713445 -0.10140074 -0.49741901 0.00000000 0.00000000 0.00000000
v -0.33911643 -0.10140074 -0.49741901 0.00000000 0.00000000 0.00000000
v -0.32109842 -0.10140074 -0.49741901 0.00000000 0.00000000 0.00000000
v -0.30308040 -0.10140074 -0.49741901 0.00000000 0.00000000 0.00000000
v -0.28506238 -0.10140074 -0.49741901 0.00392157 0.00392157 0.00392157
v -0.26704436 -0.10140074 0.19324141 0.31764706 0.32156863 0.32941176
v -0.24902634 -0.10140074 0.25268436 0.38431373 0.39607843 0.42352941
v -0.23100833 -0.10140074 0.26028310 0.33333333 0.34901961 0.38431373
v -0.21299031 -0.10140074 0.26593607 0.34901961 0.36470588 0.40784314
v -0.19497229 -0.10140074 0.27019087 0.33333333 0.35294118 0.36470588
v -0.17695427 -0.10140074 0.27184507 0.28235294 0.30588235 0.29803922
v -0.15893625 -0.10140074 0.27337026 0.23529412 0.25098039 0.24705882
v -0.14091824 -0.10140074 0.27637528 0.14509804 0.16078431 0.15686275
v -0.12290022 -0.10140074 0.28000474 0.01176471 0.01960784 0.01568627
v -0.10488220 -0.10140074 0.28451275 0.09019608 0.09019608 0.09019608
v -0.08686418 -0.10140074 0.28842924 0.25098039 0.25098039 0.25098039
v -0.06884616 -0.10140074 0.29070267 0.33725490 0.33725490 0.33725490
v -0.05082815 -0.10140074 0.29141866 0.42745098 0.41176471 0.41568627
v -0.03281013 -0.10140074 0.29028401 0.44313725 0.41960784 0.42745098
v -0.01479211 -0.10140074 0.28766912 0.44313725 0.41960784 0.42745098
v 0.00322591 -0.10140074 0.28256932 0.41960784 0.39607843 0.40392157
v 0.02124393 -0.10140074 0.27668857 0.45098039 0.42745098 0.43529412
v 0.03926195 -0.10140074 0.26842573 0.44313725 0.41960784 0.42745098
v 0.05727996 -0.10140074 0.25974884 0.41960784 0.39607843 0.40392157
v 0.07529798 -0.10140074 0.24772684 0.34509804 0.32156863 0.32941176
v 0.09331600 -0.10140074 -0.49741901 0.00000000 0.00000000 0.00000000
v 0.11133402 -0.10140074 -0.49741901 0.00000000 0.00000000 0.00000000
v 0.12935204 -0.10140074 -0.49741901 0.00000000 0.00000000 0.00000000
v 0.14737005 -0.10140074 -0.49741901 0.00000000 0.00000000 0.00000000
v 0.16538807 -0.10140074 -0.49741901 0.00000000 0.00000000 0.00000000
v 0.18340609 -0.10140074 -0.49741901 0.00000000 0.00000000 0.00000000
v 0.20142411 -0.10140074 -0.49741901 0.00000000 0.00000000 0.00000000
v 0.21944213 -0.10140074 -0.49741901 0.00000000 0.00000000 0.00000000
v 0.23746014 -0.10140074 -0.49741901 0.00000000 0.00000000 0.00000000
v 0.25547816 -0.10140074 -0.49741901 0.00000000 0.00000000 0.00000000
v 0.27349618 -0.10140074 -0.49741901 0.00000000 0.00000000 0.00000000
v 0.29151420 -0.10140074 -0.49741901 0.00000000 0.00000000 0.00000000
v 0.30953222 -0.10140074 -0.49741901 0.00000000 0.00000000 0.00000000
v 0.32755023 -0.10140074 -0.49741901 0.00000000 0.00000000 0.00000000
v 0.34556825 -0.10140074 -0.49741901 0.00000000 0.00000000 0.00000000
v 0.36358627 -0.10140074 -0.49741901 0.00000000 0.00000000 0.00000000
v 0.38160429 -0.10140074 -0.49741901 0.00000000 0.00000000 0.00000000
v 0.39962231 -0.10140074 -0.49741901 0.00000000 0.00000000 0.00000000
v 0.41764032 -0.10140074 -0.49741901 0.00000000 0.00000000 0.00000000
v 0.43565834 -0.10140074 -0.49741901 0.00000000 0.00000000 0.00000000
v 0.45367636 -0.10140074 -0.49741901 0.00000000 0.00000000 0.00000000
v 0.47169438 -0.10140074 -0.49741901 0.00000000 0.00000000 0.00000000
v 0.48971240 -0.10140074 -0.49741901 0.00000000 0.00000000 0.00000000
v 0.50773041 -0.10140074 -0.49741901 0.00000000 0.00000000 0.00000000
v 0.52574843 -0.10140074 -0.49741901 0.00000000 0.00000000 0.00000000
v 0.54376645 -0.10140074 -0.49741901 0.00000000 0.00000000 0.00000000
v 0.56178447 -0.10140074 -0.49741901 0.00000000 0.00000000 0.00000000
v 0.57980249 -0.10140074 -0.49741901 0.00000000 0.00000000 0.00000000
v 0.59782050 -0.10140074 -0.49741901 0.00000000 0.00000000 0.00000000
v 0.61583852 -0.10140074 -0.49741901 0.00000000 0.00000000 0.00000000
v 0.63385654 -0.10140074 -0.49741901 0.00000000 0.00000000 0.00000000
v 0.65187456 -0.10140074 -0.49741901 0.00000000 0.00000000 0.00000000
v 0.66989258 -0.10140074 -0.49741901 0.00000000 0.00000000 0.00000000
v 0.68791059 -0.10140074 -0.49741901 0.00000000 0.00000000 0.00000000
v 0.70592861 -0.10140074 -0.49741901 0.00000000 0.00000000 0.00000000
v 0.72394663 -0.10140074 -0.49741901 0.00000000 0.00000000 0.00000000
v 0.74196465 -0.10140074 -0.49741901 0.00000000 0.00000000 0.00000000
v 0.75998267 -0.10140074 -0.49741901 0.00000000 0.00000000 0.00000000
v 0.77800068 -0.10140074 -0.49741901 0.00000000 0.00000000 0.00000000
v 0.79601870 -0.10140074 -0.49741901 0.00000000 0.00000000 0.00000000
v 0.81403672 -0.10140074 -0.49741901 0.00000000 0.00000000 0.00000000
v 0.83205474 -0.10140074 -0.49741901 0.00000000 0.00000000 0.00000000
v 0.85007276 -0.10140074 -0.49741901 0.00000000 0.00000000 0.00000000
v 0.86809077 -0.10140074 -0.49741901 0.00000000 0.00000000 0.00000000
v 0.88610879 -0.10140074 -0.49741901 0.00000000 0.00000000 0.00000000
v 0.90412681 -0.10140074 -0.49741901 0.00000000 0.00000000 0.00000000
v 0.92214483 -0.10140074 -0.49741901 0.00000000 0.00000000 0.00000000
v -0.91569301 -0.11941876 -0.49741901 0.00000000 0.00000000 0.00000000
v -0.89767499 -0.11941876 -0.49741901 0.00000000 0.00000000 0.00000000
v -0.87965697 -0.11941876 -0.49741901 0.00000000 0.00000000 0.00000000
v -0.86163896 -0.11941876 -0.49741901 0.00000000 0.00000000 0.00000000
v -0.84362094 -0.11941876 -0.49741901 0.00000000 0.00000000 0.00000000
v -0.82560292 -0.11941876 -0.49741901 0.00000000 0.00000000 0.00000000
v -0.80758490 -0.11941876 -0.49741901 0.00000000 0.00000000 0.00000000
v -0.78956688 -0.11941876 -0.49741901 0.00000000 0.00000000 0.00000000
v -0.77154887 -0.11941876 -0.49741901 0.00000000 0.00000000 0.00000000
v -0.75353085 -0.11941876 -0.49741901 0.00000000 0.00000000 0.00000000
v -0.73551283 -0.11941876 -0.49741901 0.00000000 0.00000000 0.00000000
v -0.71749481 -0.11941876 -0.49741901 0.00000000 0.00000000 0.00000000
v -0.69947679 -0.11941876 -0.49741901 0.00000000 0.00000000 0.00000000
v -0.68145878 -0.11941876 -0.49741901 0.00000000 0.00000000 0.00000000
v -0.66344076 -0.11941876 -0.49741901 0.00000000 0.00000000 0.00000000
v -0.64542274 -0.11941876 -0.49741901 0.00000000 0.00000000 0.00000000
v -0.62740472 -0.11941876 -0.49741901 0.00000000 0.00000000 0.00000000
v -0.60938670 -0.11941876 -0.49741901 0.00000000 0.00000000 0.00000000
v -0.59136869 -0.11941876 -0.49741901 0.00000000 0.00000000 0.00000000
v -0.57335067 -0.11941876 -0.49741901 0.00000000 0.00000000 0.00000000
v -0.55533265 -0.11941876 -0.49741901 0.00000000 0.00000000 0.00000000
v -0.53731463 -0.11941876 -0.49741901 0.00000000 0.00000000 0.00000000
v -0.51929661 -0.11941876 -0.49741901 0.00000000 0.00000000 0.00000000
v -0.50127860 -0.11941876 -0.49741901 0.00000000 0.00000000 0.00000000
v -0.48326058 -0.11941876 -0.49741901 0.00000000 0.00000000 0.00000000
v -0.46524256 -0.11941876 -0.49741901 0.00000000 0.00000000 0.00000000
v -0.44722454 -0.11941876 -0.49741901 0.00000000 0.00000000 0.00000000
v -0.42920652 -0.11941876 -0.49741901 0.00000000 0.00000000 0.00000000
v -0.41118851 -0.11941876 -0.49741901 0.00000000 0.00000000 0.00000000
v -0.39317049 -0.11941876 -0.49741901 0.00000000 0.00000000 0.00000000
v -0.37515247 -0.11941876 -0.49741901 0.00000000 0.00000000 0.00000000
v -0.35713445 -0.11941876 -0.49741901 0.00000000 0.00000000 0.00000000
v -0.33911643 -0.11941876 -0.49741901 0.00000000 0.00000000 0.00000000
v -0.32109842 -0.11941876 -0.49741901 0.00000000 0.00000000 0.00000000
v -0.30308040 -0.11941876 -0.49741901 0.00000000 0.00000000 0.00000000
v -0.28506238 -0.11941876 -0.49741901 0.00784314 0.00784314 0.00784314
v -0.26704436 -0.11941876 0.17643839 0.14117647 0.14117647 0.14509804
v -0.24902634 -0.11941876 0.24511999 0.39215686 0.40392157 0.43137255
v -0.23100833 -0.11941876 0.25632833 0.34509804 0.36078431 0.39607843
v -0.21299031 -0.11941876 0.26145844 0.38039216 0.39607843 0.43921569
v -0.19497229 -0.11941876 0.26539239 0.35294118 0.37254902 0.38431373
v -0.17695427 -0.11941876 0.26764567 0.32156863 0.34509804 0.33725490
v -0.15893625 -0.11941876 0.26865832 0.28235294 0.29803922 0.29411765
v -0.14091824 -0.11941876 0.27015086 0.17647059 0.19215686 0.18823529
v -0.12290022 -0.11941876 0.27235920 0.00000000 0.00392157 0.00000000
v -0.10488220 -0.11941876 0.27631892 0.05098039 0.05098039 0.05098039
v -0.08686418 -0.11941876 0.28106303 0.35294118 0.35294118 0.35294118
v -0.06884616 -0.11941876 0.28392728 0.34117647 0.34117647 0.34117647
v -0.05082815 -0.11941876 0.28544155 0.47843137 0.46274510 0.46666667
v -0.03281013 -0.11941876 0.28430318 0.49019608 0.46666667 0.47450980
v -0.01479211 -0.11941876 0.28135824 0.48235294 0.45882353 0.46666667
v 0.00322591 -0.11941876 0.27636057 0.45490196 0.43137255 0.43921569
v 0.02124393 -0.11941876 0.27031548 0.53333333 0.50980392 0.51764706
v 0.03926195 -0.11941876 0.26130097 0.47843137 0.45490196 0.46274510
v 0.05727996 -0.11941876 0.25125767 0.48235294 0.45882353 0.46666667
v 0.07529798 -0.11941876 0.23750757 0.39215686 0.38039216 0.38431373
v 0.09331600 -0.11941876 -0.49741901 0.00000000 0.00000000 0.00000000
v 0.11133402 -0.11941876 -0.49741901 0.00000000 0.00000000 0.00000000
v 0.12935204 -0.11941876 -0.49741901 0.00000000 0.00000000 0.00000000
v 0.14737005 -0.11941876 -0.49741901 0.00000000 0.00000000 0.00000000
v 0.16538807 -0.11941876 -0.49741901 0.00000000 0.00000000 0.00000000
v 0.18340609 -0.11941876 -0.49741901 0.00000000 0.00000000 0.00000000
v 0.20142411 -0.11941876 -0.49741901 0.00000000 0.00000000 0.00000000
v 0.21944213 -0.11941876 -0.49741901 0.00000000 0.00000000 0.00000000
v 0.23746014 -0.11941876 -0.49741901 0.00000000 0.00000000 0.00000000
v 0.25547816 -0.11941876 -0.49741901 0.00000000 0.00000000 0.00000000
v 0.27349618 -0.11941876 -0.49741901 0.00000000 0.00000000 0.00000000
v 0.29151420 -0.11941876 -0.49741901 0.00000000 0.00000000 0.00000000
v 0.30953222 -0.11941876 -0.49741901 0.00000000 0.00000000 0.00000000
v 0.32755023 -0.11941876 -0.49741901 0.00000000 0.00000000 0.00000000
v 0.34556825 -0.11941876 -0.49741901 0.00000000 0.00000000 0.00000000
v 0.36358627 -0.11941876 -0.49741901 0.00000000 0.00000000 0.00000000
v 0.38160429 -0.11941876 -0.49741901 0.00000000 0.00000000 0.00000000
v 0.39962231 -0.11941876 -0.49741901 0.00000000 0.00000000 0.00000000
v 0.41764032 -0.11941876 -0.49741901 0.00000000 0.00000000 0.00000000
v 0.43565834 -0.11941876 -0.49741901 0.00000000 0.00000000 0.00000000
v 0.45367636 -0.11941876 -0.49741901 0.00000000 0.00000000 0.00000000
v 0.47169438 -0.11941876 -0.49741901 0.00000000 0.00000000 0.00000000
v 0.48971240 -0.11941876 -0.49741901 0.00000000 0.00000000 0.00000000
v 0.50773041 -0.11941876 -0.49741901 0.00000000 0.00000000 0.00000000
v 0.52574843 -0.11941876 -0.49741901 0.00000000 0.00000000 0.00000000
v 0.54376645 -0.11941876 -0.49741901 0.00000000 0.00000000 0.00000000
v 0.56178447 -0.11941876 -0.49741901 0.00000000 0.00000000 0.00000000
v 0.57980249 -0.11941876 -0.49741901 0.00000000 0.00000000 0.00000000
v 0.59782050 -0.11941876 -0.49741901 0.00000000 0.00000000 0.00000000
v 0.61583852 -0.11941876 -0.49741901 0.00000000 0.00000000 0.00000000
v 0.63385654 -0.11941876 -0.49741901 0.00000000 0.00000000 0.00000000
v 0.65187456 -0.11941876 -0.49741901 0.00000000 0.00000000 0.00000000
v 0.66989258 -0.11941876 -0.49741901 0.00000000 0.00000000 0.00000000
v 0.68791059 -0.11941876 -0.49741901 0.00000000 0.00000000 0.00000000
v 0.70592861 -0.11941876 -0.49741901 0.00000000 0.00000000 0.00000000
v 0.72394663 -0.11941876 -0.49741901 0.00000000 0.00000000 0.00000000
v 0.74196465 -0.11941876 -0.49741901 0.00000000 0.00000000 0.00000000
v 0.75998267 -0.11941876 -0.49741901 0.00000000 0.00000000 0.00000000
v 0.77800068 -0.11941876 -0.49741901 0.00000000 0.00000000 0.00000000
v 0.79601870 -0.11941876 -0.49741901 0.00000000 0.00000000 0.00000000
v 0.81403672 -0.11941876 -0.49741901 0.00000000 0.00000000 0.00000000
v 0.83205474 -0.11941876 -0.49741901 0.00000000 0.00000000 0.00000000
v 0.85007276 -0.11941876 -0.49741901 0.00000000 0.00000000 0.00000000
v 0.86809077 -0.11941876 -0.49741901 0.00000000 0.00000000 0.00000000
v 0.88610879 -0.11941876 -0.49741901 0.00000000 0.00000000 0.00000000
v 0.90412681 -0.11941876 -0.49741901 0.00000000 0.00000000 0.00000000
v 0.92214483 -0.11941876 -0.49741901 0.00000000 0.00000000 0.00000000
v -0.91569301 -0.13743678 -0.49741901 0.00000000 0.00000000 0.00000000
v -0.89767499 -0.13743678 -0.49741901 0.00000000 0.00000000 0.00000000
v -0.87965697 -0.13743678 -0.49741901 0.00000000 0.00000000 0.00000000
v -0.86163896 -0.13743678 -0.49741901 0.00000000 0.00000000 0.00000000
v -0.84362094 -0.13743678 -0.49741901 0.00000000 0.00000000 0.00000000
v -0.82560292 -0.13743678 -0.49741901 0.00000000 0.00000000 0.00000000
v -0.80758490 -0.13743678 -0.49741901 0.00000000 0.00000000 0.00000000
v -0.78956688 -0.13743678 -0.49741901 0.00000000 0.00000000 0.00000000
v -0.77154887 -0.13743678 -0.49741901 0.00000000 0.00000000 0.00000000
v -0.75353085 -0.13743678 -0.49741901 0.00000000 0.00000000 0.00000000
v -0.73551283 -0.13743678 -0.49741901 0.00000000 0.00000000 0.00000000
v -0.71749481 -0.13743678 -0.49741901 0.00000000 0.00000000 0.00000000
v -0.69947679 -0.13743678 -0.49741901 0.00000000 0.00000000 0.00000000
v -0.68145878 -0.13743678 -0.49741901 0.00000000 0.00000000 0.00000000
v -0.66344076 -0.13743678 -0.49741901 0.00000000 0.00000000 0.00000000
v -0.64542274 -0.13743678 -0.49741901 0.00000000 0.00000000 0.00000000
v -0.62740472 -0.13743678 -0.49741901 0.00000000 0.00000000 0.00000000
v -0.60938670 -0.13743678 -0.49741901 0.00000000 0.00000000 0.00000000
v -0.59136869 -0.13743678 -0.49741901 0.00000000 0.00000000 0.00000000
v -0.57335067 -0.13743678 -0.49741901 0.00000000 0.00000000 0.00000000
v -0.55533265 -0.13743678 -0.49741901 0.00000000 0.00000000 0.00000000
v -0.53731463 -0.13743678 -0.49741901 0.00000000 0.00000000 0.00000000
v -0.51929661 -0.13743678 -0.49741901 0.00000000 0.00000000 0.00000000
v -0.50127860 -0.13743678 -0.49741901 0.00000000 0.00000000 0.00000000
v -0.48326058 -0.13743678 -0.49741901 0.00000000 0.00000000 0.00000000
v -0.46524256 -0.13743678 -0.49741901 0.00000000 0.00000000 0.00000000
v -0.44722454 -0.13743678 -0.49741901 0.00000000 0.00000000 0.00000000
v -0.42920652 -0.13743678 -0.49741901 0.00000000 0.00000000 0.00000000
v -0.41118851 -0.13743678 -0.49741901 0.00000000 0.00000000 0.00000000
v -0.39317049 -0.13743678 -0.49741901 0.00000000 0.00000000 0.00000000
v -0.37515247 -0.13743678 -0.49741901 0.00000000 0.00000000 0.00000000
v -0.35713445 -0.13743678 -0.49741901 0.00000000 0.00000000 0.00000000
v -0.33911643 -0.13743678 -0.49741901 0.00000000 0.00000000 0.00000000
v -0.32109842 -0.13743678 -0.49741901 0.00000000 0.00000000 0.00000000
v -0.30308040 -0.13743678 -0.49741901 0.00000000 0.00000000 0.00000000
v -0.28506238 -0.13743678 -0.49741901 0.00392157 0.00392157 0.00392157
v -0.26704436 -0.13743678 -0.49741901 0.01960784 0.01960784 0.01960784
v -0.24902634 -0.13743678 0.23605517 0.35294118 0.36470588 0.39215686
v -0.23100833 -0.13743678 0.25151122 0.35294118 0.36862745 0.40392157
v -0.21299031 -0.13743678 0.25703985 0.34901961 0.36470588 0.40784314
v -0.19497229 -0.13743678 0.26085029 0.34901961 0.36862745 0.38039216
v -0.17695427 -0.13743678 0.26461240 0.32941176 0.35294118 0.35294118
v -0.15893625 -0.13743678 0.26595676 0.30196078 0.31764706 0.32156863
v -0.14091824 -0.13743678 0.26675874 0.17647059 0.19215686 0.19607843
v -0.12290022 -0.13743678 0.26796102 0.01568627 0.01960784 0.02745098
v -0.10488220 -0.13743678 -0.49741901 0.01176471 0.01176471 0.01176471
v -0.08686418 -0.13743678 0.27453137 0.34509804 0.34509804 0.35294118
v -0.06884616 -0.13743678 0.27740401 0.38039216 0.38039216 0.38823529
v -0.05082815 -0.13743678 0.27882748 0.45882353 0.44313725 0.44705882
v -0.03281013 -0.13743678 0.27768314 0.48235294 0.45882353 0.46666667
v -0.01479211 -0.13743678 0.27394700 0.49803922 0.47843137 0.48627451
v 0.00322591 -0.13743678 0.26981813 0.49411765 0.47058824 0.47843137
v 0.02124393 -0.13743678 0.26360168 0.47843137 0.45490196 0.46274510
v 0.03926195 -0.13743678 0.25402425 0.45882353 0.43529412 0.44313725
v 0.05727996 -0.13743678 0.24213490 0.47450980 0.45098039 0.45882353
v 0.07529798 -0.13743678 0.22568696 0.17254902 0.17254902 0.17254902
v 0.09331600 -0.13743678 -0.49741901 0.00392157 0.00392157 0.00392157
v 0.11133402 -0.13743678 -0.49741901 0.00000000 0.00000000 0.00000000
v 0.12935204 -0.13743678 -0.49741901 0.00000000 0.00000000 0.00000000
v 0.14737005 -0.13743678 -0.49741901 0.00000000 0.00000000 0.00000000
v 0.16538807 -0.13743678 -0.49741901 0.00000000 0.00000000 0.00000000
v 0.18340609 -0.13743678 -0.49741901 0.00000000 0.00000000 0.00000000
v 0.20142411 -0.13743678 -0.49741901 0.00000000 0.00000000 0.00000000
v 0.21944213 -0.13743678 -0.49741901 0.00000000 0.00000000 0.00000000
v 0.23746014 -0.13743678 -0.49741901 0.00000000 0.00000000 0.00000000
v 0.25547816 -0.13743678 -0.49741901 0.00000000 0.00000000 0.00000000
v 0.27349618 -0.13743678 -0.49741901 0.00000000 0.00000000 0.00000000
v 0.29151420 -0.13743678 -0.49741901 0.00000000 0.00000000 0.00000000
v 0.30953222 -0.13743678 -0.49741901 0.00000000 0.00000000 0.00000000
v 0.32755023 -0.13743678 -0.49741901 0.00000000 0.00000000 0.00000000
v 0.34556825 -0.13743678 -0.49741901 0.00000000 0.00000000 0.00000000
v 0.36358627 -0.13743678 -0.49741901 0.00000000 0.00000000 0.00000000
v 0.38160429 -0.13743678 -0.49741901 0.00000000 0.00000000 0.00000000
v 0.39962231 -0.13743678 -0.49741901 0.00000000 0.00000000 0.00000000
v 0.41764032 -0.13743678 -0.49741901 0.00000000 0.00000000 0.00000000
v 0.43565834 -0.13743678 -0.49741901 0.00000000 0.00000000 0.00000000
v 0.45367636 -0.13743678 -0.49741901 0.00000000 0.00000000 0.00000000
v 0.47169438 -0.13743678 -0.49741901 0.00000000 0.00000000 0.00000000
v 0.48971240 -0.13743678 -0.49741901 0.00000000 0.00000000 0.00000000
v 0.50773041 -0.13743678 -0.49741901 0.00000000 0.00000000 0.00000000
v 0.52574843 -0.13743678 -0.49741901 0.00000000 0.00000000 0.00000000
v 0.54376645 -0.13743678 -0.49741901 0.00000000 0.00000000 0.00000000
v 0.56178447 -0.13743678 -0.49741901 0.00000000 0.00000000 0.00000000
v 0.57980249 -0.13743678 -0.49741901 0.00000000 0.00000000 0.00000000
v 0.59782050 -0.13743678 -0.49741901 0.00000000 0.00000000 0.00000000
v 0.61583852 -0.13743678 -0.49741901 0.00000000 0.00000000 0.00000000
v 0.63385654 -0.13743678 -0.49741901 0.00000000 0.00000000 0.00000000
v 0.65187456 -0.13743678 -0.49741901 0.00000000 0.00000000 0.00000000
v 0.66989258 -0.13743678 -0.49741901 0.00000000 0.00000000 0.00000000
v 0.68791059 -0.13743678 -0.49741901 0.00000000 0.00000000 0.00000000
v 0.70592861 -0.13743678 -0.49741901 0.00000000 0.00000000 0.00000000
v 0.72394663 -0.13743678 -0.49741901 0.00000000 0.00000000 0.00000000
v 0.74196465 -0.13743678 -0.49741901 0.00000000 0.00000000 0.00000000
v 0.75998267 -0.13743678 -0.49741901 0.00000000 0.00000000 0.00000000
v 0.77800068 -0.13743678 -0.49741901 0.00000000 0.00000000 0.00000000
v 0.79601870 -0.13743678 -0.49741901 0.00000000 0.00000000 0.00000000
v 0.81403672 -0.13743678 -0.49741901 0.00000000 0.00000000 0.00000000
v 0.83205474 -0.13743678 -0.49741901 0.00000000 0.00000000 0.00000000
v 0.85007276 -0.13743678 -0.49741901 0.00000000 0.00000000 0.00000000
v 0.86809077 -0.13743678 -0.49741901 0.00000000 0.00000000 0.00000000
v 0.88610879 -0.13743678 -0.49741901 0.00000000 0.00000000 0.00000000
v 0.90412681 -0.13743678 -0.49741901 0.00000000 0.00000000 0.00000000
v 0.92214483 -0.13743678 -0.49741901 0.00000000 0.00000000 0.00000000
v -0.91569301 -0.15545480 -0.49741901 0.00000000 0.00000000 0.00000000
v -0.89767499 -0.15545480 -0.49741901 0.00000000 0.00000000 0.00000000
v -0.87965697 -0.15545480 -0.49741901 0.00000000 0.00000000 0.00000000
v -0.86163896 -0.15545480 -0.49741901 0.00000000 0.00000000 0.00000000
v -0.84362094 -0.15545480 -0.49741901 0.00000000 0.00000000 0.00000000
v -0.82560292 -0.15545480 -0.49741901 0.00000000 0.00000000 0.00000000
v -0.80758490 -0.15545480 -0.49741901 0.00000000 0.00000000 0.00000000
v -0.78956688 -0.15545480 -0.49741901 0.00000000 0.00000000 0.00000000
v -0.77154887 -0.15545480 -0.49741901 0.00000000 0.00000000 0.00000000
v -0.75353085 -0.15545480 -0.49741901 0.00000000 0.00000000 0.00000000
v -0.73551283 -0.15545480 -0.49741901 0.00000000 0.00000000 0.00000000
v -0.71749481 -0.15545480 -0.49741901 0.00000000 0.00000000 0.00000000
v -0.69947679 -0.15545480 -0.49741901 0.00000000 0.00000000 0.00000000
v -0.68145878 -0.15545480 -0.49741901 0.00000000 0.00000000 0.00000000
v -0.66344076 -0.15545480 -0.49741901 0.00000000 0.00000000 0.00000000
v -0.64542274 -0.15545480 -0.49741901 0.00000000 0.00000000 0.00000000
v -0.62740472 -0.15545480 -0.49741901 0.00000000 0.00000000 0.00000000
v -0.60938670 -0.15545480 -0.49741901 0.00000000 0.00000000 0.00000000
v -0.59136869 -0.15545480 -0.49741901 0.00000000 0.00000000 0.00000000
v -0.57335067 -0.15545480 -0.49741901 0.00000000 0.00000000 0.00000000
v -0.55533265 -0.15545480 -0.49741901 0.00000000 0.00000000 0.00000000
v -0.53731463 -0.15545480 -0.49741901 0.00000000 0.00000000 0.00000000
v -0.51929661 -0.15545480 -0.49741901 0.00000000 0.00000000 0.00000000
v -0.50127860 -0.15545480 -0.49741901 0.00000000 0.00000000 0.00000000
v -0.48326058 -0.15545480 -0.49741901 0.00000000 0.00000000 0.00000000
v -0.46524256 -0.15545480 -0.49741901 0.00000000 0.00000000 0.00000000
v -0.44722454 -0.15545480 -0.49741901 0.00000000 0.00000000 0.00000000
v -0.42920652 -0.15545480 -0.49741901 0.00000000 0.00000000 0.00000000
v -0.41118851 -0.15545480 -0.49741901 0.00000000 0.00000000 0.00000000
v -0.39317049 -0.15545480 -0.49741901 0.00000000 0.00000000 0.00000000
v -0.37515247 -0.15545480 -0.49741901 0.00000000 0.00000000 0.00000000
v -0.35713445 -0.15545480 -0.49741901 0.00000000 0.00000000 0.00000000
v -0.33911643 -0.15545480 -0.49741901 0.00000000 0.00000000 0.00000000
v -0.32109842 -0.15545480 -0.49741901 0.00000000 0.00000000 0.00000000
v -0.30308040 -0.15545480 -0.49741901 0.00000000 0.00000000 0.00000000
v -0.28506238 -0.15545480 -0.49741901 0.00000000 0.00000000 0.00000000
v -0.26704436 -0.15545480 -0.49741901 0.00000000 0.00000000 0.00000000
v -0.24902634 -0.15545480 0.22613469 0.28627451 0.29803922 0.32549020
v -0.23100833 -0.15545480 0.24546695 0.30196078 0.31764706 0.35294118
v -0.21299031 -0.15545480 0.25089606 0.33725490 0.35294118 0.39607843
v -0.19497229 -0.15545480 0.25405525 0.34509804 0.36470588 0.38039216
v -0.17695427 -0.15545480 0.25899724 0.32941176 0.34901961 0.36078431
v -0.15893625 -0.15545480 0.26013189 0.29803922 0.31372549 0.32549020
v -0.14091824 -0.15545480 0.26127595 0.16862745 0.18431373 0.19607843
v -0.12290022 -0.15545480 0.26224922 0.00000000 0.00392157 0.01960784
v -0.10488220 -0.15545480 -0.49741901 0.00000000 0.00000000 0.00000000
v -0.08686418 -0.15545480 0.26846601 0.38431373 0.38039216 0.40000000
v -0.06884616 -0.15545480 0.27094315 0.41568627 0.41176471 0.43137255
v -0.05082815 -0.15545480 0.27226063 0.44705882 0.43137255 0.43529412
v -0.03281013 -0.15545480 0.27085971 0.47058824 0.44705882 0.45490196
v -0.01479211 -0.15545480 0.26666471 0.48627451 0.46274510 0.47058824
v 0.00322591 -0.15545480 0.26245789 0.47843137 0.45490196 0.46274510
v 0.02124393 -0.15545480 0.25625980 0.46666667 0.44313725 0.45098039
v 0.03926195 -0.15545480 0.24642950 0.47450980 0.45098039 0.45882353
v 0.05727996 -0.15545480 0.23152022 0.48627451 0.46274510 0.47058824
v 0.07529798 -0.15545480 -0.49741901 0.03137255 0.03137255 0.03137255
v 0.09331600 -0.15545480 -0.49741901 0.00392157 0.00392157 0.00392157
v 0.11133402 -0.15545480 -0.49741901 0.00000000 0.00000000 0.00000000
v 0.12935204 -0.15545480 -0.49741901 0.00000000 0.00000000 0.00000000
v 0.14737005 -0.15545480 -0.49741901 0.00000000 0.00000000 0.00000000
v 0.16538807 -0.15545480 -0.49741901 0.00000000 0.00000000 0.00000000
v 0.18340609 -0.15545480 -0.49741901 0.00000000 0.00000000 0.00000000
v 0.20142411 -0.15545480 -0.49741901 0.00000000 0.00000000 0.00000000
v 0.21944213 -0.15545480 -0.49741901 0.00000000 0.00000000 0.00000000
v 0.23746014 -0.15545480 -0.49741901 0.00000000 0.00000000 0.00000000
v 0.25547816 -0.15545480 -0.49741901 0.00000000 0.00000000 0.00000000
v 0.27349618 -0.15545480 -0.49741901 0.00000000 0.00000000 0.00000000
v 0.29151420 -0.15545480 -0.49741901 0.00000000 0.00000000 0.00000000
v 0.30953222 -0.15545480 -0.49741901 0.00000000 0.00000000 0.00000000
v 0.32755023 -0.15545480 -0.49741901 0.00000000 0.00000000 0.00000000
v 0.34556825 -0.15545480 -0.49741901 0.00000000 0.00000000 0.00000000
v 0.36358627 -0.15545480 -0.49741901 0.00000000 0.00000000 0.00000000
v 0.38160429 -0.15545480 -0.49741901 0.00000000 0.00000000 0.00000000
v 0.39962231 -0.15545480 -0.49741901 0.00000000 0.00000000 0.00000000
v 0.41764032 -0.15545480 -0.49741901 0.00000000 0.00000000 0.00000000
v 0.43565834 -0.15545480 -0.49741901 0.00000000 0.00000000 0.00000000
v 0.45367636 -0.15545480 -0.49741901 0.00000000 0.00000000 0.00000000
v 0.47169438 -0.15545480 -0.49741901 0.00000000 0.00000000 0.00000000
v 0.48971240 -0.15545480 -0.49741901 0.00000000 0.00000000 0.00000000
v 0.50773041 -0.15545480 -0.49741901 0.00000000 0.00000000 0.00000000
v 0.52574843 -0.15545480 -0.49741901 0.00000000 0.00000000 0.00000000
v 0.54376645 -0.15545480 -0.49741901 0.00000000 0.00000000 0.00000000
v 0.56178447 -0.15545480 -0.49741901 0.00000000 0.00000000 0.00000000
v 0.57980249 -0.15545480 -0.49741901 0.00000000 0.00000000 0.00000000
v 0.59782050 -0.15545480 -0.49741901 0.00000000 0.00000000 0.00000000
v 0.61583852 -0.15545480 -0.49741901 0.00000000 0.00000000 0.00000000
v 0.63385654 -0.15545480 -0.49741901 0.00000000 0.00000000 0.00000000
v 0.65187456 -0.15545480 -0.49741901 0.00000000 0.00000000 0.00000000
v 0.66989258 -0.15545480 -0.49741901 0.00000000 0.00000000 0.00000000
v 0.68791059 -0.15545480 -0.49741901 0.00000000 0.00000000 0.00000000
v 0.70592861 -0.15545480 -0.49741901 0.00000000 0.00000000 0.00000000
v 0.72394663 -0.15545480 -0.49741901 0.00000000 0.00000000 0.00000000
v 0.74196465 -0.15545480 -0.49741901 0.00000000 0.00000000 0.00000000
v 0.75998267 -0.15545480 -0.49741901 0.00000000 0.00000000 0.00000000
v 0.77800068 -0.15545480 -0.49741901 0.00000000 0.00000000 0.00000000
v 0.79601870 -0.15545480 -0.49741901 0.00000000 0.00000000 0.00000000
v 0.81403672 -0.15545480 -0.49741901 0.00000000 0.00000000 0.00000000
v 0.83205474 -0.15545480 -0.49741901 0.00000000 0.00000000 0.00000000
v 0.85007276 -0.15545480 -0.49741901 0.00000000 0.00000000 0.00000000
v 0.86809077 -0.15545480 -0.49741901 0.00000000 0.00000000 0.00000000
v 0.88610879 -0.15545480 -0.49741901 0.00000000 0.00000000 0.00000000
v 0.90412681 -0.15545480 -0.49741901 0.00000000 0.00000000 0.00000000
v 0.92214483 -0.15545480 -0.49741901 0.00000000 0.00000000 0.00000000
v -0.91569301 -0.17347281 -0.49741901 0.00000000 0.00000000 0.00000000
v -0.89767499 -0.17347281 -0.49741901 0.00000000 0.00000000 0.00000000
v -0.87965697 -0.17347281 -0.49741901 0.00000000 0.00000000 0.00000000
v -0.86163896 -0.17347281 -0.49741901 0.00000000 0.00000000 0.00000000
v -0.84362094 -0.17347281 -0.49741901 0.00000000 0.00000000 0.00000000
v -0.82560292 -0.17347281 -0.49741901 0.00000000 0.00000000 0.00000000
v -0.80758490 -0.17347281 -0.49741901 0.00000000 0.00000000 0.00000000
v -0.78956688 -0.17347281 -0.49741901 0.00000000 0.00000000 0.00000000
v -0.77154887 -0.17347281 -0.49741901 0.00000000 0.00000000 0.00000000
v -0.75353085 -0.17347281 -0.49741901 0.00000000 0.00000000 0.00000000
v -0.73551283 -0.17347281 -0.49741901 0.00000000 0.00000000 0.00000000
v -0.71749481 -0.17347281 -0.49741901 0.00000000 0.00000000 0.00000000
v -0.69947679 -0.17347281 -0.49741901 0.00000000 0.00000000 0.00000000
v -0.68145878 -0.17347281 -0.49741901 0.00000000 0.00000000 0.00000000
v -0.66344076 -0.17347281 -0.49741901 0.00000000 0.00000000 0.00000000
v -0.64542274 -0.17347281 -0.49741901 0.00000000 0.00000000 0.00000000
v -0.62740472 -0.17347281 -0.49741901 0.00000000 0.00000000 0.00000000
v -0.60938670 -0.17347281 -0.49741901 0.00000000 0.00000000 0.00000000
v -0.59136869 -0.17347281 -0.49741901 0.00000000 0.00000000 0.00000000
v -0.57335067 -0.17347281 -0.49741901 0.00000000 0.00000000 0.00000000
v -0.55533265 -0.17347281 -0.49741901 0.00000000 0.00000000 0.00000000
v -0.53731463 -0.17347281 -0.49741901 0.00000000 0.00000000 0.00000000
v -0.51929661 -0.17347281 -0.49741901 0.00000000 0.00000000 0.00000000
v -0.50127860 -0.17347281 -0.49741901 0.00000000 0.00000000 0.00000000
v -0.48326058 -0.17347281 -0.49741901 0.00000000 0.00000000 0.00000000
v -0.46524256 -0.17347281 -0.49741901 0.00000000 0.00000000 0.00000000
v -0.44722454 -0.17347281 -0.49741901 0.00000000 0.00000000 0.00000000
v -0.42920652 -0.17347281 -0.49741901 0.00000000 0.00000000 0.00000000
v -0.41118851 -0.17347281 -0.49741901 0.00000000 0.00000000 0.00000000
v -0.39317049 -0.17347281 -0.49741901 0.00000000 0.00000000 0.00000000
v -0.37515247 -0.17347281 -0.49741901 0.00000000 0.00000000 0.00000000
v -0.35713445 -0.17347281 -0.49741901 0.00000000 0.00000000 0.00000000
v -0.33911643 -0.17347281 -0.49741901 0.00000000 0.00000000 0.00000000
v -0.32109842 -0.17347281 -0.49741901 0.00000000 0.00000000 0.00000000
v -0.30308040 -0.17347281 -0.49741901 0.00000000 0.00000000 0.00000000
v -0.28506238 -0.17347281 -0.49741901 0.00000000 0.00000000 0.00000000
v -0.26704436 -0.17347281 -0.49741901 0.00000000 0.00000000 0.00000000
v -0.24902634 -0.17347281 0.21633153 0.27843137 0.29019608 0.30980392
v -0.23100833 -0.17347281 0.23848812 0.32941176 0.34509804 0.38039216
v -0.21299031 -0.17347281 0.24410659 0.33725490 0.35294118 0.39607843
v -0.19497229 -0.17347281 0.24664491 0.34509804 0.36470588 0.38039216
v -0.17695427 -0.17347281 0.25223739 0.31764706 0.33725490 0.34901961
v -0.15893625 -0.17347281 0.25328482 0.28235294 0.29803922 0.30980392
v -0.14091824 -0.17347281 0.25462285 0.16078431 0.17647059 0.18823529
v -0.12290022 -0.17347281 0.25623279 0.00000000 0.00392157 0.01960784
v -0.10488220 -0.17347281 -0.49741901 0.00000000 0.00000000 0.00000000
v -0.08686418 -0.17347281 0.26281551 0.38039216 0.37647059 0.39215686
v -0.06884616 -0.17347281 0.26444628 0.40784314 0.40392157 0.42352941
v -0.05082815 -0.17347281 0.26551680 0.44705882 0.42745098 0.44313725
v -0.03281013 -0.17347281 0.26411010 0.47058824 0.44705882 0.45490196
v -0.01479211 -0.17347281 0.25980712 0.48627451 0.46274510 0.47058824
v 0.00322591 -0.17347281 0.25527856 0.47843137 0.45490196 0.46274510
v 0.02124393 -0.17347281 0.24924763 0.46666667 0.44313725 0.45098039
v 0.03926195 -0.17347281 0.23951328 0.49803922 0.47450980 0.48235294
v 0.05727996 -0.17347281 0.22278552 0.44705882 0.42352941 0.43137255
v 0.07529798 -0.17347281 -0.49741901 0.00000000 0.00000000 0.00000000
v 0.09331600 -0.17347281 -0.49741901 0.00000000 0.00000000 0.00000000
v 0.11133402 -0.17347281 -0.49741901 0.00000000 0.00000000 0.00000000
v 0.12935204 -0.17347281 -0.49741901 0.00000000 0.00000000 0.00000000
v 0.14737005 -0.17347281 -0.49741901 0.00000000 0.00000000 0.00000000
v 0.16538807 -0.17347281 -0.49741901 0.00000000 0.00000000 0.00000000
v 0.18340609 -0.17347281 -0.49741901 0.00000000 0.00000000 0.00000000
v 0.20142411 -0.17347281 -0.49741901 0.00000000 0.00000000 0.00000000
v 0.21944213 -0.17347281 -0.49741901 0.00000000 0.00000000 0.00000000
v 0.23746014 -0.17347281 -0.49741901 0.00000000 0.00000000 0.00000000
v 0.25547816 -0.17347281 -0.49741901 0.00000000 0.00000000 0.00000000
v 0.27349618 -0.17347281 -0.49741901 0.00000000 0.00000000 0.00000000
v 0.29151420 -0.17347281 -0.49741901 0.00000000 0.00000000 0.00000000
v 0.30953222 -0.17347281 -0.49741901 0.00000000 0.00000000 0.00000000
v 0.32755023 -0.17347281 -0.49741901 0.00000000 0.00000000 0.00000000
v 0.34556825 -0.17347281 -0.49741901 0.00000000 0.00000000 0.00000000
v 0.36358627 -0.17347281 -0.49741901 0.00000000 0.00000000 0.00000000
v 0.38160429 -0.17347281 -0.49741901 0.00000000 0.00000000 0.00000000
v 0.39962231 -0.17347281 -0.49741901 0.00000000 0.00000000 0.00000000
v 0.41764032 -0.17347281 -0.49741901 0.00000000 0.00000000 0.00000000
v 0.43565834 -0.17347281 -0.49741901 0.00000000 0.00000000 0.00000000
v 0.45367636 -0.17347281 -0.49741901 0.00000000 0.00000000 0.00000000
v 0.47169438 -0.17347281 -0.49741901 0.00000000 0.00000000 0.00000000
v 0.48971240 -0.17347281 -0.49741901 0.00000000 0.00000000 0.00000000
v 0.50773041 -0.17347281 -0.49741901 0.00000000 0.00000000 0.00000000
v 0.52574843 -0.17347281 -0.49741901 0.00000000 0.00000000 0.00000000
v 0.54376645 -0.17347281 -0.49741901 0.00000000 0.00000000 0.00000000
v 0.56178447 -0.17347281 -0.49741901 0.00000000 0.00000000 0.00000000
v 0.57980249 -0.17347281 -0.49741901 0.00000000 0.00000000 0.00000000
v 0.59782050 -0.17347281 -0.49741901 0.00000000 0.00000000 0.00000000
v 0.61583852 -0.17347281 -0.49741901 0.00000000 0.00000000 0.00000000
v 0.63385654 -0.17347281 -0.49741901 0.00000000 0.00000000 0.00000000
v 0.65187456 -0.17347281 -0.49741901 0.00000000 0.00000000 0.00000000
v 0.66989258 -0.17347281 -0.49741901 0.00000000 0.00000000 0.00000000
v 0.68791059 -0.17347281 -0.49741901 0.00000000 0.00000000 0.00000000
v 0.70592861 -0.17347281 -0.49741901 0.00000000 0.00000000 0.00000000
v 0.72394663 -0.17347281 -0.49741901 0.00000000 0.00000000 0.00000000
v 0.74196465 -0.17347281 -0.49741901 0.00000000 0.00000000 0.00000000
v 0.75998267 -0.17347281 -0.49741901 0.00000000 0.00000000 0.00000000
v 0.77800068 -0.17347281 -0.49741901 0.00000000 0.00000000 0.00000000
v 0.79601870 -0.17347281 -0.49741901 0.00000000 0.00000000 0.00000000
v 0.81403672 -0.17347281 -0.49741901 0.00000000 0.00000000 0.00000000
v 0.83205474 -0.17347281 -0.49741901 0.00000000 0.00000000 0.00000000
v 0.85007276 -0.17347281 -0.49741901 0.00000000 0.00000000 0.00000000
v 0.86809077 -0.17347281 -0.49741901 0.00000000 0.00000000 0.00000000
v 0.88610879 -0.17347281 -0.49741901 0.00000000 0.00000000 0.00000000
v 0.90412681 -0.17347281 -0.49741901 0.00000000 0.00000000 0.00000000
v 0.92214483 -0.17347281 -0.49741901 0.00000000 0.00000000 0.00000000
v -0.91569301 -0.19149083 -0.49741901 0.00000000 0.00000000 0.00000000
v -0.89767499 -0.19149083 -0.49741901 0.00000000 0.00000000 0.00000000
v -0.87965697 -0.19149083 -0.49741901 0.00000000 0.00000000 0.00000000
v -0.86163896 -0.19149083 -0.49741901 0.00000000 0.00000000 0.00000000
v -0.84362094 -0.19149083 -0.49741901 0.00000000 0.00000000 0.00000000
v -0.82560292 -0.19149083 -0.49741901 0.00000000 0.00000000 0.00000000
v -0.80758490 -0.19149083 -0.49741901 0.00000000 0.00000000 0.00000000
v -0.78956688 -0.19149083 -0.49741901 0.00000000 0.00000000 0.00000000
v -0.77154887 -0.19149083 -0.49741901 0.00000000 0.00000000 0.00000000
v -0.75353085 -0.19149083 -0.49741901 0.00000000 0.00000000 0.00000000
v -0.73551283 -0.19149083 -0.49741901 0.00000000 0.00000000 0.00000000
v -0.71749481 -0.19149083 -0.49741901 0.00000000 0.00000000 0.00000000
v -0.69947679 -0.19149083 -0.49741901 0.00000000 0.00000000 0.00000000
v -0.68145878 -0.19149083 -0.49741901 0.00000000 0.00000000 0.00000000
v -0.66344076 -0.19149083 -0.49741901 0.00000000 0.00000000 0.00000000
v -0.64542274 -0.19149083 -0.49741901 0.00000000 0.00000000 0.00000000
v -0.62740472 -0.19149083 -0.49741901 0.00000000 0.00000000 0.00000000
v -0.60938670 -0.19149083 -0.49741901 0.00000000 0.00000000 0.00000000
v -0.59136869 -0.19149083 -0.49741901 0.00000000 0.00000000 0.00000000
v -0.57335067 -0.19149083 -0.49741901 0.00000000 0.00000000 0.00000000
v -0.55533265 -0.19149083 -0.49741901 0.00000000 0.00000000 0.00000000
v -0.53731463 -0.19149083 -0.49741901 0.00000000 0.00000000 0.00000000
v -0.51929661 -0.19149083 -0.49741901 0.00000000 0.00000000 0.00000000
v -0.50127860 -0.19149083 -0.49741901 0.00000000 0.00000000 0.00000000
v -0.48326058 -0.19149083 -0.49741901 0.00000000 0.00000000 0.00000000
v -0.46524256 -0.19149083 -0.49741901 0.00000000 0.00000000 0.00000000
v -0.44722454 -0.19149083 -0.49741901 0.00000000 0.00000000 0.00000000
v -0.42920652 -0.19149083 -0.49741901 0.00000000 0.00000000 0.00000000
v -0.41118851 -0.19149083 -0.49741901 0.00000000 0.00000000 0.00000000
v -0.39317049 -0.19149083 -0.49741901 0.00000000 0.00000000 0.00000000
v -0.37515247 -0.19149083 -0.49741901 0.00000000 0.00000000 0.00000000
v -0.35713445 -0.19149083 -0.49741901 0.00000000 0.00000000 0.00000000
v -0.33911643 -0.19149083 -0.49741901 0.00000000 0.00000000 0.00000000
v -0.32109842 -0.19149083 -0.49741901 0.00000000 0.00000000 0.00000000
v -0.30308040 -0.19149083 -0.49741901 0.00000000 0.00000000 0.00000000
v -0.28506238 -0.19149083 -0.49741901 0.00000000 0.00000000 0.00000000
v -0.26704436 -0.19149083 -0.49741901 0.00000000 0.00000000 0.00000000
v -0.24902634 -0.19149083 0.20721846 0.29411765 0.29803922 0.31764706
v -0.23100833 -0.19149083 0.23269954 0.34117647 0.35686275 0.39215686
v -0.21299031 -0.19149083 0.23880959 0.32549020 0.34117647 0.38431373
v -0.19497229 -0.19149083 0.24104459 0.34117647 0.36078431 0.38431373
v -0.17695427 -0.19149083 0.24676938 0.29803922 0.31764706 0.33333333
v -0.15893625 -0.19149083 0.24791496 0.25490196 0.26666667 0.28627451
v -0.14091824 -0.19149083 0.24944263 0.15294118 0.16470588 0.18431373
v -0.12290022 -0.19149083 0.25132042 0.00000000 0.00392157 0.02352941
v -0.10488220 -0.19149083 -0.49741901 0.00000000 0.00000000 0.00000000
v -0.08686418 -0.19149083 0.25760855 0.36470588 0.36078431 0.38431373
v -0.06884616 -0.19149083 0.25853597 0.40000000 0.39607843 0.41960784
v -0.05082815 -0.19149083 0.25864629 0.44705882 0.42745098 0.44313725
v -0.03281013 -0.19149083 0.25659845 0.47058824 0.44705882 0.45490196
v -0.01479211 -0.19149083 0.25232984 0.48627451 0.46274510 0.47058824
v 0.00322591 -0.19149083 0.24762174 0.47843137 0.45490196 0.46274510
v 0.02124393 -0.19149083 0.24228000 0.47450980 0.45098039 0.45882353
v 0.03926195 -0.19149083 0.23304245 0.50196078 0.47843137 0.48627451
v 0.05727996 -0.19149083 0.21584696 0.45490196 0.43137255 0.43921569
v 0.07529798 -0.19149083 -0.49741901 0.00000000 0.00000000 0.00000000
v 0.09331600 -0.19149083 -0.49741901 0.00000000 0.00000000 0.00000000
v 0.11133402 -0.19149083 -0.49741901 0.00000000 0.00000000 0.00000000
v 0.12935204 -0.19149083 -0.49741901 0.00000000 0.00000000 0.00000000
v 0.14737005 -0.19149083 -0.49741901 0.00000000 0.00000000 0.00000000
v 0.16538807 -0.19149083 -0.49741901 0.00000000 0.00000000 0.00000000
v 0.18340609 -0.19149083 -0.49741901 0.00000000 0.00000000 0.00000000
v 0.20142411 -0.19149083 -0.49741901 0.00000000 0.00000000 0.00000000
v 0.21944213 -0.19149083 -0.49741901 0.00000000 0.00000000 0.00000000
v 0.23746014 -0.19149083 -0.49741901 0.00000000 0.00000000 0.00000000
v 0.25547816 -0.19149083 -0.49741901 0.00000000 0.00000000 0.00000000
v 0.27349618 -0.19149083 -0.49741901 0.00000000 0.00000000 0.00000000
v 0.29151420 -0.19149083 -0.49741901 0.00000000 0.00000000 0.00000000
v 0.30953222 -0.19149083 -0.49741901 0.00000000 0.00000000 0.00000000
v 0.32755023 -0.19149083 -0.49741901 0.00000000 0.00000000 0.00000000
v 0.34556825 -0.19149083 -0.49741901 0.00000000 0.00000000 0.00000000
v 0.36358627 -0.19149083 -0.49741901 0.00000000 0.00000000 0.00000000
v 0.38160429 -0.19149083 -0.49741901 0.00000000 0.00000000 0.00000000
v 0.39962231 -0.19149083 -0.49741901 0.00000000 0.00000000 0.00000000
v 0.41764032 -0.19149083 -0.49741901 0.00000000 0.00000000 0.00000000
v 0.43565834 -0.19149083 -0.49741901 0.00000000 0.00000000 0.00000000
v 0.45367636 -0.19149083 -0.49741901 0.00000000 0.00000000 0.00000000
v 0.47169438 -0.19149083 -0.49741901 0.00000000 0.00000000 0.00000000
v 0.48971240 -0.19149083 -0.49741901 0.00000000 0.00000000 0.00000000
v 0.50773041 -0.19149083 -0.49741901 0.00000000 0.00000000 0.00000000
v 0.52574843 -0.19149083 -0.49741901 0.00000000 0.00000000 0.00000000
v 0.54376645 -0.19149083 -0.49741901 0.00000000 0.00000000 0.00000000
v 0.56178447 -0.19149083 -0.49741901 0.00000000 0.00000000 0.00000000
v 0.57980249 -0.19149083 -0.49741901 0.00000000 0.00000000 0.00000000
v 0.59782050 -0.19149083 -0.49741901 0.00000000 0.00000000 0.00000000
v 0.61583852 -0.19149083 -0.49741901 0.00000000 0.00000000 0.00000000
v 0.63385654 -0.19149083 -0.49741901 0.00000000 0.00000000 0.00000000
v 0.65187456 -0.19149083 -0.49741901 0.00000000 0.00000000 0.00000000
v 0.66989258 -0.19149083 -0.49741901 0.00000000 0.00000000 0.00000000
v 0.68791059 -0.19149083 -0.49741901 0.00000000 0.00000000 0.00000000
v 0.70592861 -0.19149083 -0.49741901 0.00000000 0.00000000 0.00000000
v 0.72394663 -0.19149083 -0.49741901 0.00000000 0.00000000 0.00000000
v 0.74196465 -0.19149083 -0.49741901 0.00000000 0.00000000 0.00000000
v 0.75998267 -0.19149083 -0.49741901 0.00000000 0.00000000 0.00000000
v 0.77800068 -0.19149083 -0.49741901 0.00000000 0.00000000 0.00000000
v 0.79601870 -0.19149083 -0.49741901 0.00000000 0.00000000 0.00000000
v 0.81403672 -0.19149083 -0.49741901 0.00000000 0.00000000 0.00000000
v 0.83205474 -0.19149083 -0.49741901 0.00000000 0.00000000 0.00000000
v 0.85007276 -0.19149083 -0.49741901 0.00000000 0.00000000 0.00000000
v 0.86809077 -0.19149083 -0.49741901 0.00000000 0.00000000 0.00000000
v 0.88610879 -0.19149083 -0.49741901 0.00000000 0.00000000 0.00000000
v 0.90412681 -0.19149083 -0.49741901 0.00000000 0.00000000 0.00000000
v 0.92214483 -0.19149083 -0.49741901 0.00000000 0.00000000 0.00000000
v -0.91569301 -0.20950885 -0.49741901 0.00000000 0.00000000 0.00000000
v -0.89767499 -0.20950885 -0.49741901 0.00000000 0.00000000 0.00000000
v -0.87965697 -0.20950885 -0.49741901 0.00000000 0.00000000 0.00000000
v -0.86163896 -0.20950885 -0.49741901 0.00000000 0.00000000 0.00000000
v -0.84362094 -0.20950885 -0.49741901 0.00000000 0.00000000 0.00000000
v -0.82560292 -0.20950885 -0.49741901 0.00000000 0.00000000 0.00000000
v -0.80758490 -0.20950885 -0.49741901 0.00000000 0.00000000 0.00000000
v -0.78956688 -0.20950885 -0.49741901 0.00000000 0.00000000 0.00000000
v -0.77154887 -0.20950885 -0.49741901 0.00000000 0.00000000 0.00000000
v -0.75353085 -0.20950885 -0.49741901 0.00000000 0.00000000 0.00000000
v -0.73551283 -0.20950885 -0.49741901 0.00000000 0.00000000 0.00000000
v -0.71749481 -0.20950885 -0.49741901 0.00000000 0.00000000 0.00000000
v -0.69947679 -0.20950885 -0.49741901 0.00000000 0.00000000 0.00000000
v -0.68145878 -0.20950885 -0.49741901 0.00000000 0.00000000 0.00000000
v -0.66344076 -0.20950885 -0.49741901 0.00000000 0.00000000 0.00000000
v -0.64542274 -0.20950885 -0.49741901 0.00000000 0.00000000 0.00000000
v -0.62740472 -0.20950885 -0.49741901 0.00000000 0.00000000 0.00000000
v -0.60938670 -0.20950885 -0.49741901 0.00000000 0.00000000 0.00000000
v -0.59136869 -0.20950885 -0.49741901 0.00000000 0.00000000 0.00000000
v -0.57335067 -0.20950885 -0.49741901 0.00000000 0.00000000 0.00000000
v -0.55533265 -0.20950885 -0.49741901 0.00000000 0.00000000 0.00000000
v -0.53731463 -0.20950885 -0.49741901 0.00000000 0.00000000 0.00000000
v -0.51929661 -0.20950885 -0.49741901 0.00000000 0.00000000 0.00000000
v -0.50127860 -0.20950885 -0.49741901 0.00000000 0.00000000 0.00000000
v -0.48326058 -0.20950885 -0.49741901 0.00000000 0.00000000 0.00000000
v -0.46524256 -0.20950885 -0.49741901 0.00000000 0.00000000 0.00000000
v -0.44722454 -0.20950885 -0.49741901 0.00000000 0.00000000 0.00000000
v -0.42920652 -0.20950885 -0.49741901 0.00000000 0.00000000 0.00000000
v -0.41118851 -0.20950885 -0.49741901 0.00000000 0.00000000 0.00000000
v -0.39317049 -0.20950885 -0.49741901 0.00000000 0.00000000 0.00000000
v -0.37515247 -0.20950885 -0.49741901 0.00000000 0.00000000 0.00000000
v -0.35713445 -0.20950885 -0.49741901 0.00000000 0.00000000 0.00000000
v -0.33911643 -0.20950885 -0.49741901 0.00000000 0.00000000 0.00000000
v -0.32109842 -0.20950885 -0.49741901 0.00000000 0.00000000 0.00000000
v -0.30308040 -0.20950885 -0.49741901 0.00000000 0.00000000 0.00000000
v -0.28506238 -0.20950885 -0.49741901 0.00000000 0.00000000 0.00000000
v -0.26704436 -0.20950885 -0.49741901 0.00784314 0.00784314 0.00784314
v -0.24902634 -0.20950885 0.19921097 0.24313725 0.24705882 0.25490196
v -0.23100833 -0.20950885 0.22830872 0.32156863 0.33725490 0.37254902
v -0.21299031 -0.20950885 0.23490870 0.30980392 0.32549020 0.36862745
v -0.19497229 -0.20950885 0.23741025 0.34117647 0.36078431 0.38431373
v -0.17695427 -0.20950885 0.24323085 0.28235294 0.30196078 0.31764706
v -0.15893625 -0.20950885 0.24471054 0.23137255 0.24313725 0.26274510
v -0.14091824 -0.20950885 0.24630681 0.14509804 0.15686275 0.17647059
v -0.12290022 -0.20950885 0.24815745 0.00392157 0.00784314 0.02745098
v -0.10488220 -0.20950885 -0.49741901 0.00000000 0.00000000 0.00000000
v -0.08686418 -0.20950885 0.25367151 0.34117647 0.33725490 0.36078431
v -0.06884616 -0.20950885 0.25360814 0.40784314 0.40392157 0.42745098
v -0.05082815 -0.20950885 0.25227567 0.44705882 0.42745098 0.44313725
v -0.03281013 -0.20950885 0.24978883 0.47058824 0.44705882 0.45490196
v -0.01479211 -0.20950885 0.24565274 0.48627451 0.46274510 0.47058824
v 0.00322591 -0.20950885 0.24060119 0.47843137 0.45490196 0.46274510
v 0.02124393 -0.20950885 0.23579013 0.48235294 0.45882353 0.46666667
v 0.03926195 -0.20950885 0.22576621 0.45882353 0.43529412 0.44313725
v 0.05727996 -0.20950885 0.20849319 0.42745098 0.41568627 0.41960784
v 0.07529798 -0.20950885 -0.49741901 0.00000000 0.00000000 0.00000000
v 0.09331600 -0.20950885 -0.49741901 0.00000000 0.00000000 0.00000000
v 0.11133402 -0.20950885 -0.49741901 0.00000000 0.00000000 0.00000000
v 0.12935204 -0.20950885 -0.49741901 0.00000000 0.00000000 0.00000000
v 0.14737005 -0.20950885 -0.49741901 0.00000000 0.00000000 0.00000000
v 0.16538807 -0.20950885 -0.49741901 0.00000000 0.00000000 0.00000000
v 0.18340609 -0.20950885 -0.49741901 0.00000000 0.00000000 0.00000000
v 0.20142411 -0.20950885 -0.49741901 0.00000000 0.00000000 0.00000000
v 0.21944213 -0.20950885 -0.49741901 0.00000000 0.00000000 0.00000000
v 0.23746014 -0.20950885 -0.49741901 0.00000000 0.00000000 0.00000000
v 0.25547816 -0.20950885 -0.49741901 0.00000000 0.00000000 0.00000000
v 0.27349618 -0.20950885 -0.49741901 0.00000000 0.00000000 0.00000000
v 0.29151420 -0.20950885 -0.49741901 0.00000000 0.00000000 0.00000000
v 0.30953222 -0.20950885 -0.49741901 0.00000000 0.00000000 0.00000000
v 0.32755023 -0.20950885 -0.49741901 0.00000000 0.00000000 0.00000000
v 0.34556825 -0.20950885 -0.49741901 0.00000000 0.00000000 0.00000000
v 0.36358627 -0.20950885 -0.49741901 0.00000000 0.00000000 0.00000000
v 0.38160429 -0.20950885 -0.49741901 0.00000000 0.00000000 0.00000000
v 0.39962231 -0.20950885 -0.49741901 0.00000000 0.00000000 0.00000000
v 0.41764032 -0.20950885 -0.49741901 0.00000000 0.00000000 0.00000000
v 0.43565834 -0.20950885 -0.49741901 0.00000000 0.00000000 0.00000000
v 0.45367636 -0.20950885 -0.49741901 0.00000000 0.00000000 0.00000000
v 0.47169438 -0.20950885 -0.49741901 0.00000000 0.00000000 0.00000000
v 0.48971240 -0.20950885 -0.49741901 0.00000000 0.00000000 0.00000000
v 0.50773041 -0.20950885 -0.49741901 0.00000000 0.00000000 0.00000000
v 0.52574843 -0.20950885 -0.49741901 0.00000000 0.00000000 0.00000000
v 0.54376645 -0.20950885 -0.49741901 0.00000000 0.00000000 0.00000000
v 0.56178447 -0.20950885 -0.49741901 0.00000000 0.00000000 0.00000000
v 0.57980249 -0.20950885 -0.49741901 0.00000000 0.00000000 0.00000000
v 0.59782050 -0.20950885 -0.49741901 0.00000000 0.00000000 0.00000000
v 0.61583852 -0.20950885 -0.49741901 0.00000000 0.00000000 0.00000000
v 0.63385654 -0.20950885 -0.49741901 0.00000000 0.00000000 0.00000000
v 0.65187456 -0.20950885 -0.49741901 0.00000000 0.00000000 0.00000000
v 0.66989258 -0.20950885 -0.49741901 0.00000000 0.00000000 0.00000000
v 0.68791059 -0.20950885 -0.49741901 0.00000000 0.00000000 0.00000000
v 0.70592861 -0.20950885 -0.49741901 0.00000000 0.00000000 0.00000000
v 0.72394663 -0.20950885 -0.49741901 0.00000000 0.00000000 0.00000000
v 0.74196465 -0.20950885 -0.49741901 0.00000000 0.00000000 0.00000000
v 0.75998267 -0.20950885 -0.49741901 0.00000000 0.00000000 0.00000000
v 0.77800068 -0.20950885 -0.49741901 0.00000000 0.00000000 0.00000000
v 0.79601870 -0.20950885 -0.49741901 0.00000000 0.00000000 0.00000000
v 0.81403672 -0.20950885 -0.49741901 0.00000000 0.00000000 0.00000000
v 0.83205474 -0.20950885 -0.49741901 0.00000000 0.00000000 0.00000000
v 0.85007276 -0.20950885 -0.49741901 0.00000000 0.00000000 0.00000000
v 0.86809077 -0.20950885 -0.49741901 0.00000000 0.00000000 0.00000000
v 0.88610879 -0.20950885 -0.49741901 0.00000000 0.00000000 0.00000000
v 0.90412681 -0.20950885 -0.49741901 0.00000000 0.00000000 0.00000000
v 0.92214483 -0.20950885 -0.49741901 0.00000000 0.00000000 0.00000000
v -0.91569301 -0.22752687 -0.49741901 0.00000000 0.00000000 0.00000000
v -0.89767499 -0.22752687 -0.49741901 0.00000000 0.00000000 0.00000000
v -0.87965697 -0.22752687 -0.49741901 0.00000000 0.00000000 0.00000000
v -0.86163896 -0.22752687 -0.49741901 0.00000000 0.00000000 0.00000000
v -0.84362094 -0.22752687 -0.49741901 0.00000000 0.00000000 0.00000000
v -0.82560292 -0.22752687 -0.49741901 0.00000000 0.00000000 0.00000000
v -0.80758490 -0.22752687 -0.49741901 0.00000000 0.00000000 0.00000000
v -0.78956688 -0.22752687 -0.49741901 0.00000000 0.00000000 0.00000000
v -0.77154887 -0.22752687 -0.49741901 0.00000000 0.00000000 0.00000000
v -0.75353085 -0.22752687 -0.49741901 0.00000000 0.00000000 0.00000000
v -0.73551283 -0.22752687 -0.49741901 0.00000000 0.00000000 0.00000000
v -0.71749481 -0.22752687 -0.49741901 0.00000000 0.00000000 0.00000000
v -0.69947679 -0.22752687 -0.49741901 0.00000000 0.00000000 0.00000000
v -0.68145878 -0.22752687 -0.49741901 0.00000000 0.00000000 0.00000000
v -0.66344076 -0.22752687 -0.49741901 0.00000000 0.00000000 0.00000000
v -0.64542274 -0.22752687 -0.49741901 0.00000000 0.00000000 0.00000000
v -0.62740472 -0.22752687 -0.49741901 0.00000000 0.00000000 0.00000000
v -0.60938670 -0.22752687 -0.49741901 0.00000000 0.00000000 0.00000000
v -0.59136869 -0.22752687 -0.49741901 0.00000000 0.00000000 0.00000000
v -0.57335067 -0.22752687 -0.49741901 0.00000000 0.00000000 0.00000000
v -0.55533265 -0.22752687 -0.49741901 0.00000000 0.00000000 0.00000000
v -0.53731463 -0.22752687 -0.49741901 0.00000000 0.00000000 0.00000000
v -0.51929661 -0.22752687 -0.49741901 0.00000000 0.00000000 0.00000000
v -0.50127860 -0.22752687 -0.49741901 0.00000000 0.00000000 0.00000000
v -0.48326058 -0.22752687 -0.49741901 0.00000000 0.00000000 0.00000000
v -0.46524256 -0.22752687 -0.49741901 0.00000000 0.00000000 0.00000000
v -0.44722454 -0.22752687 -0.49741901 0.00000000 0.00000000 0.00000000
v -0.42920652 -0.22752687 -0.49741901 0.00000000 0.00000000 0.00000000
v -0.41118851 -0.22752687 -0.49741901 0.00000000 0.00000000 0.00000000
v -0.39317049 -0.22752687 -0.49741901 0.00000000 0.00000000 0.00000000
v -0.37515247 -0.22752687 -0.49741901 0.00000000 0.00000000 0.00000000
v -0.35713445 -0.22752687 -0.49741901 0.00000000 0.00000000 0.00000000
v -0.33911643 -0.22752687 -0.49741901 0.00000000 0.00000000 0.00000000
v -0.32109842 -0.22752687 -0.49741901 0.00000000 0.00000000 0.00000000
v -0.30308040 -0.22752687 -0.49741901 0.00000000 0.00000000 0.00000000
v -0.28506238 -0.22752687 -0.49741901 0.00000000 0.00000000 0.00000000
v -0.26704436 -0.22752687 -0.49741901 0.00784314 0.00784314 0.00784314
v -0.24902634 -0.22752687 0.19278276 0.17647059 0.18039216 0.18431373
v -0.23100833 -0.22752687 0.22425291 0.32156863 0.34901961 0.38039216
v -0.21299031 -0.22752687 0.23143567 0.32941176 0.36862745 0.40784314
v -0.19497229 -0.22752687 0.23488354 0.34901961 0.37647059 0.40784314
v -0.17695427 -0.22752687 0.24089949 0.30196078 0.32156863 0.33725490
v -0.15893625 -0.22752687 0.24293565 0.25882353 0.27450980 0.28627451
v -0.14091824 -0.22752687 0.24485791 0.14509804 0.16078431 0.16470588
v -0.12290022 -0.22752687 0.24685983 0.01960784 0.02352941 0.03137255
v -0.10488220 -0.22752687 -0.49741901 0.00000000 0.00000000 0.00000000
v -0.08686418 -0.22752687 0.25128901 0.32549020 0.32156863 0.34117647
v -0.06884616 -0.22752687 0.24989132 0.41568627 0.41176471 0.44313725
v -0.05082815 -0.22752687 0.24768965 0.45098039 0.43137255 0.45490196
v -0.03281013 -0.22752687 0.24472752 0.47450980 0.45098039 0.46666667
v -0.01479211 -0.22752687 0.24067666 0.49019608 0.47058824 0.48627451
v 0.00322591 -0.22752687 0.23513064 0.47843137 0.45882353 0.47450980
v 0.02124393 -0.22752687 0.23026446 0.47058824 0.45098039 0.46666667
v 0.03926195 -0.22752687 0.22009509 0.47058824 0.46274510 0.47450980
v 0.05727996 -0.22752687 0.20237634 0.25490196 0.25490196 0.25882353
v 0.07529798 -0.22752687 -0.49741901 0.00784314 0.00784314 0.00784314
v 0.09331600 -0.22752687 -0.49741901 0.00000000 0.00000000 0.00000000
v 0.11133402 -0.22752687 -0.49741901 0.00000000 0.00000000 0.00000000
v 0.12935204 -0.22752687 -0.49741901 0.00000000 0.00000000 0.00000000
v 0.14737005 -0.22752687 -0.49741901 0.00000000 0.00000000 0.00000000
v 0.16538807 -0.22752687 -0.49741901 0.00000000 0.00000000 0.00000000
v 0.18340609 -0.22752687 -0.49741901 0.00000000 0.00000000 0.00000000
v 0.20142411 -0.22752687 -0.49741901 0.00000000 0.00000000 0.00000000
v 0.21944213 -0.22752687 -0.49741901 0.00000000 0.00000000 0.00000000
v 0.23746014 -0.22752687 -0.49741901 0.00000000 0.00000000 0.00000000
v 0.25547816 -0.22752687 -0.49741901 0.00000000 0.00000000 0.00000000
v 0.27349618 -0.22752687 -0.49741901 0.00000000 0.00000000 0.00000000
v 0.29151420 -0.22752687 -0.49741901 0.00000000 0.00000000 0.00000000
v 0.30953222 -0.22752687 -0.49741901 0.00000000 0.00000000 0.00000000
v 0.32755023 -0.22752687 -0.49741901 0.00000000 0.00000000 0.00000000
v 0.34556825 -0.22752687 -0.49741901 0.00000000 0.00000000 0.00000000
v 0.36358627 -0.22752687 -0.49741901 0.00000000 0.00000000 0.00000000
v 0.38160429 -0.22752687 -0.49741901 0.00000000 0.00000000 0.00000000
v 0.39962231 -0.22752687 -0.49741901 0.00000000 0.00000000 0.00000000
v 0.41764032 -0.22752687 -0.49741901 0.00000000 0.00000000 0.00000000
v 0.43565834 -0.22752687 -0.49741901 0.00000000 0.00000000 0.00000000
v 0.45367636 -0.22752687 -0.49741901 0.00000000 0.00000000 0.00000000
v 0.47169438 -0.22752687 -0.49741901 0.00000000 0.00000000 0.00000000
v 0.48971240 -0.22752687 -0.49741901 0.00000000 0.00000000 0.00000000
v 0.50773041 -0.22752687 -0.49741901 0.00000000 0.00000000 0.00000000
v 0.52574843 -0.22752687 -0.49741901 0.00000000 0.00000000 0.00000000
v 0.54376645 -0.22752687 -0.49741901 0.00000000 0.00000000 0.00000000
v 0.56178447 -0.22752687 -0.49741901 0.00000000 0.00000000 0.00000000
v 0.57980249 -0.22752687 -0.49741901 0.00000000 0.00000000 0.00000000
v 0.59782050 -0.22752687 -0.49741901 0.00000000 0.00000000 0.00000000
v 0.61583852 -0.22752687 -0.49741901 0.00000000 0.00000000 0.00000000
v 0.63385654 -0.22752687 -0.49741901 0.00000000 0.00000000 0.00000000
v 0.65187456 -0.22752687 -0.49741901 0.00000000 0.00000000 0.00000000
v 0.66989258 -0.22752687 -0.49741901 0.00000000 0.00000000 0.00000000
v 0.68791059 -0.22752687 -0.49741901 0.00000000 0.00000000 0.00000000
v 0.70592861 -0.22752687 -0.49741901 0.00000000 0.00000000 0.00000000
v 0.72394663 -0.22752687 -0.49741901 0.00000000 0.00000000 0.00000000
v 0.74196465 -0.22752687 -0.49741901 0.00000000 0.00000000 0.00000000
v 0.75998267 -0.22752687 -0.49741901 0.00000000 0.00000000 0.00000000
v 0.77800068 -0.22752687 -0.49741901 0.00000000 0.00000000 0.00000000
v 0.79601870 -0.22752687 -0.49741901 0.00000000 0.00000000 0.00000000
v 0.81403672 -0.22752687 -0.49741901 0.00000000 0.00000000 0.00000000
v 0.83205474 -0.22752687 -0.49741901 0.00000000 0.00000000 0.00000000
v 0.85007276 -0.22752687 -0.49741901 0.00000000 0.00000000 0.00000000
v 0.86809077 -0.22752687 -0.49741901 0.00000000 0.00000000 0.00000000
v 0.88610879 -0.22752687 -0.49741901 0.00000000 0.00000000 0.00000000
v 0.90412681 -0.22752687 -0.49741901 0.00000000 0.00000000 0.00000000
v 0.92214483 -0.22752687 -0.49741901 0.00000000 0.00000000 0.00000000
v -0.91569301 -0.24554489 -0.49741901 0.00000000 0.00000000 0.00000000
v -0.89767499 -0.24554489 -0.49741901 0.00000000 0.00000000 0.00000000
v -0.87965697 -0.24554489 -0.49741901 0.00000000 0.00000000 0.00000000
v -0.86163896 -0.24554489 -0.49741901 0.00000000 0.00000000 0.00000000
v -0.84362094 -0.24554489 -0.49741901 0.00000000 0.00000000 0.00000000
v -0.82560292 -0.24554489 -0.49741901 0.00000000 0.00000000 0.00000000
v -0.80758490 -0.24554489 -0.49741901 0.00000000 0.00000000 0.00000000
v -0.78956688 -0.24554489 -0.49741901 0.00000000 0.00000000 0.00000000
v -0.77154887 -0.24554489 -0.49741901 0.00000000 0.00000000 0.00000000
v -0.75353085 -0.24554489 -0.49741901 0.00000000 0.00000000 0.00000000
v -0.73551283 -0.24554489 -0.49741901 0.00000000 0.00000000 0.00000000
v -0.71749481 -0.24554489 -0.49741901 0.00000000 0.00000000 0.00000000
v -0.69947679 -0.24554489 -0.49741901 0.00000000 0.00000000 0.00000000
v -0.68145878 -0.24554489 -0.49741901 0.00000000 0.00000000 0.00000000
v -0.66344076 -0.24554489 -0.49741901 0.00000000 0.00000000 0.00000000
v -0.64542274 -0.24554489 -0.49741901 0.00000000 0.00000000 0.00000000
v -0.62740472 -0.24554489 -0.49741901 0.00000000 0.00000000 0.00000000
v -0.60938670 -0.24554489 -0.49741901 0.00000000 0.00000000 0.00000000
v -0.59136869 -0.24554489 -0.49741901 0.00000000 0.00000000 0.00000000
v -0.57335067 -0.24554489 -0.49741901 0.00000000 0.00000000 0.00000000
v -0.55533265 -0.24554489 -0.49741901 0.00000000 0.00000000 0.00000000
v -0.53731463 -0.24554489 -0.49741901 0.00000000 0.00000000 0.00000000
v -0.51929661 -0.24554489 -0.49741901 0.00000000 0.00000000 0.00000000
v -0.50127860 -0.24554489 -0.49741901 0.00000000 0.00000000 0.00000000
v -0.48326058 -0.24554489 -0.49741901 0.00000000 0.00000000 0.00000000
v -0.46524256 -0.24554489 -0.49741901 0.00000000 0.00000000 0.00000000
v -0.44722454 -0.24554489 -0.49741901 0.00000000 0.00000000 0.00000000
v -0.42920652 -0.24554489 -0.49741901 0.00000000 0.00000000 0.00000000
v -0.41118851 -0.24554489 -0.49741901 0.00000000 0.00000000 0.00000000
v -0.39317049 -0.24554489 -0.49741901 0.00000000 0.00000000 0.00000000
v -0.37515247 -0.24554489 -0.49741901 0.00000000 0.00000000 0.00000000
v -0.35713445 -0.24554489 -0.49741901 0.00000000 0.00000000 0.00000000
v -0.33911643 -0.24554489 -0.49741901 0.00000000 0.00000000 0.00000000
v -0.32109842 -0.24554489 -0.49741901 0.00000000 0.00000000 0.00000000
v -0.30308040 -0.24554489 -0.49741901 0.00000000 0.00000000 0.00000000
v -0.28506238 -0.24554489 -0.49741901 0.00000000 0.00000000 0.00000000
v -0.26704436 -0.24554489 -0.49741901 0.00784314 0.00784314 0.00784314
v -0.24902634 -0.24554489 0.18787650 0.17647059 0.17647059 0.18039216
v -0.23100833 -0.24554489 0.21999756 0.34901961 0.37647059 0.41568627
v -0.21299031 -0.24554489 0.22768139 0.28627451 0.32549020 0.37254902
v -0.19497229 -0.24554489 0.23165651 0.35294118 0.38039216 0.41960784
v -0.17695427 -0.24554489 0.23814006 0.35686275 0.37647059 0.40000000
v -0.15893625 -0.24554489 0.24082072 0.27058824 0.28627451 0.29803922
v -0.14091824 -0.24554489 0.24288918 0.16470588 0.18039216 0.18431373
v -0.12290022 -0.24554489 0.24505627 0.00784314 0.01568627 0.01176471
v -0.10488220 -0.24554489 -0.49741901 0.00000000 0.00000000 0.00000000
v -0.08686418 -0.24554489 0.24882458 0.35294118 0.34901961 0.36862745
v -0.06884616 -0.24554489 0.24650455 0.40000000 0.39215686 0.43529412
v -0.05082815 -0.24554489 0.24335244 0.44705882 0.42745098 0.45098039
v -0.03281013 -0.24554489 0.23978711 0.47450980 0.45098039 0.46666667
v -0.01479211 -0.24554489 0.23578972 0.48627451 0.46666667 0.48235294
v 0.00322591 -0.24554489 0.23037161 0.47843137 0.45882353 0.47450980
v 0.02124393 -0.24554489 0.22557595 0.47843137 0.47058824 0.48235294
v 0.03926195 -0.24554489 0.21775562 0.44313725 0.44313725 0.45098039
v 0.05727996 -0.24554489 0.19635256 0.08627451 0.08627451 0.08627451
v 0.07529798 -0.24554489 -0.49741901 0.00392157 0.00392157 0.00392157
v 0.09331600 -0.24554489 -0.49741901 0.00000000 0.00000000 0.00000000
v 0.11133402 -0.24554489 -0.49741901 0.00000000 0.00000000 0.00000000
v 0.12935204 -0.24554489 -0.49741901 0.00000000 0.00000000 0.00000000
v 0.14737005 -0.24554489 -0.49741901 0.00000000 0.00000000 0.00000000
v 0.16538807 -0.24554489 -0.49741901 0.00000000 0.00000000 0.00000000
v 0.18340609 -0.24554489 -0.49741901 0.00000000 0.00000000 0.00000000
v 0.20142411 -0.24554489 -0.49741901 0.00000000 0.00000000 0.00000000
v 0.21944213 -0.24554489 -0.49741901 0.00000000 0.00000000 0.00000000
v 0.23746014 -0.24554489 -0.49741901 0.00000000 0.00000000 0.00000000
v 0.25547816 -0.24554489 -0.49741901 0.00000000 0.00000000 0.00000000
v 0.27349618 -0.24554489 -0.49741901 0.00000000 0.00000000 0.00000000
v 0.29151420 -0.24554489 -0.49741901 0.00000000 0.00000000 0.00000000
v 0.30953222 -0.24554489 -0.49741901 0.00000000 0.00000000 0.00000000
v 0.32755023 -0.24554489 -0.49741901 0.00000000 0.00000000 0.00000000
v 0.34556825 -0.24554489 -0.49741901 0.00000000 0.00000000 0.00000000
v 0.36358627 -0.24554489 -0.49741901 0.00000000 0.00000000 0.00000000
v 0.38160429 -0.24554489 -0.49741901 0.00000000 0.00000000 0.00000000
v 0.39962231 -0.24554489 -0.49741901 0.00000000 0.00000000 0.00000000
v 0.41764032 -0.24554489 -0.49741901 0.00000000 0.00000000 0.00000000
v 0.43565834 -0.24554489 -0.49741901 0.00000000 0.00000000 0.00000000
v 0.45367636 -0.24554489 -0.49741901 0.00000000 0.00000000 0.00000000
v 0.47169438 -0.24554489 -0.49741901 0.00000000 0.00000000 0.00000000
v 0.48971240 -0.24554489 -0.49741901 0.00000000 0.00000000 0.00000000
v 0.50773041 -0.24554489 -0.49741901 0.00000000 0.00000000 0.00000000
v 0.52574843 -0.24554489 -0.49741901 0.00000000 0.00000000 0.00000000
v 0.54376645 -0.24554489 -0.49741901 0.00000000 0.00000000 0.00000000
v 0.56178447 -0.24554489 -0.49741901 0.00000000 0.00000000 0.00000000
v 0.57980249 -0.24554489 -0.49741901 0.00000000 0.00000000 0.00000000
v 0.59782050 -0.24554489 -0.49741901 0.00000000 0.00000000 0.00000000
v 0.61583852 -0.24554489 -0.49741901 0.00000000 0.00000000 0.00000000
v 0.63385654 -0.24554489 -0.49741901 0.00000000 0.00000000 0.00000000
v 0.65187456 -0.24554489 -0.49741901 0.00000000 0.00000000 0.00000000
v 0.66989258 -0.24554489 -0.49741901 0.00000000 0.00000000 0.00000000
v 0.68791059 -0.24554489 -0.49741901 0.00000000 0.00000000 0.00000000
v 0.70592861 -0.24554489 -0.49741901 0.00000000 0.00000000 0.00000000
v 0.72394663 -0.24554489 -0.49741901 0.00000000 0.00000000 0.00000000
v 0.74196465 -0.24554489 -0.49741901 0.00000000 0.00000000 0.00000000
v 0.75998267 -0.24554489 -0.49741901 0.00000000 0.00000000 0.00000000
v 0.77800068 -0.24554489 -0.49741901 0.00000000 0.00000000 0.00000000
v 0.79601870 -0.24554489 -0.49741901 0.00000000 0.00000000 0.00000000
v 0.81403672 -0.24554489 -0.49741901 0.00000000 0.00000000 0.00000000
v 0.83205474 -0.24554489 -0.49741901 0.00000000 0.00000000 0.00000000
v 0.85007276 -0.24554489 -0.49741901 0.00000000 0.00000000 0.00000000
v 0.86809077 -0.24554489 -0.49741901 0.00000000 0.00000000 0.00000000
v 0.88610879 -0.24554489 -0.49741901 0.00000000 0.00000000 0.00000000
v 0.90412681 -0.24554489 -0.49741901 0.00000000 0.00000000 0.00000000
v 0.92214483 -0.24554489 -0.49741901 0.00000000 0.00000000 0.00000000
v -0.91569301 -0.26356290 -0.49741901 0.00000000 0.00000000 0.00000000
v -0.89767499 -0.26356290 -0.49741901 0.00000000 0.00000000 0.00000000
v -0.87965697 -0.26356290 -0.49741901 0.00000000 0.00000000 0.00000000
v -0.86163896 -0.26356290 -0.49741901 0.00000000 0.00000000 0.00000000
v -0.84362094 -0.26356290 -0.49741901 0.00000000 0.00000000 0.00000000
v -0.82560292 -0.26356290 -0.49741901 0.00000000 0.00000000 0.00000000
v -0.80758490 -0.26356290 -0.49741901 0.00000000 0.00000000 0.00000000
v -0.78956688 -0.26356290 -0.49741901 0.00000000 0.00000000 0.00000000
v -0.77154887 -0.26356290 -0.49741901 0.00000000 0.00000000 0.00000000
v -0.75353085 -0.26356290 -0.49741901 0.00000000 0.00000000 0.00000000
v -0.73551283 -0.26356290 -0.49741901 0.00000000 0.00000000 0.00000000
v -0.71749481 -0.26356290 -0.49741901 0.00000000 0.00000000 0.00000000
v -0.69947679 -0.26356290 -0.49741901 0.00000000 0.00000000 0.00000000
v -0.68145878 -0.26356290 -0.49741901 0.00000000 0.00000000 0.00000000
v -0.66344076 -0.26356290 -0.49741901 0.00000000 0.00000000 0.00000000
v -0.64542274 -0.26356290 -0.49741901 0.00000000 0.00000000 0.00000000
v -0.62740472 -0.26356290 -0.49741901 0.00000000 0.00000000 0.00000000
v -0.60938670 -0.26356290 -0.49741901 0.00000000 0.00000000 0.00000000
v -0.59136869 -0.26356290 -0.49741901 0.00000000 0.00000000 0.00000000
v -0.57335067 -0.26356290 -0.49741901 0.00000000 0.00000000 0.00000000
v -0.55533265 -0.26356290 -0.49741901 0.00000000 0.00000000 0.00000000
v -0.53731463 -0.26356290 -0.49741901 0.00000000 0.00000000 0.00000000
v -0.51929661 -0.26356290 -0.49741901 0.00000000 0.00000000 0.00000000
v -0.50127860 -0.26356290 -0.49741901 0.00000000 0.00000000 0.00000000
v -0.48326058 -0.26356290 -0.49741901 0.00000000 0.00000000 0.00000000
v -0.46524256 -0.26356290 -0.49741901 0.00000000 0.00000000 0.00000000
v -0.44722454 -0.26356290 -0.49741901 0.00000000 0.00000000 0.00000000
v -0.42920652 -0.26356290 -0.49741901 0.00000000 0.00000000 0.00000000
v -0.41118851 -0.26356290 -0.49741901 0.00000000 0.00000000 0.00000000
v -0.39317049 -0.26356290 -0.49741901 0.00000000 0.00000000 0.00000000
v -0.37515247 -0.26356290 -0.49741901 0.00000000 0.00000000 0.00000000
v -0.35713445 -0.26356290 -0.49741901 0.00000000 0.00000000 0.00000000
v -0.33911643 -0.26356290 -0.49741901 0.00000000 0.00000000 0.00000000
v -0.32109842 -0.26356290 -0.49741901 0.00000000 0.00000000 0.00000000
v -0.30308040 -0.26356290 -0.49741901 0.00000000 0.00000000 0.00000000
v -0.28506238 -0.26356290 -0.49741901 0.00000000 0.00000000 0.00000000
v -0.26704436 -0.26356290 -0.49741901 0.00784314 0.00784314 0.00784314
v -0.24902634 -0.26356290 0.18378715 0.18039216 0.18431373 0.18431373
v -0.23100833 -0.26356290 0.21568860 0.32156863 0.34901961 0.38823529
v -0.21299031 -0.26356290 0.22396244 0.25882353 0.29803922 0.34509804
v -0.19497229 -0.26356290 0.22814129 0.30980392 0.33725490 0.37647059
v -0.17695427 -0.26356290 0.23470800 0.33725490 0.35686275 0.38039216
v -0.15893625 -0.26356290 0.23813607 0.23137255 0.24705882 0.25882353
v -0.14091824 -0.26356290 0.24038097 0.12941176 0.14509804 0.14901961
v -0.12290022 -0.26356290 0.24271481 0.16078431 0.16862745 0.16470588
v -0.10488220 -0.26356290 -0.49741901 0.00000000 0.00000000 0.00000000
v -0.08686418 -0.26356290 0.24652029 0.36470588 0.36078431 0.38431373
v -0.06884616 -0.26356290 0.24392321 0.38823529 0.38039216 0.42352941
v -0.05082815 -0.26356290 0.24034701 0.44313725 0.42352941 0.44705882
v -0.03281013 -0.26356290 0.23665851 0.47058824 0.44705882 0.46274510
v -0.01479211 -0.26356290 0.23245045 0.48235294 0.46274510 0.47843137
v 0.00322591 -0.26356290 0.22691082 0.47450980 0.45490196 0.47058824
v 0.02124393 -0.26356290 0.22237120 0.47058824 0.46274510 0.47450980
v 0.03926195 -0.26356290 0.21440625 0.38823529 0.38823529 0.39607843
v 0.05727996 -0.26356290 -0.49741901 0.00000000 0.00000000 0.00000000
v 0.07529798 -0.26356290 -0.49741901 0.00000000 0.00000000 0.00000000
v 0.09331600 -0.26356290 -0.49741901 0.00000000 0.00000000 0.00000000
v 0.11133402 -0.26356290 -0.49741901 0.00000000 0.00000000 0.00000000
v 0.12935204 -0.26356290 -0.49741901 0.00000000 0.00000000 0.00000000
v 0.14737005 -0.26356290 -0.49741901 0.00000000 0.00000000 0.00000000
v 0.16538807 -0.26356290 -0.49741901 0.00000000 0.00000000 0.00000000
v 0.18340609 -0.26356290 -0.49741901 0.00000000 0.00000000 0.00000000
v 0.20142411 -0.26356290 -0.49741901 0.00000000 0.00000000 0.00000000
v 0.21944213 -0.26356290 -0.49741901 0.00000000 0.00000000 0.00000000
v 0.23746014 -0.26356290 -0.49741901 0.00000000 0.00000000 0.00000000
v 0.25547816 -0.26356290 -0.49741901 0.00000000 0.00000000 0.00000000
v 0.27349618 -0.26356290 -0.49741901 0.00000000 0.00000000 0.00000000
v 0.29151420 -0.26356290 -0.49741901 0.00000000 0.00000000 0.00000000
v 0.30953222 -0.26356290 -0.49741901 0.00000000 0.00000000 0.00000000
v 0.32755023 -0.26356290 -0.49741901 0.00000000 0.00000000 0.00000000
v 0.34556825 -0.26356290 -0.49741901 0.00000000 0.00000000 0.00000000
v 0.36358627 -0.26356290 -0.49741901 0.00000000 0.00000000 0.00000000
v 0.38160429 -0.26356290 -0.49741901 0.00000000 0.00000000 0.00000000
v 0.39962231 -0.26356290 -0.49741901 0.00000000 0.00000000 0.00000000
v 0.41764032 -0.26356290 -0.49741901 0.00000000 0.00000000 0.00000000
v 0.43565834 -0.26356290 -0.49741901 0.00000000 0.00000000 0.00000000
v 0.45367636 -0.26356290 -0.49741901 0.00000000 0.00000000 0.00000000
v 0.47169438 -0.26356290 -0.49741901 0.00000000 0.00000000 0.00000000
v 0.48971240 -0.26356290 -0.49741901 0.00000000 0.00000000 0.00000000
v 0.50773041 -0.26356290 -0.49741901 0.00000000 0.00000000 0.00000000
v 0.52574843 -0.26356290 -0.49741901 0.00000000 0.00000000 0.00000000
v 0.54376645 -0.26356290 -0.49741901 0.00000000 0.00000000 0.00000000
v 0.56178447 -0.26356290 -0.49741901 0.00000000 0.00000000 0.00000000
v 0.57980249 -0.26356290 -0.49741901 0.00000000 0.00000000 0.00000000
v 0.59782050 -0.26356290 -0.49741901 0.00000000 0.00000000 0.00000000
v 0.61583852 -0.26356290 -0.49741901 0.00000000 0.00000000 0.00000000
v 0.63385654 -0.26356290 -0.49741901 0.00000000 0.00000000 0.00000000
v 0.65187456 -0.26356290 -0.49741901 0.00000000 0.00000000 0.00000000
v 0.66989258 -0.26356290 -0.49741901 0.00000000 0.00000000 0.00000000
v 0.68791059 -0.26356290 -0.49741901 0.00000000 0.00000000 0.00000000
v 0.70592861 -0.26356290 -0.49741901 0.00000000 0.00000000 0.00000000
v 0.72394663 -0.26356290 -0.49741901 0.00000000 0.00000000 0.00000000
v 0.74196465 -0.26356290 -0.49741901 0.00000000 0.00000000 0.00000000
v 0.75998267 -0.26356290 -0.49741901 0.00000000 0.00000000 0.00000000
v 0.77800068 -0.26356290 -0.49741901 0.00000000 0.00000000 0.00000000
v 0.79601870 -0.26356290 -0.49741901 0.00000000 0.00000000 0.00000000
v 0.81403672 -0.26356290 -0.49741901 0.00000000 0.00000000 0.00000000
v 0.83205474 -0.26356290 -0.49741901 0.00000000 0.00000000 0.00000000
v 0.85007276 -0.26356290 -0.49741901 0.00000000 0.00000000 0.00000000
v 0.86809077 -0.26356290 -0.49741901 0.00000000 0.00000000 0.00000000
v 0.88610879 -0.26356290 -0.49741901 0.00000000 0.00000000 0.00000000
v 0.90412681 -0.26356290 -0.49741901 0.00000000 0.00000000 0.00000000
v 0.92214483 -0.26356290 -0.49741901 0.00000000 0.00000000 0.00000000
v -0.91569301 -0.28158092 -0.49741901 0.00000000 0.00000000 0.00000000
v -0.89767499 -0.28158092 -0.49741901 0.00000000 0.00000000 0.00000000
v -0.87965697 -0.28158092 -0.49741901 0.00000000 0.00000000 0.00000000
v -0.86163896 -0.28158092 -0.49741901 0.00000000 0.00000000 0.00000000
v -0.84362094 -0.28158092 -0.49741901 0.00000000 0.00000000 0.00000000
v -0.82560292 -0.28158092 -0.49741901 0.00000000 0.00000000 0.00000000
v -0.80758490 -0.28158092 -0.49741901 0.00000000 0.00000000 0.00000000
v -0.78956688 -0.28158092 -0.49741901 0.00000000 0.00000000 0.00000000
v -0.77154887 -0.28158092 -0.49741901 0.00000000 0.00000000 0.00000000
v -0.75353085 -0.28158092 -0.49741901 0.00000000 0.00000000 0.00000000
v -0.73551283 -0.28158092 -0.49741901 0.00000000 0.00000000 0.00000000
v -0.71749481 -0.28158092 -0.49741901 0.00000000 0.00000000 0.00000000
v -0.69947679 -0.28158092 -0.49741901 0.00000000 0.00000000 0.00000000
v -0.68145878 -0.28158092 -0.49741901 0.00000000 0.00000000 0.00000000
v -0.66344076 -0.28158092 -0.49741901 0.00000000 0.00000000 0.00000000
v -0.64542274 -0.28158092 -0.49741901 0.00000000 0.00000000 0.00000000
v -0.62740472 -0.28158092 -0.49741901 0.00000000 0.00000000 0.00000000
v -0.60938670 -0.28158092 -0.49741901 0.00000000 0.00000000 0.00000000
v -0.59136869 -0.28158092 -0.49741901 0.00000000 0.00000000 0.00000000
v -0.57335067 -0.28158092 -0.49741901 0.00000000 0.00000000 0.00000000
v -0.55533265 -0.28158092 -0.49741901 0.00000000 0.00000000 0.00000000
v -0.53731463 -0.28158092 -0.49741901 0.00000000 0.00000000 0.00000000
v -0.51929661 -0.28158092 -0.49741901 0.00000000 0.00000000 0.00000000
v -0.50127860 -0.28158092 -0.49741901 0.00000000 0.00000000 0.00000000
v -0.48326058 -0.28158092 -0.49741901 0.00000000 0.00000000 0.00000000
v -0.46524256 -0.28158092 -0.49741901 0.00000000 0.00000000 0.00000000
v -0.44722454 -0.28158092 -0.49741901 0.00000000 0.00000000 0.00000000
v -0.42920652 -0.28158092 -0.49741901 0.00000000 0.00000000 0.00000000
v -0.41118851 -0.28158092 -0.49741901 0.00000000 0.00000000 0.00000000
v -0.39317049 -0.28158092 -0.49741901 0.00000000 0.00000000 0.00000000
v -0.37515247 -0.28158092 -0.49741901 0.00000000 0.00000000 0.00000000
v -0.35713445 -0.28158092 -0.49741901 0.00000000 0.00000000 0.00000000
v -0.33911643 -0.28158092 -0.49741901 0.00000000 0.00000000 0.00000000
v -0.32109842 -0.28158092 -0.49741901 0.00000000 0.00000000 0.00000000
v -0.30308040 -0.28158092 -0.49741901 0.00000000 0.00000000 0.00000000
v -0.28506238 -0.28158092 -0.49741901 0.00000000 0.00000000 0.00000000
v -0.26704436 -0.28158092 -0.49741901 0.00784314 0.00784314 0.00784314
v -0.24902634 -0.28158092 0.17912538 0.15294118 0.15294118 0.15686275
v -0.23100833 -0.28158092 0.21128967 0.30588235 0.33333333 0.37254902
v -0.21299031 -0.28158092 0.21997357 0.30588235 0.34509804 0.39215686
v -0.19497229 -0.28158092 0.22504389 0.32156863 0.34901961 0.38823529
v -0.17695427 -0.28158092 0.23117765 0.29803922 0.31764706 0.34117647
v -0.15893625 -0.28158092 0.23484732 0.23529412 0.25098039 0.26274510
v -0.14091824 -0.28158092 0.23762621 0.12549020 0.14117647 0.14509804
v -0.12290022 -0.28158092 0.23980326 0.27843137 0.28235294 0.28235294
v -0.10488220 -0.28158092 -0.49741901 0.00000000 0.00000000 0.00000000
v -0.08686418 -0.28158092 0.24377997 0.33725490 0.33333333 0.35294118
v -0.06884616 -0.28158092 0.24094052 0.39607843 0.38823529 0.43137255
v -0.05082815 -0.28158092 0.23679543 0.44313725 0.42352941 0.44705882
v -0.03281013 -0.28158092 0.23264923 0.46666667 0.44313725 0.45882353
v -0.01479211 -0.28158092 0.22816067 0.47843137 0.45882353 0.47450980
v 0.00322591 -0.28158092 0.22300072 0.47058824 0.45098039 0.46666667
v 0.02124393 -0.28158092 0.21840529 0.44705882 0.43921569 0.45098039
v 0.03926195 -0.28158092 0.20940549 0.45490196 0.45490196 0.46274510
v 0.05727996 -0.28158092 -0.49741901 0.00000000 0.00000000 0.00000000
v 0.07529798 -0.28158092 -0.49741901 0.00000000 0.00000000 0.00000000
v 0.09331600 -0.28158092 -0.49741901 0.00000000 0.00000000 0.00000000
v 0.11133402 -0.28158092 -0.49741901 0.00000000 0.00000000 0.00000000
v 0.12935204 -0.28158092 -0.49741901 0.00000000 0.00000000 0.00000000
v 0.14737005 -0.28158092 -0.49741901 0.00000000 0.00000000 0.00000000
v 0.16538807 -0.28158092 -0.49741901 0.00000000 0.00000000 0.00000000
v 0.18340609 -0.28158092 -0.49741901 0.00000000 0.00000000 0.00000000
v 0.20142411 -0.28158092 -0.49741901 0.00000000 0.00000000 0.00000000
v 0.21944213 -0.28158092 -0.49741901 0.00000000 0.00000000 0.00000000
v 0.23746014 -0.28158092 -0.49741901 0.00000000 0.00000000 0.00000000
v 0.25547816 -0.28158092 -0.49741901 0.00000000 0.00000000 0.00000000
v 0.27349618 -0.28158092 -0.49741901 0.00000000 0.00000000 0.00000000
v 0.29151420 -0.28158092 -0.49741901 0.00000000 0.00000000 0.00000000
v 0.30953222 -0.28158092 -0.49741901 0.00000000 0.00000000 0.00000000
v 0.32755023 -0.28158092 -0.49741901 0.00000000 0.00000000 0.00000000
v 0.34556825 -0.28158092 -0.49741901 0.00000000 0.00000000 0.00000000
v 0.36358627 -0.28158092 -0.49741901 0.00000000 0.00000000 0.00000000
v 0.38160429 -0.28158092 -0.49741901 0.00000000 0.00000000 0.00000000
v 0.39962231 -0.28158092 -0.49741901 0.00000000 0.00000000 0.00000000
v 0.41764032 -0.28158092 -0.49741901 0.00000000 0.00000000 0.00000000
v 0.43565834 -0.28158092 -0.49741901 0.00000000 0.00000000 0.00000000
v 0.45367636 -0.28158092 -0.49741901 0.00000000 0.00000000 0.00000000
v 0.47169438 -0.28158092 -0.49741901 0.00000000 0.00000000 0.00000000
v 0.48971240 -0.28158092 -0.49741901 0.00000000 0.00000000 0.00000000
v 0.50773041 -0.28158092 -0.49741901 0.00000000 0.00000000 0.00000000
v 0.52574843 -0.28158092 -0.49741901 0.00000000 0.00000000 0.00000000
v 0.54376645 -0.28158092 -0.49741901 0.00000000 0.00000000 0.00000000
v 0.56178447 -0.28158092 -0.49741901 0.00000000 0.00000000 0.00000000
v 0.57980249 -0.28158092 -0.49741901 0.00000000 0.00000000 0.00000000
v 0.59782050 -0.28158092 -0.49741901 0.00000000 0.00000000 0.00000000
v 0.61583852 -0.28158092 -0.49741901 0.00000000 0.00000000 0.00000000
v 0.63385654 -0.28158092 -0.49741901 0.00000000 0.00000000 0.00000000
v 0.65187456 -0.28158092 -0.49741901 0.00000000 0.00000000 0.00000000
v 0.66989258 -0.28158092 -0.49741901 0.00000000 0.00000000 0.00000000
v 0.68791059 -0.28158092 -0.49741901 0.00000000 0.00000000 0.00000000
v 0.70592861 -0.28158092 -0.49741901 0.00000000 0.00000000 0.00000000
v 0.72394663 -0.28158092 -0.49741901 0.00000000 0.00000000 0.00000000
v 0.74196465 -0.28158092 -0.49741901 0.00000000 0.00000000 0.00000000
v 0.75998267 -0.28158092 -0.49741901 0.00000000 0.00000000 0.00000000
v 0.77800068 -0.28158092 -0.49741901 0.00000000 0.00000000 0.00000000
v 0.79601870 -0.28158092 -0.49741901 0.00000000 0.00000000 0.00000000
v 0.81403672 -0.28158092 -0.49741901 0.00000000 0.00000000 0.00000000
v 0.83205474 -0.28158092 -0.49741901 0.00000000 0.00000000 0.00000000
v 0.85007276 -0.28158092 -0.49741901 0.00000000 0.00000000 0.00000000
v 0.86809077 -0.28158092 -0.49741901 0.00000000 0.00000000 0.00000000
v 0.88610879 -0.28158092 -0.49741901 0.00000000 0.00000000 0.00000000
v 0.90412681 -0.28158092 -0.49741901 0.00000000 0.00000000 0.00000000
v 0.92214483 -0.28158092 -0.49741901 0.00000000 0.00000000 0.00000000
v -0.91569301 -0.29959894 -0.49741901 0.00000000 0.00000000 0.00000000
v -0.89767499 -0.29959894 -0.49741901 0.00000000 0.00000000 0.00000000
v -0.87965697 -0.29959894 -0.49741901 0.00000000 0.00000000 0.00000000
v -0.86163896 -0.29959894 -0.49741901 0.00000000 0.00000000 0.00000000
v -0.84362094 -0.29959894 -0.49741901 0.00000000 0.00000000 0.00000000
v -0.82560292 -0.29959894 -0.49741901 0.00000000 0.00000000 0.00000000
v -0.80758490 -0.29959894 -0.49741901 0.00000000 0.00000000 0.00000000
v -0.78956688 -0.29959894 -0.49741901 0.00000000 0.00000000 0.00000000
v -0.77154887 -0.29959894 -0.49741901 0.00000000 0.00000000 0.00000000
v -0.75353085 -0.29959894 -0.49741901 0.00000000 0.00000000 0.00000000
v -0.73551283 -0.29959894 -0.49741901 0.00000000 0.00000000 0.00000000
v -0.71749481 -0.29959894 -0.49741901 0.00000000 0.00000000 0.00000000
v -0.69947679 -0.29959894 -0.49741901 0.00000000 0.00000000 0.00000000
v -0.68145878 -0.29959894 -0.49741901 0.00000000 0.00000000 0.00000000
v -0.66344076 -0.29959894 -0.49741901 0.00000000 0.00000000 0.00000000
v -0.64542274 -0.29959894 -0.49741901 0.00000000 0.00000000 0.00000000
v -0.62740472 -0.29959894 -0.49741901 0.00000000 0.00000000 0.00000000
v -0.60938670 -0.29959894 -0.49741901 0.00000000 0.00000000 0.00000000
v -0.59136869 -0.29959894 -0.49741901 0.00000000 0.00000000 0.00000000
v -0.57335067 -0.29959894 -0.49741901 0.00000000 0.00000000 0.00000000
v -0.55533265 -0.29959894 -0.49741901 0.00000000 0.00000000 0.00000000
v -0.53731463 -0.29959894 -0.49741901 0.00000000 0.00000000 0.00000000
v -0.51929661 -0.29959894 -0.49741901 0.00000000 0.00000000 0.00000000
v -0.50127860 -0.29959894 -0.49741901 0.00000000 0.00000000 0.00000000
v -0.48326058 -0.29959894 -0.49741901 0.00000000 0.00000000 0.00000000
v -0.46524256 -0.29959894 -0.49741901 0.00000000 0.00000000 0.00000000
v -0.44722454 -0.29959894 -0.49741901 0.00000000 0.00000000 0.00000000
v -0.42920652 -0.29959894 -0.49741901 0.00000000 0.00000000 0.00000000
v -0.41118851 -0.29959894 -0.49741901 0.00000000 0.00000000 0.00000000
v -0.39317049 -0.29959894 -0.49741901 0.00000000 0.00000000 0.00000000
v -0.37515247 -0.29959894 -0.49741901 0.00000000 0.00000000 0.00000000
v -0.35713445 -0.29959894 -0.49741901 0.00000000 0.00000000 0.00000000
v -0.33911643 -0.29959894 -0.49741901 0.00000000 0.00000000 0.00000000
v -0.32109842 -0.29959894 -0.49741901 0.00000000 0.00000000 0.00000000
v -0.30308040 -0.29959894 -0.49741901 0.00000000 0.00000000 0.00000000
v -0.28506238 -0.29959894 -0.49741901 0.00000000 0.00000000 0.00000000
v -0.26704436 -0.29959894 -0.49741901 0.00784314 0.00784314 0.00784314
v -0.24902634 -0.29959894 0.17414579 0.20000000 0.20000000 0.20000000
v -0.23100833 -0.29959894 0.20769932 0.33333333 0.36078431 0.40000000
v -0.21299031 -0.29959894 0.21776675 0.29803922 0.33725490 0.38431373
v -0.19497229 -0.29959894 0.22217441 0.27843137 0.30588235 0.34509804
v -0.17695427 -0.29959894 0.22795715 0.32549020 0.34509804 0.36862745
v -0.15893625 -0.29959894 0.23196471 0.17254902 0.18823529 0.20000000
v -0.14091824 -0.29959894 0.23472972 0.12156863 0.13725490 0.14117647
v -0.12290022 -0.29959894 0.23655548 0.20392157 0.20392157 0.20392157
v -0.10488220 -0.29959894 -0.49741901 0.00000000 0.00000000 0.00000000
v -0.08686418 -0.29959894 0.24013401 0.33725490 0.33333333 0.35294118
v -0.06884616 -0.29959894 0.23757376 0.39215686 0.38431373 0.42745098
v -0.05082815 -0.29959894 0.23325841 0.44313725 0.42352941 0.44705882
v -0.03281013 -0.29959894 0.22909221 0.46274510 0.43921569 0.45490196
v -0.01479211 -0.29959894 0.22462585 0.47450980 0.45490196 0.47058824
v 0.00322591 -0.29959894 0.21957382 0.47843137 0.45882353 0.47450980
v 0.02124393 -0.29959894 0.21461726 0.43529412 0.42745098 0.43921569
v 0.03926195 -0.29959894 0.20492635 0.38823529 0.38823529 0.39215686
v 0.05727996 -0.29959894 -0.49741901 0.00392157 0.00392157 0.00392157
v 0.07529798 -0.29959894 -0.49741901 0.00000000 0.00000000 0.00000000
v 0.09331600 -0.29959894 -0.49741901 0.00000000 0.00000000 0.00000000
v 0.11133402 -0.29959894 -0.49741901 0.00000000 0.00000000 0.00000000
v 0.12935204 -0.29959894 -0.49741901 0.00000000 0.00000000 0.00000000
v 0.14737005 -0.29959894 -0.49741901 0.00000000 0.00000000 0.00000000
v 0.16538807 -0.29959894 -0.49741901 0.00000000 0.00000000 0.00000000
v 0.18340609 -0.29959894 -0.49741901 0.00000000 0.00000000 0.00000000
v 0.20142411 -0.29959894 -0.49741901 0.00000000 0.00000000 0.00000000
v 0.21944213 -0.29959894 -0.49741901 0.00000000 0.00000000 0.00000000
v 0.23746014 -0.29959894 -0.49741901 0.00000000 0.00000000 0.00000000
v 0.25547816 -0.29959894 -0.49741901 0.00000000 0.00000000 0.00000000
v 0.27349618 -0.29959894 -0.49741901 0.00000000 0.00000000 0.00000000
v 0.29151420 -0.29959894 -0.49741901 0.00000000 0.00000000 0.00000000
v 0.30953222 -0.29959894 -0.49741901 0.00000000 0.00000000 0.00000000
v 0.32755023 -0.29959894 -0.49741901 0.00000000 0.00000000 0.00000000
v 0.34556825 -0.29959894 -0.49741901 0.00000000 0.00000000 0.00000000
v 0.36358627 -0.29959894 -0.49741901 0.00000000 0.00000000 0.00000000
v 0.38160429 -0.29959894 -0.49741901 0.00000000 0.00000000 0.00000000
v 0.39962231 -0.29959894 -0.49741901 0.00000000 0.00000000 0.00000000
v 0.41764032 -0.29959894 -0.49741901 0.00000000 0.00000000 0.00000000
v 0.43565834 -0.29959894 -0.49741901 0.00000000 0.00000000 0.00000000
v 0.45367636 -0.29959894 -0.49741901 0.00000000 0.00000000 0.00000000
v 0.47169438 -0.29959894 -0.49741901 0.00000000 0.00000000 0.00000000
v 0.48971240 -0.29959894 -0.49741901 0.00000000 0.00000000 0.00000000
v 0.50773041 -0.29959894 -0.49741901 0.00000000 0.00000000 0.00000000
v 0.52574843 -0.29959894 -0.49741901 0.00000000 0.00000000 0.00000000
v 0.54376645 -0.29959894 -0.49741901 0.00000000 0.00000000 0.00000000
v 0.56178447 -0.29959894 -0.49741901 0.00000000 0.00000000 0.00000000
v 0.57980249 -0.29959894 -0.49741901 0.00000000 0.00000000 0.00000000
v 0.59782050 -0.29959894 -0.49741901 0.00000000 0.00000000 0.00000000
v 0.61583852 -0.29959894 -0.49741901 0.00000000 0.00000000 0.00000000
v 0.63385654 -0.29959894 -0.49741901 0.00000000 0.00000000 0.00000000
v 0.65187456 -0.29959894 -0.49741901 0.00000000 0.00000000 0.00000000
v 0.66989258 -0.29959894 -0.49741901 0.00000000 0.00000000 0.00000000
v 0.68791059 -0.29959894 -0.49741901 0.00000000 0.00000000 0.00000000
v 0.70592861 -0.29959894 -0.49741901 0.00000000 0.00000000 0.00000000
v 0.72394663 -0.29959894 -0.49741901 0.00000000 0.00000000 0.00000000
v 0.74196465 -0.29959894 -0.49741901 0.00000000 0.00000000 0.00000000
v 0.75998267 -0.29959894 -0.49741901 0.00000000 0.00000000 0.00000000
v 0.77800068 -0.29959894 -0.49741901 0.00000000 0.00000000 0.00000000
v 0.79601870 -0.29959894 -0.49741901 0.00000000 0.00000000 0.00000000
v 0.81403672 -0.29959894 -0.49741901 0.00000000 0.00000000 0.00000000
v 0.83205474 -0.29959894 -0.49741901 0.00000000 0.00000000 0.00000000
v 0.85007276 -0.29959894 -0.49741901 0.00000000 0.00000000 0.00000000
v 0.86809077 -0.29959894 -0.49741901 0.00000000 0.00000000 0.00000000
v 0.88610879 -0.29959894 -0.49741901 0.00000000 0.00000000 0.00000000
v 0.90412681 -0.29959894 -0.49741901 0.00000000 0.00000000 0.00000000
v 0.92214483 -0.29959894 -0.49741901 0.00000000 0.00000000 0.00000000
v -0.91569301 -0.31761696 -0.49741901 0.00000000 0.00000000 0.00000000
v -0.89767499 -0.31761696 -0.49741901 0.00000000 0.00000000 0.00000000
v -0.87965697 -0.31761696 -0.49741901 0.00000000 0.00000000 0.00000000
v -0.86163896 -0.31761696 -0.49741901 0.00000000 0.00000000 0.00000000
v -0.84362094 -0.31761696 -0.49741901 0.00000000 0.00000000 0.00000000
v -0.82560292 -0.31761696 -0.49741901 0.00000000 0.00000000 0.00000000
v -0.80758490 -0.31761696 -0.49741901 0.00000000 0.00000000 0.00000000
v -0.78956688 -0.31761696 -0.49741901 0.00000000 0.00000000 0.00000000
v -0.77154887 -0.31761696 -0.49741901 0.00000000 0.00000000 0.00000000
v -0.75353085 -0.31761696 -0.49741901 0.00000000 0.00000000 0.00000000
v -0.73551283 -0.31761696 -0.49741901 0.00000000 0.00000000 0.00000000
v -0.71749481 -0.31761696 -0.49741901 0.00000000 0.00000000 0.00000000
v -0.69947679 -0.31761696 -0.49741901 0.00000000 0.00000000 0.00000000
v -0.68145878 -0.31761696 -0.49741901 0.00000000 0.00000000 0.00000000
v -0.66344076 -0.31761696 -0.49741901 0.00000000 0.00000000 0.00000000
v -0.64542274 -0.31761696 -0.49741901 0.00000000 0.00000000 0.00000000
v -0.62740472 -0.31761696 -0.49741901 0.00000000 0.00000000 0.00000000
v -0.60938670 -0.31761696 -0.49741901 0.00000000 0.00000000 0.00000000
v -0.59136869 -0.31761696 -0.49741901 0.00000000 0.00000000 0.00000000
v -0.57335067 -0.31761696 -0.49741901 0.00000000 0.00000000 0.00000000
v -0.55533265 -0.31761696 -0.49741901 0.00000000 0.00000000 0.00000000
v -0.53731463 -0.31761696 -0.49741901 0.00000000 0.00000000 0.00000000
v -0.51929661 -0.31761696 -0.49741901 0.00000000 0.00000000 0.00000000
v -0.50127860 -0.31761696 -0.49741901 0.00000000 0.00000000 0.00000000
v -0.48326058 -0.31761696 -0.49741901 0.00000000 0.00000000 0.00000000
v -0.46524256 -0.31761696 -0.49741901 0.00000000 0.00000000 0.00000000
v -0.44722454 -0.31761696 -0.49741901 0.00000000 0.00000000 0.00000000
v -0.42920652 -0.31761696 -0.49741901 0.00000000 0.00000000 0.00000000
v -0.41118851 -0.31761696 -0.49741901 0.00000000 0.00000000 0.00000000
v -0.39317049 -0.31761696 -0.49741901 0.00000000 0.00000000 0.00000000
v -0.37515247 -0.31761696 -0.49741901 0.00000000 0.00000000 0.00000000
v -0.35713445 -0.31761696 -0.49741901 0.00000000 0.00000000 0.00000000
v -0.33911643 -0.31761696 -0.49741901 0.00000000 0.00000000 0.00000000
v -0.32109842 -0.31761696 -0.49741901 0.00000000 0.00000000 0.00000000
v -0.30308040 -0.31761696 -0.49741901 0.00000000 0.00000000 0.00000000
v -0.28506238 -0.31761696 -0.49741901 0.00000000 0.00000000 0.00000000
v -0.26704436 -0.31761696 -0.49741901 0.00784314 0.00784314 0.00784314
v -0.24902634 -0.31761696 0.17115301 0.20000000 0.20000000 0.20392157
v -0.23100833 -0.31761696 0.20461491 0.32549020 0.35294118 0.39215686
v -0.21299031 -0.31761696 0.21551278 0.29803922 0.33725490 0.38431373
v -0.19497229 -0.31761696 0.21937484 0.30588235 0.33333333 0.37254902
v -0.17695427 -0.31761696 0.22495557 0.22745098 0.24705882 0.27058824
v -0.15893625 -0.31761696 0.22901173 0.17647059 0.19215686 0.20392157
v -0.14091824 -0.31761696 0.23163768 0.04705882 0.06274510 0.06666667
v -0.12290022 -0.31761696 -0.49741901 0.03137255 0.03137255 0.03137255
v -0.10488220 -0.31761696 -0.49741901 0.00000000 0.00000000 0.00000000
v -0.08686418 -0.31761696 0.23634447 0.31372549 0.30980392 0.33333333
v -0.06884616 -0.31761696 0.23394513 0.38039216 0.37254902 0.41568627
v -0.05082815 -0.31761696 0.22995969 0.43137255 0.41176471 0.43529412
v -0.03281013 -0.31761696 0.22623875 0.46274510 0.43921569 0.45490196
v -0.01479211 -0.31761696 0.22207853 0.47843137 0.45882353 0.47450980
v 0.00322591 -0.31761696 0.21735154 0.47058824 0.45098039 0.46666667
v 0.02124393 -0.31761696 0.21037483 0.44313725 0.43529412 0.44705882
v 0.03926195 -0.31761696 0.20126595 0.31372549 0.31372549 0.31764706
v 0.05727996 -0.31761696 -0.49741901 0.00784314 0.00784314 0.00784314
v 0.07529798 -0.31761696 -0.49741901 0.00000000 0.00000000 0.00000000
v 0.09331600 -0.31761696 -0.49741901 0.00000000 0.00000000 0.00000000
v 0.11133402 -0.31761696 -0.49741901 0.00000000 0.00000000 0.00000000
v 0.12935204 -0.31761696 -0.49741901 0.00000000 0.00000000 0.00000000
v 0.14737005 -0.31761696 -0.49741901 0.00000000 0.00000000 0.00000000
v 0.16538807 -0.31761696 -0.49741901 0.00000000 0.00000000 0.00000000
v 0.18340609 -0.31761696 -0.49741901 0.00000000 0.00000000 0.00000000
v 0.20142411 -0.31761696 -0.49741901 0.00000000 0.00000000 0.00000000
v 0.21944213 -0.31761696 -0.49741901 0.00000000 0.00000000 0.00000000
v 0.23746014 -0.31761696 -0.49741901 0.00000000 0.00000000 0.00000000
v 0.25547816 -0.31761696 -0.49741901 0.00000000 0.00000000 0.00000000
v 0.27349618 -0.31761696 -0.49741901 0.00000000 0.00000000 0.00000000
v 0.29151420 -0.31761696 -0.49741901 0.00000000 0.00000000 0.00000000
v 0.30953222 -0.31761696 -0.49741901 0.00000000 0.00000000 0.00000000
v 0.32755023 -0.31761696 -0.49741901 0.00000000 0.00000000 0.00000000
v 0.34556825 -0.31761696 -0.49741901 0.00000000 0.00000000 0.00000000
v 0.36358627 -0.31761696 -0.49741901 0.00000000 0.00000000 0.00000000
v 0.38160429 -0.31761696 -0.49741901 0.00000000 0.00000000 0.00000000
v 0.39962231 -0.31761696 -0.49741901 0.00000000 0.00000000 0.00000000
v 0.41764032 -0.31761696 -0.49741901 0.00000000 0.00000000 0.00000000
v 0.43565834 -0.31761696 -0.49741901 0.00000000 0.00000000 0.00000000
v 0.45367636 -0.31761696 -0.49741901 0.00000000 0.00000000 0.00000000
v 0.47169438 -0.31761696 -0.49741901 0.00000000 0.00000000 0.00000000
v 0.48971240 -0.31761696 -0.49741901 0.00000000 0.00000000 0.00000000
v 0.50773041 -0.31761696 -0.49741901 0.00000000 0.00000000 0.00000000
v 0.52574843 -0.31761696 -0.49741901 0.00000000 0.00000000 0.00000000
v 0.54376645 -0.31761696 -0.49741901 0.00000000 0.00000000 0.00000000
v 0.56178447 -0.31761696 -0.49741901 0.00000000 0.00000000 0.00000000
v 0.57980249 -0.31761696 -0.49741901 0.00000000 0.00000000 0.00000000
v 0.59782050 -0.31761696 -0.49741901 0.00000000 0.00000000 0.00000000
v 0.61583852 -0.31761696 -0.49741901 0.00000000 0.00000000 0.00000000
v 0.63385654 -0.31761696 -0.49741901 0.00000000 0.00000000 0.00000000
v 0.65187456 -0.31761696 -0.49741901 0.00000000 0.00000000 0.00000000
v 0.66989258 -0.31761696 -0.49741901 0.00000000 0.00000000 0.00000000
v 0.68791059 -0.31761696 -0.49741901 0.00000000 0.00000000 0.00000000
v 0.70592861 -0.31761696 -0.49741901 0.00000000 0.00000000 0.00000000
v 0.72394663 -0.31761696 -0.49741901 0.00000000 0.00000000 0.00000000
v 0.74196465 -0.31761696 -0.49741901 0.00000000 0.00000000 0.00000000
v 0.75998267 -0.31761696 -0.49741901 0.00000000 0.00000000 0.00000000
v 0.77800068 -0.31761696 -0.49741901 0.00000000 0.00000000 0.00000000
v 0.79601870 -0.31761696 -0.49741901 0.00000000 0.00000000 0.00000000
v 0.81403672 -0.31761696 -0.49741901 0.00000000 0.00000000 0.00000000
v 0.83205474 -0.31761696 -0.49741901 0.00000000 0.00000000 0.00000000
v 0.85007276 -0.31761696 -0.49741901 0.00000000 0.00000000 0.00000000
v 0.86809077 -0.31761696 -0.49741901 0.00000000 0.00000000 0.00000000
v 0.88610879 -0.31761696 -0.49741901 0.00000000 0.00000000 0.00000000
v 0.90412681 -0.31761696 -0.49741901 0.00000000 0.00000000 0.00000000
v 0.92214483 -0.31761696 -0.49741901 0.00000000 0.00000000 0.00000000
v -0.91569301 -0.33563498 -0.49741901 0.00000000 0.00000000 0.00000000
v -0.89767499 -0.33563498 -0.49741901 0.00000000 0.00000000 0.00000000
v -0.87965697 -0.33563498 -0.49741901 0.00000000 0.00000000 0.00000000
v -0.86163896 -0.33563498 -0.49741901 0.00000000 0.00000000 0.00000000
v -0.84362094 -0.33563498 -0.49741901 0.00000000 0.00000000 0.00000000
v -0.82560292 -0.33563498 -0.49741901 0.00000000 0.00000000 0.00000000
v -0.80758490 -0.33563498 -0.49741901 0.00000000 0.00000000 0.00000000
v -0.78956688 -0.33563498 -0.49741901 0.00000000 0.00000000 0.00000000
v -0.77154887 -0.33563498 -0.49741901 0.00000000 0.00000000 0.00000000
v -0.75353085 -0.33563498 -0.49741901 0.00000000 0.00000000 0.00000000
v -0.73551283 -0.33563498 -0.49741901 0.00000000 0.00000000 0.00000000
v -0.71749481 -0.33563498 -0.49741901 0.00000000 0.00000000 0.00000000
v -0.69947679 -0.33563498 -0.49741901 0.00000000 0.00000000 0.00000000
v -0.68145878 -0.33563498 -0.49741901 0.00000000 0.00000000 0.00000000
v -0.66344076 -0.33563498 -0.49741901 0.00000000 0.00000000 0.00000000
v -0.64542274 -0.33563498 -0.49741901 0.00000000 0.00000000 0.00000000
v -0.62740472 -0.33563498 -0.49741901 0.00000000 0.00000000 0.00000000
v -0.60938670 -0.33563498 -0.49741901 0.00000000 0.00000000 0.00000000
v -0.59136869 -0.33563498 -0.49741901 0.00000000 0.00000000 0.00000000
v -0.57335067 -0.33563498 -0.49741901 0.00000000 0.00000000 0.00000000
v -0.55533265 -0.33563498 -0.49741901 0.00000000 0.00000000 0.00000000
v -0.53731463 -0.33563498 -0.49741901 0.00000000 0.00000000 0.00000000
v -0.51929661 -0.33563498 -0.49741901 0.00000000 0.00000000 0.00000000
v -0.50127860 -0.33563498 -0.49741901 0.00000000 0.00000000 0.00000000
v -0.48326058 -0.33563498 -0.49741901 0.00000000 0.00000000 0.00000000
v -0.46524256 -0.33563498 -0.49741901 0.00000000 0.00000000 0.00000000
v -0.44722454 -0.33563498 -0.49741901 0.00000000 0.00000000 0.00000000
v -0.42920652 -0.33563498 -0.49741901 0.00000000 0.00000000 0.00000000
v -0.41118851 -0.33563498 -0.49741901 0.00000000 0.00000000 0.00000000
v -0.39317049 -0.33563498 -0.49741901 0.00000000 0.00000000 0.00000000
v -0.37515247 -0.33563498 -0.49741901 0.00000000 0.00000000 0.00000000
v -0.35713445 -0.33563498 -0.49741901 0.00000000 0.00000000 0.00000000
v -0.33911643 -0.33563498 -0.49741901 0.00000000 0.00000000 0.00000000
v -0.32109842 -0.33563498 -0.49741901 0.00000000 0.00000000 0.00000000
v -0.30308040 -0.33563498 -0.49741901 0.00000000 0.00000000 0.00000000
v -0.28506238 -0.33563498 -0.49741901 0.00000000 0.00000000 0.00000000
v -0.26704436 -0.33563498 -0.49741901 0.00784314 0.00784314 0.00784314
v -0.24902634 -0.33563498 0.16977346 0.19215686 0.19215686 0.20000000
v -0.23100833 -0.33563498 0.20063278 0.32549020 0.35294118 0.39215686
v -0.21299031 -0.33563498 0.21071589 0.31764706 0.35686275 0.40392157
v -0.19497229 -0.33563498 0.21430693 0.29019608 0.31764706 0.35686275
v -0.17695427 -0.33563498 0.22040680 0.19607843 0.21568627 0.23921569
v -0.15893625 -0.33563498 0.22478848 0.14509804 0.16078431 0.17254902
v -0.14091824 -0.33563498 0.22771528 0.03921569 0.05490196 0.05882353
v -0.12290022 -0.33563498 -0.49741901 0.00000000 0.00000000 0.00000000
v -0.10488220 -0.33563498 -0.49741901 0.00000000 0.00000000 0.00000000
v -0.08686418 -0.33563498 0.23224899 0.34509804 0.34117647 0.36078431
v -0.06884616 -0.33563498 0.22903860 0.38431373 0.37647059 0.41960784
v -0.05082815 -0.33563498 0.22574016 0.41176471 0.39215686 0.41568627
v -0.03281013 -0.33563498 0.22235422 0.45882353 0.43529412 0.45098039
v -0.01479211 -0.33563498 0.21818946 0.48235294 0.46274510 0.47843137
v 0.00322591 -0.33563498 0.21385899 0.45882353 0.43921569 0.45490196
v 0.02124393 -0.33563498 0.20590201 0.43921569 0.43137255 0.44313725
v 0.03926195 -0.33563498 0.19807570 0.25098039 0.25098039 0.25098039
v 0.05727996 -0.33563498 -0.49741901 0.00784314 0.00784314 0.00784314
v 0.07529798 -0.33563498 -0.49741901 0.00000000 0.00000000 0.00000000
v 0.09331600 -0.33563498 -0.49741901 0.00000000 0.00000000 0.00000000
v 0.11133402 -0.33563498 -0.49741901 0.00000000 0.00000000 0.00000000
v 0.12935204 -0.33563498 -0.49741901 0.00000000 0.00000000 0.00000000
v 0.14737005 -0.33563498 -0.49741901 0.00000000 0.00000000 0.00000000
v 0.16538807 -0.33563498 -0.49741901 0.00000000 0.00000000 0.00000000
v 0.18340609 -0.33563498 -0.49741901 0.00000000 0.00000000 0.00000000
v 0.20142411 -0.33563498 -0.49741901 0.00000000 0.00000000 0.00000000
v 0.21944213 -0.33563498 -0.49741901 0.00000000 0.00000000 0.00000000
v 0.23746014 -0.33563498 -0.49741901 0.00000000 0.00000000 0.00000000
v 0.25547816 -0.33563498 -0.49741901 0.00000000 0.00000000 0.00000000
v 0.27349618 -0.33563498 -0.49741901 0.00000000 0.00000000 0.00000000
v 0.29151420 -0.33563498 -0.49741901 0.00000000 0.00000000 0.00000000
v 0.30953222 -0.33563498 -0.49741901 0.00000000 0.00000000 0.00000000
v 0.32755023 -0.33563498 -0.49741901 0.00000000 0.00000000 0.00000000
v 0.34556825 -0.33563498 -0.49741901 0.00000000 0.00000000 0.00000000
v 0.36358627 -0.33563498 -0.49741901 0.00000000 0.00000000 0.00000000
v 0.38160429 -0.33563498 -0.49741901 0.00000000 0.00000000 0.00000000
v 0.39962231 -0.33563498 -0.49741901 0.00000000 0.00000000 0.00000000
v 0.41764032 -0.33563498 -0.49741901 0.00000000 0.00000000 0.00000000
v 0.43565834 -0.33563498 -0.49741901 0.00000000 0.00000000 0.00000000
v 0.45367636 -0.33563498 -0.49741901 0.00000000 0.00000000 0.00000000
v 0.47169438 -0.33563498 -0.49741901 0.00000000 0.00000000 0.00000000
v 0.48971240 -0.33563498 -0.49741901 0.00000000 0.00000000 0.00000000
v 0.50773041 -0.33563498 -0.49741901 0.00000000 0.00000000 0.00000000
v 0.52574843 -0.33563498 -0.49741901 0.00000000 0.00000000 0.00000000
v 0.54376645 -0.33563498 -0.49741901 0.00000000 0.00000000 0.00000000
v 0.56178447 -0.33563498 -0.49741901 0.00000000 0.00000000 0.00000000
v 0.57980249 -0.33563498 -0.49741901 0.00000000 0.00000000 0.00000000
v 0.59782050 -0.33563498 -0.49741901 0.00000000 0.00000000 0.00000000
v 0.61583852 -0.33563498 -0.49741901 0.00000000 0.00000000 0.00000000
v 0.63385654 -0.33563498 -0.49741901 0.00000000 0.00000000 0.00000000
v 0.65187456 -0.33563498 -0.49741901 0.00000000 0.00000000 0.00000000
v 0.66989258 -0.33563498 -0.49741901 0.00000000 0.00000000 0.00000000
v 0.68791059 -0.33563498 -0.49741901 0.00000000 0.00000000 0.00000000
v 0.70592861 -0.33563498 -0.49741901 0.00000000 0.00000000 0.00000000
v 0.72394663 -0.33563498 -0.49741901 0.00000000 0.00000000 0.00000000
v 0.74196465 -0.33563498 -0.49741901 0.00000000 0.00000000 0.00000000
v 0.75998267 -0.33563498 -0.49741901 0.00000000 0.00000000 0.00000000
v 0.77800068 -0.33563498 -0.49741901 0.00000000 0.00000000 0.00000000
v 0.79601870 -0.33563498 -0.49741901 0.00000000 0.00000000 0.00000000
v 0.81403672 -0.33563498 -0.49741901 0.00000000 0.00000000 0.00000000
v 0.83205474 -0.33563498 -0.49741901 0.00000000 0.00000000 0.00000000
v 0.85007276 -0.33563498 -0.49741901 0.00000000 0.00000000 0.00000000
v 0.86809077 -0.33563498 -0.49741901 0.00000000 0.00000000 0.00000000
v 0.88610879 -0.33563498 -0.49741901 0.00000000 0.00000000 0.00000000
v 0.90412681 -0.33563498 -0.49741901 0.00000000 0.00000000 0.00000000
v 0.92214483 -0.33563498 -0.49741901 0.00000000 0.00000000 0.00000000
v -0.91569301 -0.35365299 -0.49741901 0.00000000 0.00000000 0.00000000
v -0.89767499 -0.35365299 -0.49741901 0.00000000 0.00000000 0.00000000
v -0.87965697 -0.35365299 -0.49741901 0.00000000 0.00000000 0.00000000
v -0.86163896 -0.35365299 -0.49741901 0.00000000 0.00000000 0.00000000
v -0.84362094 -0.35365299 -0.49741901 0.00000000 0.00000000 0.00000000
v -0.82560292 -0.35365299 -0.49741901 0.00000000 0.00000000 0.00000000
v -0.80758490 -0.35365299 -0.49741901 0.00000000 0.00000000 0.00000000
v -0.78956688 -0.35365299 -0.49741901 0.00000000 0.00000000 0.00000000
v -0.77154887 -0.35365299 -0.49741901 0.00000000 0.00000000 0.00000000
v -0.75353085 -0.35365299 -0.49741901 0.00000000 0.00000000 0.00000000
v -0.73551283 -0.35365299 -0.49741901 0.00000000 0.00000000 0.00000000
v -0.71749481 -0.35365299 -0.49741901 0.00000000 0.00000000 0.00000000
v -0.69947679 -0.35365299 -0.49741901 0.00000000 0.00000000 0.00000000
v -0.68145878 -0.35365299 -0.49741901 0.00000000 0.00000000 0.00000000
v -0.66344076 -0.35365299 -0.49741901 0.00000000 0.00000000 0.00000000
v -0.64542274 -0.35365299 -0.49741901 0.00000000 0.00000000 0.00000000
v -0.62740472 -0.35365299 -0.49741901 0.00000000 0.00000000 0.00000000
v -0.60938670 -0.35365299 -0.49741901 0.00000000 0.00000000 0.00000000
v -0.59136869 -0.35365299 -0.49741901 0.00000000 0.00000000 0.00000000
v -0.57335067 -0.35365299 -0.49741901 0.00000000 0.00000000 0.00000000
v -0.55533265 -0.35365299 -0.49741901 0.00000000 0.00000000 0.00000000
v -0.53731463 -0.35365299 -0.49741901 0.00000000 0.00000000 0.00000000
v -0.51929661 -0.35365299 -0.49741901 0.00000000 0.00000000 0.00000000
v -0.50127860 -0.35365299 -0.49741901 0.00000000 0.00000000 0.00000000
v -0.48326058 -0.35365299 -0.49741901 0.00000000 0.00000000 0.00000000
v -0.46524256 -0.35365299 -0.49741901 0.00000000 0.00000000 0.00000000
v -0.44722454 -0.35365299 -0.49741901 0.00000000 0.00000000 0.00000000
v -0.42920652 -0.35365299 -0.49741901 0.00000000 0.00000000 0.00000000
v -0.41118851 -0.35365299 -0.49741901 0.00000000 0.00000000 0.00000000
v -0.39317049 -0.35365299 -0.49741901 0.00000000 0.00000000 0.00000000
v -0.37515247 -0.35365299 -0.49741901 0.00000000 0.00000000 0.00000000
v -0.35713445 -0.35365299 -0.49741901 0.00000000 0.00000000 0.00000000
v -0.33911643 -0.35365299 -0.49741901 0.00000000 0.00000000 0.00000000
v -0.32109842 -0.35365299 -0.49741901 0.00000000 0.00000000 0.00000000
v -0.30308040 -0.35365299 -0.49741901 0.00000000 0.00000000 0.00000000
v -0.28506238 -0.35365299 -0.49741901 0.00000000 0.00000000 0.00000000
v -0.26704436 -0.35365299 -0.49741901 0.00784314 0.00784314 0.00784314
v -0.24902634 -0.35365299 0.16769442 0.22352941 0.22745098 0.23137255
v -0.23100833 -0.35365299 0.19665753 0.33333333 0.36078431 0.40000000
v -0.21299031 -0.35365299 0.20598477 0.35294118 0.39215686 0.43921569
v -0.19497229 -0.35365299 0.20945786 0.25490196 0.28235294 0.32156863
v -0.17695427 -0.35365299 0.21540267 0.28235294 0.30196078 0.32549020
v -0.15893625 -0.35365299 0.22030480 0.14901961 0.16470588 0.17647059
v -0.14091824 -0.35365299 0.22404547 0.03921569 0.05490196 0.05882353
v -0.12290022 -0.35365299 -0.49741901 0.00000000 0.00000000 0.00000000
v -0.10488220 -0.35365299 -0.49741901 0.00000000 0.00000000 0.00000000
v -0.08686418 -0.35365299 0.22834336 0.29803922 0.29411765 0.31372549
v -0.06884616 -0.35365299 0.22318026 0.35686275 0.34901961 0.39215686
v -0.05082815 -0.35365299 0.22166084 0.39607843 0.37647059 0.40000000
v -0.03281013 -0.35365299 0.21882834 0.45882353 0.43529412 0.45098039
v -0.01479211 -0.35365299 0.21410939 0.49019608 0.47058824 0.48627451
v 0.00322591 -0.35365299 0.20929819 0.44705882 0.42745098 0.44313725
v 0.02124393 -0.35365299 0.20174839 0.40784314 0.40000000 0.41176471
v 0.03926195 -0.35365299 0.19390819 0.22352941 0.22352941 0.22745098
v 0.05727996 -0.35365299 -0.49741901 0.00784314 0.00784314 0.00784314
v 0.07529798 -0.35365299 -0.49741901 0.00000000 0.00000000 0.00000000
v 0.09331600 -0.35365299 -0.49741901 0.00000000 0.00000000 0.00000000
v 0.11133402 -0.35365299 -0.49741901 0.00000000 0.00000000 0.00000000
v 0.12935204 -0.35365299 -0.49741901 0.00000000 0.00000000 0.00000000
v 0.14737005 -0.35365299 -0.49741901 0.00000000 0.00000000 0.00000000
v 0.16538807 -0.35365299 -0.49741901 0.00000000 0.00000000 0.00000000
v 0.18340609 -0.35365299 -0.49741901 0.00000000 0.00000000 0.00000000
v 0.20142411 -0.35365299 -0.49741901 0.00000000 0.00000000 0.00000000
v 0.21944213 -0.35365299 -0.49741901 0.00000000 0.00000000 0.00000000
v 0.23746014 -0.35365299 -0.49741901 0.00000000 0.00000000 0.00000000
v 0.25547816 -0.35365299 -0.49741901 0.00000000 0.00000000 0.00000000
v 0.27349618 -0.35365299 -0.49741901 0.00000000 0.00000000 0.00000000
v 0.29151420 -0.35365299 -0.49741901 0.00000000 0.00000000 0.00000000
v 0.30953222 -0.35365299 -0.49741901 0.00000000 0.00000000 0.00000000
v 0.32755023 -0.35365299 -0.49741901 0.00000000 0.00000000 0.00000000
v 0.34556825 -0.35365299 -0.49741901 0.00000000 0.00000000 0.00000000
v 0.36358627 -0.35365299 -0.49741901 0.00000000 0.00000000 0.00000000
v 0.38160429 -0.35365299 -0.49741901 0.00000000 0.00000000 0.00000000
v 0.39962231 -0.35365299 -0.49741901 0.00000000 0.00000000 0.00000000
v 0.41764032 -0.35365299 -0.49741901 0.00000000 0.00000000 0.00000000
v 0.43565834 -0.35365299 -0.49741901 0.00000000 0.00000000 0.00000000
v 0.45367636 -0.35365299 -0.49741901 0.00000000 0.00000000 0.00000000
v 0.47169438 -0.35365299 -0.49741901 0.00000000 0.00000000 0.00000000
v 0.48971240 -0.35365299 -0.49741901 0.00000000 0.00000000 0.00000000
v 0.50773041 -0.35365299 -0.49741901 0.00000000 0.00000000 0.00000000
v 0.52574843 -0.35365299 -0.49741901 0.00000000 0.00000000 0.00000000
v 0.54376645 -0.35365299 -0.49741901 0.00000000 0.00000000 0.00000000
v 0.56178447 -0.35365299 -0.49741901 0.00000000 0.00000000 0.00000000
v 0.57980249 -0.35365299 -0.49741901 0.00000000 0.00000000 0.00000000
v 0.59782050 -0.35365299 -0.49741901 0.00000000 0.00000000 0.00000000
v 0.61583852 -0.35365299 -0.49741901 0.00000000 0.00000000 0.00000000
v 0.63385654 -0.35365299 -0.49741901 0.00000000 0.00000000 0.00000000
v 0.65187456 -0.35365299 -0.49741901 0.00000000 0.00000000 0.00000000
v 0.66989258 -0.35365299 -0.49741901 0.00000000 0.00000000 0.00000000
v 0.68791059 -0.35365299 -0.49741901 0.00000000 0.00000000 0.00000000
v 0.70592861 -0.35365299 -0.49741901 0.00000000 0.00000000 0.00000000
v 0.72394663 -0.35365299 -0.49741901 0.00000000 0.00000000 0.00000000
v 0.74196465 -0.35365299 -0.49741901 0.00000000 0.00000000 0.00000000
v 0.75998267 -0.35365299 -0.49741901 0.00000000 0.00000000 0.00000000
v 0.77800068 -0.35365299 -0.49741901 0.00000000 0.00000000 0.00000000
v 0.79601870 -0.35365299 -0.49741901 0.00000000 0.00000000 0.00000000
v 0.81403672 -0.35365299 -0.49741901 0.00000000 0.00000000 0.00000000
v 0.83205474 -0.35365299 -0.49741901 0.00000000 0.00000000 0.00000000
v 0.85007276 -0.35365299 -0.49741901 0.00000000 0.00000000 0.00000000
v 0.86809077 -0.35365299 -0.49741901 0.00000000 0.00000000 0.00000000
v 0.88610879 -0.35365299 -0.49741901 0.00000000 0.00000000 0.00000000
v 0.90412681 -0.35365299 -0.49741901 0.00000000 0.00000000 0.00000000
v 0.92214483 -0.35365299 -0.49741901 0.00000000 0.00000000 0.00000000
v -0.91569301 -0.37167101 -0.49741901 0.00000000 0.00000000 0.00000000
v -0.89767499 -0.37167101 -0.49741901 0.00000000 0.00000000 0.00000000
v -0.87965697 -0.37167101 -0.49741901 0.00000000 0.00000000 0.00000000
v -0.86163896 -0.37167101 -0.49741901 0.00000000 0.00000000 0.00000000
v -0.84362094 -0.37167101 -0.49741901 0.00000000 0.00000000 0.00000000
v -0.82560292 -0.37167101 -0.49741901 0.00000000 0.00000000 0.00000000
v -0.80758490 -0.37167101 -0.49741901 0.00000000 0.00000000 0.00000000
v -0.78956688 -0.37167101 -0.49741901 0.00000000 0.00000000 0.00000000
v -0.77154887 -0.37167101 -0.49741901 0.00000000 0.00000000 0.00000000
v -0.75353085 -0.37167101 -0.49741901 0.00000000 0.00000000 0.00000000
v -0.73551283 -0.37167101 -0.49741901 0.00000000 0.00000000 0.00000000
v -0.71749481 -0.37167101 -0.49741901 0.00000000 0.00000000 0.00000000
v -0.69947679 -0.37167101 -0.49741901 0.00000000 0.00000000 0.00000000
v -0.68145878 -0.37167101 -0.49741901 0.00000000 0.00000000 0.00000000
v -0.66344076 -0.37167101 -0.49741901 0.00000000 0.00000000 0.00000000
v -0.64542274 -0.37167101 -0.49741901 0.00000000 0.00000000 0.00000000
v -0.62740472 -0.37167101 -0.49741901 0.00000000 0.00000000 0.00000000
v -0.60938670 -0.37167101 -0.49741901 0.00000000 0.00000000 0.00000000
v -0.59136869 -0.37167101 -0.49741901 0.00000000 0.00000000 0.00000000
v -0.57335067 -0.37167101 -0.49741901 0.00000000 0.00000000 0.00000000
v -0.55533265 -0.37167101 -0.49741901 0.00000000 0.00000000 0.00000000
v -0.53731463 -0.37167101 -0.49741901 0.00000000 0.00000000 0.00000000
v -0.51929661 -0.37167101 -0.49741901 0.00000000 0.00000000 0.00000000
v -0.50127860 -0.37167101 -0.49741901 0.00000000 0.00000000 0.00000000
v -0.48326058 -0.37167101 -0.49741901 0.00000000 0.00000000 0.00000000
v -0.46524256 -0.37167101 -0.49741901 0.00000000 0.00000000 0.00000000
v -0.44722454 -0.37167101 -0.49741901 0.00000000 0.00000000 0.00000000
v -0.42920652 -0.37167101 -0.49741901 0.00000000 0.00000000 0.00000000
v -0.41118851 -0.37167101 -0.49741901 0.00000000 0.00000000 0.00000000
v -0.39317049 -0.37167101 -0.49741901 0.00000000 0.00000000 0.00000000
v -0.37515247 -0.37167101 -0.49741901 0.00000000 0.00000000 0.00000000
v -0.35713445 -0.37167101 -0.49741901 0.00000000 0.00000000 0.00000000
v -0.33911643 -0.37167101 -0.49741901 0.00000000 0.00000000 0.00000000
v -0.32109842 -0.37167101 -0.49741901 0.00000000 0.00000000 0.00000000
v -0.30308040 -0.37167101 -0.49741901 0.00000000 0.00000000 0.00000000
v -0.28506238 -0.37167101 -0.49741901 0.00000000 0.00000000 0.00000000
v -0.26704436 -0.37167101 -0.49741901 0.00784314 0.00784314 0.00784314
v -0.24902634 -0.37167101 0.16353021 0.25098039 0.25882353 0.26274510
v -0.23100833 -0.37167101 0.19295569 0.36078431 0.38039216 0.39607843
v -0.21299031 -0.37167101 0.20245202 0.39215686 0.41960784 0.44313725
v -0.19497229 -0.37167101 0.20596889 0.30980392 0.32941176 0.35294118
v -0.17695427 -0.37167101 0.21162042 0.27450980 0.28627451 0.30588235
v -0.15893625 -0.37167101 0.21671472 0.20000000 0.20392157 0.21960784
v -0.14091824 -0.37167101 0.22117943 0.05098039 0.05882353 0.05490196
v -0.12290022 -0.37167101 -0.49741901 0.00000000 0.00000000 0.00000000
v -0.10488220 -0.37167101 -0.49741901 0.00000000 0.00000000 0.00000000
v -0.08686418 -0.37167101 0.22485178 0.21176471 0.22745098 0.24705882
v -0.06884616 -0.37167101 0.21742728 0.30980392 0.34509804 0.38039216
v -0.05082815 -0.37167101 0.21794993 0.36862745 0.39607843 0.42745098
v -0.03281013 -0.37167101 0.21592573 0.41568627 0.44313725 0.47450980
v -0.01479211 -0.37167101 0.21153017 0.40000000 0.43529412 0.47058824
v 0.00322591 -0.37167101 0.20615372 0.38039216 0.41568627 0.45098039
v 0.02124393 -0.37167101 0.19868021 0.35294118 0.38039216 0.40392157
v 0.03926195 -0.37167101 0.18949510 0.21176471 0.21176471 0.21568627
v 0.05727996 -0.37167101 -0.49741901 0.00784314 0.00784314 0.00784314
v 0.07529798 -0.37167101 -0.49741901 0.00000000 0.00000000 0.00000000
v 0.09331600 -0.37167101 -0.49741901 0.00000000 0.00000000 0.00000000
v 0.11133402 -0.37167101 -0.49741901 0.00000000 0.00000000 0.00000000
v 0.12935204 -0.37167101 -0.49741901 0.00000000 0.00000000 0.00000000
v 0.14737005 -0.37167101 -0.49741901 0.00000000 0.00000000 0.00000000
v 0.16538807 -0.37167101 -0.49741901 0.00000000 0.00000000 0.00000000
v 0.18340609 -0.37167101 -0.49741901 0.00000000 0.00000000 0.00000000
v 0.20142411 -0.37167101 -0.49741901 0.00000000 0.00000000 0.00000000
v 0.21944213 -0.37167101 -0.49741901 0.00000000 0.00000000 0.00000000
v 0.23746014 -0.37167101 -0.49741901 0.00000000 0.00000000 0.00000000
v 0.25547816 -0.37167101 -0.49741901 0.00000000 0.00000000 0.00000000
v 0.27349618 -0.37167101 -0.49741901 0.00000000 0.00000000 0.00000000
v 0.29151420 -0.37167101 -0.49741901 0.00000000 0.00000000 0.00000000
v 0.30953222 -0.37167101 -0.49741901 0.00000000 0.00000000 0.00000000
v 0.32755023 -0.37167101 -0.49741901 0.00000000 0.00000000 0.00000000
v 0.34556825 -0.37167101 -0.49741901 0.00000000 0.00000000 0.00000000
v 0.36358627 -0.37167101 -0.49741901 0.00000000 0.00000000 0.00000000
v 0.38160429 -0.37167101 -0.49741901 0.00000000 0.00000000 0.00000000
v 0.39962231 -0.37167101 -0.49741901 0.00000000 0.00000000 0.00000000
v 0.41764032 -0.37167101 -0.49741901 0.00000000 0.00000000 0.00000000
v 0.43565834 -0.37167101 -0.49741901 0.00000000 0.00000000 0.00000000
v 0.45367636 -0.37167101 -0.49741901 0.00000000 0.00000000 0.00000000
v 0.47169438 -0.37167101 -0.49741901 0.00000000 0.00000000 0.00000000
v 0.48971240 -0.37167101 -0.49741901 0.00000000 0.00000000 0.00000000
v 0.50773041 -0.37167101 -0.49741901 0.00000000 0.00000000 0.00000000
v 0.52574843 -0.37167101 -0.49741901 0.00000000 0.00000000 0.00000000
v 0.54376645 -0.37167101 -0.49741901 0.00000000 0.00000000 0.00000000
v 0.56178447 -0.37167101 -0.49741901 0.00000000 0.00000000 0.00000000
v 0.57980249 -0.37167101 -0.49741901 0.00000000 0.00000000 0.00000000
v 0.59782050 -0.37167101 -0.49741901 0.00000000 0.00000000 0.00000000
v 0.61583852 -0.37167101 -0.49741901 0.00000000 0.00000000 0.00000000
v 0.63385654 -0.37167101 -0.49741901 0.00000000 0.00000000 0.00000000
v 0.65187456 -0.37167101 -0.49741901 0.00000000 0.00000000 0.00000000
v 0.66989258 -0.37167101 -0.49741901 0.00000000 0.00000000 0.00000000
v 0.68791059 -0.37167101 -0.49741901 0.00000000 0.00000000 0.00000000
v 0.70592861 -0.37167101 -0.49741901 0.00000000 0.00000000 0.00000000
v 0.72394663 -0.37167101 -0.49741901 0.00000000 0.00000000 0.00000000
v 0.74196465 -0.37167101 -0.49741901 0.00000000 0.00000000 0.00000000
v 0.75998267 -0.37167101 -0.49741901 0.00000000 0.00000000 0.00000000
v 0.77800068 -0.37167101 -0.49741901 0.00000000 0.00000000 0.00000000
v 0.79601870 -0.37167101 -0.49741901 0.00000000 0.00000000 0.00000000
v 0.81403672 -0.37167101 -0.49741901 0.00000000 0.00000000 0.00000000
v 0.83205474 -0.37167101 -0.49741901 0.00000000 0.00000000 0.00000000
v 0.85007276 -0.37167101 -0.49741901 0.00000000 0.00000000 0.00000000
v 0.86809077 -0.37167101 -0.49741901 0.00000000 0.00000000 0.00000000
v 0.88610879 -0.37167101 -0.49741901 0.00000000 0.00000000 0.00000000
v 0.90412681 -0.37167101 -0.49741901 0.00000000 0.00000000 0.00000000
v 0.92214483 -0.37167101 -0.49741901 0.00000000 0.00000000 0.00000000
v -0.91569301 -0.38968903 -0.49741901 0.00000000 0.00000000 0.00000000
v -0.89767499 -0.38968903 -0.49741901 0.00000000 0.00000000 0.00000000
v -0.87965697 -0.38968903 -0.49741901 0.00000000 0.00000000 0.00000000
v -0.86163896 -0.38968903 -0.49741901 0.00000000 0.00000000 0.00000000
v -0.84362094 -0.38968903 -0.49741901 0.00000000 0.00000000 0.00000000
v -0.82560292 -0.38968903 -0.49741901 0.00000000 0.00000000 0.00000000
v -0.80758490 -0.38968903 -0.49741901 0.00000000 0.00000000 0.00000000
v -0.78956688 -0.38968903 -0.49741901 0.00000000 0.00000000 0.00000000
v -0.77154887 -0.38968903 -0.49741901 0.00000000 0.00000000 0.00000000
v -0.75353085 -0.38968903 -0.49741901 0.00000000 0.00000000 0.00000000
v -0.73551283 -0.38968903 -0.49741901 0.00000000 0.00000000 0.00000000
v -0.71749481 -0.38968903 -0.49741901 0.00000000 0.00000000 0.00000000
v -0.69947679 -0.38968903 -0.49741901 0.00000000 0.00000000 0.00000000
v -0.68145878 -0.38968903 -0.49741901 0.00000000 0.00000000 0.00000000
v -0.66344076 -0.38968903 -0.49741901 0.00000000 0.00000000 0.00000000
v -0.64542274 -0.38968903 -0.49741901 0.00000000 0.00000000 0.00000000
v -0.62740472 -0.38968903 -0.49741901 0.00000000 0.00000000 0.00000000
v -0.60938670 -0.38968903 -0.49741901 0.00000000 0.00000000 0.00000000
v -0.59136869 -0.38968903 -0.49741901 0.00000000 0.00000000 0.00000000
v -0.57335067 -0.38968903 -0.49741901 0.00000000 0.00000000 0.00000000
v -0.55533265 -0.38968903 -0.49741901 0.00000000 0.00000000 0.00000000
v -0.53731463 -0.38968903 -0.49741901 0.00000000 0.00000000 0.00000000
v -0.51929661 -0.38968903 -0.49741901 0.00000000 0.00000000 0.00000000
v -0.50127860 -0.38968903 -0.49741901 0.00000000 0.00000000 0.00000000
v -0.48326058 -0.38968903 -0.49741901 0.00000000 0.00000000 0.00000000
v -0.46524256 -0.38968903 -0.49741901 0.00000000 0.00000000 0.00000000
v -0.44722454 -0.38968903 -0.49741901 0.00000000 0.00000000 0.00000000
v -0.42920652 -0.38968903 -0.49741901 0.00000000 0.00000000 0.00000000
v -0.41118851 -0.38968903 -0.49741901 0.00000000 0.00000000 0.00000000
v -0.39317049 -0.38968903 -0.49741901 0.00000000 0.00000000 0.00000000
v -0.37515247 -0.38968903 -0.49741901 0.00000000 0.00000000 0.00000000
v -0.35713445 -0.38968903 -0.49741901 0.00000000 0.00000000 0.00000000
v -0.33911643 -0.38968903 -0.49741901 0.00000000 0.00000000 0.00000000
v -0.32109842 -0.38968903 -0.49741901 0.00000000 0.00000000 0.00000000
v -0.30308040 -0.38968903 -0.49741901 0.00000000 0.00000000 0.00000000
v -0.28506238 -0.38968903 -0.49741901 0.00000000 0.00000000 0.00000000
v -0.26704436 -0.38968903 -0.49741901 0.00784314 0.00784314 0.00784314
v -0.24902634 -0.38968903 0.15895959 0.23921569 0.24313725 0.25098039
v -0.23100833 -0.38968903 0.18975670 0.34901961 0.36862745 0.38431373
v -0.21299031 -0.38968903 0.20073795 0.36862745 0.38823529 0.40392157
v -0.19497229 -0.38968903 0.20345635 0.32549020 0.34509804 0.36078431
v -0.17695427 -0.38968903 0.20884339 0.23529412 0.25098039 0.26274510
v -0.15893625 -0.38968903 0.21355581 0.17254902 0.17647059 0.18431373
v -0.14091824 -0.38968903 0.21827765 0.09411765 0.09411765 0.09411765
v -0.12290022 -0.38968903 -0.49741901 0.00000000 0.00000000 0.00000000
v -0.10488220 -0.38968903 -0.49741901 0.00392157 0.00392157 0.00392157
v -0.08686418 -0.38968903 0.22192038 0.29019608 0.30588235 0.32156863
v -0.06884616 -0.38968903 0.21269774 0.26274510 0.30196078 0.34117647
v -0.05082815 -0.38968903 0.21385796 0.28235294 0.32156863 0.35686275
v -0.03281013 -0.38968903 0.21257395 0.32549020 0.37647059 0.41176471
v -0.01479211 -0.38968903 0.20780483 0.32549020 0.37647059 0.41176471
v 0.00322591 -0.38968903 0.20359313 0.33333333 0.38431373 0.41960784
v 0.02124393 -0.38968903 0.19551092 0.37254902 0.40784314 0.44313725
v 0.03926195 -0.38968903 0.18420367 0.21176471 0.21960784 0.21960784
v 0.05727996 -0.38968903 -0.49741901 0.00784314 0.00784314 0.00784314
v 0.07529798 -0.38968903 -0.49741901 0.00000000 0.00000000 0.00000000
v 0.09331600 -0.38968903 -0.49741901 0.00000000 0.00000000 0.00000000
v 0.11133402 -0.38968903 -0.49741901 0.00000000 0.00000000 0.00000000
v 0.12935204 -0.38968903 -0.49741901 0.00000000 0.00000000 0.00000000
v 0.14737005 -0.38968903 -0.49741901 0.00000000 0.00000000 0.00000000
v 0.16538807 -0.38968903 -0.49741901 0.00000000 0.00000000 0.00000000
v 0.18340609 -0.38968903 -0.49741901 0.00000000 0.00000000 0.00000000
v 0.20142411 -0.38968903 -0.49741901 0.00000000 0.00000000 0.00000000
v 0.21944213 -0.38968903 -0.49741901 0.00000000 0.00000000 0.00000000
v 0.23746014 -0.38968903 -0.49741901 0.00000000 0.00000000 0.00000000
v 0.25547816 -0.38968903 -0.49741901 0.00000000 0.00000000 0.00000000
v 0.27349618 -0.38968903 -0.49741901 0.00000000 0.00000000 0.00000000
v 0.29151420 -0.38968903 -0.49741901 0.00000000 0.00000000 0.00000000
v 0.30953222 -0.38968903 -0.49741901 0.00000000 0.00000000 0.00000000
v 0.32755023 -0.38968903 -0.49741901 0.00000000 0.00000000 0.00000000
v 0.34556825 -0.38968903 -0.49741901 0.00000000 0.00000000 0.00000000
v 0.36358627 -0.38968903 -0.49741901 0.00000000 0.00000000 0.00000000
v 0.38160429 -0.38968903 -0.49741901 0.00000000 0.00000000 0.00000000
v 0.39962231 -0.38968903 -0.49741901 0.00000000 0.00000000 0.00000000
v 0.41764032 -0.38968903 -0.49741901 0.00000000 0.00000000 0.00000000
v 0.43565834 -0.38968903 -0.49741901 0.00000000 0.00000000 0.00000000
v 0.45367636 -0.38968903 -0.49741901 0.00000000 0.00000000 0.00000000
v 0.47169438 -0.38968903 -0.49741901 0.00000000 0.00000000 0.00000000
v 0.48971240 -0.38968903 -0.49741901 0.00000000 0.00000000 0.00000000
v 0.50773041 -0.38968903 -0.49741901 0.00000000 0.00000000 0.00000000
v 0.52574843 -0.38968903 -0.49741901 0.00000000 0.00000000 0.00000000
v 0.54376645 -0.38968903 -0.49741901 0.00000000 0.00000000 0.00000000
v 0.56178447 -0.38968903 -0.49741901 0.00000000 0.00000000 0.00000000
v 0.57980249 -0.38968903 -0.49741901 0.00000000 0.00000000 0.00000000
v 0.59782050 -0.38968903 -0.49741901 0.00000000 0.00000000 0.00000000
v 0.61583852 -0.38968903 -0.49741901 0.00000000 0.00000000 0.00000000
v 0.63385654 -0.38968903 -0.49741901 0.00000000 0.00000000 0.00000000
v 0.65187456 -0.38968903 -0.49741901 0.00000000 0.00000000 0.00000000
v 0.66989258 -0.38968903 -0.49741901 0.00000000 0.00000000 0.00000000
v 0.68791059 -0.38968903 -0.49741901 0.00000000 0.00000000 0.00000000
v 0.70592861 -0.38968903 -0.49741901 0.00000000 0.00000000 0.00000000
v 0.72394663 -0.38968903 -0.49741901 0.00000000 0.00000000 0.00000000
v 0.74196465 -0.38968903 -0.49741901 0.00000000 0.00000000 0.00000000
v 0.75998267 -0.38968903 -0.49741901 0.00000000 0.00000000 0.00000000
v 0.77800068 -0.38968903 -0.49741901 0.00000000 0.00000000 0.00000000
v 0.79601870 -0.38968903 -0.49741901 0.00000000 0.00000000 0.00000000
v 0.81403672 -0.38968903 -0.49741901 0.00000000 0.00000000 0.00000000
v 0.83205474 -0.38968903 -0.49741901 0.00000000 0.00000000 0.00000000
v 0.85007276 -0.38968903 -0.49741901 0.00000000 0.00000000 0.00000000
v 0.86809077 -0.38968903 -0.49741901 0.00000000 0.00000000 0.00000000
v 0.88610879 -0.38968903 -0.49741901 0.00000000 0.00000000 0.00000000
v 0.90412681 -0.38968903 -0.49741901 0.00000000 0.00000000 0.00000000
v 0.92214483 -0.38968903 -0.49741901 0.00000000 0.00000000 0.00000000
v -0.91569301 -0.40770705 -0.49741901 0.00000000 0.00000000 0.00000000
v -0.89767499 -0.40770705 -0.49741901 0.00000000 0.00000000 0.00000000
v -0.87965697 -0.40770705 -0.49741901 0.00000000 0.00000000 0.00000000
v -0.86163896 -0.40770705 -0.49741901 0.00000000 0.00000000 0.00000000
v -0.84362094 -0.40770705 -0.49741901 0.00000000 0.00000000 0.00000000
v -0.82560292 -0.40770705 -0.49741901 0.00000000 0.00000000 0.00000000
v -0.80758490 -0.40770705 -0.49741901 0.00000000 0.00000000 0.00000000
v -0.78956688 -0.40770705 -0.49741901 0.00000000 0.00000000 0.00000000
v -0.77154887 -0.40770705 -0.49741901 0.00000000 0.00000000 0.00000000
v -0.75353085 -0.40770705 -0.49741901 0.00000000 0.00000000 0.00000000
v -0.73551283 -0.40770705 -0.49741901 0.00000000 0.00000000 0.00000000
v -0.71749481 -0.40770705 -0.49741901 0.00000000 0.00000000 0.00000000
v -0.69947679 -0.40770705 -0.49741901 0.00000000 0.00000000 0.00000000
v -0.68145878 -0.40770705 -0.49741901 0.00000000 0.00000000 0.00000000
v -0.66344076 -0.40770705 -0.49741901 0.00000000 0.00000000 0.00000000
v -0.64542274 -0.40770705 -0.49741901 0.00000000 0.00000000 0.00000000
v -0.62740472 -0.40770705 -0.49741901 0.00000000 0.00000000 0.00000000
v -0.60938670 -0.40770705 -0.49741901 0.00000000 0.00000000 0.00000000
v -0.59136869 -0.40770705 -0.49741901 0.00000000 0.00000000 0.00000000
v -0.57335067 -0.40770705 -0.49741901 0.00000000 0.00000000 0.00000000
v -0.55533265 -0.40770705 -0.49741901 0.00000000 0.00000000 0.00000000
v -0.53731463 -0.40770705 -0.49741901 0.00000000 0.00000000 0.00000000
v -0.51929661 -0.40770705 -0.49741901 0.00000000 0.00000000 0.00000000
v -0.50127860 -0.40770705 -0.49741901 0.00000000 0.00000000 0.00000000
v -0.48326058 -0.40770705 -0.49741901 0.00000000 0.00000000 0.00000000
v -0.46524256 -0.40770705 -0.49741901 0.00000000 0.00000000 0.00000000
v -0.44722454 -0.40770705 -0.49741901 0.00000000 0.00000000 0.00000000
v -0.42920652 -0.40770705 -0.49741901 0.00000000 0.00000000 0.00000000
v -0.41118851 -0.40770705 -0.49741901 0.00000000 0.00000000 0.00000000
v -0.39317049 -0.40770705 -0.49741901 0.00000000 0.00000000 0.00000000
v -0.37515247 -0.40770705 -0.49741901 0.00000000 0.00000000 0.00000000
v -0.35713445 -0.40770705 -0.49741901 0.00000000 0.00000000 0.00000000
v -0.33911643 -0.40770705 -0.49741901 0.00000000 0.00000000 0.00000000
v -0.32109842 -0.40770705 -0.49741901 0.00000000 0.00000000 0.00000000
v -0.30308040 -0.40770705 -0.49741901 0.00000000 0.00000000 0.00000000
v -0.28506238 -0.40770705 -0.49741901 0.00000000 0.00000000 0.00000000
v -0.26704436 -0.40770705 -0.49741901 0.00784314 0.00784314 0.00784314
v -0.24902634 -0.40770705 0.15561516 0.21568627 0.22352941 0.22352941
v -0.23100833 -0.40770705 0.18720725 0.33333333 0.35294118 0.36862745
v -0.21299031 -0.40770705 0.19911990 0.33725490 0.35686275 0.37254902
v -0.19497229 -0.40770705 0.20095054 0.31764706 0.33725490 0.35294118
v -0.17695427 -0.40770705 0.20617695 0.21568627 0.23137255 0.24313725
v -0.15893625 -0.40770705 0.21114513 0.15686275 0.16078431 0.16862745
v -0.14091824 -0.40770705 0.21634081 0.14117647 0.14117647 0.14117647
v -0.12290022 -0.40770705 0.22072448 0.04705882 0.04705882 0.04705882
v -0.10488220 -0.40770705 -0.49741901 0.01176471 0.01176471 0.01176471
v -0.08686418 -0.40770705 0.22034583 0.18431373 0.18823529 0.19607843
v -0.06884616 -0.40770705 0.20944707 0.23529412 0.27450980 0.31372549
v -0.05082815 -0.40770705 0.20975280 0.21176471 0.26274510 0.29803922
v -0.03281013 -0.40770705 0.20890456 0.24705882 0.29803922 0.33333333
v -0.01479211 -0.40770705 0.20442061 0.24705882 0.30196078 0.34509804
v 0.00322591 -0.40770705 0.20145538 0.28235294 0.33333333 0.36862745
v 0.02124393 -0.40770705 0.19301796 0.31372549 0.34901961 0.38431373
v 0.03926195 -0.40770705 0.18019068 0.24313725 0.24705882 0.24705882
v 0.05727996 -0.40770705 -0.49741901 0.00784314 0.00784314 0.00784314
v 0.07529798 -0.40770705 -0.49741901 0.00000000 0.00000000 0.00000000
v 0.09331600 -0.40770705 -0.49741901 0.00000000 0.00000000 0.00000000
v 0.11133402 -0.40770705 -0.49741901 0.00000000 0.00000000 0.00000000
v 0.12935204 -0.40770705 -0.49741901 0.00000000 0.00000000 0.00000000
v 0.14737005 -0.40770705 -0.49741901 0.00000000 0.00000000 0.00000000
v 0.16538807 -0.40770705 -0.49741901 0.00000000 0.00000000 0.00000000
v 0.18340609 -0.40770705 -0.49741901 0.00000000 0.00000000 0.00000000
v 0.20142411 -0.40770705 -0.49741901 0.00000000 0.00000000 0.00000000
v 0.21944213 -0.40770705 -0.49741901 0.00000000 0.00000000 0.00000000
v 0.23746014 -0.40770705 -0.49741901 0.00000000 0.00000000 0.00000000
v 0.25547816 -0.40770705 -0.49741901 0.00000000 0.00000000 0.00000000
v 0.27349618 -0.40770705 -0.49741901 0.00000000 0.00000000 0.00000000
v 0.29151420 -0.40770705 -0.49741901 0.00000000 0.00000000 0.00000000
v 0.30953222 -0.40770705 -0.49741901 0.00000000 0.00000000 0.00000000
v 0.32755023 -0.40770705 -0.49741901 0.00000000 0.00000000 0.00000000
v 0.34556825 -0.40770705 -0.49741901 0.00000000 0.00000000 0.00000000
v 0.36358627 -0.40770705 -0.49741901 0.00000000 0.00000000 0.00000000
v 0.38160429 -0.40770705 -0.49741901 0.00000000 0.00000000 0.00000000
v 0.39962231 -0.40770705 -0.49741901 0.00000000 0.00000000 0.00000000
v 0.41764032 -0.40770705 -0.49741901 0.00000000 0.00000000 0.00000000
v 0.43565834 -0.40770705 -0.49741901 0.00000000 0.00000000 0.00000000
v 0.45367636 -0.40770705 -0.49741901 0.00000000 0.00000000 0.00000000
v 0.47169438 -0.40770705 -0.49741901 0.00000000 0.00000000 0.00000000
v 0.48971240 -0.40770705 -0.49741901 0.00000000 0.00000000 0.00000000
v 0.50773041 -0.40770705 -0.49741901 0.00000000 0.00000000 0.00000000
v 0.52574843 -0.40770705 -0.49741901 0.00000000 0.00000000 0.00000000
v 0.54376645 -0.40770705 -0.49741901 0.00000000 0.00000000 0.00000000
v 0.56178447 -0.40770705 -0.49741901 0.00000000 0.00000000 0.00000000
v 0.57980249 -0.40770705 -0.49741901 0.00000000 0.00000000 0.00000000
v 0.59782050 -0.40770705 -0.49741901 0.00000000 0.00000000 0.00000000
v 0.61583852 -0.40770705 -0.49741901 0.00000000 0.00000000 0.00000000
v 0.63385654 -0.40770705 -0.49741901 0.00000000 0.00000000 0.00000000
v 0.65187456 -0.40770705 -0.49741901 0.00000000 0.00000000 0.00000000
v 0.66989258 -0.40770705 -0.49741901 0.00000000 0.00000000 0.00000000
v 0.68791059 -0.40770705 -0.49741901 0.00000000 0.00000000 0.00000000
v 0.70592861 -0.40770705 -0.49741901 0.00000000 0.00000000 0.00000000
v 0.72394663 -0.40770705 -0.49741901 0.00000000 0.00000000 0.00000000
v 0.74196465 -0.40770705 -0.49741901 0.00000000 0.00000000 0.00000000
v 0.75998267 -0.40770705 -0.49741901 0.00000000 0.00000000 0.00000000
v 0.77800068 -0.40770705 -0.49741901 0.00000000 0.00000000 0.00000000
v 0.79601870 -0.40770705 -0.49741901 0.00000000 0.00000000 0.00000000
v 0.81403672 -0.40770705 -0.49741901 0.00000000 0.00000000 0.00000000
v 0.83205474 -0.40770705 -0.49741901 0.00000000 0.00000000 0.00000000
v 0.85007276 -0.40770705 -0.49741901 0.00000000 0.00000000 0.00000000
v 0.86809077 -0.40770705 -0.49741901 0.00000000 0.00000000 0.00000000
v 0.88610879 -0.40770705 -0.49741901 0.00000000 0.00000000 0.00000000
v 0.90412681 -0.40770705 -0.49741901 0.00000000 0.00000000 0.00000000
v 0.92214483 -0.40770705 -0.49741901 0.00000000 0.00000000 0.00000000
v -0.91569301 -0.42572507 -0.49741901 0.00000000 0.00000000 0.00000000
v -0.89767499 -0.42572507 -0.49741901 0.00000000 0.00000000 0.00000000
v -0.87965697 -0.42572507 -0.49741901 0.00000000 0.00000000 0.00000000
v -0.86163896 -0.42572507 -0.49741901 0.00000000 0.00000000 0.00000000
v -0.84362094 -0.42572507 -0.49741901 0.00000000 0.00000000 0.00000000
v -0.82560292 -0.42572507 -0.49741901 0.00000000 0.00000000 0.00000000
v -0.80758490 -0.42572507 -0.49741901 0.00000000 0.00000000 0.00000000
v -0.78956688 -0.42572507 -0.49741901 0.00000000 0.00000000 0.00000000
v -0.77154887 -0.42572507 -0.49741901 0.00000000 0.00000000 0.00000000
v -0.75353085 -0.42572507 -0.49741901 0.00000000 0.00000000 0.00000000
v -0.73551283 -0.42572507 -0.49741901 0.00000000 0.00000000 0.00000000
v -0.71749481 -0.42572507 -0.49741901 0.00000000 0.00000000 0.00000000
v -0.69947679 -0.42572507 -0.49741901 0.00000000 0.00000000 0.00000000
v -0.68145878 -0.42572507 -0.49741901 0.00000000 0.00000000 0.00000000
v -0.66344076 -0.42572507 -0.49741901 0.00000000 0.00000000 0.00000000
v -0.64542274 -0.42572507 -0.49741901 0.00000000 0.00000000 0.00000000
v -0.62740472 -0.42572507 -0.49741901 0.00000000 0.00000000 0.00000000
v -0.60938670 -0.42572507 -0.49741901 0.00000000 0.00000000 0.00000000
v -0.59136869 -0.42572507 -0.49741901 0.00000000 0.00000000 0.00000000
v -0.57335067 -0.42572507 -0.49741901 0.00000000 0.00000000 0.00000000
v -0.55533265 -0.42572507 -0.49741901 0.00000000 0.00000000 0.00000000
v -0.53731463 -0.42572507 -0.49741901 0.00000000 0.00000000 0.00000000
v -0.51929661 -0.42572507 -0.49741901 0.00000000 0.00000000 0.00000000
v -0.50127860 -0.42572507 -0.49741901 0.00000000 0.00000000 0.00000000
v -0.48326058 -0.42572507 -0.49741901 0.00000000 0.00000000 0.00000000
v -0.46524256 -0.42572507 -0.49741901 0.00000000 0.00000000 0.00000000
v -0.44722454 -0.42572507 -0.49741901 0.00000000 0.00000000 0.00000000
v -0.42920652 -0.42572507 -0.49741901 0.00000000 0.00000000 0.00000000
v -0.41118851 -0.42572507 -0.49741901 0.00000000 0.00000000 0.00000000
v -0.39317049 -0.42572507 -0.49741901 0.00000000 0.00000000 0.00000000
v -0.37515247 -0.42572507 -0.49741901 0.00000000 0.00000000 0.00000000
v -0.35713445 -0.42572507 -0.49741901 0.00000000 0.00000000 0.00000000
v -0.33911643 -0.42572507 -0.49741901 0.00000000 0.00000000 0.00000000
v -0.32109842 -0.42572507 -0.49741901 0.00000000 0.00000000 0.00000000
v -0.30308040 -0.42572507 -0.49741901 0.00000000 0.00000000 0.00000000
v -0.28506238 -0.42572507 -0.49741901 0.00000000 0.00000000 0.00000000
v -0.26704436 -0.42572507 -0.49741901 0.00784314 0.00784314 0.00784314
v -0.24902634 -0.42572507 0.15207437 0.18823529 0.19215686 0.19607843
v -0.23100833 -0.42572507 0.18387788 0.32941176 0.34901961 0.36470588
v -0.21299031 -0.42572507 0.19573622 0.32549020 0.34509804 0.36078431
v -0.19497229 -0.42572507 0.19754185 0.27843137 0.29803922 0.31372549
v -0.17695427 -0.42572507 0.20304663 0.24705882 0.26274510 0.27450980
v -0.15893625 -0.42572507 0.20816616 0.18039216 0.18431373 0.19215686
v -0.14091824 -0.42572507 0.21385679 0.15686275 0.15686275 0.15686275
v -0.12290022 -0.42572507 0.21896993 0.14901961 0.14901961 0.14901961
v -0.10488220 -0.42572507 -0.49741901 0.01176471 0.01176471 0.01176471
v -0.08686418 -0.42572507 0.21934714 0.05882353 0.06274510 0.06274510
v -0.06884616 -0.42572507 0.20585514 0.22745098 0.26666667 0.30588235
v -0.05082815 -0.42572507 0.20559979 0.23137255 0.28627451 0.32941176
v -0.03281013 -0.42572507 0.20522967 0.24313725 0.29803922 0.34117647
v -0.01479211 -0.42572507 0.20087919 0.21960784 0.27450980 0.32549020
v 0.00322591 -0.42572507 0.19861684 0.25098039 0.30588235 0.34901961
v 0.02124393 -0.42572507 0.18981987 0.30980392 0.34901961 0.38431373
v 0.03926195 -0.42572507 0.17637694 0.27058824 0.27843137 0.28627451
v 0.05727996 -0.42572507 -0.49741901 0.00784314 0.00784314 0.00784314
v 0.07529798 -0.42572507 -0.49741901 0.00000000 0.00000000 0.00000000
v 0.09331600 -0.42572507 -0.49741901 0.00000000 0.00000000 0.00000000
v 0.11133402 -0.42572507 -0.49741901 0.00000000 0.00000000 0.00000000
v 0.12935204 -0.42572507 -0.49741901 0.00000000 0.00000000 0.00000000
v 0.14737005 -0.42572507 -0.49741901 0.00000000 0.00000000 0.00000000
v 0.16538807 -0.42572507 -0.49741901 0.00000000 0.00000000 0.00000000
v 0.18340609 -0.42572507 -0.49741901 0.00000000 0.00000000 0.00000000
v 0.20142411 -0.42572507 -0.49741901 0.00000000 0.00000000 0.00000000
v 0.21944213 -0.42572507 -0.49741901 0.00000000 0.00000000 0.00000000
v 0.23746014 -0.42572507 -0.49741901 0.00000000 0.00000000 0.00000000
v 0.25547816 -0.42572507 -0.49741901 0.00000000 0.00000000 0.00000000
v 0.27349618 -0.42572507 -0.49741901 0.00000000 0.00000000 0.00000000
v 0.29151420 -0.42572507 -0.49741901 0.00000000 0.00000000 0.00000000
v 0.30953222 -0.42572507 -0.49741901 0.00000000 0.00000000 0.00000000
v 0.32755023 -0.42572507 -0.49741901 0.00000000 0.00000000 0.00000000
v 0.34556825 -0.42572507 -0.49741901 0.00000000 0.00000000 0.00000000
v 0.36358627 -0.42572507 -0.49741901 0.00000000 0.00000000 0.00000000
v 0.38160429 -0.42572507 -0.49741901 0.00000000 0.00000000 0.00000000
v 0.39962231 -0.42572507 -0.49741901 0.00000000 0.00000000 0.00000000
v 0.41764032 -0.42572507 -0.49741901 0.00000000 0.00000000 0.00000000
v 0.43565834 -0.42572507 -0.49741901 0.00000000 0.00000000 0.00000000
v 0.45367636 -0.42572507 -0.49741901 0.00000000 0.00000000 0.00000000
v 0.47169438 -0.42572507 -0.49741901 0.00000000 0.00000000 0.00000000
v 0.48971240 -0.42572507 -0.49741901 0.00000000 0.00000000 0.00000000
v 0.50773041 -0.42572507 -0.49741901 0.00000000 0.00000000 0.00000000
v 0.52574843 -0.42572507 -0.49741901 0.00000000 0.00000000 0.00000000
v 0.54376645 -0.42572507 -0.49741901 0.00000000 0.00000000 0.00000000
v 0.56178447 -0.42572507 -0.49741901 0.00000000 0.00000000 0.00000000
v 0.57980249 -0.42572507 -0.49741901 0.00000000 0.00000000 0.00000000
v 0.59782050 -0.42572507 -0.49741901 0.00000000 0.00000000 0.00000000
v 0.61583852 -0.42572507 -0.49741901 0.00000000 0.00000000 0.00000000
v 0.63385654 -0.42572507 -0.49741901 0.00000000 0.00000000 0.00000000
v 0.65187456 -0.42572507 -0.49741901 0.00000000 0.00000000 0.00000000
v 0.66989258 -0.42572507 -0.49741901 0.00000000 0.00000000 0.00000000
v 0.68791059 -0.42572507 -0.49741901 0.00000000 0.00000000 0.00000000
v 0.70592861 -0.42572507 -0.49741901 0.00000000 0.00000000 0.00000000
v 0.72394663 -0.42572507 -0.49741901 0.00000000 0.00000000 0.00000000
v 0.74196465 -0.42572507 -0.49741901 0.00000000 0.00000000 0.00000000
v 0.75998267 -0.42572507 -0.49741901 0.00000000 0.00000000 0.00000000
v 0.77800068 -0.42572507 -0.49741901 0.00000000 0.00000000 0.00000000
v 0.79601870 -0.42572507 -0.49741901 0.00000000 0.00000000 0.00000000
v 0.81403672 -0.42572507 -0.49741901 0.00000000 0.00000000 0.00000000
v 0.83205474 -0.42572507 -0.49741901 0.00000000 0.00000000 0.00000000
v 0.85007276 -0.42572507 -0.49741901 0.00000000 0.00000000 0.00000000
v 0.86809077 -0.42572507 -0.49741901 0.00000000 0.00000000 0.00000000
v 0.88610879 -0.42572507 -0.49741901 0.00000000 0.00000000 0.00000000
v 0.90412681 -0.42572507 -0.49741901 0.00000000 0.00000000 0.00000000
v 0.92214483 -0.42572507 -0.49741901 0.00000000 0.00000000 0.00000000
v -0.91569301 -0.44374308 -0.49741901 0.00000000 0.00000000 0.00000000
v -0.89767499 -0.44374308 -0.49741901 0.00000000 0.00000000 0.00000000
v -0.87965697 -0.44374308 -0.49741901 0.00000000 0.00000000 0.00000000
v -0.86163896 -0.44374308 -0.49741901 0.00000000 0.00000000 0.00000000
v -0.84362094 -0.44374308 -0.49741901 0.00000000 0.00000000 0.00000000
v -0.82560292 -0.44374308 -0.49741901 0.00000000 0.00000000 0.00000000
v -0.80758490 -0.44374308 -0.49741901 0.00000000 0.00000000 0.00000000
v -0.78956688 -0.44374308 -0.49741901 0.00000000 0.00000000 0.00000000
v -0.77154887 -0.44374308 -0.49741901 0.00000000 0.00000000 0.00000000
v -0.75353085 -0.44374308 -0.49741901 0.00000000 0.00000000 0.00000000
v -0.73551283 -0.44374308 -0.49741901 0.00000000 0.00000000 0.00000000
v -0.71749481 -0.44374308 -0.49741901 0.00000000 0.00000000 0.00000000
v -0.69947679 -0.44374308 -0.49741901 0.00000000 0.00000000 0.00000000
v -0.68145878 -0.44374308 -0.49741901 0.00000000 0.00000000 0.00000000
v -0.66344076 -0.44374308 -0.49741901 0.00000000 0.00000000 0.00000000
v -0.64542274 -0.44374308 -0.49741901 0.00000000 0.00000000 0.00000000
v -0.62740472 -0.44374308 -0.49741901 0.00000000 0.00000000 0.00000000
v -0.60938670 -0.44374308 -0.49741901 0.00000000 0.00000000 0.00000000
v -0.59136869 -0.44374308 -0.49741901 0.00000000 0.00000000 0.00000000
v -0.57335067 -0.44374308 -0.49741901 0.00000000 0.00000000 0.00000000
v -0.55533265 -0.44374308 -0.49741901 0.00000000 0.00000000 0.00000000
v -0.53731463 -0.44374308 -0.49741901 0.00000000 0.00000000 0.00000000
v -0.51929661 -0.44374308 -0.49741901 0.00000000 0.00000000 0.00000000
v -0.50127860 -0.44374308 -0.49741901 0.00000000 0.00000000 0.00000000
v -0.48326058 -0.44374308 -0.49741901 0.00000000 0.00000000 0.00000000
v -0.46524256 -0.44374308 -0.49741901 0.00000000 0.00000000 0.00000000
v -0.44722454 -0.44374308 -0.49741901 0.00000000 0.00000000 0.00000000
v -0.42920652 -0.44374308 -0.49741901 0.00000000 0.00000000 0.00000000
v -0.41118851 -0.44374308 -0.49741901 0.00000000 0.00000000 0.00000000
v -0.39317049 -0.44374308 -0.49741901 0.00000000 0.00000000 0.00000000
v -0.37515247 -0.44374308 -0.49741901 0.00000000 0.00000000 0.00000000
v -0.35713445 -0.44374308 -0.49741901 0.00000000 0.00000000 0.00000000
v -0.33911643 -0.44374308 -0.49741901 0.00000000 0.00000000 0.00000000
v -0.32109842 -0.44374308 -0.49741901 0.00000000 0.00000000 0.00000000
v -0.30308040 -0.44374308 -0.49741901 0.00000000 0.00000000 0.00000000
v -0.28506238 -0.44374308 -0.49741901 0.00000000 0.00000000 0.00000000
v -0.26704436 -0.44374308 -0.49741901 0.00392157 0.00392157 0.00392157
v -0.24902634 -0.44374308 0.14623307 0.09411765 0.09411765 0.09411765
v -0.23100833 -0.44374308 0.17953785 0.34509804 0.36470588 0.38039216
v -0.21299031 -0.44374308 0.19186805 0.31764706 0.33725490 0.35294118
v -0.19497229 -0.44374308 0.19343476 0.30196078 0.32156863 0.33725490
v -0.17695427 -0.44374308 0.19912684 0.23921569 0.25490196 0.26666667
v -0.15893625 -0.44374308 0.20411997 0.17647059 0.18039216 0.18823529
v -0.14091824 -0.44374308 0.21044460 0.13333333 0.13333333 0.13333333
v -0.12290022 -0.44374308 0.21644742 0.16470588 0.16470588 0.16470588
v -0.10488220 -0.44374308 -0.49741901 0.01176471 0.01176471 0.01176471
v -0.08686418 -0.44374308 -0.49741901 0.02352941 0.02352941 0.02352941
v -0.06884616 -0.44374308 0.20165560 0.22745098 0.26666667 0.30588235
v -0.05082815 -0.44374308 0.20076537 0.25098039 0.30588235 0.34901961
v -0.03281013 -0.44374308 0.20030438 0.22745098 0.29019608 0.34117647
v -0.01479211 -0.44374308 0.19613165 0.23137255 0.29411765 0.34509804
v 0.00322591 -0.44374308 0.19429468 0.26666667 0.32941176 0.38039216
v 0.02124393 -0.44374308 0.18591623 0.33333333 0.38431373 0.41960784
v 0.03926195 -0.44374308 0.17320504 0.24313725 0.25098039 0.26274510
v 0.05727996 -0.44374308 -0.49741901 0.00392157 0.00392157 0.00392157
v 0.07529798 -0.44374308 -0.49741901 0.00000000 0.00000000 0.00000000
v 0.09331600 -0.44374308 -0.49741901 0.00000000 0.00000000 0.00000000
v 0.11133402 -0.44374308 -0.49741901 0.00000000 0.00000000 0.00000000
v 0.12935204 -0.44374308 -0.49741901 0.00000000 0.00000000 0.00000000
v 0.14737005 -0.44374308 -0.49741901 0.00000000 0.00000000 0.00000000
v 0.16538807 -0.44374308 -0.49741901 0.00000000 0.00000000 0.00000000
v 0.18340609 -0.44374308 -0.49741901 0.00000000 0.00000000 0.00000000
v 0.20142411 -0.44374308 -0.49741901 0.00000000 0.00000000 0.00000000
v 0.21944213 -0.44374308 -0.49741901 0.00000000 0.00000000 0.00000000
v 0.23746014 -0.44374308 -0.49741901 0.00000000 0.00000000 0.00000000
v 0.25547816 -0.44374308 -0.49741901 0.00000000 0.00000000 0.00000000
v 0.27349618 -0.44374308 -0.49741901 0.00000000 0.00000000 0.00000000
v 0.29151420 -0.44374308 -0.49741901 0.00000000 0.00000000 0.00000000
v 0.30953222 -0.44374308 -0.49741901 0.00000000 0.00000000 0.00000000
v 0.32755023 -0.44374308 -0.49741901 0.00000000 0.00000000 0.00000000
v 0.34556825 -0.44374308 -0.49741901 0.00000000 0.00000000 0.00000000
v 0.36358627 -0.44374308 -0.49741901 0.00000000 0.00000000 0.00000000
v 0.38160429 -0.44374308 -0.49741901 0.00000000 0.00000000 0.00000000
v 0.39962231 -0.44374308 -0.49741901 0.00000000 0.00000000 0.00000000
v 0.41764032 -0.44374308 -0.49741901 0.00000000 0.00000000 0.00000000
v 0.43565834 -0.44374308 -0.49741901 0.00000000 0.00000000 0.00000000
v 0.45367636 -0.44374308 -0.49741901 0.00000000 0.00000000 0.00000000
v 0.47169438 -0.44374308 -0.49741901 0.00000000 0.00000000 0.00000000
v 0.48971240 -0.44374308 -0.49741901 0.00000000 0.00000000 0.00000000
v 0.50773041 -0.44374308 -0.49741901 0.00000000 0.00000000 0.00000000
v 0.52574843 -0.44374308 -0.49741901 0.00000000 0.00000000 0.00000000
v 0.54376645 -0.44374308 -0.49741901 0.00000000 0.00000000 0.00000000
v 0.56178447 -0.44374308 -0.49741901 0.00000000 0.00000000 0.00000000
v 0.57980249 -0.44374308 -0.49741901 0.00000000 0.00000000 0.00000000
v 0.59782050 -0.44374308 -0.49741901 0.00000000 0.00000000 0.00000000
v 0.61583852 -0.44374308 -0.49741901 0.00000000 0.00000000 0.00000000
v 0.63385654 -0.44374308 -0.49741901 0.00000000 0.00000000 0.00000000
v 0.65187456 -0.44374308 -0.49741901 0.00000000 0.00000000 0.00000000
v 0.66989258 -0.44374308 -0.49741901 0.00000000 0.00000000 0.00000000
v 0.68791059 -0.44374308 -0.49741901 0.00000000 0.00000000 0.00000000
v 0.70592861 -0.44374308 -0.49741901 0.00000000 0.00000000 0.00000000
v 0.72394663 -0.44374308 -0.49741901 0.00000000 0.00000000 0.00000000
v 0.74196465 -0.44374308 -0.49741901 0.00000000 0.00000000 0.00000000
v 0.75998267 -0.44374308 -0.49741901 0.00000000 0.00000000 0.00000000
v 0.77800068 -0.44374308 -0.49741901 0.00000000 0.00000000 0.00000000
v 0.79601870 -0.44374308 -0.49741901 0.00000000 0.00000000 0.00000000
v 0.81403672 -0.44374308 -0.49741901 0.00000000 0.00000000 0.00000000
v 0.83205474 -0.44374308 -0.49741901 0.00000000 0.00000000 0.00000000
v 0.85007276 -0.44374308 -0.49741901 0.00000000 0.00000000 0.00000000
v 0.86809077 -0.44374308 -0.49741901 0.00000000 0.00000000 0.00000000
v 0.88610879 -0.44374308 -0.49741901 0.00000000 0.00000000 0.00000000
v 0.90412681 -0.44374308 -0.49741901 0.00000000 0.00000000 0.00000000
v 0.92214483 -0.44374308 -0.49741901 0.00000000 0.00000000 0.00000000
v -0.91569301 -0.46176110 -0.49741901 0.00000000 0.00000000 0.00000000
v -0.89767499 -0.46176110 -0.49741901 0.00000000 0.00000000 0.00000000
v -0.87965697 -0.46176110 -0.49741901 0.00000000 0.00000000 0.00000000
v -0.86163896 -0.46176110 -0.49741901 0.00000000 0.00000000 0.00000000
v -0.84362094 -0.46176110 -0.49741901 0.00000000 0.00000000 0.00000000
v -0.82560292 -0.46176110 -0.49741901 0.00000000 0.00000000 0.00000000
v -0.80758490 -0.46176110 -0.49741901 0.00000000 0.00000000 0.00000000
v -0.78956688 -0.46176110 -0.49741901 0.00000000 0.00000000 0.00000000
v -0.77154887 -0.46176110 -0.49741901 0.00000000 0.00000000 0.00000000
v -0.75353085 -0.46176110 -0.49741901 0.00000000 0.00000000 0.00000000
v -0.73551283 -0.46176110 -0.49741901 0.00000000 0.00000000 0.00000000
v -0.71749481 -0.46176110 -0.49741901 0.00000000 0.00000000 0.00000000
v -0.69947679 -0.46176110 -0.49741901 0.00000000 0.00000000 0.00000000
v -0.68145878 -0.46176110 -0.49741901 0.00000000 0.00000000 0.00000000
v -0.66344076 -0.46176110 -0.49741901 0.00000000 0.00000000 0.00000000
v -0.64542274 -0.46176110 -0.49741901 0.00000000 0.00000000 0.00000000
v -0.62740472 -0.46176110 -0.49741901 0.00000000 0.00000000 0.00000000
v -0.60938670 -0.46176110 -0.49741901 0.00000000 0.00000000 0.00000000
v -0.59136869 -0.46176110 -0.49741901 0.00000000 0.00000000 0.00000000
v -0.57335067 -0.46176110 -0.49741901 0.00000000 0.00000000 0.00000000
v -0.55533265 -0.46176110 -0.49741901 0.00000000 0.00000000 0.00000000
v -0.53731463 -0.46176110 -0.49741901 0.00000000 0.00000000 0.00000000
v -0.51929661 -0.46176110 -0.49741901 0.00000000 0.00000000 0.00000000
v -0.50127860 -0.46176110 -0.49741901 0.00000000 0.00000000 0.00000000
v -0.48326058 -0.46176110 -0.49741901 0.00000000 0.00000000 0.00000000
v -0.46524256 -0.46176110 -0.49741901 0.00000000 0.00000000 0.00000000
v -0.44722454 -0.46176110 -0.49741901 0.00000000 0.00000000 0.00000000
v -0.42920652 -0.46176110 -0.49741901 0.00000000 0.00000000 0.00000000
v -0.41118851 -0.46176110 -0.49741901 0.00000000 0.00000000 0.00000000
v -0.39317049 -0.46176110 -0.49741901 0.00000000 0.00000000 0.00000000
v -0.37515247 -0.46176110 -0.49741901 0.00000000 0.00000000 0.00000000
v -0.35713445 -0.46176110 -0.49741901 0.00000000 0.00000000 0.00000000
v -0.33911643 -0.46176110 -0.49741901 0.00000000 0.00000000 0.00000000
v -0.32109842 -0.46176110 -0.49741901 0.00000000 0.00000000 0.00000000
v -0.30308040 -0.46176110 -0.49741901 0.00000000 0.00000000 0.00000000
v -0.28506238 -0.46176110 -0.49741901 0.00000000 0.00000000 0.00000000
v -0.26704436 -0.46176110 -0.49741901 0.00000000 0.00000000 0.00000000
v -0.24902634 -0.46176110 -0.49741901 0.02745098 0.02745098 0.03137255
v -0.23100833 -0.46176110 0.17017638 0.28627451 0.30588235 0.32156863
v -0.21299031 -0.46176110 0.18762934 0.33333333 0.35294118 0.36862745
v -0.19497229 -0.46176110 0.19033159 0.29803922 0.31764706 0.33333333
v -0.17695427 -0.46176110 0.19616306 0.26274510 0.27843137 0.29019608
v -0.15893625 -0.46176110 0.20165045 0.20784314 0.21176471 0.21960784
v -0.14091824 -0.46176110 0.20757024 0.12941176 0.12941176 0.12941176
v -0.12290022 -0.46176110 0.21525909 0.18823529 0.18823529 0.19215686
v -0.10488220 -0.46176110 -0.49741901 0.01176471 0.01176471 0.01176471
v -0.08686418 -0.46176110 0.21639429 0.07843137 0.08235294 0.08235294
v -0.06884616 -0.46176110 0.19782441 0.28627451 0.32549020 0.36470588
v -0.05082815 -0.46176110 0.19686716 0.24313725 0.29803922 0.34117647
v -0.03281013 -0.46176110 0.19504243 0.22745098 0.29019608 0.34117647
v -0.01479211 -0.46176110 0.19193878 0.23137255 0.30196078 0.35686275
v 0.00322591 -0.46176110 0.18991163 0.25882353 0.32156863 0.37254902
v 0.02124393 -0.46176110 0.18199101 0.28627451 0.33333333 0.38039216
v 0.03926195 -0.46176110 0.17049015 0.31372549 0.32941176 0.34117647
v 0.05727996 -0.46176110 -0.49741901 0.00392157 0.00392157 0.00392157
v 0.07529798 -0.46176110 -0.49741901 0.00000000 0.00000000 0.00000000
v 0.09331600 -0.46176110 -0.49741901 0.00000000 0.00000000 0.00000000
v 0.11133402 -0.46176110 -0.49741901 0.00000000 0.00000000 0.00000000
v 0.12935204 -0.46176110 -0.49741901 0.00000000 0.00000000 0.00000000
v 0.14737005 -0.46176110 -0.49741901 0.00000000 0.00000000 0.00000000
v 0.16538807 -0.46176110 -0.49741901 0.00000000 0.00000000 0.00000000
v 0.18340609 -0.46176110 -0.49741901 0.00000000 0.00000000 0.00000000
v 0.20142411 -0.46176110 -0.49741901 0.00000000 0.00000000 0.00000000
v 0.21944213 -0.46176110 -0.49741901 0.00000000 0.00000000 0.00000000
v 0.23746014 -0.46176110 -0.49741901 0.00000000 0.00000000 0.00000000
v 0.25547816 -0.46176110 -0.49741901 0.00000000 0.00000000 0.00000000
v 0.27349618 -0.46176110 -0.49741901 0.00000000 0.00000000 0.00000000
v 0.29151420 -0.46176110 -0.49741901 0.00000000 0.00000000 0.00000000
v 0.30953222 -0.46176110 -0.49741901 0.00000000 0.00000000 0.00000000
v 0.32755023 -0.46176110 -0.49741901 0.00000000 0.00000000 0.00000000
v 0.34556825 -0.46176110 -0.49741901 0.00000000 0.00000000 0.00000000
v 0.36358627 -0.46176110 -0.49741901 0.00000000 0.00000000 0.00000000
v 0.38160429 -0.46176110 -0.49741901 0.00000000 0.00000000 0.00000000
v 0.39962231 -0.46176110 -0.49741901 0.00000000 0.00000000 0.00000000
v 0.41764032 -0.46176110 -0.49741901 0.00000000 0.00000000 0.00000000
v 0.43565834 -0.46176110 -0.49741901 0.00000000 0.00000000 0.00000000
v 0.45367636 -0.46176110 -0.49741901 0.00000000 0.00000000 0.00000000
v 0.47169438 -0.46176110 -0.49741901 0.00000000 0.00000000 0.00000000
v 0.48971240 -0.46176110 -0.49741901 0.00000000 0.00000000 0.00000000
v 0.50773041 -0.46176110 -0.49741901 0.00000000 0.00000000 0.00000000
v 0.52574843 -0.46176110 -0.49741901 0.00000000 0.00000000 0.00000000
v 0.54376645 -0.46176110 -0.49741901 0.00000000 0.00000000 0.00000000
v 0.56178447 -0.46176110 -0.49741901 0.00000000 0.00000000 0.00000000
v 0.57980249 -0.46176110 -0.49741901 0.00000000 0.00000000 0.00000000
v 0.59782050 -0.46176110 -0.49741901 0.00000000 0.00000000 0.00000000
v 0.61583852 -0.46176110 -0.49741901 0.00000000 0.00000000 0.00000000
v 0.63385654 -0.46176110 -0.49741901 0.00000000 0.00000000 0.00000000
v 0.65187456 -0.46176110 -0.49741901 0.00000000 0.00000000 0.00000000
v 0.66989258 -0.46176110 -0.49741901 0.00000000 0.00000000 0.00000000
v 0.68791059 -0.46176110 -0.49741901 0.00000000 0.00000000 0.00000000
v 0.70592861 -0.46176110 -0.49741901 0.00000000 0.00000000 0.00000000
v 0.72394663 -0.46176110 -0.49741901 0.00000000 0.00000000 0.00000000
v 0.74196465 -0.46176110 -0.49741901 0.00000000 0.00000000 0.00000000
v 0.75998267 -0.46176110 -0.49741901 0.00000000 0.00000000 0.00000000
v 0.77800068 -0.46176110 -0.49741901 0.00000000 0.00000000 0.00000000
v 0.79601870 -0.46176110 -0.49741901 0.00000000 0.00000000 0.00000000
v 0.81403672 -0.46176110 -0.49741901 0.00000000 0.00000000 0.00000000
v 0.83205474 -0.46176110 -0.49741901 0.00000000 0.00000000 0.00000000
v 0.85007276 -0.46176110 -0.49741901 0.00000000 0.00000000 0.00000000
v 0.86809077 -0.46176110 -0.49741901 0.00000000 0.00000000 0.00000000
v 0.88610879 -0.46176110 -0.49741901 0.00000000 0.00000000 0.00000000
v 0.90412681 -0.46176110 -0.49741901 0.00000000 0.00000000 0.00000000
v 0.92214483 -0.46176110 -0.49741901 0.00000000 0.00000000 0.00000000
v -0.91569301 -0.47977912 -0.49741901 0.00000000 0.00000000 0.00000000
v -0.89767499 -0.47977912 -0.49741901 0.00000000 0.00000000 0.00000000
v -0.87965697 -0.47977912 -0.49741901 0.00000000 0.00000000 0.00000000
v -0.86163896 -0.47977912 -0.49741901 0.00000000 0.00000000 0.00000000
v -0.84362094 -0.47977912 -0.49741901 0.00000000 0.00000000 0.00000000
v -0.82560292 -0.47977912 -0.49741901 0.00000000 0.00000000 0.00000000
v -0.80758490 -0.47977912 -0.49741901 0.00000000 0.00000000 0.00000000
v -0.78956688 -0.47977912 -0.49741901 0.00000000 0.00000000 0.00000000
v -0.77154887 -0.47977912 -0.49741901 0.00000000 0.00000000 0.00000000
v -0.75353085 -0.47977912 -0.49741901 0.00000000 0.00000000 0.00000000
v -0.73551283 -0.47977912 -0.49741901 0.00000000 0.00000000 0.00000000
v -0.71749481 -0.47977912 -0.49741901 0.00000000 0.00000000 0.00000000
v -0.69947679 -0.47977912 -0.49741901 0.00000000 0.00000000 0.00000000
v -0.68145878 -0.47977912 -0.49741901 0.00000000 0.00000000 0.00000000
v -0.66344076 -0.47977912 -0.49741901 0.00000000 0.00000000 0.00000000
v -0.64542274 -0.47977912 -0.49741901 0.00000000 0.00000000 0.00000000
v -0.62740472 -0.47977912 -0.49741901 0.00000000 0.00000000 0.00000000
v -0.60938670 -0.47977912 -0.49741901 0.00000000 0.00000000 0.00000000
v -0.59136869 -0.47977912 -0.49741901 0.00000000 0.00000000 0.00000000
v -0.57335067 -0.47977912 -0.49741901 0.00000000 0.00000000 0.00000000
v -0.55533265 -0.47977912 -0.49741901 0.00000000 0.00000000 0.00000000
v -0.53731463 -0.47977912 -0.49741901 0.00000000 0.00000000 0.00000000
v -0.51929661 -0.47977912 -0.49741901 0.00000000 0.00000000 0.00000000
v -0.50127860 -0.47977912 -0.49741901 0.00000000 0.00000000 0.00000000
v -0.48326058 -0.47977912 -0.49741901 0.00000000 0.00000000 0.00000000
v -0.46524256 -0.47977912 -0.49741901 0.00000000 0.00000000 0.00000000
v -0.44722454 -0.47977912 -0.49741901 0.00000000 0.00000000 0.00000000
v -0.42920652 -0.47977912 -0.49741901 0.00000000 0.00000000 0.00000000
v -0.41118851 -0.47977912 -0.49741901 0.00000000 0.00000000 0.00000000
v -0.39317049 -0.47977912 -0.49741901 0.00000000 0.00000000 0.00000000
v -0.37515247 -0.47977912 -0.49741901 0.00000000 0.00000000 0.00000000
v -0.35713445 -0.47977912 -0.49741901 0.00000000 0.00000000 0.00000000
v -0.33911643 -0.47977912 -0.49741901 0.00000000 0.00000000 0.00000000
v -0.32109842 -0.47977912 -0.49741901 0.00000000 0.00000000 0.00000000
v -0.30308040 -0.47977912 -0.49741901 0.00000000 0.00000000 0.00000000
v -0.28506238 -0.47977912 -0.49741901 0.00392157 0.00392157 0.00392157
v -0.26704436 -0.47977912 -0.49741901 0.00784314 0.00784314 0.00784314
v -0.24902634 -0.47977912 -0.49741901 0.01568627 0.01568627 0.01568627
v -0.23100833 -0.47977912 0.16789223 0.27843137 0.29803922 0.31372549
v -0.21299031 -0.47977912 0.18392764 0.29803922 0.31764706 0.33333333
v -0.19497229 -0.47977912 0.18900043 0.27450980 0.29411765 0.30980392
v -0.17695427 -0.47977912 0.19511137 0.25490196 0.27058824 0.28235294
v -0.15893625 -0.47977912 0.20099480 0.21568627 0.21960784 0.22745098
v -0.14091824 -0.47977912 0.20706423 0.14117647 0.14117647 0.14117647
v -0.12290022 -0.47977912 0.21444749 0.25098039 0.25098039 0.25490196
v -0.10488220 -0.47977912 -0.49741901 0.01568627 0.01568627 0.01568627
v -0.08686418 -0.47977912 0.21450845 0.10980392 0.11372549 0.11764706
v -0.06884616 -0.47977912 0.19517536 0.24705882 0.28627451 0.32549020
v -0.05082815 -0.47977912 0.19394538 0.22745098 0.28235294 0.33333333
v -0.03281013 -0.47977912 0.19166137 0.22745098 0.29803922 0.35294118
v -0.01479211 -0.47977912 0.18829571 0.23921569 0.30980392 0.36470588
v 0.00322591 -0.47977912 0.18607274 0.24705882 0.31764706 0.37254902
v 0.02124393 -0.47977912 0.17789533 0.25098039 0.30588235 0.34901961
v 0.03926195 -0.47977912 0.16724160 0.25098039 0.26666667 0.27843137
v 0.05727996 -0.47977912 -0.49741901 0.00392157 0.00392157 0.00392157
v 0.07529798 -0.47977912 -0.49741901 0.00000000 0.00000000 0.00000000
v 0.09331600 -0.47977912 -0.49741901 0.00000000 0.00000000 0.00000000
v 0.11133402 -0.47977912 -0.49741901 0.00000000 0.00000000 0.00000000
v 0.12935204 -0.47977912 -0.49741901 0.00000000 0.00000000 0.00000000
v 0.14737005 -0.47977912 -0.49741901 0.00000000 0.00000000 0.00000000
v 0.16538807 -0.47977912 -0.49741901 0.00000000 0.00000000 0.00000000
v 0.18340609 -0.47977912 -0.49741901 0.00000000 0.00000000 0.00000000
v 0.20142411 -0.47977912 -0.49741901 0.00000000 0.00000000 0.00000000
v 0.21944213 -0.47977912 -0.49741901 0.00000000 0.00000000 0.00000000
v 0.23746014 -0.47977912 -0.49741901 0.00000000 0.00000000 0.00000000
v 0.25547816 -0.47977912 -0.49741901 0.00000000 0.00000000 0.00000000
v 0.27349618 -0.47977912 -0.49741901 0.00000000 0.00000000 0.00000000
v 0.29151420 -0.47977912 -0.49741901 0.00000000 0.00000000 0.00000000
v 0.30953222 -0.47977912 -0.49741901 0.00000000 0.00000000 0.00000000
v 0.32755023 -0.47977912 -0.49741901 0.00000000 0.00000000 0.00000000
v 0.34556825 -0.47977912 -0.49741901 0.00000000 0.00000000 0.00000000
v 0.36358627 -0.47977912 -0.49741901 0.00000000 0.00000000 0.00000000
v 0.38160429 -0.47977912 -0.49741901 0.00000000 0.00000000 0.00000000
v 0.39962231 -0.47977912 -0.49741901 0.00000000 0.00000000 0.00000000
v 0.41764032 -0.47977912 -0.49741901 0.00000000 0.00000000 0.00000000
v 0.43565834 -0.47977912 -0.49741901 0.00000000 0.00000000 0.00000000
v 0.45367636 -0.47977912 -0.49741901 0.00000000 0.00000000 0.00000000
v 0.47169438 -0.47977912 -0.49741901 0.00000000 0.00000000 0.00000000
v 0.48971240 -0.47977912 -0.49741901 0.00000000 0.00000000 0.00000000
v 0.50773041 -0.47977912 -0.49741901 0.00000000 0.00000000 0.00000000
v 0.52574843 -0.47977912 -0.49741901 0.00000000 0.00000000 0.00000000
v 0.54376645 -0.47977912 -0.49741901 0.00000000 0.00000000 0.00000000
v 0.56178447 -0.47977912 -0.49741901 0.00000000 0.00000000 0.00000000
v 0.57980249 -0.47977912 -0.49741901 0.00000000 0.00000000 0.00000000
v 0.59782050 -0.47977912 -0.49741901 0.00000000 0.00000000 0.00000000
v 0.61583852 -0.47977912 -0.49741901 0.00000000 0.00000000 0.00000000
v 0.63385654 -0.47977912 -0.49741901 0.00000000 0.00000000 0.00000000
v 0.65187456 -0.47977912 -0.49741901 0.00000000 0.00000000 0.00000000
v 0.66989258 -0.47977912 -0.49741901 0.00000000 0.00000000 0.00000000
v 0.68791059 -0.47977912 -0.49741901 0.00000000 0.00000000 0.00000000
v 0.70592861 -0.47977912 -0.49741901 0.00000000 0.00000000 0.00000000
v 0.72394663 -0.47977912 -0.49741901 0.00000000 0.00000000 0.00000000
v 0.74196465 -0.47977912 -0.49741901 0.00000000 0.00000000 0.00000000
v 0.75998267 -0.47977912 -0.49741901 0.00000000 0.00000000 0.00000000
v 0.77800068 -0.47977912 -0.49741901 0.00000000 0.00000000 0.00000000
v 0.79601870 -0.47977912 -0.49741901 0.00000000 0.00000000 0.00000000
v 0.81403672 -0.47977912 -0.49741901 0.00000000 0.00000000 0.00000000
v 0.83205474 -0.47977912 -0.49741901 0.00000000 0.00000000 0.00000000
v 0.85007276 -0.47977912 -0.49741901 0.00000000 0.00000000 0.00000000
v 0.86809077 -0.47977912 -0.49741901 0.00000000 0.00000000 0.00000000
v 0.88610879 -0.47977912 -0.49741901 0.00000000 0.00000000 0.00000000
v 0.90412681 -0.47977912 -0.49741901 0.00000000 0.00000000 0.00000000
v 0.92214483 -0.47977912 -0.49741901 0.00000000 0.00000000 0.00000000
v -0.91569301 -0.49779714 -0.49741901 0.00000000 0.00000000 0.00000000
v -0.89767499 -0.49779714 -0.49741901 0.00000000 0.00000000 0.00000000
v -0.87965697 -0.49779714 -0.49741901 0.00000000 0.00000000 0.00000000
v -0.86163896 -0.49779714 -0.49741901 0.00000000 0.00000000 0.00000000
v -0.84362094 -0.49779714 -0.49741901 0.00000000 0.00000000 0.00000000
v -0.82560292 -0.49779714 -0.49741901 0.00000000 0.00000000 0.00000000
v -0.80758490 -0.49779714 -0.49741901 0.00000000 0.00000000 0.00000000
v -0.78956688 -0.49779714 -0.49741901 0.00000000 0.00000000 0.00000000
v -0.77154887 -0.49779714 -0.49741901 0.00000000 0.00000000 0.00000000
v -0.75353085 -0.49779714 -0.49741901 0.00000000 0.00000000 0.00000000
v -0.73551283 -0.49779714 -0.49741901 0.00000000 0.00000000 0.00000000
v -0.71749481 -0.49779714 -0.49741901 0.00000000 0.00000000 0.00000000
v -0.69947679 -0.49779714 -0.49741901 0.00000000 0.00000000 0.00000000
v -0.68145878 -0.49779714 -0.49741901 0.00000000 0.00000000 0.00000000
v -0.66344076 -0.49779714 -0.49741901 0.00000000 0.00000000 0.00000000
v -0.64542274 -0.49779714 -0.49741901 0.00000000 0.00000000 0.00000000
v -0.62740472 -0.49779714 -0.49741901 0.00000000 0.00000000 0.00000000
v -0.60938670 -0.49779714 -0.49741901 0.00000000 0.00000000 0.00000000
v -0.59136869 -0.49779714 -0.49741901 0.00000000 0.00000000 0.00000000
v -0.57335067 -0.49779714 -0.49741901 0.00000000 0.00000000 0.00000000
v -0.55533265 -0.49779714 -0.49741901 0.00000000 0.00000000 0.00000000
v -0.53731463 -0.49779714 -0.49741901 0.00000000 0.00000000 0.00000000
v -0.51929661 -0.49779714 -0.49741901 0.00000000 0.00000000 0.00000000
v -0.50127860 -0.49779714 -0.49741901 0.00000000 0.00000000 0.00000000
v -0.48326058 -0.49779714 -0.49741901 0.00000000 0.00000000 0.00000000
v -0.46524256 -0.49779714 -0.49741901 0.00000000 0.00000000 0.00000000
v -0.44722454 -0.49779714 -0.49741901 0.00000000 0.00000000 0.00000000
v -0.42920652 -0.49779714 -0.49741901 0.00000000 0.00000000 0.00000000
v -0.41118851 -0.49779714 -0.49741901 0.00000000 0.00000000 0.00000000
v -0.39317049 -0.49779714 -0.49741901 0.00000000 0.00000000 0.00000000
v -0.37515247 -0.49779714 -0.49741901 0.00000000 0.00000000 0.00000000
v -0.35713445 -0.49779714 -0.49741901 0.00000000 0.00000000 0.00000000
v -0.33911643 -0.49779714 -0.49741901 0.00000000 0.00000000 0.00000000
v -0.32109842 -0.49779714 -0.49741901 0.00000000 0.00000000 0.00000000
v -0.30308040 -0.49779714 -0.49741901 0.00000000 0.00000000 0.00000000
v -0.28506238 -0.49779714 -0.49741901 0.00392157 0.00392157 0.00392157
v -0.26704436 -0.49779714 0.12473027 0.27058824 0.27843137 0.28627451
v -0.24902634 -0.49779714 0.15405554 0.03137255 0.04705882 0.05882353
v -0.23100833 -0.49779714 0.18017597 0.13725490 0.15686275 0.17254902
v -0.21299031 -0.49779714 0.19241118 0.30588235 0.32549020 0.34117647
v -0.19497229 -0.49779714 0.19632472 0.24705882 0.26666667 0.28235294
v -0.17695427 -0.49779714 0.19964289 0.16862745 0.18431373 0.19607843
v -0.15893625 -0.49779714 0.20277822 0.08627451 0.09019608 0.09803922
v -0.14091824 -0.49779714 0.20676194 0.02745098 0.02745098 0.02745098
v -0.12290022 -0.49779714 0.21326919 0.10588235 0.10980392 0.11764706
v -0.10488220 -0.49779714 -0.49741901 0.00000000 0.00000000 0.00000000
v -0.08686418 -0.49779714 0.21237030 0.15294118 0.16078431 0.16862745
v -0.06884616 -0.49779714 0.19408889 0.28627451 0.32549020 0.36470588
v -0.05082815 -0.49779714 0.19210456 0.20392157 0.26666667 0.31764706
v -0.03281013 -0.49779714 0.19024340 0.22745098 0.29803922 0.35294118
v -0.01479211 -0.49779714 0.18637860 0.24313725 0.31764706 0.37647059
v 0.00322591 -0.49779714 0.18341908 0.23921569 0.30980392 0.36470588
v 0.02124393 -0.49779714 0.17519528 0.22745098 0.28235294 0.33333333
v 0.03926195 -0.49779714 0.16405740 0.28235294 0.29411765 0.30980392
v 0.05727996 -0.49779714 -0.49741901 0.00392157 0.00392157 0.00392157
v 0.07529798 -0.49779714 -0.49741901 0.00000000 0.00000000 0.00000000
v 0.09331600 -0.49779714 -0.49741901 0.00000000 0.00000000 0.00000000
v 0.11133402 -0.49779714 -0.49741901 0.00000000 0.00000000 0.00000000
v 0.12935204 -0.49779714 -0.49741901 0.00000000 0.00000000 0.00000000
v 0.14737005 -0.49779714 -0.49741901 0.00000000 0.00000000 0.00000000
v 0.16538807 -0.49779714 -0.49741901 0.00000000 0.00000000 0.00000000
v 0.18340609 -0.49779714 -0.49741901 0.00000000 0.00000000 0.00000000
v 0.20142411 -0.49779714 -0.49741901 0.00000000 0.00000000 0.00000000
v 0.21944213 -0.49779714 -0.49741901 0.00000000 0.00000000 0.00000000
v 0.23746014 -0.49779714 -0.49741901 0.00000000 0.00000000 0.00000000
v 0.25547816 -0.49779714 -0.49741901 0.00000000 0.00000000 0.00000000
v 0.27349618 -0.49779714 -0.49741901 0.00000000 0.00000000 0.00000000
v 0.29151420 -0.49779714 -0.49741901 0.00000000 0.00000000 0.00000000
v 0.30953222 -0.49779714 -0.49741901 0.00000000 0.00000000 0.00000000
v 0.32755023 -0.49779714 -0.49741901 0.00000000 0.00000000 0.00000000
v 0.34556825 -0.49779714 -0.49741901 0.00000000 0.00000000 0.00000000
v 0.36358627 -0.49779714 -0.49741901 0.00000000 0.00000000 0.00000000
v 0.38160429 -0.49779714 -0.49741901 0.00000000 0.00000000 0.00000000
v 0.39962231 -0.49779714 -0.49741901 0.00000000 0.00000000 0.00000000
v 0.41764032 -0.49779714 -0.49741901 0.00000000 0.00000000 0.00000000
v 0.43565834 -0.49779714 -0.49741901 0.00000000 0.00000000 0.00000000
v 0.45367636 -0.49779714 -0.49741901 0.00000000 0.00000000 0.00000000
v 0.47169438 -0.49779714 -0.49741901 0.00000000 0.00000000 0.00000000
v 0.48971240 -0.49779714 -0.49741901 0.00000000 0.00000000 0.00000000
v 0.50773041 -0.49779714 -0.49741901 0.00000000 0.00000000 0.00000000
v 0.52574843 -0.49779714 -0.49741901 0.00000000 0.00000000 0.00000000
v 0.54376645 -0.49779714 -0.49741901 0.00000000 0.00000000 0.00000000
v 0.56178447 -0.49779714 -0.49741901 0.00000000 0.00000000 0.00000000
v 0.57980249 -0.49779714 -0.49741901 0.00000000 0.00000000 0.00000000
v 0.59782050 -0.49779714 -0.49741901 0.00000000 0.00000000 0.00000000
v 0.61583852 -0.49779714 -0.49741901 0.00000000 0.00000000 0.00000000
v 0.63385654 -0.49779714 -0.49741901 0.00000000 0.00000000 0.00000000
v 0.65187456 -0.49779714 -0.49741901 0.00000000 0.00000000 0.00000000
v 0.66989258 -0.49779714 -0.49741901 0.00000000 0.00000000 0.00000000
v 0.68791059 -0.49779714 -0.49741901 0.00000000 0.00000000 0.00000000
v 0.70592861 -0.49779714 -0.49741901 0.00000000 0.00000000 0.00000000
v 0.72394663 -0.49779714 -0.49741901 0.00000000 0.00000000 0.00000000
v 0.74196465 -0.49779714 -0.49741901 0.00000000 0.00000000 0.00000000
v 0.75998267 -0.49779714 -0.49741901 0.00000000 0.00000000 0.00000000
v 0.77800068 -0.49779714 -0.49741901 0.00000000 0.00000000 0.00000000
v 0.79601870 -0.49779714 -0.49741901 0.00000000 0.00000000 0.00000000
v 0.81403672 -0.49779714 -0.49741901 0.00000000 0.00000000 0.00000000
v 0.83205474 -0.49779714 -0.49741901 0.00000000 0.00000000 0.00000000
v 0.85007276 -0.49779714 -0.49741901 0.00000000 0.00000000 0.00000000
v 0.86809077 -0.49779714 -0.49741901 0.00000000 0.00000000 0.00000000
v 0.88610879 -0.49779714 -0.49741901 0.00000000 0.00000000 0.00000000
v 0.90412681 -0.49779714 -0.49741901 0.00000000 0.00000000 0.00000000
v 0.92214483 -0.49779714 -0.49741901 0.00000000 0.00000000 0.00000000
v -0.91569301 -0.51581516 -0.49741901 0.00000000 0.00000000 0.00000000
v -0.89767499 -0.51581516 -0.49741901 0.00000000 0.00000000 0.00000000
v -0.87965697 -0.51581516 -0.49741901 0.00000000 0.00000000 0.00000000
v -0.86163896 -0.51581516 -0.49741901 0.00000000 0.00000000 0.00000000
v -0.84362094 -0.51581516 -0.49741901 0.00000000 0.00000000 0.00000000
v -0.82560292 -0.51581516 -0.49741901 0.00000000 0.00000000 0.00000000
v -0.80758490 -0.51581516 -0.49741901 0.00000000 0.00000000 0.00000000
v -0.78956688 -0.51581516 -0.49741901 0.00000000 0.00000000 0.00000000
v -0.77154887 -0.51581516 -0.49741901 0.00000000 0.00000000 0.00000000
v -0.75353085 -0.51581516 -0.49741901 0.00000000 0.00000000 0.00000000
v -0.73551283 -0.51581516 -0.49741901 0.00000000 0.00000000 0.00000000
v -0.71749481 -0.51581516 -0.49741901 0.00000000 0.00000000 0.00000000
v -0.69947679 -0.51581516 -0.49741901 0.00000000 0.00000000 0.00000000
v -0.68145878 -0.51581516 -0.49741901 0.00000000 0.00000000 0.00000000
v -0.66344076 -0.51581516 -0.49741901 0.00000000 0.00000000 0.00000000
v -0.64542274 -0.51581516 -0.49741901 0.00000000 0.00000000 0.00000000
v -0.62740472 -0.51581516 -0.49741901 0.00000000 0.00000000 0.00000000
v -0.60938670 -0.51581516 -0.49741901 0.00000000 0.00000000 0.00000000
v -0.59136869 -0.51581516 -0.49741901 0.00000000 0.00000000 0.00000000
v -0.57335067 -0.51581516 -0.49741901 0.00000000 0.00000000 0.00000000
v -0.55533265 -0.51581516 -0.49741901 0.00000000 0.00000000 0.00000000
v -0.53731463 -0.51581516 -0.49741901 0.00000000 0.00000000 0.00000000
v -0.51929661 -0.51581516 -0.49741901 0.00000000 0.00000000 0.00000000
v -0.50127860 -0.51581516 -0.49741901 0.00000000 0.00000000 0.00000000
v -0.48326058 -0.51581516 -0.49741901 0.00000000 0.00000000 0.00000000
v -0.46524256 -0.51581516 -0.49741901 0.00000000 0.00000000 0.00000000
v -0.44722454 -0.51581516 -0.49741901 0.00000000 0.00000000 0.00000000
v -0.42920652 -0.51581516 -0.49741901 0.00000000 0.00000000 0.00000000
v -0.41118851 -0.51581516 -0.49741901 0.00000000 0.00000000 0.00000000
v -0.39317049 -0.51581516 -0.49741901 0.00000000 0.00000000 0.00000000
v -0.37515247 -0.51581516 -0.49741901 0.00000000 0.00000000 0.00000000
v -0.35713445 -0.51581516 -0.49741901 0.00000000 0.00000000 0.00000000
v -0.33911643 -0.51581516 -0.49741901 0.00000000 0.00000000 0.00000000
v -0.32109842 -0.51581516 -0.49741901 0.00000000 0.00000000 0.00000000
v -0.30308040 -0.51581516 0.09441876 0.07843137 0.07843137 0.07843137
v -0.28506238 -0.51581516 0.13624901 0.32156863 0.32156863 0.32156863
v -0.26704436 -0.51581516 0.15993945 0.09803922 0.09803922 0.09803922
v -0.24902634 -0.51581516 0.17834904 0.06274510 0.06274510 0.07058824
v -0.23100833 -0.51581516 0.19014408 0.01568627 0.01960784 0.02745098
v -0.21299031 -0.51581516 0.19677856 0.03921569 0.04313725 0.05098039
v -0.19497229 -0.51581516 0.20058955 0.02352941 0.02745098 0.03529412
v -0.17695427 -0.51581516 0.20297734 0.03529412 0.03921569 0.04705882
v -0.15893625 -0.51581516 0.20635167 0.03921569 0.03921569 0.03921569
v -0.14091824 -0.51581516 0.20747092 0.01960784 0.01960784 0.01960784
v -0.12290022 -0.51581516 0.21163272 0.15294118 0.15294118 0.15294118
v -0.10488220 -0.51581516 -0.49741901 0.00000000 0.00000000 0.00000000
v -0.08686418 -0.51581516 0.21102766 0.27058824 0.27450980 0.27843137
v -0.06884616 -0.51581516 0.19336259 0.23921569 0.25098039 0.26274510
v -0.05082815 -0.51581516 0.19063477 0.23921569 0.29411765 0.34509804
v -0.03281013 -0.51581516 0.18998710 0.23529412 0.29803922 0.36078431
v -0.01479211 -0.51581516 0.18651875 0.23529412 0.29803922 0.35686275
v 0.00322591 -0.51581516 0.18168893 0.25098039 0.29803922 0.35294118
v 0.02124393 -0.51581516 0.17376962 0.24313725 0.27058824 0.31372549
v 0.03926195 -0.51581516 0.16234566 0.18431373 0.20392157 0.23137255
v 0.05727996 -0.51581516 -0.49741901 0.01176471 0.01176471 0.01176471
v 0.07529798 -0.51581516 -0.49741901 0.00000000 0.00000000 0.00000000
v 0.09331600 -0.51581516 -0.49741901 0.00000000 0.00000000 0.00000000
v 0.11133402 -0.51581516 -0.49741901 0.00000000 0.00000000 0.00000000
v 0.12935204 -0.51581516 -0.49741901 0.00000000 0.00000000 0.00000000
v 0.14737005 -0.51581516 -0.49741901 0.00000000 0.00000000 0.00000000
v 0.16538807 -0.51581516 -0.49741901 0.00000000 0.00000000 0.00000000
v 0.18340609 -0.51581516 -0.49741901 0.00000000 0.00000000 0.00000000
v 0.20142411 -0.51581516 -0.49741901 0.00000000 0.00000000 0.00000000
v 0.21944213 -0.51581516 -0.49741901 0.00000000 0.00000000 0.00000000
v 0.23746014 -0.51581516 -0.49741901 0.00000000 0.00000000 0.00000000
v 0.25547816 -0.51581516 -0.49741901 0.00000000 0.00000000 0.00000000
v 0.27349618 -0.51581516 -0.49741901 0.00000000 0.00000000 0.00000000
v 0.29151420 -0.51581516 -0.49741901 0.00000000 0.00000000 0.00000000
v 0.30953222 -0.51581516 -0.49741901 0.00000000 0.00000000 0.00000000
v 0.32755023 -0.51581516 -0.49741901 0.00000000 0.00000000 0.00000000
v 0.34556825 -0.51581516 -0.49741901 0.00000000 0.00000000 0.00000000
v 0.36358627 -0.51581516 -0.49741901 0.00000000 0.00000000 0.00000000
v 0.38160429 -0.51581516 -0.49741901 0.00000000 0.00000000 0.00000000
v 0.39962231 -0.51581516 -0.49741901 0.00000000 0.00000000 0.00000000
v 0.41764032 -0.51581516 -0.49741901 0.00000000 0.00000000 0.00000000
v 0.43565834 -0.51581516 -0.49741901 0.00000000 0.00000000 0.00000000
v 0.45367636 -0.51581516 -0.49741901 0.00000000 0.00000000 0.00000000
v 0.47169438 -0.51581516 -0.49741901 0.00000000 0.00000000 0.00000000
v 0.48971240 -0.51581516 -0.49741901 0.00000000 0.00000000 0.00000000
v 0.50773041 -0.51581516 -0.49741901 0.00000000 0.00000000 0.00000000
v 0.52574843 -0.51581516 -0.49741901 0.00000000 0.00000000 0.00000000
v 0.54376645 -0.51581516 -0.49741901 0.00000000 0.00000000 0.00000000
v 0.56178447 -0.51581516 -0.49741901 0.00000000 0.00000000 0.00000000
v 0.57980249 -0.51581516 -0.49741901 0.00000000 0.00000000 0.00000000
v 0.59782050 -0.51581516 -0.49741901 0.00000000 0.00000000 0.00000000
v 0.61583852 -0.51581516 -0.49741901 0.00000000 0.00000000 0.00000000
v 0.63385654 -0.51581516 -0.49741901 0.00000000 0.00000000 0.00000000
v 0.65187456 -0.51581516 -0.49741901 0.00000000 0.00000000 0.00000000
v 0.66989258 -0.51581516 -0.49741901 0.00000000 0.00000000 0.00000000
v 0.68791059 -0.51581516 -0.49741901 0.00000000 0.00000000 0.00000000
v 0.70592861 -0.51581516 -0.49741901 0.00000000 0.00000000 0.00000000
v 0.72394663 -0.51581516 -0.49741901 0.00000000 0.00000000 0.00000000
v 0.74196465 -0.51581516 -0.49741901 0.00000000 0.00000000 0.00000000
v 0.75998267 -0.51581516 -0.49741901 0.00000000 0.00000000 0.00000000
v 0.77800068 -0.51581516 -0.49741901 0.00000000 0.00000000 0.00000000
v 0.79601870 -0.51581516 -0.49741901 0.00000000 0.00000000 0.00000000
v 0.81403672 -0.51581516 -0.49741901 0.00000000 0.00000000 0.00000000
v 0.83205474 -0.51581516 -0.49741901 0.00000000 0.00000000 0.00000000
v 0.85007276 -0.51581516 -0.49741901 0.00000000 0.00000000 0.00000000
v 0.86809077 -0.51581516 -0.49741901 0.00000000 0.00000000 0.00000000
v 0.88610879 -0.51581516 -0.49741901 0.00000000 0.00000000 0.00000000
v 0.90412681 -0.51581516 -0.49741901 0.00000000 0.00000000 0.00000000
v 0.92214483 -0.51581516 -0.49741901 0.00000000 0.00000000 0.00000000
v -0.91569301 -0.53383317 -0.49741901 0.00000000 0.00000000 0.00000000
v -0.89767499 -0.53383317 -0.49741901 0.00000000 0.00000000 0.00000000
v -0.87965697 -0.53383317 -0.49741901 0.00000000 0.00000000 0.00000000
v -0.86163896 -0.53383317 -0.49741901 0.00000000 0.00000000 0.00000000
v -0.84362094 -0.53383317 -0.49741901 0.00000000 0.00000000 0.00000000
v -0.82560292 -0.53383317 -0.49741901 0.00000000 0.00000000 0.00000000
v -0.80758490 -0.53383317 -0.49741901 0.00000000 0.00000000 0.00000000
v -0.78956688 -0.53383317 -0.49741901 0.00000000 0.00000000 0.00000000
v -0.77154887 -0.53383317 -0.49741901 0.00000000 0.00000000 0.00000000
v -0.75353085 -0.53383317 -0.49741901 0.00000000 0.00000000 0.00000000
v -0.73551283 -0.53383317 -0.49741901 0.00000000 0.00000000 0.00000000
v -0.71749481 -0.53383317 -0.49741901 0.00000000 0.00000000 0.00000000
v -0.69947679 -0.53383317 -0.49741901 0.00000000 0.00000000 0.00000000
v -0.68145878 -0.53383317 -0.49741901 0.00000000 0.00000000 0.00000000
v -0.66344076 -0.53383317 -0.49741901 0.00000000 0.00000000 0.00000000
v -0.64542274 -0.53383317 -0.49741901 0.00000000 0.00000000 0.00000000
v -0.62740472 -0.53383317 -0.49741901 0.00000000 0.00000000 0.00000000
v -0.60938670 -0.53383317 -0.49741901 0.00000000 0.00000000 0.00000000
v -0.59136869 -0.53383317 -0.49741901 0.00000000 0.00000000 0.00000000
v -0.57335067 -0.53383317 -0.49741901 0.00000000 0.00000000 0.00000000
v -0.55533265 -0.53383317 -0.49741901 0.00000000 0.00000000 0.00000000
v -0.53731463 -0.53383317 -0.49741901 0.00000000 0.00000000 0.00000000
v -0.51929661 -0.53383317 -0.49741901 0.00000000 0.00000000 0.00000000
v -0.50127860 -0.53383317 -0.49741901 0.00000000 0.00000000 0.00000000
v -0.48326058 -0.53383317 -0.49741901 0.00000000 0.00000000 0.00000000
v -0.46524256 -0.53383317 -0.49741901 0.00000000 0.00000000 0.00000000
v -0.44722454 -0.53383317 -0.49741901 0.00000000 0.00000000 0.00000000
v -0.42920652 -0.53383317 -0.49741901 0.00000000 0.00000000 0.00000000
v -0.41118851 -0.53383317 -0.49741901 0.00000000 0.00000000 0.00000000
v -0.39317049 -0.53383317 -0.49741901 0.00000000 0.00000000 0.00000000
v -0.37515247 -0.53383317 -0.49741901 0.00000000 0.00000000 0.00000000
v -0.35713445 -0.53383317 -0.49741901 0.00000000 0.00000000 0.00000000
v -0.33911643 -0.53383317 -0.49741901 0.00000000 0.00000000 0.00000000
v -0.32109842 -0.53383317 -0.49741901 0.00000000 0.00000000 0.00000000
v -0.30308040 -0.53383317 0.11047815 0.00000000 0.00000000 0.00000000
v -0.28506238 -0.53383317 0.14620894 0.03529412 0.03529412 0.03529412
v -0.26704436 -0.53383317 0.16398791 0.00000000 0.00000000 0.00000000
v -0.24902634 -0.53383317 0.18096015 0.08627451 0.08627451 0.08627451
v -0.23100833 -0.53383317 0.19244720 0.05490196 0.05490196 0.05490196
v -0.21299031 -0.53383317 0.19840892 0.00000000 0.00000000 0.00000000
v -0.19497229 -0.53383317 0.20128437 0.02745098 0.02745098 0.02745098
v -0.17695427 -0.53383317 0.20345435 0.03921569 0.03921569 0.03921569
v -0.15893625 -0.53383317 0.20642590 0.03921569 0.03921569 0.03921569
v -0.14091824 -0.53383317 0.20839786 0.01960784 0.01960784 0.01960784
v -0.12290022 -0.53383317 0.21161526 0.17647059 0.17647059 0.17647059
v -0.10488220 -0.53383317 -0.49741901 0.00000000 0.00000000 0.00000000
v -0.08686418 -0.53383317 0.20938762 0.00000000 0.00000000 0.00000000
v -0.06884616 -0.53383317 0.18935028 0.31372549 0.31372549 0.31372549
v -0.05082815 -0.53383317 0.18645056 0.23921569 0.27843137 0.32549020
v -0.03281013 -0.53383317 0.18601686 0.22352941 0.27450980 0.33725490
v -0.01479211 -0.53383317 0.18362006 0.23529412 0.28235294 0.33725490
v 0.00322591 -0.53383317 0.17874859 0.26666667 0.30588235 0.34509804
v 0.02124393 -0.53383317 0.17233178 0.19607843 0.22352941 0.25490196
v 0.03926195 -0.53383317 0.16318902 0.04705882 0.05882353 0.08627451
v 0.05727996 -0.53383317 0.14956100 0.00392157 0.00784314 0.01960784
v 0.07529798 -0.53383317 -0.49741901 0.00000000 0.00000000 0.00000000
v 0.09331600 -0.53383317 -0.49741901 0.00000000 0.00000000 0.00000000
v 0.11133402 -0.53383317 -0.49741901 0.00000000 0.00000000 0.00000000
v 0.12935204 -0.53383317 -0.49741901 0.00000000 0.00000000 0.00000000
v 0.14737005 -0.53383317 -0.49741901 0.00000000 0.00000000 0.00000000
v 0.16538807 -0.53383317 -0.49741901 0.00000000 0.00000000 0.00000000
v 0.18340609 -0.53383317 -0.49741901 0.00000000 0.00000000 0.00000000
v 0.20142411 -0.53383317 -0.49741901 0.00000000 0.00000000 0.00000000
v 0.21944213 -0.53383317 -0.49741901 0.00000000 0.00000000 0.00000000
v 0.23746014 -0.53383317 -0.49741901 0.00000000 0.00000000 0.00000000
v 0.25547816 -0.53383317 -0.49741901 0.00000000 0.00000000 0.00000000
v 0.27349618 -0.53383317 -0.49741901 0.00000000 0.00000000 0.00000000
v 0.29151420 -0.53383317 -0.49741901 0.00000000 0.00000000 0.00000000
v 0.30953222 -0.53383317 -0.49741901 0.00000000 0.00000000 0.00000000
v 0.32755023 -0.53383317 -0.49741901 0.00000000 0.00000000 0.00000000
v 0.34556825 -0.53383317 -0.49741901 0.00000000 0.00000000 0.00000000
v 0.36358627 -0.53383317 -0.49741901 0.00000000 0.00000000 0.00000000
v 0.38160429 -0.53383317 -0.49741901 0.00000000 0.00000000 0.00000000
v 0.39962231 -0.53383317 -0.49741901 0.00000000 0.00000000 0.00000000
v 0.41764032 -0.53383317 -0.49741901 0.00000000 0.00000000 0.00000000
v 0.43565834 -0.53383317 -0.49741901 0.00000000 0.00000000 0.00000000
v 0.45367636 -0.53383317 -0.49741901 0.00000000 0.00000000 0.00000000
v 0.47169438 -0.53383317 -0.49741901 0.00000000 0.00000000 0.00000000
v 0.48971240 -0.53383317 -0.49741901 0.00000000 0.00000000 0.00000000
v 0.50773041 -0.53383317 -0.49741901 0.00000000 0.00000000 0.00000000
v 0.52574843 -0.53383317 -0.49741901 0.00000000 0.00000000 0.00000000
v 0.54376645 -0.53383317 -0.49741901 0.00000000 0.00000000 0.00000000
v 0.56178447 -0.53383317 -0.49741901 0.00000000 0.00000000 0.00000000
v 0.57980249 -0.53383317 -0.49741901 0.00000000 0.00000000 0.00000000
v 0.59782050 -0.53383317 -0.49741901 0.00000000 0.00000000 0.00000000
v 0.61583852 -0.53383317 -0.49741901 0.00000000 0.00000000 0.00000000
v 0.63385654 -0.53383317 -0.49741901 0.00000000 0.00000000 0.00000000
v 0.65187456 -0.53383317 -0.49741901 0.00000000 0.00000000 0.00000000
v 0.66989258 -0.53383317 -0.49741901 0.00000000 0.00000000 0.00000000
v 0.68791059 -0.53383317 -0.49741901 0.00000000 0.00000000 0.00000000
v 0.70592861 -0.53383317 -0.49741901 0.00000000 0.00000000 0.00000000
v 0.72394663 -0.53383317 -0.49741901 0.00000000 0.00000000 0.00000000
v 0.74196465 -0.53383317 -0.49741901 0.00000000 0.00000000 0.00000000
v 0.75998267 -0.53383317 -0.49741901 0.00000000 0.00000000 0.00000000
v 0.77800068 -0.53383317 -0.49741901 0.00000000 0.00000000 0.00000000
v 0.79601870 -0.53383317 -0.49741901 0.00000000 0.00000000 0.00000000
v 0.81403672 -0.53383317 -0.49741901 0.00000000 0.00000000 0.00000000
v 0.83205474 -0.53383317 -0.49741901 0.00000000 0.00000000 0.00000000
v 0.85007276 -0.53383317 -0.49741901 0.00000000 0.00000000 0.00000000
v 0.86809077 -0.53383317 -0.49741901 0.00000000 0.00000000 0.00000000
v 0.88610879 -0.53383317 -0.49741901 0.00000000 0.00000000 0.00000000
v 0.90412681 -0.53383317 -0.49741901 0.00000000 0.00000000 0.00000000
v 0.92214483 -0.53383317 -0.49741901 0.00000000 0.00000000 0.00000000
v -0.91569301 -0.55185119 -0.49741901 0.00000000 0.00000000 0.00000000
v -0.89767499 -0.55185119 -0.49741901 0.00000000 0.00000000 0.00000000
v -0.87965697 -0.55185119 -0.49741901 0.00000000 0.00000000 0.00000000
v -0.86163896 -0.55185119 -0.49741901 0.00000000 0.00000000 0.00000000
v -0.84362094 -0.55185119 -0.49741901 0.00000000 0.00000000 0.00000000
v -0.82560292 -0.55185119 -0.49741901 0.00000000 0.00000000 0.00000000
v -0.80758490 -0.55185119 -0.49741901 0.00000000 0.00000000 0.00000000
v -0.78956688 -0.55185119 -0.49741901 0.00000000 0.00000000 0.00000000
v -0.77154887 -0.55185119 -0.49741901 0.00000000 0.00000000 0.00000000
v -0.75353085 -0.55185119 -0.49741901 0.00000000 0.00000000 0.00000000
v -0.73551283 -0.55185119 -0.49741901 0.00000000 0.00000000 0.00000000
v -0.71749481 -0.55185119 -0.49741901 0.00000000 0.00000000 0.00000000
v -0.69947679 -0.55185119 -0.49741901 0.00000000 0.00000000 0.00000000
v -0.68145878 -0.55185119 -0.49741901 0.00000000 0.00000000 0.00000000
v -0.66344076 -0.55185119 -0.49741901 0.00000000 0.00000000 0.00000000
v -0.64542274 -0.55185119 -0.49741901 0.00000000 0.00000000 0.00000000
v -0.62740472 -0.55185119 -0.49741901 0.00000000 0.00000000 0.00000000
v -0.60938670 -0.55185119 -0.49741901 0.00000000 0.00000000 0.00000000
v -0.59136869 -0.55185119 -0.49741901 0.00000000 0.00000000 0.00000000
v -0.57335067 -0.55185119 -0.49741901 0.00000000 0.00000000 0.00000000
v -0.55533265 -0.55185119 -0.49741901 0.00000000 0.00000000 0.00000000
v -0.53731463 -0.55185119 -0.49741901 0.00000000 0.00000000 0.00000000
v -0.51929661 -0.55185119 -0.49741901 0.00000000 0.00000000 0.00000000
v -0.50127860 -0.55185119 -0.49741901 0.00000000 0.00000000 0.00000000
v -0.48326058 -0.55185119 -0.49741901 0.00000000 0.00000000 0.00000000
v -0.46524256 -0.55185119 -0.49741901 0.00000000 0.00000000 0.00000000
v -0.44722454 -0.55185119 -0.49741901 0.00000000 0.00000000 0.00000000
v -0.42920652 -0.55185119 -0.49741901 0.00000000 0.00000000 0.00000000
v -0.41118851 -0.55185119 -0.49741901 0.00000000 0.00000000 0.00000000
v -0.39317049 -0.55185119 -0.49741901 0.00000000 0.00000000 0.00000000
v -0.37515247 -0.55185119 -0.49741901 0.00000000 0.00000000 0.00000000
v -0.35713445 -0.55185119 -0.49741901 0.00000000 0.00000000 0.00000000
v -0.33911643 -0.55185119 -0.49741901 0.00000000 0.00000000 0.00000000
v -0.32109842 -0.55185119 -0.49741901 0.00000000 0.00000000 0.00000000
v -0.30308040 -0.55185119 0.11083165 0.21176471 0.21176471 0.21176471
v -0.28506238 -0.55185119 0.13771612 0.08235294 0.08235294 0.08235294
v -0.26704436 -0.55185119 0.15979470 0.36470588 0.36470588 0.36470588
v -0.24902634 -0.55185119 0.17965710 0.02745098 0.02745098 0.02745098
v -0.23100833 -0.55185119 0.19140678 0.05098039 0.05098039 0.05098039
v -0.21299031 -0.55185119 0.19705116 0.04313725 0.04313725 0.04313725
v -0.19497229 -0.55185119 0.19982874 0.02745098 0.02745098 0.02745098
v -0.17695427 -0.55185119 0.20260502 0.03921569 0.03921569 0.03921569
v -0.15893625 -0.55185119 0.20537957 0.03921569 0.03921569 0.03921569
v -0.14091824 -0.55185119 0.20832411 0.01960784 0.01960784 0.01960784
v -0.12290022 -0.55185119 0.21033497 0.15294118 0.15294118 0.15294118
v -0.10488220 -0.55185119 -0.49741901 0.00000000 0.00000000 0.00000000
v -0.08686418 -0.55185119 0.20663911 0.00000000 0.00000000 0.00000000
v -0.06884616 -0.55185119 0.19172323 0.30196078 0.30196078 0.30196078
v -0.05082815 -0.55185119 0.18362123 0.23529412 0.26274510 0.29411765
v -0.03281013 -0.55185119 0.18446768 0.25490196 0.29019608 0.32549020
v -0.01479211 -0.55185119 0.18280014 0.25490196 0.28235294 0.31372549
v 0.00322591 -0.55185119 0.17846300 0.21176471 0.23137255 0.25490196
v 0.02124393 -0.55185119 0.17279848 0.26274510 0.27450980 0.29411765
v 0.03926195 -0.55185119 0.16555406 0.01176471 0.01176471 0.01960784
v 0.05727996 -0.55185119 0.15575937 0.00392157 0.00000000 0.00000000
v 0.07529798 -0.55185119 0.13928400 0.30588235 0.29803922 0.29803922
v 0.09331600 -0.55185119 0.11931519 0.21568627 0.21568627 0.21568627
v 0.11133402 -0.55185119 -0.49741901 0.01176471 0.01176471 0.01176471
v 0.12935204 -0.55185119 -0.49741901 0.00000000 0.00000000 0.00000000
v 0.14737005 -0.55185119 -0.49741901 0.00000000 0.00000000 0.00000000
v 0.16538807 -0.55185119 -0.49741901 0.00000000 0.00000000 0.00000000
v 0.18340609 -0.55185119 -0.49741901 0.00000000 0.00000000 0.00000000
v 0.20142411 -0.55185119 -0.49741901 0.00000000 0.00000000 0.00000000
v 0.21944213 -0.55185119 -0.49741901 0.00000000 0.00000000 0.00000000
v 0.23746014 -0.55185119 -0.49741901 0.00000000 0.00000000 0.00000000
v 0.25547816 -0.55185119 -0.49741901 0.00000000 0.00000000 0.00000000
v 0.27349618 -0.55185119 -0.49741901 0.00000000 0.00000000 0.00000000
v 0.29151420 -0.55185119 -0.49741901 0.00000000 0.00000000 0.00000000
v 0.30953222 -0.55185119 -0.49741901 0.00000000 0.00000000 0.00000000
v 0.32755023 -0.55185119 -0.49741901 0.00000000 0.00000000 0.00000000
v 0.34556825 -0.55185119 -0.49741901 0.00000000 0.00000000 0.00000000
v 0.36358627 -0.55185119 -0.49741901 0.00000000 0.00000000 0.00000000
v 0.38160429 -0.55185119 -0.49741901 0.00000000 0.00000000 0.00000000
v 0.39962231 -0.55185119 -0.49741901 0.00000000 0.00000000 0.00000000
v 0.41764032 -0.55185119 -0.49741901 0.00000000 0.00000000 0.00000000
v 0.43565834 -0.55185119 -0.49741901 0.00000000 0.00000000 0.00000000
v 0.45367636 -0.55185119 -0.49741901 0.00000000 0.00000000 0.00000000
v 0.47169438 -0.55185119 -0.49741901 0.00000000 0.00000000 0.00000000
v 0.48971240 -0.55185119 -0.49741901 0.00000000 0.00000000 0.00000000
v 0.50773041 -0.55185119 -0.49741901 0.00000000 0.00000000 0.00000000
v 0.52574843 -0.55185119 -0.49741901 0.00000000 0.00000000 0.00000000
v 0.54376645 -0.55185119 -0.49741901 0.00000000 0.00000000 0.00000000
v 0.56178447 -0.55185119 -0.49741901 0.00000000 0.00000000 0.00000000
v 0.57980249 -0.55185119 -0.49741901 0.00000000 0.00000000 0.00000000
v 0.59782050 -0.55185119 -0.49741901 0.00000000 0.00000000 0.00000000
v 0.61583852 -0.55185119 -0.49741901 0.00000000 0.00000000 0.00000000
v 0.63385654 -0.55185119 -0.49741901 0.00000000 0.00000000 0.00000000
v 0.65187456 -0.55185119 -0.49741901 0.00000000 0.00000000 0.00000000
v 0.66989258 -0.55185119 -0.49741901 0.00000000 0.00000000 0.00000000
v 0.68791059 -0.55185119 -0.49741901 0.00000000 0.00000000 0.00000000
v 0.70592861 -0.55185119 -0.49741901 0.00000000 0.00000000 0.00000000
v 0.72394663 -0.55185119 -0.49741901 0.00000000 0.00000000 0.00000000
v 0.74196465 -0.55185119 -0.49741901 0.00000000 0.00000000 0.00000000
v 0.75998267 -0.55185119 -0.49741901 0.00000000 0.00000000 0.00000000
v 0.77800068 -0.55185119 -0.49741901 0.00000000 0.00000000 0.00000000
v 0.79601870 -0.55185119 -0.49741901 0.00000000 0.00000000 0.00000000
v 0.81403672 -0.55185119 -0.49741901 0.00000000 0.00000000 0.00000000
v 0.83205474 -0.55185119 -0.49741901 0.00000000 0.00000000 0.00000000
v 0.85007276 -0.55185119 -0.49741901 0.00000000 0.00000000 0.00000000
v 0.86809077 -0.55185119 -0.49741901 0.00000000 0.00000000 0.00000000
v 0.88610879 -0.55185119 -0.49741901 0.00000000 0.00000000 0.00000000
v 0.90412681 -0.55185119 -0.49741901 0.00000000 0.00000000 0.00000000
v 0.92214483 -0.55185119 -0.49741901 0.00000000 0.00000000 0.00000000
v -0.91569301 -0.56986921 -0.49741901 0.00000000 0.00000000 0.00000000
v -0.89767499 -0.56986921 -0.49741901 0.00000000 0.00000000 0.00000000
v -0.87965697 -0.56986921 -0.49741901 0.00000000 0.00000000 0.00000000
v -0.86163896 -0.56986921 -0.49741901 0.00000000 0.00000000 0.00000000
v -0.84362094 -0.56986921 -0.49741901 0.00000000 0.00000000 0.00000000
v -0.82560292 -0.56986921 -0.49741901 0.00000000 0.00000000 0.00000000
v -0.80758490 -0.56986921 -0.49741901 0.00000000 0.00000000 0.00000000
v -0.78956688 -0.56986921 -0.49741901 0.00000000 0.00000000 0.00000000
v -0.77154887 -0.56986921 -0.49741901 0.00000000 0.00000000 0.00000000
v -0.75353085 -0.56986921 -0.49741901 0.00000000 0.00000000 0.00000000
v -0.73551283 -0.56986921 -0.49741901 0.00000000 0.00000000 0.00000000
v -0.71749481 -0.56986921 -0.49741901 0.00000000 0.00000000 0.00000000
v -0.69947679 -0.56986921 -0.49741901 0.00000000 0.00000000 0.00000000
v -0.68145878 -0.56986921 -0.49741901 0.00000000 0.00000000 0.00000000
v -0.66344076 -0.56986921 -0.49741901 0.00000000 0.00000000 0.00000000
v -0.64542274 -0.56986921 -0.49741901 0.00000000 0.00000000 0.00000000
v -0.62740472 -0.56986921 -0.49741901 0.00000000 0.00000000 0.00000000
v -0.60938670 -0.56986921 -0.49741901 0.00000000 0.00000000 0.00000000
v -0.59136869 -0.56986921 -0.49741901 0.00000000 0.00000000 0.00000000
v -0.57335067 -0.56986921 -0.49741901 0.00000000 0.00000000 0.00000000
v -0.55533265 -0.56986921 -0.49741901 0.00000000 0.00000000 0.00000000
v -0.53731463 -0.56986921 -0.49741901 0.00000000 0.00000000 0.00000000
v -0.51929661 -0.56986921 -0.49741901 0.00000000 0.00000000 0.00000000
v -0.50127860 -0.56986921 -0.49741901 0.00000000 0.00000000 0.00000000
v -0.48326058 -0.56986921 -0.49741901 0.00000000 0.00000000 0.00000000
v -0.46524256 -0.56986921 -0.49741901 0.00000000 0.00000000 0.00000000
v -0.44722454 -0.56986921 -0.49741901 0.00000000 0.00000000 0.00000000
v -0.42920652 -0.56986921 -0.49741901 0.00000000 0.00000000 0.00000000
v -0.41118851 -0.56986921 -0.49741901 0.00000000 0.00000000 0.00000000
v -0.39317049 -0.56986921 -0.49741901 0.00000000 0.00000000 0.00000000
v -0.37515247 -0.56986921 -0.49741901 0.00000000 0.00000000 0.00000000
v -0.35713445 -0.56986921 -0.49741901 0.00000000 0.00000000 0.00000000
v -0.33911643 -0.56986921 -0.49741901 0.00000000 0.00000000 0.00000000
v -0.32109842 -0.56986921 -0.49741901 0.00000000 0.00000000 0.00000000
v -0.30308040 -0.56986921 -0.49741901 0.00392157 0.00392157 0.00392157
v -0.28506238 -0.56986921 -0.49741901 0.00392157 0.00392157 0.00392157
v -0.26704436 -0.56986921 -0.49741901 0.02745098 0.02745098 0.02745098
v -0.24902634 -0.56986921 0.17804964 0.00784314 0.00784314 0.00784314
v -0.23100833 -0.56986921 0.18960879 0.05882353 0.05882353 0.05882353
v -0.21299031 -0.56986921 0.19552301 0.02745098 0.02745098 0.02745098
v -0.19497229 -0.56986921 0.19867292 0.02745098 0.02745098 0.02745098
v -0.17695427 -0.56986921 0.20157897 0.03921569 0.03921569 0.03921569
v -0.15893625 -0.56986921 0.20448377 0.03921569 0.03921569 0.03921569
v -0.14091824 -0.56986921 0.20687610 0.01960784 0.01960784 0.01960784
v -0.12290022 -0.56986921 0.20826953 0.07843137 0.07843137 0.07843137
v -0.10488220 -0.56986921 -0.49741901 0.00000000 0.00000000 0.00000000
v -0.08686418 -0.56986921 0.20367430 0.30196078 0.30196078 0.30196078
v -0.06884616 -0.56986921 0.19725269 0.06274510 0.06274510 0.06274510
v -0.05082815 -0.56986921 0.19211116 0.29019608 0.30588235 0.31764706
v -0.03281013 -0.56986921 0.18948067 0.27058824 0.28235294 0.30196078
v -0.01479211 -0.56986921 0.18522539 0.27058824 0.28627451 0.29803922
v 0.00322591 -0.56986921 0.18077429 0.30196078 0.30588235 0.31372549
v 0.02124393 -0.56986921 0.17486962 0.11372549 0.11372549 0.11372549
v 0.03926195 -0.56986921 0.16761730 0.01568627 0.01176471 0.00392157
v 0.05727996 -0.56986921 0.15729954 0.04705882 0.02745098 0.01568627
v 0.07529798 -0.56986921 0.14153914 0.21568627 0.21176471 0.20784314
v 0.09331600 -0.56986921 0.12396431 0.12156863 0.12156863 0.12156863
v 0.11133402 -0.56986921 -0.49741901 0.00784314 0.00784314 0.00784314
v 0.12935204 -0.56986921 -0.49741901 0.00000000 0.00000000 0.00000000
v 0.14737005 -0.56986921 -0.49741901 0.00000000 0.00000000 0.00000000
v 0.16538807 -0.56986921 -0.49741901 0.00000000 0.00000000 0.00000000
v 0.18340609 -0.56986921 -0.49741901 0.00000000 0.00000000 0.00000000
v 0.20142411 -0.56986921 -0.49741901 0.00000000 0.00000000 0.00000000
v 0.21944213 -0.56986921 -0.49741901 0.00000000 0.00000000 0.00000000
v 0.23746014 -0.56986921 -0.49741901 0.00000000 0.00000000 0.00000000
v 0.25547816 -0.56986921 -0.49741901 0.00000000 0.00000000 0.00000000
v 0.27349618 -0.56986921 -0.49741901 0.00000000 0.00000000 0.00000000
v 0.29151420 -0.56986921 -0.49741901 0.00000000 0.00000000 0.00000000
v 0.30953222 -0.56986921 -0.49741901 0.00000000 0.00000000 0.00000000
v 0.32755023 -0.56986921 -0.49741901 0.00000000 0.00000000 0.00000000
v 0.34556825 -0.56986921 -0.49741901 0.00000000 0.00000000 0.00000000
v 0.36358627 -0.56986921 -0.49741901 0.00000000 0.00000000 0.00000000
v 0.38160429 -0.56986921 -0.49741901 0.00000000 0.00000000 0.00000000
v 0.39962231 -0.56986921 -0.49741901 0.00000000 0.00000000 0.00000000
v 0.41764032 -0.56986921 -0.49741901 0.00000000 0.00000000 0.00000000
v 0.43565834 -0.56986921 -0.49741901 0.00000000 0.00000000 0.00000000
v 0.45367636 -0.56986921 -0.49741901 0.00000000 0.00000000 0.00000000
v 0.47169438 -0.56986921 -0.49741901 0.00000000 0.00000000 0.00000000
v 0.48971240 -0.56986921 -0.49741901 0.00000000 0.00000000 0.00000000
v 0.50773041 -0.56986921 -0.49741901 0.00000000 0.00000000 0.00000000
v 0.52574843 -0.56986921 -0.49741901 0.00000000 0.00000000 0.00000000
v 0.54376645 -0.56986921 -0.49741901 0.00000000 0.00000000 0.00000000
v 0.56178447 -0.56986921 -0.49741901 0.00000000 0.00000000 0.00000000
v 0.57980249 -0.56986921 -0.49741901 0.00000000 0.00000000 0.00000000
v 0.59782050 -0.56986921 -0.49741901 0.00000000 0.00000000 0.00000000
v 0.61583852 -0.56986921 -0.49741901 0.00000000 0.00000000 0.00000000
v 0.63385654 -0.56986921 -0.49741901 0.00000000 0.00000000 0.00000000
v 0.65187456 -0.56986921 -0.49741901 0.00000000 0.00000000 0.00000000
v 0.66989258 -0.56986921 -0.49741901 0.00000000 0.00000000 0.00000000
v 0.68791059 -0.56986921 -0.49741901 0.00000000 0.00000000 0.00000000
v 0.70592861 -0.56986921 -0.49741901 0.00000000 0.00000000 0.00000000
v 0.72394663 -0.56986921 -0.49741901 0.00000000 0.00000000 0.00000000
v 0.74196465 -0.56986921 -0.49741901 0.00000000 0.00000000 0.00000000
v 0.75998267 -0.56986921 -0.49741901 0.00000000 0.00000000 0.00000000
v 0.77800068 -0.56986921 -0.49741901 0.00000000 0.00000000 0.00000000
v 0.79601870 -0.56986921 -0.49741901 0.00000000 0.00000000 0.00000000
v 0.81403672 -0.56986921 -0.49741901 0.00000000 0.00000000 0.00000000
v 0.83205474 -0.56986921 -0.49741901 0.00000000 0.00000000 0.00000000
v 0.85007276 -0.56986921 -0.49741901 0.00000000 0.00000000 0.00000000
v 0.86809077 -0.56986921 -0.49741901 0.00000000 0.00000000 0.00000000
v 0.88610879 -0.56986921 -0.49741901 0.00000000 0.00000000 0.00000000
v 0.90412681 -0.56986921 -0.49741901 0.00000000 0.00000000 0.00000000
v 0.92214483 -0.56986921 -0.49741901 0.00000000 0.00000000 0.00000000
v -0.91569301 -0.58788723 -0.49741901 0.00000000 0.00000000 0.00000000
v -0.89767499 -0.58788723 -0.49741901 0.00000000 0.00000000 0.00000000
v -0.87965697 -0.58788723 -0.49741901 0.00000000 0.00000000 0.00000000
v -0.86163896 -0.58788723 -0.49741901 0.00000000 0.00000000 0.00000000
v -0.84362094 -0.58788723 -0.49741901 0.00000000 0.00000000 0.00000000
v -0.82560292 -0.58788723 -0.49741901 0.00000000 0.00000000 0.00000000
v -0.80758490 -0.58788723 -0.49741901 0.00000000 0.00000000 0.00000000
v -0.78956688 -0.58788723 -0.49741901 0.00000000 0.00000000 0.00000000
v -0.77154887 -0.58788723 -0.49741901 0.00000000 0.00000000 0.00000000
v -0.75353085 -0.58788723 -0.49741901 0.00000000 0.00000000 0.00000000
v -0.73551283 -0.58788723 -0.49741901 0.00000000 0.00000000 0.00000000
v -0.71749481 -0.58788723 -0.49741901 0.00000000 0.00000000 0.00000000
v -0.69947679 -0.58788723 -0.49741901 0.00000000 0.00000000 0.00000000
v -0.68145878 -0.58788723 -0.49741901 0.00000000 0.00000000 0.00000000
v -0.66344076 -0.58788723 -0.49741901 0.00000000 0.00000000 0.00000000
v -0.64542274 -0.58788723 -0.49741901 0.00000000 0.00000000 0.00000000
v -0.62740472 -0.58788723 -0.49741901 0.00000000 0.00000000 0.00000000
v -0.60938670 -0.58788723 -0.49741901 0.00000000 0.00000000 0.00000000
v -0.59136869 -0.58788723 -0.49741901 0.00000000 0.00000000 0.00000000
v -0.57335067 -0.58788723 -0.49741901 0.00000000 0.00000000 0.00000000
v -0.55533265 -0.58788723 -0.49741901 0.00000000 0.00000000 0.00000000
v -0.53731463 -0.58788723 -0.49741901 0.00000000 0.00000000 0.00000000
v -0.51929661 -0.58788723 -0.49741901 0.00000000 0.00000000 0.00000000
v -0.50127860 -0.58788723 -0.49741901 0.00000000 0.00000000 0.00000000
v -0.48326058 -0.58788723 -0.49741901 0.00000000 0.00000000 0.00000000
v -0.46524256 -0.58788723 -0.49741901 0.00000000 0.00000000 0.00000000
v -0.44722454 -0.58788723 -0.49741901 0.00000000 0.00000000 0.00000000
v -0.42920652 -0.58788723 -0.49741901 0.00000000 0.00000000 0.00000000
v -0.41118851 -0.58788723 -0.49741901 0.00000000 0.00000000 0.00000000
v -0.39317049 -0.58788723 -0.49741901 0.00000000 0.00000000 0.00000000
v -0.37515247 -0.58788723 -0.49741901 0.00000000 0.00000000 0.00000000
v -0.35713445 -0.58788723 -0.49741901 0.00000000 0.00000000 0.00000000
v -0.33911643 -0.58788723 -0.49741901 0.00000000 0.00000000 0.00000000
v -0.32109842 -0.58788723 -0.49741901 0.00000000 0.00000000 0.00000000
v -0.30308040 -0.58788723 -0.49741901 0.00000000 0.00000000 0.00000000
v -0.28506238 -0.58788723 -0.49741901 0.00000000 0.00000000 0.00000000
v -0.26704436 -0.58788723 -0.49741901 0.00000000 0.00000000 0.00000000
v -0.24902634 -0.58788723 0.17252376 0.00000000 0.00000000 0.00000000
v -0.23100833 -0.58788723 0.18504242 0.05098039 0.05098039 0.05098039
v -0.21299031 -0.58788723 0.19146383 0.02745098 0.02745098 0.02745098
v -0.19497229 -0.58788723 0.19593665 0.03921569 0.03921569 0.03921569
v -0.17695427 -0.58788723 0.19894146 0.03529412 0.03529412 0.03529412
v -0.15893625 -0.58788723 0.20275609 0.03529412 0.03529412 0.03529412
v -0.14091824 -0.58788723 0.20543105 0.03137255 0.03137255 0.03137255
v -0.12290022 -0.58788723 0.20652219 0.06666667 0.06666667 0.06666667
v -0.10488220 -0.58788723 -0.49741901 0.00000000 0.00000000 0.00000000
v -0.08686418 -0.58788723 0.20291631 0.25490196 0.25490196 0.25490196
v -0.06884616 -0.58788723 0.19935991 0.07450980 0.07450980 0.07450980
v -0.05082815 -0.58788723 0.19691521 0.03137255 0.03137255 0.03137255
v -0.03281013 -0.58788723 0.19363175 0.03137255 0.03137255 0.03137255
v -0.01479211 -0.58788723 0.18730939 0.03529412 0.03529412 0.03529412
v 0.00322591 -0.58788723 0.18279148 0.04313725 0.03921569 0.03137255
v 0.02124393 -0.58788723 0.17657304 0.06274510 0.04705882 0.04313725
v 0.03926195 -0.58788723 0.16842402 0.05098039 0.03529412 0.02352941
v 0.05727996 -0.58788723 0.15471806 0.30980392 0.30196078 0.29411765
v 0.07529798 -0.58788723 -0.49741901 0.00784314 0.00784314 0.00784314
v 0.09331600 -0.58788723 -0.49741901 0.00392157 0.00392157 0.00392157
v 0.11133402 -0.58788723 -0.49741901 0.00000000 0.00000000 0.00000000
v 0.12935204 -0.58788723 -0.49741901 0.00000000 0.00000000 0.00000000
v 0.14737005 -0.58788723 -0.49741901 0.00000000 0.00000000 0.00000000
v 0.16538807 -0.58788723 -0.49741901 0.00000000 0.00000000 0.00000000
v 0.18340609 -0.58788723 -0.49741901 0.00000000 0.00000000 0.00000000
v 0.20142411 -0.58788723 -0.49741901 0.00000000 0.00000000 0.00000000
v 0.21944213 -0.58788723 -0.49741901 0.00000000 0.00000000 0.00000000
v 0.23746014 -0.58788723 -0.49741901 0.00000000 0.00000000 0.00000000
v 0.25547816 -0.58788723 -0.49741901 0.00000000 0.00000000 0.00000000
v 0.27349618 -0.58788723 -0.49741901 0.00000000 0.00000000 0.00000000
v 0.29151420 -0.58788723 -0.49741901 0.00000000 0.00000000 0.00000000
v 0.30953222 -0.58788723 -0.49741901 0.00000000 0.00000000 0.00000000
v 0.32755023 -0.58788723 -0.49741901 0.00000000 0.00000000 0.00000000
v 0.34556825 -0.58788723 -0.49741901 0.00000000 0.00000000 0.00000000
v 0.36358627 -0.58788723 -0.49741901 0.00000000 0.00000000 0.00000000
v 0.38160429 -0.58788723 -0.49741901 0.00000000 0.00000000 0.00000000
v 0.39962231 -0.58788723 -0.49741901 0.00000000 0.00000000 0.00000000
v 0.41764032 -0.58788723 -0.49741901 0.00000000 0.00000000 0.00000000
v 0.43565834 -0.58788723 -0.49741901 0.00000000 0.00000000 0.00000000
v 0.45367636 -0.58788723 -0.49741901 0.00000000 0.00000000 0.00000000
v 0.47169438 -0.58788723 -0.49741901 0.00000000 0.00000000 0.00000000
v 0.48971240 -0.58788723 -0.49741901 0.00000000 0.00000000 0.00000000
v 0.50773041 -0.58788723 -0.49741901 0.00000000 0.00000000 0.00000000
v 0.52574843 -0.58788723 -0.49741901 0.00000000 0.00000000 0.00000000
v 0.54376645 -0.58788723 -0.49741901 0.00000000 0.00000000 0.00000000
v 0.56178447 -0.58788723 -0.49741901 0.00000000 0.00000000 0.00000000
v 0.57980249 -0.58788723 -0.49741901 0.00000000 0.00000000 0.00000000
v 0.59782050 -0.58788723 -0.49741901 0.00000000 0.00000000 0.00000000
v 0.61583852 -0.58788723 -0.49741901 0.00000000 0.00000000 0.00000000
v 0.63385654 -0.58788723 -0.49741901 0.00000000 0.00000000 0.00000000
v 0.65187456 -0.58788723 -0.49741901 0.00000000 0.00000000 0.00000000
v 0.66989258 -0.58788723 -0.49741901 0.00000000 0.00000000 0.00000000
v 0.68791059 -0.58788723 -0.49741901 0.00000000 0.00000000 0.00000000
v 0.70592861 -0.58788723 -0.49741901 0.00000000 0.00000000 0.00000000
v 0.72394663 -0.58788723 -0.49741901 0.00000000 0.00000000 0.00000000
v 0.74196465 -0.58788723 -0.49741901 0.00000000 0.00000000 0.00000000
v 0.75998267 -0.58788723 -0.49741901 0.00000000 0.00000000 0.00000000
v 0.77800068 -0.58788723 -0.49741901 0.00000000 0.00000000 0.00000000
v 0.79601870 -0.58788723 -0.49741901 0.00000000 0.00000000 0.00000000
v 0.81403672 -0.58788723 -0.49741901 0.00000000 0.00000000 0.00000000
v 0.83205474 -0.58788723 -0.49741901 0.00000000 0.00000000 0.00000000
v 0.85007276 -0.58788723 -0.49741901 0.00000000 0.00000000 0.00000000
v 0.86809077 -0.58788723 -0.49741901 0.00000000 0.00000000 0.00000000
v 0.88610879 -0.58788723 -0.49741901 0.00000000 0.00000000 0.00000000
v 0.90412681 -0.58788723 -0.49741901 0.00000000 0.00000000 0.00000000
v 0.92214483 -0.58788723 -0.49741901 0.00000000 0.00000000 0.00000000
v -0.91569301 -0.60590525 -0.49741901 0.00000000 0.00000000 0.00000000
v -0.89767499 -0.60590525 -0.49741901 0.00000000 0.00000000 0.00000000
v -0.87965697 -0.60590525 -0.49741901 0.00000000 0.00000000 0.00000000
v -0.86163896 -0.60590525 -0.49741901 0.00000000 0.00000000 0.00000000
v -0.84362094 -0.60590525 -0.49741901 0.00000000 0.00000000 0.00000000
v -0.82560292 -0.60590525 -0.49741901 0.00000000 0.00000000 0.00000000
v -0.80758490 -0.60590525 -0.49741901 0.00000000 0.00000000 0.00000000
v -0.78956688 -0.60590525 -0.49741901 0.00000000 0.00000000 0.00000000
v -0.77154887 -0.60590525 -0.49741901 0.00000000 0.00000000 0.00000000
v -0.75353085 -0.60590525 -0.49741901 0.00000000 0.00000000 0.00000000
v -0.73551283 -0.60590525 -0.49741901 0.00000000 0.00000000 0.00000000
v -0.71749481 -0.60590525 -0.49741901 0.00000000 0.00000000 0.00000000
v -0.69947679 -0.60590525 -0.49741901 0.00000000 0.00000000 0.00000000
v -0.68145878 -0.60590525 -0.49741901 0.00000000 0.00000000 0.00000000
v -0.66344076 -0.60590525 -0.49741901 0.00000000 0.00000000 0.00000000
v -0.64542274 -0.60590525 -0.49741901 0.00000000 0.00000000 0.00000000
v -0.62740472 -0.60590525 -0.49741901 0.00000000 0.00000000 0.00000000
v -0.60938670 -0.60590525 -0.49741901 0.00000000 0.00000000 0.00000000
v -0.59136869 -0.60590525 -0.49741901 0.00000000 0.00000000 0.00000000
v -0.57335067 -0.60590525 -0.49741901 0.00000000 0.00000000 0.00000000
v -0.55533265 -0.60590525 -0.49741901 0.00000000 0.00000000 0.00000000
v -0.53731463 -0.60590525 -0.49741901 0.00000000 0.00000000 0.00000000
v -0.51929661 -0.60590525 -0.49741901 0.00000000 0.00000000 0.00000000
v -0.50127860 -0.60590525 -0.49741901 0.00000000 0.00000000 0.00000000
v -0.48326058 -0.60590525 -0.49741901 0.00000000 0.00000000 0.00000000
v -0.46524256 -0.60590525 -0.49741901 0.00000000 0.00000000 0.00000000
v -0.44722454 -0.60590525 -0.49741901 0.00000000 0.00000000 0.00000000
v -0.42920652 -0.60590525 -0.49741901 0.00000000 0.00000000 0.00000000
v -0.41118851 -0.60590525 -0.49741901 0.00000000 0.00000000 0.00000000
v -0.39317049 -0.60590525 -0.49741901 0.00000000 0.00000000 0.00000000
v -0.37515247 -0.60590525 -0.49741901 0.00000000 0.00000000 0.00000000
v -0.35713445 -0.60590525 -0.49741901 0.00000000 0.00000000 0.00000000
v -0.33911643 -0.60590525 -0.49741901 0.00000000 0.00000000 0.00000000
v -0.32109842 -0.60590525 -0.49741901 0.00000000 0.00000000 0.00000000
v -0.30308040 -0.60590525 -0.49741901 0.00000000 0.00000000 0.00000000
v -0.28506238 -0.60590525 -0.49741901 0.00000000 0.00000000 0.00000000
v -0.26704436 -0.60590525 -0.49741901 0.00000000 0.00000000 0.00000000
v -0.24902634 -0.60590525 0.16714716 0.23529412 0.23529412 0.23529412
v -0.23100833 -0.60590525 0.18015906 0.00000000 0.00000000 0.00000000
v -0.21299031 -0.60590525 0.18694998 0.04705882 0.04705882 0.04705882
v -0.19497229 -0.60590525 0.19219062 0.03921569 0.03921569 0.03921569
v -0.17695427 -0.60590525 0.19593720 0.03529412 0.03529412 0.03529412
v -0.15893625 -0.60590525 0.19975767 0.03529412 0.03529412 0.03529412
v -0.14091824 -0.60590525 0.20312505 0.03137255 0.03137255 0.03137255
v -0.12290022 -0.60590525 0.20443401 0.27450980 0.27450980 0.27450980
v -0.10488220 -0.60590525 0.20387101 0.05882353 0.05882353 0.05882353
v -0.08686418 -0.60590525 0.20217351 0.05490196 0.05490196 0.05490196
v -0.06884616 -0.60590525 0.19989906 0.00000000 0.00000000 0.00000000
v -0.05082815 -0.60590525 0.19819963 0.03529412 0.03137255 0.02352941
v -0.03281013 -0.60590525 0.19526911 0.03529412 0.03137255 0.01568627
v -0.01479211 -0.60590525 0.18967635 0.03921569 0.03529412 0.01960784
v 0.00322591 -0.60590525 0.18446582 0.04313725 0.03921569 0.02352941
v 0.02124393 -0.60590525 0.17786866 0.01568627 0.01176471 0.00000000
v 0.03926195 -0.60590525 0.16780920 0.04705882 0.04313725 0.02745098
v 0.05727996 -0.60590525 0.15062684 0.25490196 0.25098039 0.24705882
v 0.07529798 -0.60590525 -0.49741901 0.00784314 0.00784314 0.00784314
v 0.09331600 -0.60590525 -0.49741901 0.00000000 0.00000000 0.00000000
v 0.11133402 -0.60590525 -0.49741901 0.00000000 0.00000000 0.00000000
v 0.12935204 -0.60590525 -0.49741901 0.00000000 0.00000000 0.00000000
v 0.14737005 -0.60590525 -0.49741901 0.00000000 0.00000000 0.00000000
v 0.16538807 -0.60590525 -0.49741901 0.00000000 0.00000000 0.00000000
v 0.18340609 -0.60590525 -0.49741901 0.00000000 0.00000000 0.00000000
v 0.20142411 -0.60590525 -0.49741901 0.00000000 0.00000000 0.00000000
v 0.21944213 -0.60590525 -0.49741901 0.00000000 0.00000000 0.00000000
v 0.23746014 -0.60590525 -0.49741901 0.00000000 0.00000000 0.00000000
v 0.25547816 -0.60590525 -0.49741901 0.00000000 0.00000000 0.00000000
v 0.27349618 -0.60590525 -0.49741901 0.00000000 0.00000000 0.00000000
v 0.29151420 -0.60590525 -0.49741901 0.00000000 0.00000000 0.00000000
v 0.30953222 -0.60590525 -0.49741901 0.00000000 0.00000000 0.00000000
v 0.32755023 -0.60590525 -0.49741901 0.00000000 0.00000000 0.00000000
v 0.34556825 -0.60590525 -0.49741901 0.00000000 0.00000000 0.00000000
v 0.36358627 -0.60590525 -0.49741901 0.00000000 0.00000000 0.00000000
v 0.38160429 -0.60590525 -0.49741901 0.00000000 0.00000000 0.00000000
v 0.39962231 -0.60590525 -0.49741901 0.00000000 0.00000000 0.00000000
v 0.41764032 -0.60590525 -0.49741901 0.00000000 0.00000000 0.00000000
v 0.43565834 -0.60590525 -0.49741901 0.00000000 0.00000000 0.00000000
v 0.45367636 -0.60590525 -0.49741901 0.00000000 0.00000000 0.00000000
v 0.47169438 -0.60590525 -0.49741901 0.00000000 0.00000000 0.00000000
v 0.48971240 -0.60590525 -0.49741901 0.00000000 0.00000000 0.00000000
v 0.50773041 -0.60590525 -0.49741901 0.00000000 0.00000000 0.00000000
v 0.52574843 -0.60590525 -0.49741901 0.00000000 0.00000000 0.00000000
v 0.54376645 -0.60590525 -0.49741901 0.00000000 0.00000000 0.00000000
v 0.56178447 -0.60590525 -0.49741901 0.00000000 0.00000000 0.00000000
v 0.57980249 -0.60590525 -0.49741901 0.00000000 0.00000000 0.00000000
v 0.59782050 -0.60590525 -0.49741901 0.00000000 0.00000000 0.00000000
v 0.61583852 -0.60590525 -0.49741901 0.00000000 0.00000000 0.00000000
v 0.63385654 -0.60590525 -0.49741901 0.00000000 0.00000000 0.00000000
v 0.65187456 -0.60590525 -0.49741901 0.00000000 0.00000000 0.00000000
v 0.66989258 -0.60590525 -0.49741901 0.00000000 0.00000000 0.00000000
v 0.68791059 -0.60590525 -0.49741901 0.00000000 0.00000000 0.00000000
v 0.70592861 -0.60590525 -0.49741901 0.00000000 0.00000000 0.00000000
v 0.72394663 -0.60590525 -0.49741901 0.00000000 0.00000000 0.00000000
v 0.74196465 -0.60590525 -0.49741901 0.00000000 0.00000000 0.00000000
v 0.75998267 -0.60590525 -0.49741901 0.00000000 0.00000000 0.00000000
v 0.77800068 -0.60590525 -0.49741901 0.00000000 0.00000000 0.00000000
v 0.79601870 -0.60590525 -0.49741901 0.00000000 0.00000000 0.00000000
v 0.81403672 -0.60590525 -0.49741901 0.00000000 0.00000000 0.00000000
v 0.83205474 -0.60590525 -0.49741901 0.00000000 0.00000000 0.00000000
v 0.85007276 -0.60590525 -0.49741901 0.00000000 0.00000000 0.00000000
v 0.86809077 -0.60590525 -0.49741901 0.00000000 0.00000000 0.00000000
v 0.88610879 -0.60590525 -0.49741901 0.00000000 0.00000000 0.00000000
v 0.90412681 -0.60590525 -0.49741901 0.00000000 0.00000000 0.00000000
v 0.92214483 -0.60590525 -0.49741901 0.00000000 0.00000000 0.00000000
v -0.91569301 -0.62392327 -0.49741901 0.00000000 0.00000000 0.00000000
v -0.89767499 -0.62392327 -0.49741901 0.00000000 0.00000000 0.00000000
v -0.87965697 -0.62392327 -0.49741901 0.00000000 0.00000000 0.00000000
v -0.86163896 -0.62392327 -0.49741901 0.00000000 0.00000000 0.00000000
v -0.84362094 -0.62392327 -0.49741901 0.00000000 0.00000000 0.00000000
v -0.82560292 -0.62392327 -0.49741901 0.00000000 0.00000000 0.00000000
v -0.80758490 -0.62392327 -0.49741901 0.00000000 0.00000000 0.00000000
v -0.78956688 -0.62392327 -0.49741901 0.00000000 0.00000000 0.00000000
v -0.77154887 -0.62392327 -0.49741901 0.00000000 0.00000000 0.00000000
v -0.75353085 -0.62392327 -0.49741901 0.00000000 0.00000000 0.00000000
v -0.73551283 -0.62392327 -0.49741901 0.00000000 0.00000000 0.00000000
v -0.71749481 -0.62392327 -0.49741901 0.00000000 0.00000000 0.00000000
v -0.69947679 -0.62392327 -0.49741901 0.00000000 0.00000000 0.00000000
v -0.68145878 -0.62392327 -0.49741901 0.00000000 0.00000000 0.00000000
v -0.66344076 -0.62392327 -0.49741901 0.00000000 0.00000000 0.00000000
v -0.64542274 -0.62392327 -0.49741901 0.00000000 0.00000000 0.00000000
v -0.62740472 -0.62392327 -0.49741901 0.00000000 0.00000000 0.00000000
v -0.60938670 -0.62392327 -0.49741901 0.00000000 0.00000000 0.00000000
v -0.59136869 -0.62392327 -0.49741901 0.00000000 0.00000000 0.00000000
v -0.57335067 -0.62392327 -0.49741901 0.00000000 0.00000000 0.00000000
v -0.55533265 -0.62392327 -0.49741901 0.00000000 0.00000000 0.00000000
v -0.53731463 -0.62392327 -0.49741901 0.00000000 0.00000000 0.00000000
v -0.51929661 -0.62392327 -0.49741901 0.00000000 0.00000000 0.00000000
v -0.50127860 -0.62392327 -0.49741901 0.00000000 0.00000000 0.00000000
v -0.48326058 -0.62392327 -0.49741901 0.00000000 0.00000000 0.00000000
v -0.46524256 -0.62392327 -0.49741901 0.00000000 0.00000000 0.00000000
v -0.44722454 -0.62392327 -0.49741901 0.00000000 0.00000000 0.00000000
v -0.42920652 -0.62392327 -0.49741901 0.00000000 0.00000000 0.00000000
v -0.41118851 -0.62392327 -0.49741901 0.00000000 0.00000000 0.00000000
v -0.39317049 -0.62392327 -0.49741901 0.00000000 0.00000000 0.00000000
v -0.37515247 -0.62392327 -0.49741901 0.00000000 0.00000000 0.00000000
v -0.35713445 -0.62392327 -0.49741901 0.00000000 0.00000000 0.00000000
v -0.33911643 -0.62392327 -0.49741901 0.00000000 0.00000000 0.00000000
v -0.32109842 -0.62392327 -0.49741901 0.00000000 0.00000000 0.00000000
v -0.30308040 -0.62392327 -0.49741901 0.00000000 0.00000000 0.00000000
v -0.28506238 -0.62392327 -0.49741901 0.00000000 0.00000000 0.00000000
v -0.26704436 -0.62392327 -0.49741901 0.00392157 0.00392157 0.00392157
v -0.24902634 -0.62392327 0.16357455 0.29019608 0.29019608 0.29019608
v -0.23100833 -0.62392327 0.17751984 0.05098039 0.05098039 0.05098039
v -0.21299031 -0.62392327 0.18447242 0.00784314 0.00784314 0.00784314
v -0.19497229 -0.62392327 0.19036217 0.03921569 0.03921569 0.03921569
v -0.17695427 -0.62392327 0.19443854 0.03529412 0.03529412 0.03529412
v -0.15893625 -0.62392327 0.19790277 0.03529412 0.03529412 0.03529412
v -0.14091824 -0.62392327 0.20106168 0.03137255 0.03137255 0.03137255
v -0.12290022 -0.62392327 0.20281967 0.00000000 0.00000000 0.00000000
v -0.10488220 -0.62392327 0.20283328 0.03921569 0.03921569 0.03921569
v -0.08686418 -0.62392327 0.20181479 0.00000000 0.00000000 0.00000000
v -0.06884616 -0.62392327 0.19987630 0.08627451 0.08627451 0.08627451
v -0.05082815 -0.62392327 0.19851827 0.03137255 0.03137255 0.02352941
v -0.03281013 -0.62392327 0.19635544 0.03137255 0.03529412 0.01568627
v -0.01479211 -0.62392327 0.19046754 0.03529412 0.03529412 0.02745098
v 0.00322591 -0.62392327 0.18602889 0.03921569 0.03921569 0.03137255
v 0.02124393 -0.62392327 0.17935853 0.04313725 0.04313725 0.03529412
v 0.03926195 -0.62392327 0.16760397 0.00000000 0.00000000 0.00000000
v 0.05727996 -0.62392327 0.14843363 0.10196078 0.10196078 0.10196078
v 0.07529798 -0.62392327 -0.49741901 0.00392157 0.00392157 0.00392157
v 0.09331600 -0.62392327 -0.49741901 0.00000000 0.00000000 0.00000000
v 0.11133402 -0.62392327 -0.49741901 0.00000000 0.00000000 0.00000000
v 0.12935204 -0.62392327 -0.49741901 0.00000000 0.00000000 0.00000000
v 0.14737005 -0.62392327 -0.49741901 0.00000000 0.00000000 0.00000000
v 0.16538807 -0.62392327 -0.49741901 0.00000000 0.00000000 0.00000000
v 0.18340609 -0.62392327 -0.49741901 0.00000000 0.00000000 0.00000000
v 0.20142411 -0.62392327 -0.49741901 0.00000000 0.00000000 0.00000000
v 0.21944213 -0.62392327 -0.49741901 0.00000000 0.00000000 0.00000000
v 0.23746014 -0.62392327 -0.49741901 0.00000000 0.00000000 0.00000000
v 0.25547816 -0.62392327 -0.49741901 0.00000000 0.00000000 0.00000000
v 0.27349618 -0.62392327 -0.49741901 0.00000000 0.00000000 0.00000000
v 0.29151420 -0.62392327 -0.49741901 0.00000000 0.00000000 0.00000000
v 0.30953222 -0.62392327 -0.49741901 0.00000000 0.00000000 0.00000000
v 0.32755023 -0.62392327 -0.49741901 0.00000000 0.00000000 0.00000000
v 0.34556825 -0.62392327 -0.49741901 0.00000000 0.00000000 0.00000000
v 0.36358627 -0.62392327 -0.49741901 0.00000000 0.00000000 0.00000000
v 0.38160429 -0.62392327 -0.49741901 0.00000000 0.00000000 0.00000000
v 0.39962231 -0.62392327 -0.49741901 0.00000000 0.00000000 0.00000000
v 0.41764032 -0.62392327 -0.49741901 0.00000000 0.00000000 0.00000000
v 0.43565834 -0.62392327 -0.49741901 0.00000000 0.00000000 0.00000000
v 0.45367636 -0.62392327 -0.49741901 0.00000000 0.00000000 0.00000000
v 0.47169438 -0.62392327 -0.49741901 0.00000000 0.00000000 0.00000000
v 0.48971240 -0.62392327 -0.49741901 0.00000000 0.00000000 0.00000000
v 0.50773041 -0.62392327 -0.49741901 0.00000000 0.00000000 0.00000000
v 0.52574843 -0.62392327 -0.49741901 0.00000000 0.00000000 0.00000000
v 0.54376645 -0.62392327 -0.49741901 0.00000000 0.00000000 0.00000000
v 0.56178447 -0.62392327 -0.49741901 0.00000000 0.00000000 0.00000000
v 0.57980249 -0.62392327 -0.49741901 0.00000000 0.00000000 0.00000000
v 0.59782050 -0.62392327 -0.49741901 0.00000000 0.00000000 0.00000000
v 0.61583852 -0.62392327 -0.49741901 0.00000000 0.00000000 0.00000000
v 0.63385654 -0.62392327 -0.49741901 0.00000000 0.00000000 0.00000000
v 0.65187456 -0.62392327 -0.49741901 0.00000000 0.00000000 0.00000000
v 0.66989258 -0.62392327 -0.49741901 0.00000000 0.00000000 0.00000000
v 0.68791059 -0.62392327 -0.49741901 0.00000000 0.00000000 0.00000000
v 0.70592861 -0.62392327 -0.49741901 0.00000000 0.00000000 0.00000000
v 0.72394663 -0.62392327 -0.49741901 0.00000000 0.00000000 0.00000000
v 0.74196465 -0.62392327 -0.49741901 0.00000000 0.00000000 0.00000000
v 0.75998267 -0.62392327 -0.49741901 0.00000000 0.00000000 0.00000000
v 0.77800068 -0.62392327 -0.49741901 0.00000000 0.00000000 0.00000000
v 0.79601870 -0.62392327 -0.49741901 0.00000000 0.00000000 0.00000000
v 0.81403672 -0.62392327 -0.49741901 0.00000000 0.00000000 0.00000000
v 0.83205474 -0.62392327 -0.49741901 0.00000000 0.00000000 0.00000000
v 0.85007276 -0.62392327 -0.49741901 0.00000000 0.00000000 0.00000000
v 0.86809077 -0.62392327 -0.49741901 0.00000000 0.00000000 0.00000000
v 0.88610879 -0.62392327 -0.49741901 0.00000000 0.00000000 0.00000000
v 0.90412681 -0.62392327 -0.49741901 0.00000000 0.00000000 0.00000000
v 0.92214483 -0.62392327 -0.49741901 0.00000000 0.00000000 0.00000000
v -0.91569301 -0.64194128 -0.49741901 0.00000000 0.00000000 0.00000000
v -0.89767499 -0.64194128 -0.49741901 0.00000000 0.00000000 0.00000000
v -0.87965697 -0.64194128 -0.49741901 0.00000000 0.00000000 0.00000000
v -0.86163896 -0.64194128 -0.49741901 0.00000000 0.00000000 0.00000000
v -0.84362094 -0.64194128 -0.49741901 0.00000000 0.00000000 0.00000000
v -0.82560292 -0.64194128 -0.49741901 0.00000000 0.00000000 0.00000000
v -0.80758490 -0.64194128 -0.49741901 0.00000000 0.00000000 0.00000000
v -0.78956688 -0.64194128 -0.49741901 0.00000000 0.00000000 0.00000000
v -0.77154887 -0.64194128 -0.49741901 0.00000000 0.00000000 0.00000000
v -0.75353085 -0.64194128 -0.49741901 0.00000000 0.00000000 0.00000000
v -0.73551283 -0.64194128 -0.49741901 0.00000000 0.00000000 0.00000000
v -0.71749481 -0.64194128 -0.49741901 0.00000000 0.00000000 0.00000000
v -0.69947679 -0.64194128 -0.49741901 0.00000000 0.00000000 0.00000000
v -0.68145878 -0.64194128 -0.49741901 0.00000000 0.00000000 0.00000000
v -0.66344076 -0.64194128 -0.49741901 0.00000000 0.00000000 0.00000000
v -0.64542274 -0.64194128 -0.49741901 0.00000000 0.00000000 0.00000000
v -0.62740472 -0.64194128 -0.49741901 0.00000000 0.00000000 0.00000000
v -0.60938670 -0.64194128 -0.49741901 0.00000000 0.00000000 0.00000000
v -0.59136869 -0.64194128 -0.49741901 0.00000000 0.00000000 0.00000000
v -0.57335067 -0.64194128 -0.49741901 0.00000000 0.00000000 0.00000000
v -0.55533265 -0.64194128 -0.49741901 0.00000000 0.00000000 0.00000000
v -0.53731463 -0.64194128 -0.49741901 0.00000000 0.00000000 0.00000000
v -0.51929661 -0.64194128 -0.49741901 0.00000000 0.00000000 0.00000000
v -0.50127860 -0.64194128 -0.49741901 0.00000000 0.00000000 0.00000000
v -0.48326058 -0.64194128 -0.49741901 0.00000000 0.00000000 0.00000000
v -0.46524256 -0.64194128 -0.49741901 0.00000000 0.00000000 0.00000000
v -0.44722454 -0.64194128 -0.49741901 0.00000000 0.00000000 0.00000000
v -0.42920652 -0.64194128 -0.49741901 0.00000000 0.00000000 0.00000000
v -0.41118851 -0.64194128 -0.49741901 0.00000000 0.00000000 0.00000000
v -0.39317049 -0.64194128 -0.49741901 0.00000000 0.00000000 0.00000000
v -0.37515247 -0.64194128 -0.49741901 0.00000000 0.00000000 0.00000000
v -0.35713445 -0.64194128 -0.49741901 0.00000000 0.00000000 0.00000000
v -0.33911643 -0.64194128 -0.49741901 0.00000000 0.00000000 0.00000000
v -0.32109842 -0.64194128 -0.49741901 0.00000000 0.00000000 0.00000000
v -0.30308040 -0.64194128 -0.49741901 0.00000000 0.00000000 0.00000000
v -0.28506238 -0.64194128 -0.49741901 0.00000000 0.00000000 0.00000000
v -0.26704436 -0.64194128 -0.49741901 0.00392157 0.00392157 0.00392157
v -0.24902634 -0.64194128 0.15858520 0.11372549 0.11372549 0.11372549
v -0.23100833 -0.64194128 0.17370927 0.00000000 0.00000000 0.00000000
v -0.21299031 -0.64194128 0.18083890 0.01568627 0.01568627 0.01568627
v -0.19497229 -0.64194128 0.18759518 0.03921569 0.03921569 0.03921569
v -0.17695427 -0.64194128 0.19232045 0.03529412 0.03529412 0.03529412
v -0.15893625 -0.64194128 0.19531015 0.03529412 0.03529412 0.03529412
v -0.14091824 -0.64194128 0.19847820 0.03137255 0.03137255 0.03137255
v -0.12290022 -0.64194128 0.20145738 0.01960784 0.01960784 0.01960784
v -0.10488220 -0.64194128 0.20214457 0.10980392 0.10980392 0.10980392
v -0.08686418 -0.64194128 0.20171320 0.02352941 0.02352941 0.02352941
v -0.06884616 -0.64194128 0.20044191 0.00392157 0.00392157 0.00392157
v -0.05082815 -0.64194128 0.19851800 0.03137255 0.03137255 0.02352941
v -0.03281013 -0.64194128 0.19564886 0.02745098 0.03529412 0.02352941
v -0.01479211 -0.64194128 0.18982262 0.03137255 0.03921569 0.02745098
v 0.00322591 -0.64194128 0.18664205 0.03529412 0.04313725 0.03921569
v 0.02124393 -0.64194128 0.17814463 0.01960784 0.03529412 0.03137255
v 0.03926195 -0.64194128 0.16645076 0.00000000 0.01176471 0.01568627
v 0.05727996 -0.64194128 -0.49741901 0.00000000 0.00000000 0.00000000
v 0.07529798 -0.64194128 -0.49741901 0.00000000 0.00000000 0.00000000
v 0.09331600 -0.64194128 -0.49741901 0.00000000 0.00000000 0.00000000
v 0.11133402 -0.64194128 -0.49741901 0.00000000 0.00000000 0.00000000
v 0.12935204 -0.64194128 -0.49741901 0.00000000 0.00000000 0.00000000
v 0.14737005 -0.64194128 -0.49741901 0.00000000 0.00000000 0.00000000
v 0.16538807 -0.64194128 -0.49741901 0.00000000 0.00000000 0.00000000
v 0.18340609 -0.64194128 -0.49741901 0.00000000 0.00000000 0.00000000
v 0.20142411 -0.64194128 -0.49741901 0.00000000 0.00000000 0.00000000
v 0.21944213 -0.64194128 -0.49741901 0.00000000 0.00000000 0.00000000
v 0.23746014 -0.64194128 -0.49741901 0.00000000 0.00000000 0.00000000
v 0.25547816 -0.64194128 -0.49741901 0.00000000 0.00000000 0.00000000
v 0.27349618 -0.64194128 -0.49741901 0.00000000 0.00000000 0.00000000
v 0.29151420 -0.64194128 -0.49741901 0.00000000 0.00000000 0.00000000
v 0.30953222 -0.64194128 -0.49741901 0.00000000 0.00000000 0.00000000
v 0.32755023 -0.64194128 -0.49741901 0.00000000 0.00000000 0.00000000
v 0.34556825 -0.64194128 -0.49741901 0.00000000 0.00000000 0.00000000
v 0.36358627 -0.64194128 -0.49741901 0.00000000 0.00000000 0.00000000
v 0.38160429 -0.64194128 -0.49741901 0.00000000 0.00000000 0.00000000
v 0.39962231 -0.64194128 -0.49741901 0.00000000 0.00000000 0.00000000
v 0.41764032 -0.64194128 -0.49741901 0.00000000 0.00000000 0.00000000
v 0.43565834 -0.64194128 -0.49741901 0.00000000 0.00000000 0.00000000
v 0.45367636 -0.64194128 -0.49741901 0.00000000 0.00000000 0.00000000
v 0.47169438 -0.64194128 -0.49741901 0.00000000 0.00000000 0.00000000
v 0.48971240 -0.64194128 -0.49741901 0.00000000 0.00000000 0.00000000
v 0.50773041 -0.64194128 -0.49741901 0.00000000 0.00000000 0.00000000
v 0.52574843 -0.64194128 -0.49741901 0.00000000 0.00000000 0.00000000
v 0.54376645 -0.64194128 -0.49741901 0.00000000 0.00000000 0.00000000
v 0.56178447 -0.64194128 -0.49741901 0.00000000 0.00000000 0.00000000
v 0.57980249 -0.64194128 -0.49741901 0.00000000 0.00000000 0.00000000
v 0.59782050 -0.64194128 -0.49741901 0.00000000 0.00000000 0.00000000
v 0.61583852 -0.64194128 -0.49741901 0.00000000 0.00000000 0.00000000
v 0.63385654 -0.64194128 -0.49741901 0.00000000 0.00000000 0.00000000
v 0.65187456 -0.64194128 -0.49741901 0.00000000 0.00000000 0.00000000
v 0.66989258 -0.64194128 -0.49741901 0.00000000 0.00000000 0.00000000
v 0.68791059 -0.64194128 -0.49741901 0.00000000 0.00000000 0.00000000
v 0.70592861 -0.64194128 -0.49741901 0.00000000 0.00000000 0.00000000
v 0.72394663 -0.64194128 -0.49741901 0.00000000 0.00000000 0.00000000
v 0.74196465 -0.64194128 -0.49741901 0.00000000 0.00000000 0.00000000
v 0.75998267 -0.64194128 -0.49741901 0.00000000 0.00000000 0.00000000
v 0.77800068 -0.64194128 -0.49741901 0.00000000 0.00000000 0.00000000
v 0.79601870 -0.64194128 -0.49741901 0.00000000 0.00000000 0.00000000
v 0.81403672 -0.64194128 -0.49741901 0.00000000 0.00000000 0.00000000
v 0.83205474 -0.64194128 -0.49741901 0.00000000 0.00000000 0.00000000
v 0.85007276 -0.64194128 -0.49741901 0.00000000 0.00000000 0.00000000
v 0.86809077 -0.64194128 -0.49741901 0.00000000 0.00000000 0.00000000
v 0.88610879 -0.64194128 -0.49741901 0.00000000 0.00000000 0.00000000
v 0.90412681 -0.64194128 -0.49741901 0.00000000 0.00000000 0.00000000
v 0.92214483 -0.64194128 -0.49741901 0.00000000 0.00000000 0.00000000
v -0.91569301 -0.65995930 -0.49741901 0.00000000 0.00000000 0.00000000
v -0.89767499 -0.65995930 -0.49741901 0.00000000 0.00000000 0.00000000
v -0.87965697 -0.65995930 -0.49741901 0.00000000 0.00000000 0.00000000
v -0.86163896 -0.65995930 -0.49741901 0.00000000 0.00000000 0.00000000
v -0.84362094 -0.65995930 -0.49741901 0.00000000 0.00000000 0.00000000
v -0.82560292 -0.65995930 -0.49741901 0.00000000 0.00000000 0.00000000
v -0.80758490 -0.65995930 -0.49741901 0.00000000 0.00000000 0.00000000
v -0.78956688 -0.65995930 -0.49741901 0.00000000 0.00000000 0.00000000
v -0.77154887 -0.65995930 -0.49741901 0.00000000 0.00000000 0.00000000
v -0.75353085 -0.65995930 -0.49741901 0.00000000 0.00000000 0.00000000
v -0.73551283 -0.65995930 -0.49741901 0.00000000 0.00000000 0.00000000
v -0.71749481 -0.65995930 -0.49741901 0.00000000 0.00000000 0.00000000
v -0.69947679 -0.65995930 -0.49741901 0.00000000 0.00000000 0.00000000
v -0.68145878 -0.65995930 -0.49741901 0.00000000 0.00000000 0.00000000
v -0.66344076 -0.65995930 -0.49741901 0.00000000 0.00000000 0.00000000
v -0.64542274 -0.65995930 -0.49741901 0.00000000 0.00000000 0.00000000
v -0.62740472 -0.65995930 -0.49741901 0.00000000 0.00000000 0.00000000
v -0.60938670 -0.65995930 -0.49741901 0.00000000 0.00000000 0.00000000
v -0.59136869 -0.65995930 -0.49741901 0.00000000 0.00000000 0.00000000
v -0.57335067 -0.65995930 -0.49741901 0.00000000 0.00000000 0.00000000
v -0.55533265 -0.65995930 -0.49741901 0.00000000 0.00000000 0.00000000
v -0.53731463 -0.65995930 -0.49741901 0.00000000 0.00000000 0.00000000
v -0.51929661 -0.65995930 -0.49741901 0.00000000 0.00000000 0.00000000
v -0.50127860 -0.65995930 -0.49741901 0.00000000 0.00000000 0.00000000
v -0.48326058 -0.65995930 -0.49741901 0.00000000 0.00000000 0.00000000
v -0.46524256 -0.65995930 -0.49741901 0.00000000 0.00000000 0.00000000
v -0.44722454 -0.65995930 -0.49741901 0.00000000 0.00000000 0.00000000
v -0.42920652 -0.65995930 -0.49741901 0.00000000 0.00000000 0.00000000
v -0.41118851 -0.65995930 -0.49741901 0.00000000 0.00000000 0.00000000
v -0.39317049 -0.65995930 -0.49741901 0.00000000 0.00000000 0.00000000
v -0.37515247 -0.65995930 -0.49741901 0.00000000 0.00000000 0.00000000
v -0.35713445 -0.65995930 -0.49741901 0.00000000 0.00000000 0.00000000
v -0.33911643 -0.65995930 -0.49741901 0.00000000 0.00000000 0.00000000
v -0.32109842 -0.65995930 -0.49741901 0.00000000 0.00000000 0.00000000
v -0.30308040 -0.65995930 -0.49741901 0.00000000 0.00000000 0.00000000
v -0.28506238 -0.65995930 -0.49741901 0.00000000 0.00000000 0.00000000
v -0.26704436 -0.65995930 -0.49741901 0.00000000 0.00000000 0.00000000
v -0.24902634 -0.65995930 -0.49741901 0.00392157 0.00392157 0.00392157
v -0.23100833 -0.65995930 0.16811142 0.02745098 0.02745098 0.02745098
v -0.21299031 -0.65995930 0.17573518 0.05882353 0.05882353 0.05882353
v -0.19497229 -0.65995930 0.18286434 0.03529412 0.03529412 0.03529412
v -0.17695427 -0.65995930 0.18775938 0.03529412 0.03529412 0.03529412
v -0.15893625 -0.65995930 0.19070866 0.03529412 0.03529412 0.03529412
v -0.14091824 -0.65995930 0.19401769 0.03529412 0.03529412 0.03529412
v -0.12290022 -0.65995930 0.19813316 0.07058824 0.07058824 0.07058824
v -0.10488220 -0.65995930 0.20001886 0.17254902 0.17254902 0.17254902
v -0.08686418 -0.65995930 0.20052171 0.05098039 0.05098039 0.05098039
v -0.06884616 -0.65995930 0.19961904 0.00000000 0.00000000 0.00000000
v -0.05082815 -0.65995930 0.19724540 0.03529412 0.03529412 0.03529412
v -0.03281013 -0.65995930 0.19416381 0.03529412 0.03529412 0.03529412
v -0.01479211 -0.65995930 0.18876584 0.03529412 0.03529412 0.03529412
v 0.00322591 -0.65995930 0.18638080 0.03529412 0.03529412 0.03529412
v 0.02124393 -0.65995930 0.17718380 0.06666667 0.06666667 0.06666667
v 0.03926195 -0.65995930 0.16410496 0.07843137 0.08627451 0.08235294
v 0.05727996 -0.65995930 -0.49741901 0.00000000 0.00000000 0.00000000
v 0.07529798 -0.65995930 -0.49741901 0.00000000 0.00000000 0.00000000
v 0.09331600 -0.65995930 -0.49741901 0.00000000 0.00000000 0.00000000
v 0.11133402 -0.65995930 -0.49741901 0.00000000 0.00000000 0.00000000
v 0.12935204 -0.65995930 -0.49741901 0.00000000 0.00000000 0.00000000
v 0.14737005 -0.65995930 -0.49741901 0.00000000 0.00000000 0.00000000
v 0.16538807 -0.65995930 -0.49741901 0.00000000 0.00000000 0.00000000
v 0.18340609 -0.65995930 -0.49741901 0.00000000 0.00000000 0.00000000
v 0.20142411 -0.65995930 -0.49741901 0.00000000 0.00000000 0.00000000
v 0.21944213 -0.65995930 -0.49741901 0.00000000 0.00000000 0.00000000
v 0.23746014 -0.65995930 -0.49741901 0.00000000 0.00000000 0.00000000
v 0.25547816 -0.65995930 -0.49741901 0.00000000 0.00000000 0.00000000
v 0.27349618 -0.65995930 -0.49741901 0.00000000 0.00000000 0.00000000
v 0.29151420 -0.65995930 -0.49741901 0.00000000 0.00000000 0.00000000
v 0.30953222 -0.65995930 -0.49741901 0.00000000 0.00000000 0.00000000
v 0.32755023 -0.65995930 -0.49741901 0.00000000 0.00000000 0.00000000
v 0.34556825 -0.65995930 -0.49741901 0.00000000 0.00000000 0.00000000
v 0.36358627 -0.65995930 -0.49741901 0.00000000 0.00000000 0.00000000
v 0.38160429 -0.65995930 -0.49741901 0.00000000 0.00000000 0.00000000
v 0.39962231 -0.65995930 -0.49741901 0.00000000 0.00000000 0.00000000
v 0.41764032 -0.65995930 -0.49741901 0.00000000 0.00000000 0.00000000
v 0.43565834 -0.65995930 -0.49741901 0.00000000 0.00000000 0.00000000
v 0.45367636 -0.65995930 -0.49741901 0.00000000 0.00000000 0.00000000
v 0.47169438 -0.65995930 -0.49741901 0.00000000 0.00000000 0.00000000
v 0.48971240 -0.65995930 -0.49741901 0.00000000 0.00000000 0.00000000
v 0.50773041 -0.65995930 -0.49741901 0.00000000 0.00000000 0.00000000
v 0.52574843 -0.65995930 -0.49741901 0.00000000 0.00000000 0.00000000
v 0.54376645 -0.65995930 -0.49741901 0.00000000 0.00000000 0.00000000
v 0.56178447 -0.65995930 -0.49741901 0.00000000 0.00000000 0.00000000
v 0.57980249 -0.65995930 -0.49741901 0.00000000 0.00000000 0.00000000
v 0.59782050 -0.65995930 -0.49741901 0.00000000 0.00000000 0.00000000
v 0.61583852 -0.65995930 -0.49741901 0.00000000 0.00000000 0.00000000
v 0.63385654 -0.65995930 -0.49741901 0.00000000 0.00000000 0.00000000
v 0.65187456 -0.65995930 -0.49741901 0.00000000 0.00000000 0.00000000
v 0.66989258 -0.65995930 -0.49741901 0.00000000 0.00000000 0.00000000
v 0.68791059 -0.65995930 -0.49741901 0.00000000 0.00000000 0.00000000
v 0.70592861 -0.65995930 -0.49741901 0.00000000 0.00000000 0.00000000
v 0.72394663 -0.65995930 -0.49741901 0.00000000 0.00000000 0.00000000
v 0.74196465 -0.65995930 -0.49741901 0.00000000 0.00000000 0.00000000
v 0.75998267 -0.65995930 -0.49741901 0.00000000 0.00000000 0.00000000
v 0.77800068 -0.65995930 -0.49741901 0.00000000 0.00000000 0.00000000
v 0.79601870 -0.65995930 -0.49741901 0.00000000 0.00000000 0.00000000
v 0.81403672 -0.65995930 -0.49741901 0.00000000 0.00000000 0.00000000
v 0.83205474 -0.65995930 -0.49741901 0.00000000 0.00000000 0.00000000
v 0.85007276 -0.65995930 -0.49741901 0.00000000 0.00000000 0.00000000
v 0.86809077 -0.65995930 -0.49741901 0.00000000 0.00000000 0.00000000
v 0.88610879 -0.65995930 -0.49741901 0.00000000 0.00000000 0.00000000
v 0.90412681 -0.65995930 -0.49741901 0.00000000 0.00000000 0.00000000
v 0.92214483 -0.65995930 -0.49741901 0.00000000 0.00000000 0.00000000
v -0.91569301 -0.67797732 -0.49741901 0.00000000 0.00000000 0.00000000
v -0.89767499 -0.67797732 -0.49741901 0.00000000 0.00000000 0.00000000
v -0.87965697 -0.67797732 -0.49741901 0.00000000 0.00000000 0.00000000
v -0.86163896 -0.67797732 -0.49741901 0.00000000 0.00000000 0.00000000
v -0.84362094 -0.67797732 -0.49741901 0.00000000 0.00000000 0.00000000
v -0.82560292 -0.67797732 -0.49741901 0.00000000 0.00000000 0.00000000
v -0.80758490 -0.67797732 -0.49741901 0.00000000 0.00000000 0.00000000
v -0.78956688 -0.67797732 -0.49741901 0.00000000 0.00000000 0.00000000
v -0.77154887 -0.67797732 -0.49741901 0.00000000 0.00000000 0.00000000
v -0.75353085 -0.67797732 -0.49741901 0.00000000 0.00000000 0.00000000
v -0.73551283 -0.67797732 -0.49741901 0.00000000 0.00000000 0.00000000
v -0.71749481 -0.67797732 -0.49741901 0.00000000 0.00000000 0.00000000
v -0.69947679 -0.67797732 -0.49741901 0.00000000 0.00000000 0.00000000
v -0.68145878 -0.67797732 -0.49741901 0.00000000 0.00000000 0.00000000
v -0.66344076 -0.67797732 -0.49741901 0.00000000 0.00000000 0.00000000
v -0.64542274 -0.67797732 -0.49741901 0.00000000 0.00000000 0.00000000
v -0.62740472 -0.67797732 -0.49741901 0.00000000 0.00000000 0.00000000
v -0.60938670 -0.67797732 -0.49741901 0.00000000 0.00000000 0.00000000
v -0.59136869 -0.67797732 -0.49741901 0.00000000 0.00000000 0.00000000
v -0.57335067 -0.67797732 -0.49741901 0.00000000 0.00000000 0.00000000
v -0.55533265 -0.67797732 -0.49741901 0.00000000 0.00000000 0.00000000
v -0.53731463 -0.67797732 -0.49741901 0.00000000 0.00000000 0.00000000
v -0.51929661 -0.67797732 -0.49741901 0.00000000 0.00000000 0.00000000
v -0.50127860 -0.67797732 -0.49741901 0.00000000 0.00000000 0.00000000
v -0.48326058 -0.67797732 -0.49741901 0.00000000 0.00000000 0.00000000
v -0.46524256 -0.67797732 -0.49741901 0.00000000 0.00000000 0.00000000
v -0.44722454 -0.67797732 -0.49741901 0.00000000 0.00000000 0.00000000
v -0.42920652 -0.67797732 -0.49741901 0.00000000 0.00000000 0.00000000
v -0.41118851 -0.67797732 -0.49741901 0.00000000 0.00000000 0.00000000
v -0.39317049 -0.67797732 -0.49741901 0.00000000 0.00000000 0.00000000
v -0.37515247 -0.67797732 -0.49741901 0.00000000 0.00000000 0.00000000
v -0.35713445 -0.67797732 -0.49741901 0.00000000 0.00000000 0.00000000
v -0.33911643 -0.67797732 -0.49741901 0.00000000 0.00000000 0.00000000
v -0.32109842 -0.67797732 -0.49741901 0.00000000 0.00000000 0.00000000
v -0.30308040 -0.67797732 -0.49741901 0.00000000 0.00000000 0.00000000
v -0.28506238 -0.67797732 -0.49741901 0.00000000 0.00000000 0.00000000
v -0.26704436 -0.67797732 -0.49741901 0.00000000 0.00000000 0.00000000
v -0.24902634 -0.67797732 -0.49741901 0.00000000 0.00000000 0.00000000
v -0.23100833 -0.67797732 0.16581711 0.32941176 0.32941176 0.32941176
v -0.21299031 -0.67797732 0.17437261 0.14509804 0.14509804 0.14509804
v -0.19497229 -0.67797732 0.18229873 0.03529412 0.03529412 0.03529412
v -0.17695427 -0.67797732 0.18745441 0.03529412 0.03529412 0.03529412
v -0.15893625 -0.67797732 0.18985788 0.03529412 0.03529412 0.03529412
v -0.14091824 -0.67797732 0.19301555 0.03529412 0.03529412 0.03529412
v -0.12290022 -0.67797732 0.19683389 0.00392157 0.00392157 0.00392157
v -0.10488220 -0.67797732 0.19900896 0.00784314 0.00784314 0.00784314
v -0.08686418 -0.67797732 0.19970564 0.13333333 0.13333333 0.13333333
v -0.06884616 -0.67797732 0.19937874 0.00000000 0.00000000 0.00000000
v -0.05082815 -0.67797732 0.19716608 0.03529412 0.03529412 0.03529412
v -0.03281013 -0.67797732 0.19395280 0.03529412 0.03529412 0.03529412
v -0.01479211 -0.67797732 0.18982358 0.03529412 0.03529412 0.03529412
v 0.00322591 -0.67797732 0.18549813 0.03529412 0.03529412 0.03529412
v 0.02124393 -0.67797732 0.17502372 0.00000000 0.00000000 0.00000000
v 0.03926195 -0.67797732 0.16077868 0.12941176 0.12941176 0.12941176
v 0.05727996 -0.67797732 -0.49741901 0.00392157 0.00392157 0.00392157
v 0.07529798 -0.67797732 -0.49741901 0.00000000 0.00000000 0.00000000
v 0.09331600 -0.67797732 -0.49741901 0.00000000 0.00000000 0.00000000
v 0.11133402 -0.67797732 -0.49741901 0.00000000 0.00000000 0.00000000
v 0.12935204 -0.67797732 -0.49741901 0.00000000 0.00000000 0.00000000
v 0.14737005 -0.67797732 -0.49741901 0.00000000 0.00000000 0.00000000
v 0.16538807 -0.67797732 -0.49741901 0.00000000 0.00000000 0.00000000
v 0.18340609 -0.67797732 -0.49741901 0.00000000 0.00000000 0.00000000
v 0.20142411 -0.67797732 -0.49741901 0.00000000 0.00000000 0.00000000
v 0.21944213 -0.67797732 -0.49741901 0.00000000 0.00000000 0.00000000
v 0.23746014 -0.67797732 -0.49741901 0.00000000 0.00000000 0.00000000
v 0.25547816 -0.67797732 -0.49741901 0.00000000 0.00000000 0.00000000
v 0.27349618 -0.67797732 -0.49741901 0.00000000 0.00000000 0.00000000
v 0.29151420 -0.67797732 -0.49741901 0.00000000 0.00000000 0.00000000
v 0.30953222 -0.67797732 -0.49741901 0.00000000 0.00000000 0.00000000
v 0.32755023 -0.67797732 -0.49741901 0.00000000 0.00000000 0.00000000
v 0.34556825 -0.67797732 -0.49741901 0.00000000 0.00000000 0.00000000
v 0.36358627 -0.67797732 -0.49741901 0.00000000 0.00000000 0.00000000
v 0.38160429 -0.67797732 -0.49741901 0.00000000 0.00000000 0.00000000
v 0.39962231 -0.67797732 -0.49741901 0.00000000 0.00000000 0.00000000
v 0.41764032 -0.67797732 -0.49741901 0.00000000 0.00000000 0.00000000
v 0.43565834 -0.67797732 -0.49741901 0.00000000 0.00000000 0.00000000
v 0.45367636 -0.67797732 -0.49741901 0.00000000 0.00000000 0.00000000
v 0.47169438 -0.67797732 -0.49741901 0.00000000 0.00000000 0.00000000
v 0.48971240 -0.67797732 -0.49741901 0.00000000 0.00000000 0.00000000
v 0.50773041 -0.67797732 -0.49741901 0.00000000 0.00000000 0.00000000
v 0.52574843 -0.67797732 -0.49741901 0.00000000 0.00000000 0.00000000
v 0.54376645 -0.67797732 -0.49741901 0.00000000 0.00000000 0.00000000
v 0.56178447 -0.67797732 -0.49741901 0.00000000 0.00000000 0.00000000
v 0.57980249 -0.67797732 -0.49741901 0.00000000 0.00000000 0.00000000
v 0.59782050 -0.67797732 -0.49741901 0.00000000 0.00000000 0.00000000
v 0.61583852 -0.67797732 -0.49741901 0.00000000 0.00000000 0.00000000
v 0.63385654 -0.67797732 -0.49741901 0.00000000 0.00000000 0.00000000
v 0.65187456 -0.67797732 -0.49741901 0.00000000 0.00000000 0.00000000
v 0.66989258 -0.67797732 -0.49741901 0.00000000 0.00000000 0.00000000
v 0.68791059 -0.67797732 -0.49741901 0.00000000 0.00000000 0.00000000
v 0.70592861 -0.67797732 -0.49741901 0.00000000 0.00000000 0.00000000
v 0.72394663 -0.67797732 -0.49741901 0.00000000 0.00000000 0.00000000
v 0.74196465 -0.67797732 -0.49741901 0.00000000 0.00000000 0.00000000
v 0.75998267 -0.67797732 -0.49741901 0.00000000 0.00000000 0.00000000
v 0.77800068 -0.67797732 -0.49741901 0.00000000 0.00000000 0.00000000
v 0.79601870 -0.67797732 -0.49741901 0.00000000 0.00000000 0.00000000
v 0.81403672 -0.67797732 -0.49741901 0.00000000 0.00000000 0.00000000
v 0.83205474 -0.67797732 -0.49741901 0.00000000 0.00000000 0.00000000
v 0.85007276 -0.67797732 -0.49741901 0.00000000 0.00000000 0.00000000
v 0.86809077 -0.67797732 -0.49741901 0.00000000 0.00000000 0.00000000
v 0.88610879 -0.67797732 -0.49741901 0.00000000 0.00000000 0.00000000
v 0.90412681 -0.67797732 -0.49741901 0.00000000 0.00000000 0.00000000
v 0.92214483 -0.67797732 -0.49741901 0.00000000 0.00000000 0.00000000
v -0.91569301 -0.69599534 -0.49741901 0.00000000 0.00000000 0.00000000
v -0.89767499 -0.69599534 -0.49741901 0.00000000 0.00000000 0.00000000
v -0.87965697 -0.69599534 -0.49741901 0.00000000 0.00000000 0.00000000
v -0.86163896 -0.69599534 -0.49741901 0.00000000 0.00000000 0.00000000
v -0.84362094 -0.69599534 -0.49741901 0.00000000 0.00000000 0.00000000
v -0.82560292 -0.69599534 -0.49741901 0.00000000 0.00000000 0.00000000
v -0.80758490 -0.69599534 -0.49741901 0.00000000 0.00000000 0.00000000
v -0.78956688 -0.69599534 -0.49741901 0.00000000 0.00000000 0.00000000
v -0.77154887 -0.69599534 -0.49741901 0.00000000 0.00000000 0.00000000
v -0.75353085 -0.69599534 -0.49741901 0.00000000 0.00000000 0.00000000
v -0.73551283 -0.69599534 -0.49741901 0.00000000 0.00000000 0.00000000
v -0.71749481 -0.69599534 -0.49741901 0.00000000 0.00000000 0.00000000
v -0.69947679 -0.69599534 -0.49741901 0.00000000 0.00000000 0.00000000
v -0.68145878 -0.69599534 -0.49741901 0.00000000 0.00000000 0.00000000
v -0.66344076 -0.69599534 -0.49741901 0.00000000 0.00000000 0.00000000
v -0.64542274 -0.69599534 -0.49741901 0.00000000 0.00000000 0.00000000
v -0.62740472 -0.69599534 -0.49741901 0.00000000 0.00000000 0.00000000
v -0.60938670 -0.69599534 -0.49741901 0.00000000 0.00000000 0.00000000
v -0.59136869 -0.69599534 -0.49741901 0.00000000 0.00000000 0.00000000
v -0.57335067 -0.69599534 -0.49741901 0.00000000 0.00000000 0.00000000
v -0.55533265 -0.69599534 -0.49741901 0.00000000 0.00000000 0.00000000
v -0.53731463 -0.69599534 -0.49741901 0.00000000 0.00000000 0.00000000
v -0.51929661 -0.69599534 -0.49741901 0.00000000 0.00000000 0.00000000
v -0.50127860 -0.69599534 -0.49741901 0.00000000 0.00000000 0.00000000
v -0.48326058 -0.69599534 -0.49741901 0.00000000 0.00000000 0.00000000
v -0.46524256 -0.69599534 -0.49741901 0.00000000 0.00000000 0.00000000
v -0.44722454 -0.69599534 -0.49741901 0.00000000 0.00000000 0.00000000
v -0.42920652 -0.69599534 -0.49741901 0.00000000 0.00000000 0.00000000
v -0.41118851 -0.69599534 -0.49741901 0.00000000 0.00000000 0.00000000
v -0.39317049 -0.69599534 -0.49741901 0.00000000 0.00000000 0.00000000
v -0.37515247 -0.69599534 -0.49741901 0.00000000 0.00000000 0.00000000
v -0.35713445 -0.69599534 -0.49741901 0.00000000 0.00000000 0.00000000
v -0.33911643 -0.69599534 -0.49741901 0.00000000 0.00000000 0.00000000
v -0.32109842 -0.69599534 -0.49741901 0.00000000 0.00000000 0.00000000
v -0.30308040 -0.69599534 -0.49741901 0.00000000 0.00000000 0.00000000
v -0.28506238 -0.69599534 -0.49741901 0.00000000 0.00000000 0.00000000
v -0.26704436 -0.69599534 -0.49741901 0.00000000 0.00000000 0.00000000
v -0.24902634 -0.69599534 -0.49741901 0.00392157 0.00392157 0.00392157
v -0.23100833 -0.69599534 0.16389230 0.30196078 0.30196078 0.30196078
v -0.21299031 -0.69599534 0.17336739 0.08627451 0.08627451 0.08627451
v -0.19497229 -0.69599534 0.18194709 0.03529412 0.03529412 0.03529412
v -0.17695427 -0.69599534 0.18668192 0.03529412 0.03529412 0.03529412
v -0.15893625 -0.69599534 0.18889046 0.03529412 0.03529412 0.03529412
v -0.14091824 -0.69599534 0.19183747 0.03529412 0.03529412 0.03529412
v -0.12290022 -0.69599534 0.19536390 0.00784314 0.00784314 0.00784314
v -0.10488220 -0.69599534 0.19726980 0.34901961 0.34901961 0.34901961
v -0.08686418 -0.69599534 0.19750239 0.00000000 0.00000000 0.00000000
v -0.06884616 -0.69599534 0.19681870 0.07450980 0.07450980 0.07450980
v -0.05082815 -0.69599534 0.19438589 0.03529412 0.03529412 0.03529412
v -0.03281013 -0.69599534 0.19119192 0.03529412 0.03529412 0.03529412
v -0.01479211 -0.69599534 0.18839853 0.03529412 0.03529412 0.03529412
v 0.00322591 -0.69599534 0.18299672 0.03529412 0.03529412 0.03529412
v 0.02124393 -0.69599534 0.17158747 0.25882353 0.25882353 0.25882353
v 0.03926195 -0.69599534 -0.49741901 0.00000000 0.00000000 0.00000000
v 0.05727996 -0.69599534 -0.49741901 0.00000000 0.00000000 0.00000000
v 0.07529798 -0.69599534 -0.49741901 0.00000000 0.00000000 0.00000000
v 0.09331600 -0.69599534 -0.49741901 0.00000000 0.00000000 0.00000000
v 0.11133402 -0.69599534 -0.49741901 0.00000000 0.00000000 0.00000000
v 0.12935204 -0.69599534 -0.49741901 0.00000000 0.00000000 0.00000000
v 0.14737005 -0.69599534 -0.49741901 0.00000000 0.00000000 0.00000000
v 0.16538807 -0.69599534 -0.49741901 0.00000000 0.00000000 0.00000000
v 0.18340609 -0.69599534 -0.49741901 0.00000000 0.00000000 0.00000000
v 0.20142411 -0.69599534 -0.49741901 0.00000000 0.00000000 0.00000000
v 0.21944213 -0.69599534 -0.49741901 0.00000000 0.00000000 0.00000000
v 0.23746014 -0.69599534 -0.49741901 0.00000000 0.00000000 0.00000000
v 0.25547816 -0.69599534 -0.49741901 0.00000000 0.00000000 0.00000000
v 0.27349618 -0.69599534 -0.49741901 0.00000000 0.00000000 0.00000000
v 0.29151420 -0.69599534 -0.49741901 0.00000000 0.00000000 0.00000000
v 0.30953222 -0.69599534 -0.49741901 0.00000000 0.00000000 0.00000000
v 0.32755023 -0.69599534 -0.49741901 0.00000000 0.00000000 0.00000000
v 0.34556825 -0.69599534 -0.49741901 0.00000000 0.00000000 0.00000000
v 0.36358627 -0.69599534 -0.49741901 0.00000000 0.00000000 0.00000000
v 0.38160429 -0.69599534 -0.49741901 0.00000000 0.00000000 0.00000000
v 0.39962231 -0.69599534 -0.49741901 0.00000000 0.00000000 0.00000000
v 0.41764032 -0.69599534 -0.49741901 0.00000000 0.00000000 0.00000000
v 0.43565834 -0.69599534 -0.49741901 0.00000000 0.00000000 0.00000000
v 0.45367636 -0.69599534 -0.49741901 0.00000000 0.00000000 0.00000000
v 0.47169438 -0.69599534 -0.49741901 0.00000000 0.00000000 0.00000000
v 0.48971240 -0.69599534 -0.49741901 0.00000000 0.00000000 0.00000000
v 0.50773041 -0.69599534 -0.49741901 0.00000000 0.00000000 0.00000000
v 0.52574843 -0.69599534 -0.49741901 0.00000000 0.00000000 0.00000000
v 0.54376645 -0.69599534 -0.49741901 0.00000000 0.00000000 0.00000000
v 0.56178447 -0.69599534 -0.49741901 0.00000000 0.00000000 0.00000000
v 0.57980249 -0.69599534 -0.49741901 0.00000000 0.00000000 0.00000000
v 0.59782050 -0.69599534 -0.49741901 0.00000000 0.00000000 0.00000000
v 0.61583852 -0.69599534 -0.49741901 0.00000000 0.00000000 0.00000000
v 0.63385654 -0.69599534 -0.49741901 0.00000000 0.00000000 0.00000000
v 0.65187456 -0.69599534 -0.49741901 0.00000000 0.00000000 0.00000000
v 0.66989258 -0.69599534 -0.49741901 0.00000000 0.00000000 0.00000000
v 0.68791059 -0.69599534 -0.49741901 0.00000000 0.00000000 0.00000000
v 0.70592861 -0.69599534 -0.49741901 0.00000000 0.00000000 0.00000000
v 0.72394663 -0.69599534 -0.49741901 0.00000000 0.00000000 0.00000000
v 0.74196465 -0.69599534 -0.49741901 0.00000000 0.00000000 0.00000000
v 0.75998267 -0.69599534 -0.49741901 0.00000000 0.00000000 0.00000000
v 0.77800068 -0.69599534 -0.49741901 0.00000000 0.00000000 0.00000000
v 0.79601870 -0.69599534 -0.49741901 0.00000000 0.00000000 0.00000000
v 0.81403672 -0.69599534 -0.49741901 0.00000000 0.00000000 0.00000000
v 0.83205474 -0.69599534 -0.49741901 0.00000000 0.00000000 0.00000000
v 0.85007276 -0.69599534 -0.49741901 0.00000000 0.00000000 0.00000000
v 0.86809077 -0.69599534 -0.49741901 0.00000000 0.00000000 0.00000000
v 0.88610879 -0.69599534 -0.49741901 0.00000000 0.00000000 0.00000000
v 0.90412681 -0.69599534 -0.49741901 0.00000000 0.00000000 0.00000000
v 0.92214483 -0.69599534 -0.49741901 0.00000000 0.00000000 0.00000000
v -0.91569301 -0.71401336 -0.49741901 0.00000000 0.00000000 0.00000000
v -0.89767499 -0.71401336 -0.49741901 0.00000000 0.00000000 0.00000000
v -0.87965697 -0.71401336 -0.49741901 0.00000000 0.00000000 0.00000000
v -0.86163896 -0.71401336 -0.49741901 0.00000000 0.00000000 0.00000000
v -0.84362094 -0.71401336 -0.49741901 0.00000000 0.00000000 0.00000000
v -0.82560292 -0.71401336 -0.49741901 0.00000000 0.00000000 0.00000000
v -0.80758490 -0.71401336 -0.49741901 0.00000000 0.00000000 0.00000000
v -0.78956688 -0.71401336 -0.49741901 0.00000000 0.00000000 0.00000000
v -0.77154887 -0.71401336 -0.49741901 0.00000000 0.00000000 0.00000000
v -0.75353085 -0.71401336 -0.49741901 0.00000000 0.00000000 0.00000000
v -0.73551283 -0.71401336 -0.49741901 0.00000000 0.00000000 0.00000000
v -0.71749481 -0.71401336 -0.49741901 0.00000000 0.00000000 0.00000000
v -0.69947679 -0.71401336 -0.49741901 0.00000000 0.00000000 0.00000000
v -0.68145878 -0.71401336 -0.49741901 0.00000000 0.00000000 0.00000000
v -0.66344076 -0.71401336 -0.49741901 0.00000000 0.00000000 0.00000000
v -0.64542274 -0.71401336 -0.49741901 0.00000000 0.00000000 0.00000000
v -0.62740472 -0.71401336 -0.49741901 0.00000000 0.00000000 0.00000000
v -0.60938670 -0.71401336 -0.49741901 0.00000000 0.00000000 0.00000000
v -0.59136869 -0.71401336 -0.49741901 0.00000000 0.00000000 0.00000000
v -0.57335067 -0.71401336 -0.49741901 0.00000000 0.00000000 0.00000000
v -0.55533265 -0.71401336 -0.49741901 0.00000000 0.00000000 0.00000000
v -0.53731463 -0.71401336 -0.49741901 0.00000000 0.00000000 0.00000000
v -0.51929661 -0.71401336 -0.49741901 0.00000000 0.00000000 0.00000000
v -0.50127860 -0.71401336 -0.49741901 0.00000000 0.00000000 0.00000000
v -0.48326058 -0.71401336 -0.49741901 0.00000000 0.00000000 0.00000000
v -0.46524256 -0.71401336 -0.49741901 0.00000000 0.00000000 0.00000000
v -0.44722454 -0.71401336 -0.49741901 0.00000000 0.00000000 0.00000000
v -0.42920652 -0.71401336 -0.49741901 0.00000000 0.00000000 0.00000000
v -0.41118851 -0.71401336 -0.49741901 0.00000000 0.00000000 0.00000000
v -0.39317049 -0.71401336 -0.49741901 0.00000000 0.00000000 0.00000000
v -0.37515247 -0.71401336 -0.49741901 0.00000000 0.00000000 0.00000000
v -0.35713445 -0.71401336 -0.49741901 0.00000000 0.00000000 0.00000000
v -0.33911643 -0.71401336 -0.49741901 0.00000000 0.00000000 0.00000000
v -0.32109842 -0.71401336 -0.49741901 0.00000000 0.00000000 0.00000000
v -0.30308040 -0.71401336 -0.49741901 0.00000000 0.00000000 0.00000000
v -0.28506238 -0.71401336 -0.49741901 0.00000000 0.00000000 0.00000000
v -0.26704436 -0.71401336 -0.49741901 0.00000000 0.00000000 0.00000000
v -0.24902634 -0.71401336 -0.49741901 0.00392157 0.00392157 0.00392157
v -0.23100833 -0.71401336 0.16130882 0.03921569 0.03921569 0.03921569
v -0.21299031 -0.71401336 0.17074714 0.00000000 0.00000000 0.00000000
v -0.19497229 -0.71401336 0.17940279 0.03529412 0.03529412 0.03529412
v -0.17695427 -0.71401336 0.18404091 0.03529412 0.03529412 0.03529412
v -0.15893625 -0.71401336 0.18664109 0.03529412 0.03529412 0.03529412
v -0.14091824 -0.71401336 0.18970227 0.03529412 0.03529412 0.03529412
v -0.12290022 -0.71401336 0.19343421 0.03529412 0.03529412 0.03529412
v -0.10488220 -0.71401336 0.19480516 0.09803922 0.09803922 0.09803922
v -0.08686418 -0.71401336 0.19464948 0.00000000 0.00000000 0.00000000
v -0.06884616 -0.71401336 0.19390593 0.03529412 0.03529412 0.03529412
v -0.05082815 -0.71401336 0.19171540 0.03529412 0.03529412 0.03529412
v -0.03281013 -0.71401336 0.18897796 0.03529412 0.03529412 0.03529412
v -0.01479211 -0.71401336 0.18641489 0.03529412 0.03529412 0.03529412
v 0.00322591 -0.71401336 0.18048802 0.03529412 0.03529412 0.03529412
v 0.02124393 -0.71401336 0.16869414 0.27843137 0.27843137 0.27843137
v 0.03926195 -0.71401336 -0.49741901 0.00392157 0.00392157 0.00392157
v 0.05727996 -0.71401336 -0.49741901 0.00000000 0.00000000 0.00000000
v 0.07529798 -0.71401336 -0.49741901 0.00000000 0.00000000 0.00000000
v 0.09331600 -0.71401336 -0.49741901 0.00000000 0.00000000 0.00000000
v 0.11133402 -0.71401336 -0.49741901 0.00000000 0.00000000 0.00000000
v 0.12935204 -0.71401336 -0.49741901 0.00000000 0.00000000 0.00000000
v 0.14737005 -0.71401336 -0.49741901 0.00000000 0.00000000 0.00000000
v 0.16538807 -0.71401336 -0.49741901 0.00000000 0.00000000 0.00000000
v 0.18340609 -0.71401336 -0.49741901 0.00000000 0.00000000 0.00000000
v 0.20142411 -0.71401336 -0.49741901 0.00000000 0.00000000 0.00000000
v 0.21944213 -0.71401336 -0.49741901 0.00000000 0.00000000 0.00000000
v 0.23746014 -0.71401336 -0.49741901 0.00000000 0.00000000 0.00000000
v 0.25547816 -0.71401336 -0.49741901 0.00000000 0.00000000 0.00000000
v 0.27349618 -0.71401336 -0.49741901 0.00000000 0.00000000 0.00000000
v 0.29151420 -0.71401336 -0.49741901 0.00000000 0.00000000 0.00000000
v 0.30953222 -0.71401336 -0.49741901 0.00000000 0.00000000 0.00000000
v 0.32755023 -0.71401336 -0.49741901 0.00000000 0.00000000 0.00000000
v 0.34556825 -0.71401336 -0.49741901 0.00000000 0.00000000 0.00000000
v 0.36358627 -0.71401336 -0.49741901 0.00000000 0.00000000 0.00000000
v 0.38160429 -0.71401336 -0.49741901 0.00000000 0.00000000 0.00000000
v 0.39962231 -0.71401336 -0.49741901 0.00000000 0.00000000 0.00000000
v 0.41764032 -0.71401336 -0.49741901 0.00000000 0.00000000 0.00000000
v 0.43565834 -0.71401336 -0.49741901 0.00000000 0.00000000 0.00000000
v 0.45367636 -0.71401336 -0.49741901 0.00000000 0.00000000 0.00000000
v 0.47169438 -0.71401336 -0.49741901 0.00000000 0.00000000 0.00000000
v 0.48971240 -0.71401336 -0.49741901 0.00000000 0.00000000 0.00000000
v 0.50773041 -0.71401336 -0.49741901 0.00000000 0.00000000 0.00000000
v 0.52574843 -0.71401336 -0.49741901 0.00000000 0.00000000 0.00000000
v 0.54376645 -0.71401336 -0.49741901 0.00000000 0.00000000 0.00000000
v 0.56178447 -0.71401336 -0.49741901 0.00000000 0.00000000 0.00000000
v 0.57980249 -0.71401336 -0.49741901 0.00000000 0.00000000 0.00000000
v 0.59782050 -0.71401336 -0.49741901 0.00000000 0.00000000 0.00000000
v 0.61583852 -0.71401336 -0.49741901 0.00000000 0.00000000 0.00000000
v 0.63385654 -0.71401336 -0.49741901 0.00000000 0.00000000 0.00000000
v 0.65187456 -0.71401336 -0.49741901 0.00000000 0.00000000 0.00000000
v 0.66989258 -0.71401336 -0.49741901 0.00000000 0.00000000 0.00000000
v 0.68791059 -0.71401336 -0.49741901 0.00000000 0.00000000 0.00000000
v 0.70592861 -0.71401336 -0.49741901 0.00000000 0.00000000 0.00000000
v 0.72394663 -0.71401336 -0.49741901 0.00000000 0.00000000 0.00000000
v 0.74196465 -0.71401336 -0.49741901 0.00000000 0.00000000 0.00000000
v 0.75998267 -0.71401336 -0.49741901 0.00000000 0.00000000 0.00000000
v 0.77800068 -0.71401336 -0.49741901 0.00000000 0.00000000 0.00000000
v 0.79601870 -0.71401336 -0.49741901 0.00000000 0.00000000 0.00000000
v 0.81403672 -0.71401336 -0.49741901 0.00000000 0.00000000 0.00000000
v 0.83205474 -0.71401336 -0.49741901 0.00000000 0.00000000 0.00000000
v 0.85007276 -0.71401336 -0.49741901 0.00000000 0.00000000 0.00000000
v 0.86809077 -0.71401336 -0.49741901 0.00000000 0.00000000 0.00000000
v 0.88610879 -0.71401336 -0.49741901 0.00000000 0.00000000 0.00000000
v 0.90412681 -0.71401336 -0.49741901 0.00000000 0.00000000 0.00000000
v 0.92214483 -0.71401336 -0.49741901 0.00000000 0.00000000 0.00000000
v -0.91569301 -0.73203137 -0.49741901 0.00000000 0.00000000 0.00000000
v -0.89767499 -0.73203137 -0.49741901 0.00000000 0.00000000 0.00000000
v -0.87965697 -0.73203137 -0.49741901 0.00000000 0.00000000 0.00000000
v -0.86163896 -0.73203137 -0.49741901 0.00000000 0.00000000 0.00000000
v -0.84362094 -0.73203137 -0.49741901 0.00000000 0.00000000 0.00000000
v -0.82560292 -0.73203137 -0.49741901 0.00000000 0.00000000 0.00000000
v -0.80758490 -0.73203137 -0.49741901 0.00000000 0.00000000 0.00000000
v -0.78956688 -0.73203137 -0.49741901 0.00000000 0.00000000 0.00000000
v -0.77154887 -0.73203137 -0.49741901 0.00000000 0.00000000 0.00000000
v -0.75353085 -0.73203137 -0.49741901 0.00000000 0.00000000 0.00000000
v -0.73551283 -0.73203137 -0.49741901 0.00000000 0.00000000 0.00000000
v -0.71749481 -0.73203137 -0.49741901 0.00000000 0.00000000 0.00000000
v -0.69947679 -0.73203137 -0.49741901 0.00000000 0.00000000 0.00000000
v -0.68145878 -0.73203137 -0.49741901 0.00000000 0.00000000 0.00000000
v -0.66344076 -0.73203137 -0.49741901 0.00000000 0.00000000 0.00000000
v -0.64542274 -0.73203137 -0.49741901 0.00000000 0.00000000 0.00000000
v -0.62740472 -0.73203137 -0.49741901 0.00000000 0.00000000 0.00000000
v -0.60938670 -0.73203137 -0.49741901 0.00000000 0.00000000 0.00000000
v -0.59136869 -0.73203137 -0.49741901 0.00000000 0.00000000 0.00000000
v -0.57335067 -0.73203137 -0.49741901 0.00000000 0.00000000 0.00000000
v -0.55533265 -0.73203137 -0.49741901 0.00000000 0.00000000 0.00000000
v -0.53731463 -0.73203137 -0.49741901 0.00000000 0.00000000 0.00000000
v -0.51929661 -0.73203137 -0.49741901 0.00000000 0.00000000 0.00000000
v -0.50127860 -0.73203137 -0.49741901 0.00000000 0.00000000 0.00000000
v -0.48326058 -0.73203137 -0.49741901 0.00000000 0.00000000 0.00000000
v -0.46524256 -0.73203137 -0.49741901 0.00000000 0.00000000 0.00000000
v -0.44722454 -0.73203137 -0.49741901 0.00000000 0.00000000 0.00000000
v -0.42920652 -0.73203137 -0.49741901 0.00000000 0.00000000 0.00000000
v -0.41118851 -0.73203137 -0.49741901 0.00000000 0.00000000 0.00000000
v -0.39317049 -0.73203137 -0.49741901 0.00000000 0.00000000 0.00000000
v -0.37515247 -0.73203137 -0.49741901 0.00000000 0.00000000 0.00000000
v -0.35713445 -0.73203137 -0.49741901 0.00000000 0.00000000 0.00000000
v -0.33911643 -0.73203137 -0.49741901 0.00000000 0.00000000 0.00000000
v -0.32109842 -0.73203137 -0.49741901 0.00000000 0.00000000 0.00000000
v -0.30308040 -0.73203137 -0.49741901 0.00000000 0.00000000 0.00000000
v -0.28506238 -0.73203137 -0.49741901 0.00000000 0.00000000 0.00000000
v -0.26704436 -0.73203137 -0.49741901 0.00000000 0.00000000 0.00000000
v -0.24902634 -0.73203137 -0.49741901 0.00784314 0.00784314 0.00784314
v -0.23100833 -0.73203137 0.15996605 0.30196078 0.30196078 0.30196078
v -0.21299031 -0.73203137 0.16905046 0.01176471 0.01176471 0.01176471
v -0.19497229 -0.73203137 0.17765167 0.03529412 0.03529412 0.03529412
v -0.17695427 -0.73203137 0.18237331 0.03529412 0.03529412 0.03529412
v -0.15893625 -0.73203137 0.18497582 0.03529412 0.03529412 0.03529412
v -0.14091824 -0.73203137 0.18790063 0.03529412 0.03529412 0.03529412
v -0.12290022 -0.73203137 0.19142940 0.01176471 0.01176471 0.01176471
v -0.10488220 -0.73203137 -0.49741901 0.00392157 0.00392157 0.00392157
v -0.08686418 -0.73203137 0.19156315 0.00392157 0.00392157 0.00392157
v -0.06884616 -0.73203137 0.19097995 0.05490196 0.05490196 0.05490196
v -0.05082815 -0.73203137 0.18888606 0.03529412 0.03529412 0.03529412
v -0.03281013 -0.73203137 0.18603913 0.03529412 0.03529412 0.03529412
v -0.01479211 -0.73203137 0.18348740 0.03529412 0.03529412 0.03529412
v 0.00322591 -0.73203137 0.17696358 0.03529412 0.03529412 0.03529412
v 0.02124393 -0.73203137 0.16527865 0.07058824 0.07058824 0.07058824
v 0.03926195 -0.73203137 -0.49741901 0.00000000 0.00000000 0.00000000
v 0.05727996 -0.73203137 -0.49741901 0.00000000 0.00000000 0.00000000
v 0.07529798 -0.73203137 -0.49741901 0.00000000 0.00000000 0.00000000
v 0.09331600 -0.73203137 -0.49741901 0.00000000 0.00000000 0.00000000
v 0.11133402 -0.73203137 -0.49741901 0.00000000 0.00000000 0.00000000
v 0.12935204 -0.73203137 -0.49741901 0.00000000 0.00000000 0.00000000
v 0.14737005 -0.73203137 -0.49741901 0.00000000 0.00000000 0.00000000
v 0.16538807 -0.73203137 -0.49741901 0.00000000 0.00000000 0.00000000
v 0.18340609 -0.73203137 -0.49741901 0.00000000 0.00000000 0.00000000
v 0.20142411 -0.73203137 -0.49741901 0.00000000 0.00000000 0.00000000
v 0.21944213 -0.73203137 -0.49741901 0.00000000 0.00000000 0.00000000
v 0.23746014 -0.73203137 -0.49741901 0.00000000 0.00000000 0.00000000
v 0.25547816 -0.73203137 -0.49741901 0.00000000 0.00000000 0.00000000
v 0.27349618 -0.73203137 -0.49741901 0.00000000 0.00000000 0.00000000
v 0.29151420 -0.73203137 -0.49741901 0.00000000 0.00000000 0.00000000
v 0.30953222 -0.73203137 -0.49741901 0.00000000 0.00000000 0.00000000
v 0.32755023 -0.73203137 -0.49741901 0.00000000 0.00000000 0.00000000
v 0.34556825 -0.73203137 -0.49741901 0.00000000 0.00000000 0.00000000
v 0.36358627 -0.73203137 -0.49741901 0.00000000 0.00000000 0.00000000
v 0.38160429 -0.73203137 -0.49741901 0.00000000 0.00000000 0.00000000
v 0.39962231 -0.73203137 -0.49741901 0.00000000 0.00000000 0.00000000
v 0.41764032 -0.73203137 -0.49741901 0.00000000 0.00000000 0.00000000
v 0.43565834 -0.73203137 -0.49741901 0.00000000 0.00000000 0.00000000
v 0.45367636 -0.73203137 -0.49741901 0.00000000 0.00000000 0.00000000
v 0.47169438 -0.73203137 -0.49741901 0.00000000 0.00000000 0.00000000
v 0.48971240 -0.73203137 -0.49741901 0.00000000 0.00000000 0.00000000
v 0.50773041 -0.73203137 -0.49741901 0.00000000 0.00000000 0.00000000
v 0.52574843 -0.73203137 -0.49741901 0.00000000 0.00000000 0.00000000
v 0.54376645 -0.73203137 -0.49741901 0.00000000 0.00000000 0.00000000
v 0.56178447 -0.73203137 -0.49741901 0.00000000 0.00000000 0.00000000
v 0.57980249 -0.73203137 -0.49741901 0.00000000 0.00000000 0.00000000
v 0.59782050 -0.73203137 -0.49741901 0.00000000 0.00000000 0.00000000
v 0.61583852 -0.73203137 -0.49741901 0.00000000 0.00000000 0.00000000
v 0.63385654 -0.73203137 -0.49741901 0.00000000 0.00000000 0.00000000
v 0.65187456 -0.73203137 -0.49741901 0.00000000 0.00000000 0.00000000
v 0.66989258 -0.73203137 -0.49741901 0.00000000 0.00000000 0.00000000
v 0.68791059 -0.73203137 -0.49741901 0.00000000 0.00000000 0.00000000
v 0.70592861 -0.73203137 -0.49741901 0.00000000 0.00000000 0.00000000
v 0.72394663 -0.73203137 -0.49741901 0.00000000 0.00000000 0.00000000
v 0.74196465 -0.73203137 -0.49741901 0.00000000 0.00000000 0.00000000
v 0.75998267 -0.73203137 -0.49741901 0.00000000 0.00000000 0.00000000
v 0.77800068 -0.73203137 -0.49741901 0.00000000 0.00000000 0.00000000
v 0.79601870 -0.73203137 -0.49741901 0.00000000 0.00000000 0.00000000
v 0.81403672 -0.73203137 -0.49741901 0.00000000 0.00000000 0.00000000
v 0.83205474 -0.73203137 -0.49741901 0.00000000 0.00000000 0.00000000
v 0.85007276 -0.73203137 -0.49741901 0.00000000 0.00000000 0.00000000
v 0.86809077 -0.73203137 -0.49741901 0.00000000 0.00000000 0.00000000
v 0.88610879 -0.73203137 -0.49741901 0.00000000 0.00000000 0.00000000
v 0.90412681 -0.73203137 -0.49741901 0.00000000 0.00000000 0.00000000
v 0.92214483 -0.73203137 -0.49741901 0.00000000 0.00000000 0.00000000
v -0.91569301 -0.75004939 -0.49741901 0.00000000 0.00000000 0.00000000
v -0.89767499 -0.75004939 -0.49741901 0.00000000 0.00000000 0.00000000
v -0.87965697 -0.75004939 -0.49741901 0.00000000 0.00000000 0.00000000
v -0.86163896 -0.75004939 -0.49741901 0.00000000 0.00000000 0.00000000
v -0.84362094 -0.75004939 -0.49741901 0.00000000 0.00000000 0.00000000
v -0.82560292 -0.75004939 -0.49741901 0.00000000 0.00000000 0.00000000
v -0.80758490 -0.75004939 -0.49741901 0.00000000 0.00000000 0.00000000
v -0.78956688 -0.75004939 -0.49741901 0.00000000 0.00000000 0.00000000
v -0.77154887 -0.75004939 -0.49741901 0.00000000 0.00000000 0.00000000
v -0.75353085 -0.75004939 -0.49741901 0.00000000 0.00000000 0.00000000
v -0.73551283 -0.75004939 -0.49741901 0.00000000 0.00000000 0.00000000
v -0.71749481 -0.75004939 -0.49741901 0.00000000 0.00000000 0.00000000
v -0.69947679 -0.75004939 -0.49741901 0.00000000 0.00000000 0.00000000
v -0.68145878 -0.75004939 -0.49741901 0.00000000 0.00000000 0.00000000
v -0.66344076 -0.75004939 -0.49741901 0.00000000 0.00000000 0.00000000
v -0.64542274 -0.75004939 -0.49741901 0.00000000 0.00000000 0.00000000
v -0.62740472 -0.75004939 -0.49741901 0.00000000 0.00000000 0.00000000
v -0.60938670 -0.75004939 -0.49741901 0.00000000 0.00000000 0.00000000
v -0.59136869 -0.75004939 -0.49741901 0.00000000 0.00000000 0.00000000
v -0.57335067 -0.75004939 -0.49741901 0.00000000 0.00000000 0.00000000
v -0.55533265 -0.75004939 -0.49741901 0.00000000 0.00000000 0.00000000
v -0.53731463 -0.75004939 -0.49741901 0.00000000 0.00000000 0.00000000
v -0.51929661 -0.75004939 -0.49741901 0.00000000 0.00000000 0.00000000
v -0.50127860 -0.75004939 -0.49741901 0.00000000 0.00000000 0.00000000
v -0.48326058 -0.75004939 -0.49741901 0.00000000 0.00000000 0.00000000
v -0.46524256 -0.75004939 -0.49741901 0.00000000 0.00000000 0.00000000
v -0.44722454 -0.75004939 -0.49741901 0.00000000 0.00000000 0.00000000
v -0.42920652 -0.75004939 -0.49741901 0.00000000 0.00000000 0.00000000
v -0.41118851 -0.75004939 -0.49741901 0.00000000 0.00000000 0.00000000
v -0.39317049 -0.75004939 -0.49741901 0.00000000 0.00000000 0.00000000
v -0.37515247 -0.75004939 -0.49741901 0.00000000 0.00000000 0.00000000
v -0.35713445 -0.75004939 -0.49741901 0.00000000 0.00000000 0.00000000
v -0.33911643 -0.75004939 -0.49741901 0.00000000 0.00000000 0.00000000
v -0.32109842 -0.75004939 -0.49741901 0.00000000 0.00000000 0.00000000
v -0.30308040 -0.75004939 -0.49741901 0.00000000 0.00000000 0.00000000
v -0.28506238 -0.75004939 -0.49741901 0.00000000 0.00000000 0.00000000
v -0.26704436 -0.75004939 -0.49741901 0.00000000 0.00000000 0.00000000
v -0.24902634 -0.75004939 -0.49741901 0.00000000 0.00000000 0.00000000
v -0.23100833 -0.75004939 0.15788570 0.30196078 0.30196078 0.30196078
v -0.21299031 -0.75004939 0.16668473 0.03137255 0.03137255 0.03137255
v -0.19497229 -0.75004939 0.17429529 0.03529412 0.03529412 0.03529412
v -0.17695427 -0.75004939 0.17903789 0.03529412 0.03529412 0.03529412
v -0.15893625 -0.75004939 0.18153084 0.03529412 0.03529412 0.03529412
v -0.14091824 -0.75004939 0.18417542 0.03529412 0.03529412 0.03529412
v -0.12290022 -0.75004939 0.18749352 0.00000000 0.00000000 0.00000000
v -0.10488220 -0.75004939 -0.49741901 0.00000000 0.00000000 0.00000000
v -0.08686418 -0.75004939 0.18817982 0.00784314 0.00784314 0.00784314
v -0.06884616 -0.75004939 0.18668178 0.03921569 0.03921569 0.03921569
v -0.05082815 -0.75004939 0.18457201 0.03529412 0.03529412 0.03529412
v -0.03281013 -0.75004939 0.18185980 0.03529412 0.03529412 0.03529412
v -0.01479211 -0.75004939 0.17840953 0.03529412 0.03529412 0.03529412
v 0.00322591 -0.75004939 0.17304606 0.03529412 0.03529412 0.03529412
v 0.02124393 -0.75004939 0.16160307 0.00000000 0.00000000 0.00000000
v 0.03926195 -0.75004939 -0.49741901 0.00000000 0.00000000 0.00000000
v 0.05727996 -0.75004939 -0.49741901 0.00000000 0.00000000 0.00000000
v 0.07529798 -0.75004939 -0.49741901 0.00000000 0.00000000 0.00000000
v 0.09331600 -0.75004939 -0.49741901 0.00000000 0.00000000 0.00000000
v 0.11133402 -0.75004939 -0.49741901 0.00000000 0.00000000 0.00000000
v 0.12935204 -0.75004939 -0.49741901 0.00000000 0.00000000 0.00000000
v 0.14737005 -0.75004939 -0.49741901 0.00000000 0.00000000 0.00000000
v 0.16538807 -0.75004939 -0.49741901 0.00000000 0.00000000 0.00000000
v 0.18340609 -0.75004939 -0.49741901 0.00000000 0.00000000 0.00000000
v 0.20142411 -0.75004939 -0.49741901 0.00000000 0.00000000 0.00000000
v 0.21944213 -0.75004939 -0.49741901 0.00000000 0.00000000 0.00000000
v 0.23746014 -0.75004939 -0.49741901 0.00000000 0.00000000 0.00000000
v 0.25547816 -0.75004939 -0.49741901 0.00000000 0.00000000 0.00000000
v 0.27349618 -0.75004939 -0.49741901 0.00000000 0.00000000 0.00000000
v 0.29151420 -0.75004939 -0.49741901 0.00000000 0.00000000 0.00000000
v 0.30953222 -0.75004939 -0.49741901 0.00000000 0.00000000 0.00000000
v 0.32755023 -0.75004939 -0.49741901 0.00000000 0.00000000 0.00000000
v 0.34556825 -0.75004939 -0.49741901 0.00000000 0.00000000 0.00000000
v 0.36358627 -0.75004939 -0.49741901 0.00000000 0.00000000 0.00000000
v 0.38160429 -0.75004939 -0.49741901 0.00000000 0.00000000 0.00000000
v 0.39962231 -0.75004939 -0.49741901 0.00000000 0.00000000 0.00000000
v 0.41764032 -0.75004939 -0.49741901 0.00000000 0.00000000 0.00000000
v 0.43565834 -0.75004939 -0.49741901 0.00000000 0.00000000 0.00000000
v 0.45367636 -0.75004939 -0.49741901 0.00000000 0.00000000 0.00000000
v 0.47169438 -0.75004939 -0.49741901 0.00000000 0.00000000 0.00000000
v 0.48971240 -0.75004939 -0.49741901 0.00000000 0.00000000 0.00000000
v 0.50773041 -0.75004939 -0.49741901 0.00000000 0.00000000 0.00000000
v 0.52574843 -0.75004939 -0.49741901 0.00000000 0.00000000 0.00000000
v 0.54376645 -0.75004939 -0.49741901 0.00000000 0.00000000 0.00000000
v 0.56178447 -0.75004939 -0.49741901 0.00000000 0.00000000 0.00000000
v 0.57980249 -0.75004939 -0.49741901 0.00000000 0.00000000 0.00000000
v 0.59782050 -0.75004939 -0.49741901 0.00000000 0.00000000 0.00000000
v 0.61583852 -0.75004939 -0.49741901 0.00000000 0.00000000 0.00000000
v 0.63385654 -0.75004939 -0.49741901 0.00000000 0.00000000 0.00000000
v 0.65187456 -0.75004939 -0.49741901 0.00000000 0.00000000 0.00000000
v 0.66989258 -0.75004939 -0.49741901 0.00000000 0.00000000 0.00000000
v 0.68791059 -0.75004939 -0.49741901 0.00000000 0.00000000 0.00000000
v 0.70592861 -0.75004939 -0.49741901 0.00000000 0.00000000 0.00000000
v 0.72394663 -0.75004939 -0.49741901 0.00000000 0.00000000 0.00000000
v 0.74196465 -0.75004939 -0.49741901 0.00000000 0.00000000 0.00000000
v 0.75998267 -0.75004939 -0.49741901 0.00000000 0.00000000 0.00000000
v 0.77800068 -0.75004939 -0.49741901 0.00000000 0.00000000 0.00000000
v 0.79601870 -0.75004939 -0.49741901 0.00000000 0.00000000 0.00000000
v 0.81403672 -0.75004939 -0.49741901 0.00000000 0.00000000 0.00000000
v 0.83205474 -0.75004939 -0.49741901 0.00000000 0.00000000 0.00000000
v 0.85007276 -0.75004939 -0.49741901 0.00000000 0.00000000 0.00000000
v 0.86809077 -0.75004939 -0.49741901 0.00000000 0.00000000 0.00000000
v 0.88610879 -0.75004939 -0.49741901 0.00000000 0.00000000 0.00000000
v 0.90412681 -0.75004939 -0.49741901 0.00000000 0.00000000 0.00000000
v 0.92214483 -0.75004939 -0.49741901 0.00000000 0.00000000 0.00000000
v -0.91569301 -0.76806741 -0.49741901 0.00000000 0.00000000 0.00000000
v -0.89767499 -0.76806741 -0.49741901 0.00000000 0.00000000 0.00000000
v -0.87965697 -0.76806741 -0.49741901 0.00000000 0.00000000 0.00000000
v -0.86163896 -0.76806741 -0.49741901 0.00000000 0.00000000 0.00000000
v -0.84362094 -0.76806741 -0.49741901 0.00000000 0.00000000 0.00000000
v -0.82560292 -0.76806741 -0.49741901 0.00000000 0.00000000 0.00000000
v -0.80758490 -0.76806741 -0.49741901 0.00000000 0.00000000 0.00000000
v -0.78956688 -0.76806741 -0.49741901 0.00000000 0.00000000 0.00000000
v -0.77154887 -0.76806741 -0.49741901 0.00000000 0.00000000 0.00000000
v -0.75353085 -0.76806741 -0.49741901 0.00000000 0.00000000 0.00000000
v -0.73551283 -0.76806741 -0.49741901 0.00000000 0.00000000 0.00000000
v -0.71749481 -0.76806741 -0.49741901 0.00000000 0.00000000 0.00000000
v -0.69947679 -0.76806741 -0.49741901 0.00000000 0.00000000 0.00000000
v -0.68145878 -0.76806741 -0.49741901 0.00000000 0.00000000 0.00000000
v -0.66344076 -0.76806741 -0.49741901 0.00000000 0.00000000 0.00000000
v -0.64542274 -0.76806741 -0.49741901 0.00000000 0.00000000 0.00000000
v -0.62740472 -0.76806741 -0.49741901 0.00000000 0.00000000 0.00000000
v -0.60938670 -0.76806741 -0.49741901 0.00000000 0.00000000 0.00000000
v -0.59136869 -0.76806741 -0.49741901 0.00000000 0.00000000 0.00000000
v -0.57335067 -0.76806741 -0.49741901 0.00000000 0.00000000 0.00000000
v -0.55533265 -0.76806741 -0.49741901 0.00000000 0.00000000 0.00000000
v -0.53731463 -0.76806741 -0.49741901 0.00000000 0.00000000 0.00000000
v -0.51929661 -0.76806741 -0.49741901 0.00000000 0.00000000 0.00000000
v -0.50127860 -0.76806741 -0.49741901 0.00000000 0.00000000 0.00000000
v -0.48326058 -0.76806741 -0.49741901 0.00000000 0.00000000 0.00000000
v -0.46524256 -0.76806741 -0.49741901 0.00000000 0.00000000 0.00000000
v -0.44722454 -0.76806741 -0.49741901 0.00000000 0.00000000 0.00000000
v -0.42920652 -0.76806741 -0.49741901 0.00000000 0.00000000 0.00000000
v -0.41118851 -0.76806741 -0.49741901 0.00000000 0.00000000 0.00000000
v -0.39317049 -0.76806741 -0.49741901 0.00000000 0.00000000 0.00000000
v -0.37515247 -0.76806741 -0.49741901 0.00000000 0.00000000 0.00000000
v -0.35713445 -0.76806741 -0.49741901 0.00000000 0.00000000 0.00000000
v -0.33911643 -0.76806741 -0.49741901 0.00000000 0.00000000 0.00000000
v -0.32109842 -0.76806741 -0.49741901 0.00000000 0.00000000 0.00000000
v -0.30308040 -0.76806741 -0.49741901 0.00000000 0.00000000 0.00000000
v -0.28506238 -0.76806741 -0.49741901 0.00000000 0.00000000 0.00000000
v -0.26704436 -0.76806741 -0.49741901 0.00000000 0.00000000 0.00000000
v -0.24902634 -0.76806741 -0.49741901 0.00000000 0.00000000 0.00000000
v -0.23100833 -0.76806741 0.15776995 0.15294118 0.15294118 0.15294118
v -0.21299031 -0.76806741 0.16590955 0.05098039 0.05098039 0.05098039
v -0.19497229 -0.76806741 0.17267098 0.03529412 0.03529412 0.03529412
v -0.17695427 -0.76806741 0.17730931 0.03529412 0.03529412 0.03529412
v -0.15893625 -0.76806741 0.18002070 0.03529412 0.03529412 0.03529412
v -0.14091824 -0.76806741 0.18224615 0.03529412 0.03529412 0.03529412
v -0.12290022 -0.76806741 0.18525495 0.00000000 0.00000000 0.00000000
v -0.10488220 -0.76806741 -0.49741901 0.00000000 0.00000000 0.00000000
v -0.08686418 -0.76806741 0.18536087 0.00000000 0.00000000 0.00000000
v -0.06884616 -0.76806741 0.18474584 0.03137255 0.03137255 0.03137255
v -0.05082815 -0.76806741 0.18270206 0.03529412 0.03529412 0.03529412
v -0.03281013 -0.76806741 0.18026230 0.03529412 0.03529412 0.03529412
v -0.01479211 -0.76806741 0.17524628 0.03529412 0.03529412 0.03529412
v 0.00322591 -0.76806741 0.16975106 0.03529412 0.03529412 0.03529412
v 0.02124393 -0.76806741 0.15859399 0.00000000 0.00000000 0.00000000
v 0.03926195 -0.76806741 -0.49741901 0.00000000 0.00000000 0.00000000
v 0.05727996 -0.76806741 -0.49741901 0.00000000 0.00000000 0.00000000
v 0.07529798 -0.76806741 -0.49741901 0.00000000 0.00000000 0.00000000
v 0.09331600 -0.76806741 -0.49741901 0.00000000 0.00000000 0.00000000
v 0.11133402 -0.76806741 -0.49741901 0.00000000 0.00000000 0.00000000
v 0.12935204 -0.76806741 -0.49741901 0.00000000 0.00000000 0.00000000
v 0.14737005 -0.76806741 -0.49741901 0.00000000 0.00000000 0.00000000
v 0.16538807 -0.76806741 -0.49741901 0.00000000 0.00000000 0.00000000
v 0.18340609 -0.76806741 -0.49741901 0.00000000 0.00000000 0.00000000
v 0.20142411 -0.76806741 -0.49741901 0.00000000 0.00000000 0.00000000
v 0.21944213 -0.76806741 -0.49741901 0.00000000 0.00000000 0.00000000
v 0.23746014 -0.76806741 -0.49741901 0.00000000 0.00000000 0.00000000
v 0.25547816 -0.76806741 -0.49741901 0.00000000 0.00000000 0.00000000
v 0.27349618 -0.76806741 -0.49741901 0.00000000 0.00000000 0.00000000
v 0.29151420 -0.76806741 -0.49741901 0.00000000 0.00000000 0.00000000
v 0.30953222 -0.76806741 -0.49741901 0.00000000 0.00000000 0.00000000
v 0.32755023 -0.76806741 -0.49741901 0.00000000 0.00000000 0.00000000
v 0.34556825 -0.76806741 -0.49741901 0.00000000 0.00000000 0.00000000
v 0.36358627 -0.76806741 -0.49741901 0.00000000 0.00000000 0.00000000
v 0.38160429 -0.76806741 -0.49741901 0.00000000 0.00000000 0.00000000
v 0.39962231 -0.76806741 -0.49741901 0.00000000 0.00000000 0.00000000
v 0.41764032 -0.76806741 -0.49741901 0.00000000 0.00000000 0.00000000
v 0.43565834 -0.76806741 -0.49741901 0.00000000 0.00000000 0.00000000
v 0.45367636 -0.76806741 -0.49741901 0.00000000 0.00000000 0.00000000
v 0.47169438 -0.76806741 -0.49741901 0.00000000 0.00000000 0.00000000
v 0.48971240 -0.76806741 -0.49741901 0.00000000 0.00000000 0.00000000
v 0.50773041 -0.76806741 -0.49741901 0.00000000 0.00000000 0.00000000
v 0.52574843 -0.76806741 -0.49741901 0.00000000 0.00000000 0.00000000
v 0.54376645 -0.76806741 -0.49741901 0.00000000 0.00000000 0.00000000
v 0.56178447 -0.76806741 -0.49741901 0.00000000 0.00000000 0.00000000
v 0.57980249 -0.76806741 -0.49741901 0.00000000 0.00000000 0.00000000
v 0.59782050 -0.76806741 -0.49741901 0.00000000 0.00000000 0.00000000
v 0.61583852 -0.76806741 -0.49741901 0.00000000 0.00000000 0.00000000
v 0.63385654 -0.76806741 -0.49741901 0.00000000 0.00000000 0.00000000
v 0.65187456 -0.76806741 -0.49741901 0.00000000 0.00000000 0.00000000
v 0.66989258 -0.76806741 -0.49741901 0.00000000 0.00000000 0.00000000
v 0.68791059 -0.76806741 -0.49741901 0.00000000 0.00000000 0.00000000
v 0.70592861 -0.76806741 -0.49741901 0.00000000 0.00000000 0.00000000
v 0.72394663 -0.76806741 -0.49741901 0.00000000 0.00000000 0.00000000
v 0.74196465 -0.76806741 -0.49741901 0.00000000 0.00000000 0.00000000
v 0.75998267 -0.76806741 -0.49741901 0.00000000 0.00000000 0.00000000
v 0.77800068 -0.76806741 -0.49741901 0.00000000 0.00000000 0.00000000
v 0.79601870 -0.76806741 -0.49741901 0.00000000 0.00000000 0.00000000
v 0.81403672 -0.76806741 -0.49741901 0.00000000 0.00000000 0.00000000
v 0.83205474 -0.76806741 -0.49741901 0.00000000 0.00000000 0.00000000
v 0.85007276 -0.76806741 -0.49741901 0.00000000 0.00000000 0.00000000
v 0.86809077 -0.76806741 -0.49741901 0.00000000 0.00000000 0.00000000
v 0.88610879 -0.76806741 -0.49741901 0.00000000 0.00000000 0.00000000
v 0.90412681 -0.76806741 -0.49741901 0.00000000 0.00000000 0.00000000
v 0.92214483 -0.76806741 -0.49741901 0.00000000 0.00000000 0.00000000
v -0.91569301 -0.78608543 -0.49741901 0.00000000 0.00000000 0.00000000
v -0.89767499 -0.78608543 -0.49741901 0.00000000 0.00000000 0.00000000
v -0.87965697 -0.78608543 -0.49741901 0.00000000 0.00000000 0.00000000
v -0.86163896 -0.78608543 -0.49741901 0.00000000 0.00000000 0.00000000
v -0.84362094 -0.78608543 -0.49741901 0.00000000 0.00000000 0.00000000
v -0.82560292 -0.78608543 -0.49741901 0.00000000 0.00000000 0.00000000
v -0.80758490 -0.78608543 -0.49741901 0.00000000 0.00000000 0.00000000
v -0.78956688 -0.78608543 -0.49741901 0.00000000 0.00000000 0.00000000
v -0.77154887 -0.78608543 -0.49741901 0.00000000 0.00000000 0.00000000
v -0.75353085 -0.78608543 -0.49741901 0.00000000 0.00000000 0.00000000
v -0.73551283 -0.78608543 -0.49741901 0.00000000 0.00000000 0.00000000
v -0.71749481 -0.78608543 -0.49741901 0.00000000 0.00000000 0.00000000
v -0.69947679 -0.78608543 -0.49741901 0.00000000 0.00000000 0.00000000
v -0.68145878 -0.78608543 -0.49741901 0.00000000 0.00000000 0.00000000
v -0.66344076 -0.78608543 -0.49741901 0.00000000 0.00000000 0.00000000
v -0.64542274 -0.78608543 -0.49741901 0.00000000 0.00000000 0.00000000
v -0.62740472 -0.78608543 -0.49741901 0.00000000 0.00000000 0.00000000
v -0.60938670 -0.78608543 -0.49741901 0.00000000 0.00000000 0.00000000
v -0.59136869 -0.78608543 -0.49741901 0.00000000 0.00000000 0.00000000
v -0.57335067 -0.78608543 -0.49741901 0.00000000 0.00000000 0.00000000
v -0.55533265 -0.78608543 -0.49741901 0.00000000 0.00000000 0.00000000
v -0.53731463 -0.78608543 -0.49741901 0.00000000 0.00000000 0.00000000
v -0.51929661 -0.78608543 -0.49741901 0.00000000 0.00000000 0.00000000
v -0.50127860 -0.78608543 -0.49741901 0.00000000 0.00000000 0.00000000
v -0.48326058 -0.78608543 -0.49741901 0.00000000 0.00000000 0.00000000
v -0.46524256 -0.78608543 -0.49741901 0.00000000 0.00000000 0.00000000
v -0.44722454 -0.78608543 -0.49741901 0.00000000 0.00000000 0.00000000
v -0.42920652 -0.78608543 -0.49741901 0.00000000 0.00000000 0.00000000
v -0.41118851 -0.78608543 -0.49741901 0.00000000 0.00000000 0.00000000
v -0.39317049 -0.78608543 -0.49741901 0.00000000 0.00000000 0.00000000
v -0.37515247 -0.78608543 -0.49741901 0.00000000 0.00000000 0.00000000
v -0.35713445 -0.78608543 -0.49741901 0.00000000 0.00000000 0.00000000
v -0.33911643 -0.78608543 -0.49741901 0.00000000 0.00000000 0.00000000
v -0.32109842 -0.78608543 -0.49741901 0.00000000 0.00000000 0.00000000
v -0.30308040 -0.78608543 -0.49741901 0.00000000 0.00000000 0.00000000
v -0.28506238 -0.78608543 -0.49741901 0.00000000 0.00000000 0.00000000
v -0.26704436 -0.78608543 -0.49741901 0.00000000 0.00000000 0.00000000
v -0.24902634 -0.78608543 -0.49741901 0.00000000 0.00000000 0.00000000
v -0.23100833 -0.78608543 0.15764080 0.00392157 0.00392157 0.00392157
v -0.21299031 -0.78608543 0.16464445 0.02352941 0.02352941 0.02352941
v -0.19497229 -0.78608543 0.17125363 0.03529412 0.03529412 0.03529412
v -0.17695427 -0.78608543 0.17615171 0.03529412 0.03529412 0.03529412
v -0.15893625 -0.78608543 0.17919467 0.03529412 0.03529412 0.03529412
v -0.14091824 -0.78608543 0.18134231 0.03529412 0.03529412 0.03529412
v -0.12290022 -0.78608543 0.18423715 0.00000000 0.00000000 0.00000000
v -0.10488220 -0.78608543 -0.49741901 0.00000000 0.00000000 0.00000000
v -0.08686418 -0.78608543 0.18356693 0.00000000 0.00000000 0.00000000
v -0.06884616 -0.78608543 0.18196324 0.03529412 0.03529412 0.03529412
v -0.05082815 -0.78608543 0.17962734 0.03529412 0.03529412 0.03529412
v -0.03281013 -0.78608543 0.17694482 0.03529412 0.03529412 0.03529412
v -0.01479211 -0.78608543 0.17128133 0.03529412 0.03529412 0.03529412
v 0.00322591 -0.78608543 0.16551633 0.03529412 0.03529412 0.03529412
v 0.02124393 -0.78608543 0.15520118 0.01176471 0.01176471 0.01176471
v 0.03926195 -0.78608543 -0.49741901 0.00000000 0.00000000 0.00000000
v 0.05727996 -0.78608543 -0.49741901 0.00000000 0.00000000 0.00000000
v 0.07529798 -0.78608543 -0.49741901 0.00000000 0.00000000 0.00000000
v 0.09331600 -0.78608543 -0.49741901 0.00000000 0.00000000 0.00000000
v 0.11133402 -0.78608543 -0.49741901 0.00000000 0.00000000 0.00000000
v 0.12935204 -0.78608543 -0.49741901 0.00000000 0.00000000 0.00000000
v 0.14737005 -0.78608543 -0.49741901 0.00000000 0.00000000 0.00000000
v 0.16538807 -0.78608543 -0.49741901 0.00000000 0.00000000 0.00000000
v 0.18340609 -0.78608543 -0.49741901 0.00000000 0.00000000 0.00000000
v 0.20142411 -0.78608543 -0.49741901 0.00000000 0.00000000 0.00000000
v 0.21944213 -0.78608543 -0.49741901 0.00000000 0.00000000 0.00000000
v 0.23746014 -0.78608543 -0.49741901 0.00000000 0.00000000 0.00000000
v 0.25547816 -0.78608543 -0.49741901 0.00000000 0.00000000 0.00000000
v 0.27349618 -0.78608543 -0.49741901 0.00000000 0.00000000 0.00000000
v 0.29151420 -0.78608543 -0.49741901 0.00000000 0.00000000 0.00000000
v 0.30953222 -0.78608543 -0.49741901 0.00000000 0.00000000 0.00000000
v 0.32755023 -0.78608543 -0.49741901 0.00000000 0.00000000 0.00000000
v 0.34556825 -0.78608543 -0.49741901 0.00000000 0.00000000 0.00000000
v 0.36358627 -0.78608543 -0.49741901 0.00000000 0.00000000 0.00000000
v 0.38160429 -0.78608543 -0.49741901 0.00000000 0.00000000 0.00000000
v 0.39962231 -0.78608543 -0.49741901 0.00000000 0.00000000 0.00000000
v 0.41764032 -0.78608543 -0.49741901 0.00000000 0.00000000 0.00000000
v 0.43565834 -0.78608543 -0.49741901 0.00000000 0.00000000 0.00000000
v 0.45367636 -0.78608543 -0.49741901 0.00000000 0.00000000 0.00000000
v 0.47169438 -0.78608543 -0.49741901 0.00000000 0.00000000 0.00000000
v 0.48971240 -0.78608543 -0.49741901 0.00000000 0.00000000 0.00000000
v 0.50773041 -0.78608543 -0.49741901 0.00000000 0.00000000 0.00000000
v 0.52574843 -0.78608543 -0.49741901 0.00000000 0.00000000 0.00000000
v 0.54376645 -0.78608543 -0.49741901 0.00000000 0.00000000 0.00000000
v 0.56178447 -0.78608543 -0.49741901 0.00000000 0.00000000 0.00000000
v 0.57980249 -0.78608543 -0.49741901 0.00000000 0.00000000 0.00000000
v 0.59782050 -0.78608543 -0.49741901 0.00000000 0.00000000 0.00000000
v 0.61583852 -0.78608543 -0.49741901 0.00000000 0.00000000 0.00000000
v 0.63385654 -0.78608543 -0.49741901 0.00000000 0.00000000 0.00000000
v 0.65187456 -0.78608543 -0.49741901 0.00000000 0.00000000 0.00000000
v 0.66989258 -0.78608543 -0.49741901 0.00000000 0.00000000 0.00000000
v 0.68791059 -0.78608543 -0.49741901 0.00000000 0.00000000 0.00000000
v 0.70592861 -0.78608543 -0.49741901 0.00000000 0.00000000 0.00000000
v 0.72394663 -0.78608543 -0.49741901 0.00000000 0.00000000 0.00000000
v 0.74196465 -0.78608543 -0.49741901 0.00000000 0.00000000 0.00000000
v 0.75998267 -0.78608543 -0.49741901 0.00000000 0.00000000 0.00000000
v 0.77800068 -0.78608543 -0.49741901 0.00000000 0.00000000 0.00000000
v 0.79601870 -0.78608543 -0.49741901 0.00000000 0.00000000 0.00000000
v 0.81403672 -0.78608543 -0.49741901 0.00000000 0.00000000 0.00000000
v 0.83205474 -0.78608543 -0.49741901 0.00000000 0.00000000 0.00000000
v 0.85007276 -0.78608543 -0.49741901 0.00000000 0.00000000 0.00000000
v 0.86809077 -0.78608543 -0.49741901 0.00000000 0.00000000 0.00000000
v 0.88610879 -0.78608543 -0.49741901 0.00000000 0.00000000 0.00000000
v 0.90412681 -0.78608543 -0.49741901 0.00000000 0.00000000 0.00000000
v 0.92214483 -0.78608543 -0.49741901 0.00000000 0.00000000 0.00000000
v -0.91569301 -0.80410345 -0.49741901 0.00000000 0.00000000 0.00000000
v -0.89767499 -0.80410345 -0.49741901 0.00000000 0.00000000 0.00000000
v -0.87965697 -0.80410345 -0.49741901 0.00000000 0.00000000 0.00000000
v -0.86163896 -0.80410345 -0.49741901 0.00000000 0.00000000 0.00000000
v -0.84362094 -0.80410345 -0.49741901 0.00000000 0.00000000 0.00000000
v -0.82560292 -0.80410345 -0.49741901 0.00000000 0.00000000 0.00000000
v -0.80758490 -0.80410345 -0.49741901 0.00000000 0.00000000 0.00000000
v -0.78956688 -0.80410345 -0.49741901 0.00000000 0.00000000 0.00000000
v -0.77154887 -0.80410345 -0.49741901 0.00000000 0.00000000 0.00000000
v -0.75353085 -0.80410345 -0.49741901 0.00000000 0.00000000 0.00000000
v -0.73551283 -0.80410345 -0.49741901 0.00000000 0.00000000 0.00000000
v -0.71749481 -0.80410345 -0.49741901 0.00000000 0.00000000 0.00000000
v -0.69947679 -0.80410345 -0.49741901 0.00000000 0.00000000 0.00000000
v -0.68145878 -0.80410345 -0.49741901 0.00000000 0.00000000 0.00000000
v -0.66344076 -0.80410345 -0.49741901 0.00000000 0.00000000 0.00000000
v -0.64542274 -0.80410345 -0.49741901 0.00000000 0.00000000 0.00000000
v -0.62740472 -0.80410345 -0.49741901 0.00000000 0.00000000 0.00000000
v -0.60938670 -0.80410345 -0.49741901 0.00000000 0.00000000 0.00000000
v -0.59136869 -0.80410345 -0.49741901 0.00000000 0.00000000 0.00000000
v -0.57335067 -0.80410345 -0.49741901 0.00000000 0.00000000 0.00000000
v -0.55533265 -0.80410345 -0.49741901 0.00000000 0.00000000 0.00000000
v -0.53731463 -0.80410345 -0.49741901 0.00000000 0.00000000 0.00000000
v -0.51929661 -0.80410345 -0.49741901 0.00000000 0.00000000 0.00000000
v -0.50127860 -0.80410345 -0.49741901 0.00000000 0.00000000 0.00000000
v -0.48326058 -0.80410345 -0.49741901 0.00000000 0.00000000 0.00000000
v -0.46524256 -0.80410345 -0.49741901 0.00000000 0.00000000 0.00000000
v -0.44722454 -0.80410345 -0.49741901 0.00000000 0.00000000 0.00000000
v -0.42920652 -0.80410345 -0.49741901 0.00000000 0.00000000 0.00000000
v -0.41118851 -0.80410345 -0.49741901 0.00000000 0.00000000 0.00000000
v -0.39317049 -0.80410345 -0.49741901 0.00000000 0.00000000 0.00000000
v -0.37515247 -0.80410345 -0.49741901 0.00000000 0.00000000 0.00000000
v -0.35713445 -0.80410345 -0.49741901 0.00000000 0.00000000 0.00000000
v -0.33911643 -0.80410345 -0.49741901 0.00000000 0.00000000 0.00000000
v -0.32109842 -0.80410345 -0.49741901 0.00000000 0.00000000 0.00000000
v -0.30308040 -0.80410345 -0.49741901 0.00000000 0.00000000 0.00000000
v -0.28506238 -0.80410345 -0.49741901 0.00000000 0.00000000 0.00000000
v -0.26704436 -0.80410345 -0.49741901 0.00392157 0.00392157 0.00392157
v -0.24902634 -0.80410345 -0.49741901 0.03529412 0.03529412 0.03529412
v -0.23100833 -0.80410345 0.15575751 0.00000000 0.00000000 0.00000000
v -0.21299031 -0.80410345 0.16168871 0.01568627 0.01568627 0.01568627
v -0.19497229 -0.80410345 0.16801417 0.05098039 0.05098039 0.05098039
v -0.17695427 -0.80410345 0.17322112 0.03137255 0.03137255 0.03137255
v -0.15893625 -0.80410345 0.17641770 0.03137255 0.03137255 0.03137255
v -0.14091824 -0.80410345 0.17839825 0.05882353 0.05882353 0.05882353
v -0.12290022 -0.80410345 0.18110793 0.00000000 0.00000000 0.00000000
v -0.10488220 -0.80410345 -0.49741901 0.00000000 0.00000000 0.00000000
v -0.08686418 -0.80410345 0.18030787 0.03921569 0.03921569 0.03921569
v -0.06884616 -0.80410345 0.17798599 0.04705882 0.04705882 0.04705882
v -0.05082815 -0.80410345 0.17511005 0.04705882 0.04705882 0.04705882
v -0.03281013 -0.80410345 0.17216744 0.04705882 0.04705882 0.04705882
v -0.01479211 -0.80410345 0.16642684 0.04705882 0.04705882 0.04705882
v 0.00322591 -0.80410345 0.16191429 0.04705882 0.04705882 0.04705882
v 0.02124393 -0.80410345 0.15365599 0.00000000 0.00000000 0.00000000
v 0.03926195 -0.80410345 0.14153687 0.07058824 0.07058824 0.07058824
v 0.05727996 -0.80410345 -0.49741901 0.00392157 0.00392157 0.00392157
v 0.07529798 -0.80410345 -0.49741901 0.00000000 0.00000000 0.00000000
v 0.09331600 -0.80410345 -0.49741901 0.00000000 0.00000000 0.00000000
v 0.11133402 -0.80410345 -0.49741901 0.00000000 0.00000000 0.00000000
v 0.12935204 -0.80410345 -0.49741901 0.00000000 0.00000000 0.00000000
v 0.14737005 -0.80410345 -0.49741901 0.00000000 0.00000000 0.00000000
v 0.16538807 -0.80410345 -0.49741901 0.00000000 0.00000000 0.00000000
v 0.18340609 -0.80410345 -0.49741901 0.00000000 0.00000000 0.00000000
v 0.20142411 -0.80410345 -0.49741901 0.00000000 0.00000000 0.00000000
v 0.21944213 -0.80410345 -0.49741901 0.00000000 0.00000000 0.00000000
v 0.23746014 -0.80410345 -0.49741901 0.00000000 0.00000000 0.00000000
v 0.25547816 -0.80410345 -0.49741901 0.00000000 0.00000000 0.00000000
v 0.27349618 -0.80410345 -0.49741901 0.00000000 0.00000000 0.00000000
v 0.29151420 -0.80410345 -0.49741901 0.00000000 0.00000000 0.00000000
v 0.30953222 -0.80410345 -0.49741901 0.00000000 0.00000000 0.00000000
v 0.32755023 -0.80410345 -0.49741901 0.00000000 0.00000000 0.00000000
v 0.34556825 -0.80410345 -0.49741901 0.00000000 0.00000000 0.00000000
v 0.36358627 -0.80410345 -0.49741901 0.00000000 0.00000000 0.00000000
v 0.38160429 -0.80410345 -0.49741901 0.00000000 0.00000000 0.00000000
v 0.39962231 -0.80410345 -0.49741901 0.00000000 0.00000000 0.00000000
v 0.41764032 -0.80410345 -0.49741901 0.00000000 0.00000000 0.00000000
v 0.43565834 -0.80410345 -0.49741901 0.00000000 0.00000000 0.00000000
v 0.45367636 -0.80410345 -0.49741901 0.00000000 0.00000000 0.00000000
v 0.47169438 -0.80410345 -0.49741901 0.00000000 0.00000000 0.00000000
v 0.48971240 -0.80410345 -0.49741901 0.00000000 0.00000000 0.00000000
v 0.50773041 -0.80410345 -0.49741901 0.00000000 0.00000000 0.00000000
v 0.52574843 -0.80410345 -0.49741901 0.00000000 0.00000000 0.00000000
v 0.54376645 -0.80410345 -0.49741901 0.00000000 0.00000000 0.00000000
v 0.56178447 -0.80410345 -0.49741901 0.00000000 0.00000000 0.00000000
v 0.57980249 -0.80410345 -0.49741901 0.00000000 0.00000000 0.00000000
v 0.59782050 -0.80410345 -0.49741901 0.00000000 0.00000000 0.00000000
v 0.61583852 -0.80410345 -0.49741901 0.00000000 0.00000000 0.00000000
v 0.63385654 -0.80410345 -0.49741901 0.00000000 0.00000000 0.00000000
v 0.65187456 -0.80410345 -0.49741901 0.00000000 0.00000000 0.00000000
v 0.66989258 -0.80410345 -0.49741901 0.00000000 0.00000000 0.00000000
v 0.68791059 -0.80410345 -0.49741901 0.00000000 0.00000000 0.00000000
v 0.70592861 -0.80410345 -0.49741901 0.00000000 0.00000000 0.00000000
v 0.72394663 -0.80410345 -0.49741901 0.00000000 0.00000000 0.00000000
v 0.74196465 -0.80410345 -0.49741901 0.00000000 0.00000000 0.00000000
v 0.75998267 -0.80410345 -0.49741901 0.00000000 0.00000000 0.00000000
v 0.77800068 -0.80410345 -0.49741901 0.00000000 0.00000000 0.00000000
v 0.79601870 -0.80410345 -0.49741901 0.00000000 0.00000000 0.00000000
v 0.81403672 -0.80410345 -0.49741901 0.00000000 0.00000000 0.00000000
v 0.83205474 -0.80410345 -0.49741901 0.00000000 0.00000000 0.00000000
v 0.85007276 -0.80410345 -0.49741901 0.00000000 0.00000000 0.00000000
v 0.86809077 -0.80410345 -0.49741901 0.00000000 0.00000000 0.00000000
v 0.88610879 -0.80410345 -0.49741901 0.00000000 0.00000000 0.00000000
v 0.90412681 -0.80410345 -0.49741901 0.00000000 0.00000000 0.00000000
v 0.92214483 -0.80410345 -0.49741901 0.00000000 0.00000000 0.00000000
v -0.91569301 -0.82212146 -0.49741901 0.00000000 0.00000000 0.00000000
v -0.89767499 -0.82212146 -0.49741901 0.00000000 0.00000000 0.00000000
v -0.87965697 -0.82212146 -0.49741901 0.00000000 0.00000000 0.00000000
v -0.86163896 -0.82212146 -0.49741901 0.00000000 0.00000000 0.00000000
v -0.84362094 -0.82212146 -0.49741901 0.00000000 0.00000000 0.00000000
v -0.82560292 -0.82212146 -0.49741901 0.00000000 0.00000000 0.00000000
v -0.80758490 -0.82212146 -0.49741901 0.00000000 0.00000000 0.00000000
v -0.78956688 -0.82212146 -0.49741901 0.00000000 0.00000000 0.00000000
v -0.77154887 -0.82212146 -0.49741901 0.00000000 0.00000000 0.00000000
v -0.75353085 -0.82212146 -0.49741901 0.00000000 0.00000000 0.00000000
v -0.73551283 -0.82212146 -0.49741901 0.00000000 0.00000000 0.00000000
v -0.71749481 -0.82212146 -0.49741901 0.00000000 0.00000000 0.00000000
v -0.69947679 -0.82212146 -0.49741901 0.00000000 0.00000000 0.00000000
v -0.68145878 -0.82212146 -0.49741901 0.00000000 0.00000000 0.00000000
v -0.66344076 -0.82212146 -0.49741901 0.00000000 0.00000000 0.00000000
v -0.64542274 -0.82212146 -0.49741901 0.00000000 0.00000000 0.00000000
v -0.62740472 -0.82212146 -0.49741901 0.00000000 0.00000000 0.00000000
v -0.60938670 -0.82212146 -0.49741901 0.00000000 0.00000000 0.00000000
v -0.59136869 -0.82212146 -0.49741901 0.00000000 0.00000000 0.00000000
v -0.57335067 -0.82212146 -0.49741901 0.00000000 0.00000000 0.00000000
v -0.55533265 -0.82212146 -0.49741901 0.00000000 0.00000000 0.00000000
v -0.53731463 -0.82212146 -0.49741901 0.00000000 0.00000000 0.00000000
v -0.51929661 -0.82212146 -0.49741901 0.00000000 0.00000000 0.00000000
v -0.50127860 -0.82212146 -0.49741901 0.00000000 0.00000000 0.00000000
v -0.48326058 -0.82212146 -0.49741901 0.00000000 0.00000000 0.00000000
v -0.46524256 -0.82212146 -0.49741901 0.00000000 0.00000000 0.00000000
v -0.44722454 -0.82212146 -0.49741901 0.00000000 0.00000000 0.00000000
v -0.42920652 -0.82212146 -0.49741901 0.00000000 0.00000000 0.00000000
v -0.41118851 -0.82212146 -0.49741901 0.00000000 0.00000000 0.00000000
v -0.39317049 -0.82212146 -0.49741901 0.00000000 0.00000000 0.00000000
v -0.37515247 -0.82212146 -0.49741901 0.00000000 0.00000000 0.00000000
v -0.35713445 -0.82212146 -0.49741901 0.00000000 0.00000000 0.00000000
v -0.33911643 -0.82212146 -0.49741901 0.00000000 0.00000000 0.00000000
v -0.32109842 -0.82212146 -0.49741901 0.00000000 0.00000000 0.00000000
v -0.30308040 -0.82212146 -0.49741901 0.00000000 0.00000000 0.00000000
v -0.28506238 -0.82212146 -0.49741901 0.00000000 0.00000000 0.00000000
v -0.26704436 -0.82212146 -0.49741901 0.00784314 0.00784314 0.00784314
v -0.24902634 -0.82212146 0.14559990 0.19607843 0.19607843 0.19607843
v -0.23100833 -0.82212146 0.15461784 0.01960784 0.01960784 0.01960784
v -0.21299031 -0.82212146 0.15927177 0.04705882 0.04705882 0.04705882
v -0.19497229 -0.82212146 0.16547873 0.03921569 0.03921569 0.03921569
v -0.17695427 -0.82212146 0.17064108 0.02745098 0.02745098 0.02745098
v -0.15893625 -0.82212146 0.17473614 0.02352941 0.02352941 0.02352941
v -0.14091824 -0.82212146 0.17706703 0.03921569 0.03921569 0.03921569
v -0.12290022 -0.82212146 0.17984179 0.00000000 0.00000000 0.00000000
v -0.10488220 -0.82212146 -0.49741901 0.00000000 0.00000000 0.00000000
v -0.08686418 -0.82212146 0.17804290 0.00000000 0.00000000 0.00000000
v -0.06884616 -0.82212146 0.17576089 0.05882353 0.05882353 0.05882353
v -0.05082815 -0.82212146 0.17254933 0.03137255 0.03137255 0.03137255
v -0.03281013 -0.82212146 0.16971992 0.03137255 0.03137255 0.03137255
v -0.01479211 -0.82212146 0.16475944 0.03137255 0.03137255 0.03137255
v 0.00322591 -0.82212146 0.16039859 0.03137255 0.03137255 0.03137255
v 0.02124393 -0.82212146 0.15416675 0.01568627 0.01568627 0.01568627
v 0.03926195 -0.82212146 0.14355144 0.18039216 0.18039216 0.18039216
v 0.05727996 -0.82212146 -0.49741901 0.00784314 0.00784314 0.00784314
v 0.07529798 -0.82212146 -0.49741901 0.00000000 0.00000000 0.00000000
v 0.09331600 -0.82212146 -0.49741901 0.00000000 0.00000000 0.00000000
v 0.11133402 -0.82212146 -0.49741901 0.00000000 0.00000000 0.00000000
v 0.12935204 -0.82212146 -0.49741901 0.00000000 0.00000000 0.00000000
v 0.14737005 -0.82212146 -0.49741901 0.00000000 0.00000000 0.00000000
v 0.16538807 -0.82212146 -0.49741901 0.00000000 0.00000000 0.00000000
v 0.18340609 -0.82212146 -0.49741901 0.00000000 0.00000000 0.00000000
v 0.20142411 -0.82212146 -0.49741901 0.00000000 0.00000000 0.00000000
v 0.21944213 -0.82212146 -0.49741901 0.00000000 0.00000000 0.00000000
v 0.23746014 -0.82212146 -0.49741901 0.00000000 0.00000000 0.00000000
v 0.25547816 -0.82212146 -0.49741901 0.00000000 0.00000000 0.00000000
v 0.27349618 -0.82212146 -0.49741901 0.00000000 0.00000000 0.00000000
v 0.29151420 -0.82212146 -0.49741901 0.00000000 0.00000000 0.00000000
v 0.30953222 -0.82212146 -0.49741901 0.00000000 0.00000000 0.00000000
v 0.32755023 -0.82212146 -0.49741901 0.00000000 0.00000000 0.00000000
v 0.34556825 -0.82212146 -0.49741901 0.00000000 0.00000000 0.00000000
v 0.36358627 -0.82212146 -0.49741901 0.00000000 0.00000000 0.00000000
v 0.38160429 -0.82212146 -0.49741901 0.00000000 0.00000000 0.00000000
v 0.39962231 -0.82212146 -0.49741901 0.00000000 0.00000000 0.00000000
v 0.41764032 -0.82212146 -0.49741901 0.00000000 0.00000000 0.00000000
v 0.43565834 -0.82212146 -0.49741901 0.00000000 0.00000000 0.00000000
v 0.45367636 -0.82212146 -0.49741901 0.00000000 0.00000000 0.00000000
v 0.47169438 -0.82212146 -0.49741901 0.00000000 0.00000000 0.00000000
v 0.48971240 -0.82212146 -0.49741901 0.00000000 0.00000000 0.00000000
v 0.50773041 -0.82212146 -0.49741901 0.00000000 0.00000000 0.00000000
v 0.52574843 -0.82212146 -0.49741901 0.00000000 0.00000000 0.00000000
v 0.54376645 -0.82212146 -0.49741901 0.00000000 0.00000000 0.00000000
v 0.56178447 -0.82212146 -0.49741901 0.00000000 0.00000000 0.00000000
v 0.57980249 -0.82212146 -0.49741901 0.00000000 0.00000000 0.00000000
v 0.59782050 -0.82212146 -0.49741901 0.00000000 0.00000000 0.00000000
v 0.61583852 -0.82212146 -0.49741901 0.00000000 0.00000000 0.00000000
v 0.63385654 -0.82212146 -0.49741901 0.00000000 0.00000000 0.00000000
v 0.65187456 -0.82212146 -0.49741901 0.00000000 0.00000000 0.00000000
v 0.66989258 -0.82212146 -0.49741901 0.00000000 0.00000000 0.00000000
v 0.68791059 -0.82212146 -0.49741901 0.00000000 0.00000000 0.00000000
v 0.70592861 -0.82212146 -0.49741901 0.00000000 0.00000000 0.00000000
v 0.72394663 -0.82212146 -0.49741901 0.00000000 0.00000000 0.00000000
v 0.74196465 -0.82212146 -0.49741901 0.00000000 0.00000000 0.00000000
v 0.75998267 -0.82212146 -0.49741901 0.00000000 0.00000000 0.00000000
v 0.77800068 -0.82212146 -0.49741901 0.00000000 0.00000000 0.00000000
v 0.79601870 -0.82212146 -0.49741901 0.00000000 0.00000000 0.00000000
v 0.81403672 -0.82212146 -0.49741901 0.00000000 0.00000000 0.00000000
v 0.83205474 -0.82212146 -0.49741901 0.00000000 0.00000000 0.00000000
v 0.85007276 -0.82212146 -0.49741901 0.00000000 0.00000000 0.00000000
v 0.86809077 -0.82212146 -0.49741901 0.00000000 0.00000000 0.00000000
v 0.88610879 -0.82212146 -0.49741901 0.00000000 0.00000000 0.00000000
v 0.90412681 -0.82212146 -0.49741901 0.00000000 0.00000000 0.00000000
v 0.92214483 -0.82212146 -0.49741901 0.00000000 0.00000000 0.00000000
v -0.91569301 -0.84013948 -0.49741901 0.00000000 0.00000000 0.00000000
v -0.89767499 -0.84013948 -0.49741901 0.00000000 0.00000000 0.00000000
v -0.87965697 -0.84013948 -0.49741901 0.00000000 0.00000000 0.00000000
v -0.86163896 -0.84013948 -0.49741901 0.00000000 0.00000000 0.00000000
v -0.84362094 -0.84013948 -0.49741901 0.00000000 0.00000000 0.00000000
v -0.82560292 -0.84013948 -0.49741901 0.00000000 0.00000000 0.00000000
v -0.80758490 -0.84013948 -0.49741901 0.00000000 0.00000000 0.00000000
v -0.78956688 -0.84013948 -0.49741901 0.00000000 0.00000000 0.00000000
v -0.77154887 -0.84013948 -0.49741901 0.00000000 0.00000000 0.00000000
v -0.75353085 -0.84013948 -0.49741901 0.00000000 0.00000000 0.00000000
v -0.73551283 -0.84013948 -0.49741901 0.00000000 0.00000000 0.00000000
v -0.71749481 -0.84013948 -0.49741901 0.00000000 0.00000000 0.00000000
v -0.69947679 -0.84013948 -0.49741901 0.00000000 0.00000000 0.00000000
v -0.68145878 -0.84013948 -0.49741901 0.00000000 0.00000000 0.00000000
v -0.66344076 -0.84013948 -0.49741901 0.00000000 0.00000000 0.00000000
v -0.64542274 -0.84013948 -0.49741901 0.00000000 0.00000000 0.00000000
v -0.62740472 -0.84013948 -0.49741901 0.00000000 0.00000000 0.00000000
v -0.60938670 -0.84013948 -0.49741901 0.00000000 0.00000000 0.00000000
v -0.59136869 -0.84013948 -0.49741901 0.00000000 0.00000000 0.00000000
v -0.57335067 -0.84013948 -0.49741901 0.00000000 0.00000000 0.00000000
v -0.55533265 -0.84013948 -0.49741901 0.00000000 0.00000000 0.00000000
v -0.53731463 -0.84013948 -0.49741901 0.00000000 0.00000000 0.00000000
v -0.51929661 -0.84013948 -0.49741901 0.00000000 0.00000000 0.00000000
v -0.50127860 -0.84013948 -0.49741901 0.00000000 0.00000000 0.00000000
v -0.48326058 -0.84013948 -0.49741901 0.00000000 0.00000000 0.00000000
v -0.46524256 -0.84013948 -0.49741901 0.00000000 0.00000000 0.00000000
v -0.44722454 -0.84013948 -0.49741901 0.00000000 0.00000000 0.00000000
v -0.42920652 -0.84013948 -0.49741901 0.00000000 0.00000000 0.00000000
v -0.41118851 -0.84013948 -0.49741901 0.00000000 0.00000000 0.00000000
v -0.39317049 -0.84013948 -0.49741901 0.00000000 0.00000000 0.00000000
v -0.37515247 -0.84013948 -0.49741901 0.00000000 0.00000000 0.00000000
v -0.35713445 -0.84013948 -0.49741901 0.00000000 0.00000000 0.00000000
v -0.33911643 -0.84013948 -0.49741901 0.00000000 0.00000000 0.00000000
v -0.32109842 -0.84013948 -0.49741901 0.00000000 0.00000000 0.00000000
v -0.30308040 -0.84013948 -0.49741901 0.00000000 0.00000000 0.00000000
v -0.28506238 -0.84013948 -0.49741901 0.00000000 0.00000000 0.00000000
v -0.26704436 -0.84013948 -0.49741901 0.00392157 0.00392157 0.00392157
v -0.24902634 -0.84013948 0.14354525 0.09411765 0.09411765 0.09411765
v -0.23100833 -0.84013948 0.15097759 0.05490196 0.05490196 0.05490196
v -0.21299031 -0.84013948 0.15594604 0.06274510 0.06274510 0.06274510
v -0.19497229 -0.84013948 0.16166287 0.04313725 0.04313725 0.04313725
v -0.17695427 -0.84013948 0.16632594 0.04313725 0.04313725 0.04313725
v -0.15893625 -0.84013948 0.17062912 0.03529412 0.03529412 0.03529412
v -0.14091824 -0.84013948 0.17354115 0.02352941 0.02352941 0.02352941
v -0.12290022 -0.84013948 0.17657991 0.00000000 0.00000000 0.00000000
v -0.10488220 -0.84013948 -0.49741901 0.00000000 0.00000000 0.00000000
v -0.08686418 -0.84013948 0.17495128 0.00000000 0.00000000 0.00000000
v -0.06884616 -0.84013948 0.17167414 0.03921569 0.03921569 0.03921569
v -0.05082815 -0.84013948 0.16837900 0.03529412 0.03529412 0.03529412
v -0.03281013 -0.84013948 0.16549674 0.03529412 0.03529412 0.03529412
v -0.01479211 -0.84013948 0.16108180 0.03529412 0.03529412 0.03529412
v 0.00322591 -0.84013948 0.15727975 0.03529412 0.03529412 0.03529412
v 0.02124393 -0.84013948 0.15151096 0.02745098 0.02745098 0.02745098
v 0.03926195 -0.84013948 0.14123025 0.12941176 0.12941176 0.12941176
v 0.05727996 -0.84013948 -0.49741901 0.00392157 0.00392157 0.00392157
v 0.07529798 -0.84013948 -0.49741901 0.00000000 0.00000000 0.00000000
v 0.09331600 -0.84013948 -0.49741901 0.00000000 0.00000000 0.00000000
v 0.11133402 -0.84013948 -0.49741901 0.00000000 0.00000000 0.00000000
v 0.12935204 -0.84013948 -0.49741901 0.00000000 0.00000000 0.00000000
v 0.14737005 -0.84013948 -0.49741901 0.00000000 0.00000000 0.00000000
v 0.16538807 -0.84013948 -0.49741901 0.00000000 0.00000000 0.00000000
v 0.18340609 -0.84013948 -0.49741901 0.00000000 0.00000000 0.00000000
v 0.20142411 -0.84013948 -0.49741901 0.00000000 0.00000000 0.00000000
v 0.21944213 -0.84013948 -0.49741901 0.00000000 0.00000000 0.00000000
v 0.23746014 -0.84013948 -0.49741901 0.00000000 0.00000000 0.00000000
v 0.25547816 -0.84013948 -0.49741901 0.00000000 0.00000000 0.00000000
v 0.27349618 -0.84013948 -0.49741901 0.00000000 0.00000000 0.00000000
v 0.29151420 -0.84013948 -0.49741901 0.00000000 0.00000000 0.00000000
v 0.30953222 -0.84013948 -0.49741901 0.00000000 0.00000000 0.00000000
v 0.32755023 -0.84013948 -0.49741901 0.00000000 0.00000000 0.00000000
v 0.34556825 -0.84013948 -0.49741901 0.00000000 0.00000000 0.00000000
v 0.36358627 -0.84013948 -0.49741901 0.00000000 0.00000000 0.00000000
v 0.38160429 -0.84013948 -0.49741901 0.00000000 0.00000000 0.00000000
v 0.39962231 -0.84013948 -0.49741901 0.00000000 0.00000000 0.00000000
v 0.41764032 -0.84013948 -0.49741901 0.00000000 0.00000000 0.00000000
v 0.43565834 -0.84013948 -0.49741901 0.00000000 0.00000000 0.00000000
v 0.45367636 -0.84013948 -0.49741901 0.00000000 0.00000000 0.00000000
v 0.47169438 -0.84013948 -0.49741901 0.00000000 0.00000000 0.00000000
v 0.48971240 -0.84013948 -0.49741901 0.00000000 0.00000000 0.00000000
v 0.50773041 -0.84013948 -0.49741901 0.00000000 0.00000000 0.00000000
v 0.52574843 -0.84013948 -0.49741901 0.00000000 0.00000000 0.00000000
v 0.54376645 -0.84013948 -0.49741901 0.00000000 0.00000000 0.00000000
v 0.56178447 -0.84013948 -0.49741901 0.00000000 0.00000000 0.00000000
v 0.57980249 -0.84013948 -0.49741901 0.00000000 0.00000000 0.00000000
v 0.59782050 -0.84013948 -0.49741901 0.00000000 0.00000000 0.00000000
v 0.61583852 -0.84013948 -0.49741901 0.00000000 0.00000000 0.00000000
v 0.63385654 -0.84013948 -0.49741901 0.00000000 0.00000000 0.00000000
v 0.65187456 -0.84013948 -0.49741901 0.00000000 0.00000000 0.00000000
v 0.66989258 -0.84013948 -0.49741901 0.00000000 0.00000000 0.00000000
v 0.68791059 -0.84013948 -0.49741901 0.00000000 0.00000000 0.00000000
v 0.70592861 -0.84013948 -0.49741901 0.00000000 0.00000000 0.00000000
v 0.72394663 -0.84013948 -0.49741901 0.00000000 0.00000000 0.00000000
v 0.74196465 -0.84013948 -0.49741901 0.00000000 0.00000000 0.00000000
v 0.75998267 -0.84013948 -0.49741901 0.00000000 0.00000000 0.00000000
v 0.77800068 -0.84013948 -0.49741901 0.00000000 0.00000000 0.00000000
v 0.79601870 -0.84013948 -0.49741901 0.00000000 0.00000000 0.00000000
v 0.81403672 -0.84013948 -0.49741901 0.00000000 0.00000000 0.00000000
v 0.83205474 -0.84013948 -0.49741901 0.00000000 0.00000000 0.00000000
v 0.85007276 -0.84013948 -0.49741901 0.00000000 0.00000000 0.00000000
v 0.86809077 -0.84013948 -0.49741901 0.00000000 0.00000000 0.00000000
v 0.88610879 -0.84013948 -0.49741901 0.00000000 0.00000000 0.00000000
v 0.90412681 -0.84013948 -0.49741901 0.00000000 0.00000000 0.00000000
v 0.92214483 -0.84013948 -0.49741901 0.00000000 0.00000000 0.00000000
v -0.91569301 -0.85815750 -0.49741901 0.00000000 0.00000000 0.00000000
v -0.89767499 -0.85815750 -0.49741901 0.00000000 0.00000000 0.00000000
v -0.87965697 -0.85815750 -0.49741901 0.00000000 0.00000000 0.00000000
v -0.86163896 -0.85815750 -0.49741901 0.00000000 0.00000000 0.00000000
v -0.84362094 -0.85815750 -0.49741901 0.00000000 0.00000000 0.00000000
v -0.82560292 -0.85815750 -0.49741901 0.00000000 0.00000000 0.00000000
v -0.80758490 -0.85815750 -0.49741901 0.00000000 0.00000000 0.00000000
v -0.78956688 -0.85815750 -0.49741901 0.00000000 0.00000000 0.00000000
v -0.77154887 -0.85815750 -0.49741901 0.00000000 0.00000000 0.00000000
v -0.75353085 -0.85815750 -0.49741901 0.00000000 0.00000000 0.00000000
v -0.73551283 -0.85815750 -0.49741901 0.00000000 0.00000000 0.00000000
v -0.71749481 -0.85815750 -0.49741901 0.00000000 0.00000000 0.00000000
v -0.69947679 -0.85815750 -0.49741901 0.00000000 0.00000000 0.00000000
v -0.68145878 -0.85815750 -0.49741901 0.00000000 0.00000000 0.00000000
v -0.66344076 -0.85815750 -0.49741901 0.00000000 0.00000000 0.00000000
v -0.64542274 -0.85815750 -0.49741901 0.00000000 0.00000000 0.00000000
v -0.62740472 -0.85815750 -0.49741901 0.00000000 0.00000000 0.00000000
v -0.60938670 -0.85815750 -0.49741901 0.00000000 0.00000000 0.00000000
v -0.59136869 -0.85815750 -0.49741901 0.00000000 0.00000000 0.00000000
v -0.57335067 -0.85815750 -0.49741901 0.00000000 0.00000000 0.00000000
v -0.55533265 -0.85815750 -0.49741901 0.00000000 0.00000000 0.00000000
v -0.53731463 -0.85815750 -0.49741901 0.00000000 0.00000000 0.00000000
v -0.51929661 -0.85815750 -0.49741901 0.00000000 0.00000000 0.00000000
v -0.50127860 -0.85815750 -0.49741901 0.00000000 0.00000000 0.00000000
v -0.48326058 -0.85815750 -0.49741901 0.00000000 0.00000000 0.00000000
v -0.46524256 -0.85815750 -0.49741901 0.00000000 0.00000000 0.00000000
v -0.44722454 -0.85815750 -0.49741901 0.00000000 0.00000000 0.00000000
v -0.42920652 -0.85815750 -0.49741901 0.00000000 0.00000000 0.00000000
v -0.41118851 -0.85815750 -0.49741901 0.00000000 0.00000000 0.00000000
v -0.39317049 -0.85815750 -0.49741901 0.00000000 0.00000000 0.00000000
v -0.37515247 -0.85815750 -0.49741901 0.00000000 0.00000000 0.00000000
v -0.35713445 -0.85815750 -0.49741901 0.00000000 0.00000000 0.00000000
v -0.33911643 -0.85815750 -0.49741901 0.00000000 0.00000000 0.00000000
v -0.32109842 -0.85815750 -0.49741901 0.00000000 0.00000000 0.00000000
v -0.30308040 -0.85815750 -0.49741901 0.00000000 0.00000000 0.00000000
v -0.28506238 -0.85815750 -0.49741901 0.00000000 0.00000000 0.00000000
v -0.26704436 -0.85815750 -0.49741901 0.00000000 0.00000000 0.00000000
v -0.24902634 -0.85815750 -0.49741901 0.00000000 0.00000000 0.00000000
v -0.23100833 -0.85815750 0.14745790 0.23921569 0.23921569 0.23921569
v -0.21299031 -0.85815750 0.15347639 0.07450980 0.07450980 0.07450980
v -0.19497229 -0.85815750 0.15883312 0.06666667 0.06666667 0.06666667
v -0.17695427 -0.85815750 0.16259029 0.07450980 0.07450980 0.07450980
v -0.15893625 -0.85815750 0.16640285 0.06666667 0.06666667 0.06666667
v -0.14091824 -0.85815750 0.16944299 0.03137255 0.03137255 0.03137255
v -0.12290022 -0.85815750 0.17229378 0.23921569 0.23921569 0.23921569
v -0.10488220 -0.85815750 -0.49741901 0.00000000 0.00000000 0.00000000
v -0.08686418 -0.85815750 0.16905362 0.28235294 0.28235294 0.28235294
v -0.06884616 -0.85815750 0.16497835 0.03529412 0.03529412 0.03529412
v -0.05082815 -0.85815750 0.16151963 0.05490196 0.05490196 0.05490196
v -0.03281013 -0.85815750 0.15923136 0.05490196 0.05490196 0.05490196
v -0.01479211 -0.85815750 0.15664231 0.05490196 0.05490196 0.05490196
v 0.00322591 -0.85815750 0.15279641 0.05490196 0.05490196 0.05490196
v 0.02124393 -0.85815750 0.14715093 0.04313725 0.04313725 0.04313725
v 0.03926195 -0.85815750 -0.49741901 0.00392157 0.00392157 0.00392157
v 0.05727996 -0.85815750 -0.49741901 0.00000000 0.00000000 0.00000000
v 0.07529798 -0.85815750 -0.49741901 0.00000000 0.00000000 0.00000000
v 0.09331600 -0.85815750 -0.49741901 0.00000000 0.00000000 0.00000000
v 0.11133402 -0.85815750 -0.49741901 0.00000000 0.00000000 0.00000000
v 0.12935204 -0.85815750 -0.49741901 0.00000000 0.00000000 0.00000000
v 0.14737005 -0.85815750 -0.49741901 0.00000000 0.00000000 0.00000000
v 0.16538807 -0.85815750 -0.49741901 0.00000000 0.00000000 0.00000000
v 0.18340609 -0.85815750 -0.49741901 0.00000000 0.00000000 0.00000000
v 0.20142411 -0.85815750 -0.49741901 0.00000000 0.00000000 0.00000000
v 0.21944213 -0.85815750 -0.49741901 0.00000000 0.00000000 0.00000000
v 0.23746014 -0.85815750 -0.49741901 0.00000000 0.00000000 0.00000000
v 0.25547816 -0.85815750 -0.49741901 0.00000000 0.00000000 0.00000000
v 0.27349618 -0.85815750 -0.49741901 0.00000000 0.00000000 0.00000000
v 0.29151420 -0.85815750 -0.49741901 0.00000000 0.00000000 0.00000000
v 0.30953222 -0.85815750 -0.49741901 0.00000000 0.00000000 0.00000000
v 0.32755023 -0.85815750 -0.49741901 0.00000000 0.00000000 0.00000000
v 0.34556825 -0.85815750 -0.49741901 0.00000000 0.00000000 0.00000000
v 0.36358627 -0.85815750 -0.49741901 0.00000000 0.00000000 0.00000000
v 0.38160429 -0.85815750 -0.49741901 0.00000000 0.00000000 0.00000000
v 0.39962231 -0.85815750 -0.49741901 0.00000000 0.00000000 0.00000000
v 0.41764032 -0.85815750 -0.49741901 0.00000000 0.00000000 0.00000000
v 0.43565834 -0.85815750 -0.49741901 0.00000000 0.00000000 0.00000000
v 0.45367636 -0.85815750 -0.49741901 0.00000000 0.00000000 0.00000000
v 0.47169438 -0.85815750 -0.49741901 0.00000000 0.00000000 0.00000000
v 0.48971240 -0.85815750 -0.49741901 0.00000000 0.00000000 0.00000000
v 0.50773041 -0.85815750 -0.49741901 0.00000000 0.00000000 0.00000000
v 0.52574843 -0.85815750 -0.49741901 0.00000000 0.00000000 0.00000000
v 0.54376645 -0.85815750 -0.49741901 0.00000000 0.00000000 0.00000000
v 0.56178447 -0.85815750 -0.49741901 0.00000000 0.00000000 0.00000000
v 0.57980249 -0.85815750 -0.49741901 0.00000000 0.00000000 0.00000000
v 0.59782050 -0.85815750 -0.49741901 0.00000000 0.00000000 0.00000000
v 0.61583852 -0.85815750 -0.49741901 0.00000000 0.00000000 0.00000000
v 0.63385654 -0.85815750 -0.49741901 0.00000000 0.00000000 0.00000000
v 0.65187456 -0.85815750 -0.49741901 0.00000000 0.00000000 0.00000000
v 0.66989258 -0.85815750 -0.49741901 0.00000000 0.00000000 0.00000000
v 0.68791059 -0.85815750 -0.49741901 0.00000000 0.00000000 0.00000000
v 0.70592861 -0.85815750 -0.49741901 0.00000000 0.00000000 0.00000000
v 0.72394663 -0.85815750 -0.49741901 0.00000000 0.00000000 0.00000000
v 0.74196465 -0.85815750 -0.49741901 0.00000000 0.00000000 0.00000000
v 0.75998267 -0.85815750 -0.49741901 0.00000000 0.00000000 0.00000000
v 0.77800068 -0.85815750 -0.49741901 0.00000000 0.00000000 0.00000000
v 0.79601870 -0.85815750 -0.49741901 0.00000000 0.00000000 0.00000000
v 0.81403672 -0.85815750 -0.49741901 0.00000000 0.00000000 0.00000000
v 0.83205474 -0.85815750 -0.49741901 0.00000000 0.00000000 0.00000000
v 0.85007276 -0.85815750 -0.49741901 0.00000000 0.00000000 0.00000000
v 0.86809077 -0.85815750 -0.49741901 0.00000000 0.00000000 0.00000000
v 0.88610879 -0.85815750 -0.49741901 0.00000000 0.00000000 0.00000000
v 0.90412681 -0.85815750 -0.49741901 0.00000000 0.00000000 0.00000000
v 0.92214483 -0.85815750 -0.49741901 0.00000000 0.00000000 0.00000000
v -0.91569301 -0.87617552 -0.49741901 0.00000000 0.00000000 0.00000000
v -0.89767499 -0.87617552 -0.49741901 0.00000000 0.00000000 0.00000000
v -0.87965697 -0.87617552 -0.49741901 0.00000000 0.00000000 0.00000000
v -0.86163896 -0.87617552 -0.49741901 0.00000000 0.00000000 0.00000000
v -0.84362094 -0.87617552 -0.49741901 0.00000000 0.00000000 0.00000000
v -0.82560292 -0.87617552 -0.49741901 0.00000000 0.00000000 0.00000000
v -0.80758490 -0.87617552 -0.49741901 0.00000000 0.00000000 0.00000000
v -0.78956688 -0.87617552 -0.49741901 0.00000000 0.00000000 0.00000000
v -0.77154887 -0.87617552 -0.49741901 0.00000000 0.00000000 0.00000000
v -0.75353085 -0.87617552 -0.49741901 0.00000000 0.00000000 0.00000000
v -0.73551283 -0.87617552 -0.49741901 0.00000000 0.00000000 0.00000000
v -0.71749481 -0.87617552 -0.49741901 0.00000000 0.00000000 0.00000000
v -0.69947679 -0.87617552 -0.49741901 0.00000000 0.00000000 0.00000000
v -0.68145878 -0.87617552 -0.49741901 0.00000000 0.00000000 0.00000000
v -0.66344076 -0.87617552 -0.49741901 0.00000000 0.00000000 0.00000000
v -0.64542274 -0.87617552 -0.49741901 0.00000000 0.00000000 0.00000000
v -0.62740472 -0.87617552 -0.49741901 0.00000000 0.00000000 0.00000000
v -0.60938670 -0.87617552 -0.49741901 0.00000000 0.00000000 0.00000000
v -0.59136869 -0.87617552 -0.49741901 0.00000000 0.00000000 0.00000000
v -0.57335067 -0.87617552 -0.49741901 0.00000000 0.00000000 0.00000000
v -0.55533265 -0.87617552 -0.49741901 0.00000000 0.00000000 0.00000000
v -0.53731463 -0.87617552 -0.49741901 0.00000000 0.00000000 0.00000000
v -0.51929661 -0.87617552 -0.49741901 0.00000000 0.00000000 0.00000000
v -0.50127860 -0.87617552 -0.49741901 0.00000000 0.00000000 0.00000000
v -0.48326058 -0.87617552 -0.49741901 0.00000000 0.00000000 0.00000000
v -0.46524256 -0.87617552 -0.49741901 0.00000000 0.00000000 0.00000000
v -0.44722454 -0.87617552 -0.49741901 0.00000000 0.00000000 0.00000000
v -0.42920652 -0.87617552 -0.49741901 0.00000000 0.00000000 0.00000000
v -0.41118851 -0.87617552 -0.49741901 0.00000000 0.00000000 0.00000000
v -0.39317049 -0.87617552 -0.49741901 0.00000000 0.00000000 0.00000000
v -0.37515247 -0.87617552 -0.49741901 0.00000000 0.00000000 0.00000000
v -0.35713445 -0.87617552 -0.49741901 0.00000000 0.00000000 0.00000000
v -0.33911643 -0.87617552 -0.49741901 0.00000000 0.00000000 0.00000000
v -0.32109842 -0.87617552 -0.49741901 0.00000000 0.00000000 0.00000000
v -0.30308040 -0.87617552 -0.49741901 0.00000000 0.00000000 0.00000000
v -0.28506238 -0.87617552 -0.49741901 0.00000000 0.00000000 0.00000000
v -0.26704436 -0.87617552 -0.49741901 0.00000000 0.00000000 0.00000000
v -0.24902634 -0.87617552 -0.49741901 0.00000000 0.00000000 0.00000000
v -0.23100833 -0.87617552 -0.49741901 0.00000000 0.00000000 0.00000000
v -0.21299031 -0.87617552 0.14922867 0.23137255 0.23137255 0.23137255
v -0.19497229 -0.87617552 0.15692316 0.02352941 0.02352941 0.02352941
v -0.17695427 -0.87617552 0.16075559 0.00000000 0.00000000 0.00000000
v -0.15893625 -0.87617552 0.16313183 0.00000000 0.00000000 0.00000000
v -0.14091824 -0.87617552 0.16533865 0.21176471 0.21176471 0.21176471
v -0.12290022 -0.87617552 -0.49741901 0.01176471 0.01176471 0.01176471
v -0.10488220 -0.87617552 -0.49741901 0.00392157 0.00392157 0.00392157
v -0.08686418 -0.87617552 -0.49741901 0.01176471 0.01176471 0.01176471
v -0.06884616 -0.87617552 0.15898990 0.23529412 0.23529412 0.23529412
v -0.05082815 -0.87617552 0.15584356 0.00784314 0.00784314 0.00784314
v -0.03281013 -0.87617552 0.15485841 0.01568627 0.01568627 0.01568627
v -0.01479211 -0.87617552 0.15311458 0.00000000 0.00000000 0.00000000
v 0.00322591 -0.87617552 0.14920908 0.20000000 0.20000000 0.20000000
v 0.02124393 -0.87617552 -0.49741901 0.03921569 0.03921569 0.03921569
v 0.03926195 -0.87617552 -0.49741901 0.00000000 0.00000000 0.00000000
v 0.05727996 -0.87617552 -0.49741901 0.00000000 0.00000000 0.00000000
v 0.07529798 -0.87617552 -0.49741901 0.00000000 0.00000000 0.00000000
v 0.09331600 -0.87617552 -0.49741901 0.00000000 0.00000000 0.00000000
v 0.11133402 -0.87617552 -0.49741901 0.00000000 0.00000000 0.00000000
v 0.12935204 -0.87617552 -0.49741901 0.00000000 0.00000000 0.00000000
v 0.14737005 -0.87617552 -0.49741901 0.00000000 0.00000000 0.00000000
v 0.16538807 -0.87617552 -0.49741901 0.00000000 0.00000000 0.00000000
v 0.18340609 -0.87617552 -0.49741901 0.00000000 0.00000000 0.00000000
v 0.20142411 -0.87617552 -0.49741901 0.00000000 0.00000000 0.00000000
v 0.21944213 -0.87617552 -0.49741901 0.00000000 0.00000000 0.00000000
v 0.23746014 -0.87617552 -0.49741901 0.00000000 0.00000000 0.00000000
v 0.25547816 -0.87617552 -0.49741901 0.00000000 0.00000000 0.00000000
v 0.27349618 -0.87617552 -0.49741901 0.00000000 0.00000000 0.00000000
v 0.29151420 -0.87617552 -0.49741901 0.00000000 0.00000000 0.00000000
v 0.30953222 -0.87617552 -0.49741901 0.00000000 0.00000000 0.00000000
v 0.32755023 -0.87617552 -0.49741901 0.00000000 0.00000000 0.00000000
v 0.34556825 -0.87617552 -0.49741901 0.00000000 0.00000000 0.00000000
v 0.36358627 -0.87617552 -0.49741901 0.00000000 0.00000000 0.00000000
v 0.38160429 -0.87617552 -0.49741901 0.00000000 0.00000000 0.00000000
v 0.39962231 -0.87617552 -0.49741901 0.00000000 0.00000000 0.00000000
v 0.41764032 -0.87617552 -0.49741901 0.00000000 0.00000000 0.00000000
v 0.43565834 -0.87617552 -0.49741901 0.00000000 0.00000000 0.00000000
v 0.45367636 -0.87617552 -0.49741901 0.00000000 0.00000000 0.00000000
v 0.47169438 -0.87617552 -0.49741901 0.00000000 0.00000000 0.00000000
v 0.48971240 -0.87617552 -0.49741901 0.00000000 0.00000000 0.00000000
v 0.50773041 -0.87617552 -0.49741901 0.00000000 0.00000000 0.00000000
v 0.52574843 -0.87617552 -0.49741901 0.00000000 0.00000000 0.00000000
v 0.54376645 -0.87617552 -0.49741901 0.00000000 0.00000000 0.00000000
v 0.56178447 -0.87617552 -0.49741901 0.00000000 0.00000000 0.00000000
v 0.57980249 -0.87617552 -0.49741901 0.00000000 0.00000000 0.00000000
v 0.59782050 -0.87617552 -0.49741901 0.00000000 0.00000000 0.00000000
v 0.61583852 -0.87617552 -0.49741901 0.00000000 0.00000000 0.00000000
v 0.63385654 -0.87617552 -0.49741901 0.00000000 0.00000000 0.00000000
v 0.65187456 -0.87617552 -0.49741901 0.00000000 0.00000000 0.00000000
v 0.66989258 -0.87617552 -0.49741901 0.00000000 0.00000000 0.00000000
v 0.68791059 -0.87617552 -0.49741901 0.00000000 0.00000000 0.00000000
v 0.70592861 -0.87617552 -0.49741901 0.00000000 0.00000000 0.00000000
v 0.72394663 -0.87617552 -0.49741901 0.00000000 0.00000000 0.00000000
v 0.74196465 -0.87617552 -0.49741901 0.00000000 0.00000000 0.00000000
v 0.75998267 -0.87617552 -0.49741901 0.00000000 0.00000000 0.00000000
v 0.77800068 -0.87617552 -0.49741901 0.00000000 0.00000000 0.00000000
v 0.79601870 -0.87617552 -0.49741901 0.00000000 0.00000000 0.00000000
v 0.81403672 -0.87617552 -0.49741901 0.00000000 0.00000000 0.00000000
v 0.83205474 -0.87617552 -0.49741901 0.00000000 0.00000000 0.00000000
v 0.85007276 -0.87617552 -0.49741901 0.00000000 0.00000000 0.00000000
v 0.86809077 -0.87617552 -0.49741901 0.00000000 0.00000000 0.00000000
v 0.88610879 -0.87617552 -0.49741901 0.00000000 0.00000000 0.00000000
v 0.90412681 -0.87617552 -0.49741901 0.00000000 0.00000000 0.00000000
v 0.92214483 -0.87617552 -0.49741901 0.00000000 0.00000000 0.00000000
v -0.91569301 -0.89419354 -0.49741901 0.00000000 0.00000000 0.00000000
v -0.89767499 -0.89419354 -0.49741901 0.00000000 0.00000000 0.00000000
v -0.87965697 -0.89419354 -0.49741901 0.00000000 0.00000000 0.00000000
v -0.86163896 -0.89419354 -0.49741901 0.00000000 0.00000000 0.00000000
v -0.84362094 -0.89419354 -0.49741901 0.00000000 0.00000000 0.00000000
v -0.82560292 -0.89419354 -0.49741901 0.00000000 0.00000000 0.00000000
v -0.80758490 -0.89419354 -0.49741901 0.00000000 0.00000000 0.00000000
v -0.78956688 -0.89419354 -0.49741901 0.00000000 0.00000000 0.00000000
v -0.77154887 -0.89419354 -0.49741901 0.00000000 0.00000000 0.00000000
v -0.75353085 -0.89419354 -0.49741901 0.00000000 0.00000000 0.00000000
v -0.73551283 -0.89419354 -0.49741901 0.00000000 0.00000000 0.00000000
v -0.71749481 -0.89419354 -0.49741901 0.00000000 0.00000000 0.00000000
v -0.69947679 -0.89419354 -0.49741901 0.00000000 0.00000000 0.00000000
v -0.68145878 -0.89419354 -0.49741901 0.00000000 0.00000000 0.00000000
v -0.66344076 -0.89419354 -0.49741901 0.00000000 0.00000000 0.00000000
v -0.64542274 -0.89419354 -0.49741901 0.00000000 0.00000000 0.00000000
v -0.62740472 -0.89419354 -0.49741901 0.00000000 0.00000000 0.00000000
v -0.60938670 -0.89419354 -0.49741901 0.00000000 0.00000000 0.00000000
v -0.59136869 -0.89419354 -0.49741901 0.00000000 0.00000000 0.00000000
v -0.57335067 -0.89419354 -0.49741901 0.00000000 0.00000000 0.00000000
v -0.55533265 -0.89419354 -0.49741901 0.00000000 0.00000000 0.00000000
v -0.53731463 -0.89419354 -0.49741901 0.00000000 0.00000000 0.00000000
v -0.51929661 -0.89419354 -0.49741901 0.00000000 0.00000000 0.00000000
v -0.50127860 -0.89419354 -0.49741901 0.00000000 0.00000000 0.00000000
v -0.48326058 -0.89419354 -0.49741901 0.00000000 0.00000000 0.00000000
v -0.46524256 -0.89419354 -0.49741901 0.00000000 0.00000000 0.00000000
v -0.44722454 -0.89419354 -0.49741901 0.00000000 0.00000000 0.00000000
v -0.42920652 -0.89419354 -0.49741901 0.00000000 0.00000000 0.00000000
v -0.41118851 -0.89419354 -0.49741901 0.00000000 0.00000000 0.00000000
v -0.39317049 -0.89419354 -0.49741901 0.00000000 0.00000000 0.00000000
v -0.37515247 -0.89419354 -0.49741901 0.00000000 0.00000000 0.00000000
v -0.35713445 -0.89419354 -0.49741901 0.00000000 0.00000000 0.00000000
v -0.33911643 -0.89419354 -0.49741901 0.00000000 0.00000000 0.00000000
v -0.32109842 -0.89419354 -0.49741901 0.00000000 0.00000000 0.00000000
v -0.30308040 -0.89419354 -0.49741901 0.00000000 0.00000000 0.00000000
v -0.28506238 -0.89419354 -0.49741901 0.00000000 0.00000000 0.00000000
v -0.26704436 -0.89419354 -0.49741901 0.00000000 0.00000000 0.00000000
v -0.24902634 -0.89419354 -0.49741901 0.00000000 0.00000000 0.00000000
v -0.23100833 -0.89419354 -0.49741901 0.00000000 0.00000000 0.00000000
v -0.21299031 -0.89419354 -0.49741901 0.00392157 0.00392157 0.00392157
v -0.19497229 -0.89419354 -0.49741901 0.00000000 0.00000000 0.00000000
v -0.17695427 -0.89419354 -0.49741901 0.00000000 0.00000000 0.00000000
v -0.15893625 -0.89419354 -0.49741901 0.00000000 0.00000000 0.00000000
v -0.14091824 -0.89419354 -0.49741901 0.00000000 0.00000000 0.00000000
v -0.12290022 -0.89419354 -0.49741901 0.00000000 0.00000000 0.00000000
v -0.10488220 -0.89419354 -0.49741901 0.00000000 0.00000000 0.00000000
v -0.08686418 -0.89419354 -0.49741901 0.00000000 0.00000000 0.00000000
v -0.06884616 -0.89419354 -0.49741901 0.00000000 0.00000000 0.00000000
v -0.05082815 -0.89419354 -0.49741901 0.00000000 0.00000000 0.00000000
v -0.03281013 -0.89419354 -0.49741901 0.00000000 0.00000000 0.00000000
v -0.01479211 -0.89419354 -0.49741901 0.00000000 0.00000000 0.00000000
v 0.00322591 -0.89419354 -0.49741901 0.00000000 0.00000000 0.00000000
v 0.02124393 -0.89419354 -0.49741901 0.00000000 0.00000000 0.00000000
v 0.03926195 -0.89419354 -0.49741901 0.00000000 0.00000000 0.00000000
v 0.05727996 -0.89419354 -0.49741901 0.00000000 0.00000000 0.00000000
v 0.07529798 -0.89419354 -0.49741901 0.00000000 0.00000000 0.00000000
v 0.09331600 -0.89419354 -0.49741901 0.00000000 0.00000000 0.00000000
v 0.11133402 -0.89419354 -0.49741901 0.00000000 0.00000000 0.00000000
v 0.12935204 -0.89419354 -0.49741901 0.00000000 0.00000000 0.00000000
v 0.14737005 -0.89419354 -0.49741901 0.00000000 0.00000000 0.00000000
v 0.16538807 -0.89419354 -0.49741901 0.00000000 0.00000000 0.00000000
v 0.18340609 -0.89419354 -0.49741901 0.00000000 0.00000000 0.00000000
v 0.20142411 -0.89419354 -0.49741901 0.00000000 0.00000000 0.00000000
v 0.21944213 -0.89419354 -0.49741901 0.00000000 0.00000000 0.00000000
v 0.23746014 -0.89419354 -0.49741901 0.00000000 0.00000000 0.00000000
v 0.25547816 -0.89419354 -0.49741901 0.00000000 0.00000000 0.00000000
v 0.27349618 -0.89419354 -0.49741901 0.00000000 0.00000000 0.00000000
v 0.29151420 -0.89419354 -0.49741901 0.00000000 0.00000000 0.00000000
v 0.30953222 -0.89419354 -0.49741901 0.00000000 0.00000000 0.00000000
v 0.32755023 -0.89419354 -0.49741901 0.00000000 0.00000000 0.00000000
v 0.34556825 -0.89419354 -0.49741901 0.00000000 0.00000000 0.00000000
v 0.36358627 -0.89419354 -0.49741901 0.00000000 0.00000000 0.00000000
v 0.38160429 -0.89419354 -0.49741901 0.00000000 0.00000000 0.00000000
v 0.39962231 -0.89419354 -0.49741901 0.00000000 0.00000000 0.00000000
v 0.41764032 -0.89419354 -0.49741901 0.00000000 0.00000000 0.00000000
v 0.43565834 -0.89419354 -0.49741901 0.00000000 0.00000000 0.00000000
v 0.45367636 -0.89419354 -0.49741901 0.00000000 0.00000000 0.00000000
v 0.47169438 -0.89419354 -0.49741901 0.00000000 0.00000000 0.00000000
v 0.48971240 -0.89419354 -0.49741901 0.00000000 0.00000000 0.00000000
v 0.50773041 -0.89419354 -0.49741901 0.00000000 0.00000000 0.00000000
v 0.52574843 -0.89419354 -0.49741901 0.00000000 0.00000000 0.00000000
v 0.54376645 -0.89419354 -0.49741901 0.00000000 0.00000000 0.00000000
v 0.56178447 -0.89419354 -0.49741901 0.00000000 0.00000000 0.00000000
v 0.57980249 -0.89419354 -0.49741901 0.00000000 0.00000000 0.00000000
v 0.59782050 -0.89419354 -0.49741901 0.00000000 0.00000000 0.00000000
v 0.61583852 -0.89419354 -0.49741901 0.00000000 0.00000000 0.00000000
v 0.63385654 -0.89419354 -0.49741901 0.00000000 0.00000000 0.00000000
v 0.65187456 -0.89419354 -0.49741901 0.00000000 0.00000000 0.00000000
v 0.66989258 -0.89419354 -0.49741901 0.00000000 0.00000000 0.00000000
v 0.68791059 -0.89419354 -0.49741901 0.00000000 0.00000000 0.00000000
v 0.70592861 -0.89419354 -0.49741901 0.00000000 0.00000000 0.00000000
v 0.72394663 -0.89419354 -0.49741901 0.00000000 0.00000000 0.00000000
v 0.74196465 -0.89419354 -0.49741901 0.00000000 0.00000000 0.00000000
v 0.75998267 -0.89419354 -0.49741901 0.00000000 0.00000000 0.00000000
v 0.77800068 -0.89419354 -0.49741901 0.00000000 0.00000000 0.00000000
v 0.79601870 -0.89419354 -0.49741901 0.00000000 0.00000000 0.00000000
v 0.81403672 -0.89419354 -0.49741901 0.00000000 0.00000000 0.00000000
v 0.83205474 -0.89419354 -0.49741901 0.00000000 0.00000000 0.00000000
v 0.85007276 -0.89419354 -0.49741901 0.00000000 0.00000000 0.00000000
v 0.86809077 -0.89419354 -0.49741901 0.00000000 0.00000000 0.00000000
v 0.88610879 -0.89419354 -0.49741901 0.00000000 0.00000000 0.00000000
v 0.90412681 -0.89419354 -0.49741901 0.00000000 0.00000000 0.00000000
v 0.92214483 -0.89419354 -0.49741901 0.00000000 0.00000000 0.00000000
v -0.91569301 -0.91221155 -0.49741901 0.00000000 0.00000000 0.00000000
v -0.89767499 -0.91221155 -0.49741901 0.00000000 0.00000000 0.00000000
v -0.87965697 -0.91221155 -0.49741901 0.00000000 0.00000000 0.00000000
v -0.86163896 -0.91221155 -0.49741901 0.00000000 0.00000000 0.00000000
v -0.84362094 -0.91221155 -0.49741901 0.00000000 0.00000000 0.00000000
v -0.82560292 -0.91221155 -0.49741901 0.00000000 0.00000000 0.00000000
v -0.80758490 -0.91221155 -0.49741901 0.00000000 0.00000000 0.00000000
v -0.78956688 -0.91221155 -0.49741901 0.00000000 0.00000000 0.00000000
v -0.77154887 -0.91221155 -0.49741901 0.00000000 0.00000000 0.00000000
v -0.75353085 -0.91221155 -0.49741901 0.00000000 0.00000000 0.00000000
v -0.73551283 -0.91221155 -0.49741901 0.00000000 0.00000000 0.00000000
v -0.71749481 -0.91221155 -0.49741901 0.00000000 0.00000000 0.00000000
v -0.69947679 -0.91221155 -0.49741901 0.00000000 0.00000000 0.00000000
v -0.68145878 -0.91221155 -0.49741901 0.00000000 0.00000000 0.00000000
v -0.66344076 -0.91221155 -0.49741901 0.00000000 0.00000000 0.00000000
v -0.64542274 -0.91221155 -0.49741901 0.00000000 0.00000000 0.00000000
v -0.62740472 -0.91221155 -0.49741901 0.00000000 0.00000000 0.00000000
v -0.60938670 -0.91221155 -0.49741901 0.00000000 0.00000000 0.00000000
v -0.59136869 -0.91221155 -0.49741901 0.00000000 0.00000000 0.00000000
v -0.57335067 -0.91221155 -0.49741901 0.00000000 0.00000000 0.00000000
v -0.55533265 -0.91221155 -0.49741901 0.00000000 0.00000000 0.00000000
v -0.53731463 -0.91221155 -0.49741901 0.00000000 0.00000000 0.00000000
v -0.51929661 -0.91221155 -0.49741901 0.00000000 0.00000000 0.00000000
v -0.50127860 -0.91221155 -0.49741901 0.00000000 0.00000000 0.00000000
v -0.48326058 -0.91221155 -0.49741901 0.00000000 0.00000000 0.00000000
v -0.46524256 -0.91221155 -0.49741901 0.00000000 0.00000000 0.00000000
v -0.44722454 -0.91221155 -0.49741901 0.00000000 0.00000000 0.00000000
v -0.42920652 -0.91221155 -0.49741901 0.00000000 0.00000000 0.00000000
v -0.41118851 -0.91221155 -0.49741901 0.00000000 0.00000000 0.00000000
v -0.39317049 -0.91221155 -0.49741901 0.00000000 0.00000000 0.00000000
v -0.37515247 -0.91221155 -0.49741901 0.00000000 0.00000000 0.00000000
v -0.35713445 -0.91221155 -0.49741901 0.00000000 0.00000000 0.00000000
v -0.33911643 -0.91221155 -0.49741901 0.00000000 0.00000000 0.00000000
v -0.32109842 -0.91221155 -0.49741901 0.00000000 0.00000000 0.00000000
v -0.30308040 -0.91221155 -0.49741901 0.00000000 0.00000000 0.00000000
v -0.28506238 -0.91221155 -0.49741901 0.00000000 0.00000000 0.00000000
v -0.26704436 -0.91221155 -0.49741901 0.00000000 0.00000000 0.00000000
v -0.24902634 -0.91221155 -0.49741901 0.00000000 0.00000000 0.00000000
v -0.23100833 -0.91221155 -0.49741901 0.00000000 0.00000000 0.00000000
v -0.21299031 -0.91221155 -0.49741901 0.00000000 0.00000000 0.00000000
v -0.19497229 -0.91221155 -0.49741901 0.00000000 0.00000000 0.00000000
v -0.17695427 -0.91221155 -0.49741901 0.00000000 0.00000000 0.00000000
v -0.15893625 -0.91221155 -0.49741901 0.00000000 0.00000000 0.00000000
v -0.14091824 -0.91221155 -0.49741901 0.00000000 0.00000000 0.00000000
v -0.12290022 -0.91221155 -0.49741901 0.00000000 0.00000000 0.00000000
v -0.10488220 -0.91221155 -0.49741901 0.00000000 0.00000000 0.00000000
v -0.08686418 -0.91221155 -0.49741901 0.00000000 0.00000000 0.00000000
v -0.06884616 -0.91221155 -0.49741901 0.00000000 0.00000000 0.00000000
v -0.05082815 -0.91221155 -0.49741901 0.00000000 0.00000000 0.00000000
v -0.03281013 -0.91221155 -0.49741901 0.00000000 0.00000000 0.00000000
v -0.01479211 -0.91221155 -0.49741901 0.00000000 0.00000000 0.00000000
v 0.00322591 -0.91221155 -0.49741901 0.00000000 0.00000000 0.00000000
v 0.02124393 -0.91221155 -0.49741901 0.00000000 0.00000000 0.00000000
v 0.03926195 -0.91221155 -0.49741901 0.00000000 0.00000000 0.00000000
v 0.05727996 -0.91221155 -0.49741901 0.00000000 0.00000000 0.00000000
v 0.07529798 -0.91221155 -0.49741901 0.00000000 0.00000000 0.00000000
v 0.09331600 -0.91221155 -0.49741901 0.00000000 0.00000000 0.00000000
v 0.11133402 -0.91221155 -0.49741901 0.00000000 0.00000000 0.00000000
v 0.12935204 -0.91221155 -0.49741901 0.00000000 0.00000000 0.00000000
v 0.14737005 -0.91221155 -0.49741901 0.00000000 0.00000000 0.00000000
v 0.16538807 -0.91221155 -0.49741901 0.00000000 0.00000000 0.00000000
v 0.18340609 -0.91221155 -0.49741901 0.00000000 0.00000000 0.00000000
v 0.20142411 -0.91221155 -0.49741901 0.00000000 0.00000000 0.00000000
v 0.21944213 -0.91221155 -0.49741901 0.00000000 0.00000000 0.00000000
v 0.23746014 -0.91221155 -0.49741901 0.00000000 0.00000000 0.00000000
v 0.25547816 -0.91221155 -0.49741901 0.00000000 0.00000000 0.00000000
v 0.27349618 -0.91221155 -0.49741901 0.00000000 0.00000000 0.00000000
v 0.29151420 -0.91221155 -0.49741901 0.00000000 0.00000000 0.00000000
v 0.30953222 -0.91221155 -0.49741901 0.00000000 0.00000000 0.00000000
v 0.32755023 -0.91221155 -0.49741901 0.00000000 0.00000000 0.00000000
v 0.34556825 -0.91221155 -0.49741901 0.00000000 0.00000000 0.00000000
v 0.36358627 -0.91221155 -0.49741901 0.00000000 0.00000000 0.00000000
v 0.38160429 -0.91221155 -0.49741901 0.00000000 0.00000000 0.00000000
v 0.39962231 -0.91221155 -0.49741901 0.00000000 0.00000000 0.00000000
v 0.41764032 -0.91221155 -0.49741901 0.00000000 0.00000000 0.00000000
v 0.43565834 -0.91221155 -0.49741901 0.00000000 0.00000000 0.00000000
v 0.45367636 -0.91221155 -0.49741901 0.00000000 0.00000000 0.00000000
v 0.47169438 -0.91221155 -0.49741901 0.00000000 0.00000000 0.00000000
v 0.48971240 -0.91221155 -0.49741901 0.00000000 0.00000000 0.00000000
v 0.50773041 -0.91221155 -0.49741901 0.00000000 0.00000000 0.00000000
v 0.52574843 -0.91221155 -0.49741901 0.00000000 0.00000000 0.00000000
v 0.54376645 -0.91221155 -0.49741901 0.00000000 0.00000000 0.00000000
v 0.56178447 -0.91221155 -0.49741901 0.00000000 0.00000000 0.00000000
v 0.57980249 -0.91221155 -0.49741901 0.00000000 0.00000000 0.00000000
v 0.59782050 -0.91221155 -0.49741901 0.00000000 0.00000000 0.00000000
v 0.61583852 -0.91221155 -0.49741901 0.00000000 0.00000000 0.00000000
v 0.63385654 -0.91221155 -0.49741901 0.00000000 0.00000000 0.00000000
v 0.65187456 -0.91221155 -0.49741901 0.00000000 0.00000000 0.00000000
v 0.66989258 -0.91221155 -0.49741901 0.00000000 0.00000000 0.00000000
v 0.68791059 -0.91221155 -0.49741901 0.00000000 0.00000000 0.00000000
v 0.70592861 -0.91221155 -0.49741901 0.00000000 0.00000000 0.00000000
v 0.72394663 -0.91221155 -0.49741901 0.00000000 0.00000000 0.00000000
v 0.74196465 -0.91221155 -0.49741901 0.00000000 0.00000000 0.00000000
v 0.75998267 -0.91221155 -0.49741901 0.00000000 0.00000000 0.00000000
v 0.77800068 -0.91221155 -0.49741901 0.00000000 0.00000000 0.00000000
v 0.79601870 -0.91221155 -0.49741901 0.00000000 0.00000000 0.00000000
v 0.81403672 -0.91221155 -0.49741901 0.00000000 0.00000000 0.00000000
v 0.83205474 -0.91221155 -0.49741901 0.00000000 0.00000000 0.00000000
v 0.85007276 -0.91221155 -0.49741901 0.00000000 0.00000000 0.00000000
v 0.86809077 -0.91221155 -0.49741901 0.00000000 0.00000000 0.00000000
v 0.88610879 -0.91221155 -0.49741901 0.00000000 0.00000000 0.00000000
v 0.90412681 -0.91221155 -0.49741901 0.00000000 0.00000000 0.00000000
v 0.92214483 -0.91221155 -0.49741901 0.00000000 0.00000000 0.00000000
v -0.91569301 -0.93022957 -0.49741901 0.00000000 0.00000000 0.00000000
v -0.89767499 -0.93022957 -0.49741901 0.00000000 0.00000000 0.00000000
v -0.87965697 -0.93022957 -0.49741901 0.00000000 0.00000000 0.00000000
v -0.86163896 -0.93022957 -0.49741901 0.00000000 0.00000000 0.00000000
v -0.84362094 -0.93022957 -0.49741901 0.00000000 0.00000000 0.00000000
v -0.82560292 -0.93022957 -0.49741901 0.00000000 0.00000000 0.00000000
v -0.80758490 -0.93022957 -0.49741901 0.00000000 0.00000000 0.00000000
v -0.78956688 -0.93022957 -0.49741901 0.00000000 0.00000000 0.00000000
v -0.77154887 -0.93022957 -0.49741901 0.00000000 0.00000000 0.00000000
v -0.75353085 -0.93022957 -0.49741901 0.00000000 0.00000000 0.00000000
v -0.73551283 -0.93022957 -0.49741901 0.00000000 0.00000000 0.00000000
v -0.71749481 -0.93022957 -0.49741901 0.00000000 0.00000000 0.00000000
v -0.69947679 -0.93022957 -0.49741901 0.00000000 0.00000000 0.00000000
v -0.68145878 -0.93022957 -0.49741901 0.00000000 0.00000000 0.00000000
v -0.66344076 -0.93022957 -0.49741901 0.00000000 0.00000000 0.00000000
v -0.64542274 -0.93022957 -0.49741901 0.00000000 0.00000000 0.00000000
v -0.62740472 -0.93022957 -0.49741901 0.00000000 0.00000000 0.00000000
v -0.60938670 -0.93022957 -0.49741901 0.00000000 0.00000000 0.00000000
v -0.59136869 -0.93022957 -0.49741901 0.00000000 0.00000000 0.00000000
v -0.57335067 -0.93022957 -0.49741901 0.00000000 0.00000000 0.00000000
v -0.55533265 -0.93022957 -0.49741901 0.00000000 0.00000000 0.00000000
v -0.53731463 -0.93022957 -0.49741901 0.00000000 0.00000000 0.00000000
v -0.51929661 -0.93022957 -0.49741901 0.00000000 0.00000000 0.00000000
v -0.50127860 -0.93022957 -0.49741901 0.00000000 0.00000000 0.00000000
v -0.48326058 -0.93022957 -0.49741901 0.00000000 0.00000000 0.00000000
v -0.46524256 -0.93022957 -0.49741901 0.00000000 0.00000000 0.00000000
v -0.44722454 -0.93022957 -0.49741901 0.00000000 0.00000000 0.00000000
v -0.42920652 -0.93022957 -0.49741901 0.00000000 0.00000000 0.00000000
v -0.41118851 -0.93022957 -0.49741901 0.00000000 0.00000000 0.00000000
v -0.39317049 -0.93022957 -0.49741901 0.00000000 0.00000000 0.00000000
v -0.37515247 -0.93022957 -0.49741901 0.00000000 0.00000000 0.00000000
v -0.35713445 -0.93022957 -0.49741901 0.00000000 0.00000000 0.00000000
v -0.33911643 -0.93022957 -0.49741901 0.00000000 0.00000000 0.00000000
v -0.32109842 -0.93022957 -0.49741901 0.00000000 0.00000000 0.00000000
v -0.30308040 -0.93022957 -0.49741901 0.00000000 0.00000000 0.00000000
v -0.28506238 -0.93022957 -0.49741901 0.00000000 0.00000000 0.00000000
v -0.26704436 -0.93022957 -0.49741901 0.00000000 0.00000000 0.00000000
v -0.24902634 -0.93022957 -0.49741901 0.00000000 0.00000000 0.00000000
v -0.23100833 -0.93022957 -0.49741901 0.00000000 0.00000000 0.00000000
v -0.21299031 -0.93022957 -0.49741901 0.00000000 0.00000000 0.00000000
v -0.19497229 -0.93022957 -0.49741901 0.00000000 0.00000000 0.00000000
v -0.17695427 -0.93022957 -0.49741901 0.00000000 0.00000000 0.00000000
v -0.15893625 -0.93022957 -0.49741901 0.00000000 0.00000000 0.00000000
v -0.14091824 -0.93022957 -0.49741901 0.00000000 0.00000000 0.00000000
v -0.12290022 -0.93022957 -0.49741901 0.00000000 0.00000000 0.00000000
v -0.10488220 -0.93022957 -0.49741901 0.00000000 0.00000000 0.00000000
v -0.08686418 -0.93022957 -0.49741901 0.00000000 0.00000000 0.00000000
v -0.06884616 -0.93022957 -0.49741901 0.00000000 0.00000000 0.00000000
v -0.05082815 -0.93022957 -0.49741901 0.00000000 0.00000000 0.00000000
v -0.03281013 -0.93022957 -0.49741901 0.00000000 0.00000000 0.00000000
v -0.01479211 -0.93022957 -0.49741901 0.00000000 0.00000000 0.00000000
v 0.00322591 -0.93022957 -0.49741901 0.00000000 0.00000000 0.00000000
v 0.02124393 -0.93022957 -0.49741901 0.00000000 0.00000000 0.00000000
v 0.03926195 -0.93022957 -0.49741901 0.00000000 0.00000000 0.00000000
v 0.05727996 -0.93022957 -0.49741901 0.00000000 0.00000000 0.00000000
v 0.07529798 -0.93022957 -0.49741901 0.00000000 0.00000000 0.00000000
v 0.09331600 -0.93022957 -0.49741901 0.00000000 0.00000000 0.00000000
v 0.11133402 -0.93022957 -0.49741901 0.00000000 0.00000000 0.00000000
v 0.12935204 -0.93022957 -0.49741901 0.00000000 0.00000000 0.00000000
v 0.14737005 -0.93022957 -0.49741901 0.00000000 0.00000000 0.00000000
v 0.16538807 -0.93022957 -0.49741901 0.00000000 0.00000000 0.00000000
v 0.18340609 -0.93022957 -0.49741901 0.00000000 0.00000000 0.00000000
v 0.20142411 -0.93022957 -0.49741901 0.00000000 0.00000000 0.00000000
v 0.21944213 -0.93022957 -0.49741901 0.00000000 0.00000000 0.00000000
v 0.23746014 -0.93022957 -0.49741901 0.00000000 0.00000000 0.00000000
v 0.25547816 -0.93022957 -0.49741901 0.00000000 0.00000000 0.00000000
v 0.27349618 -0.93022957 -0.49741901 0.00000000 0.00000000 0.00000000
v 0.29151420 -0.93022957 -0.49741901 0.00000000 0.00000000 0.00000000
v 0.30953222 -0.93022957 -0.49741901 0.00000000 0.00000000 0.00000000
v 0.32755023 -0.93022957 -0.49741901 0.00000000 0.00000000 0.00000000
v 0.34556825 -0.93022957 -0.49741901 0.00000000 0.00000000 0.00000000
v 0.36358627 -0.93022957 -0.49741901 0.00000000 0.00000000 0.00000000
v 0.38160429 -0.93022957 -0.49741901 0.00000000 0.00000000 0.00000000
v 0.39962231 -0.93022957 -0.49741901 0.00000000 0.00000000 0.00000000
v 0.41764032 -0.93022957 -0.49741901 0.00000000 0.00000000 0.00000000
v 0.43565834 -0.93022957 -0.49741901 0.00000000 0.00000000 0.00000000
v 0.45367636 -0.93022957 -0.49741901 0.00000000 0.00000000 0.00000000
v 0.47169438 -0.93022957 -0.49741901 0.00000000 0.00000000 0.00000000
v 0.48971240 -0.93022957 -0.49741901 0.00000000 0.00000000 0.00000000
v 0.50773041 -0.93022957 -0.49741901 0.00000000 0.00000000 0.00000000
v 0.52574843 -0.93022957 -0.49741901 0.00000000 0.00000000 0.00000000
v 0.54376645 -0.93022957 -0.49741901 0.00000000 0.00000000 0.00000000
v 0.56178447 -0.93022957 -0.49741901 0.00000000 0.00000000 0.00000000
v 0.57980249 -0.93022957 -0.49741901 0.00000000 0.00000000 0.00000000
v 0.59782050 -0.93022957 -0.49741901 0.00000000 0.00000000 0.00000000
v 0.61583852 -0.93022957 -0.49741901 0.00000000 0.00000000 0.00000000
v 0.63385654 -0.93022957 -0.49741901 0.00000000 0.00000000 0.00000000
v 0.65187456 -0.93022957 -0.49741901 0.00000000 0.00000000 0.00000000
v 0.66989258 -0.93022957 -0.49741901 0.00000000 0.00000000 0.00000000
v 0.68791059 -0.93022957 -0.49741901 0.00000000 0.00000000 0.00000000
v 0.70592861 -0.93022957 -0.49741901 0.00000000 0.00000000 0.00000000
v 0.72394663 -0.93022957 -0.49741901 0.00000000 0.00000000 0.00000000
v 0.74196465 -0.93022957 -0.49741901 0.00000000 0.00000000 0.00000000
v 0.75998267 -0.93022957 -0.49741901 0.00000000 0.00000000 0.00000000
v 0.77800068 -0.93022957 -0.49741901 0.00000000 0.00000000 0.00000000
v 0.79601870 -0.93022957 -0.49741901 0.00000000 0.00000000 0.00000000
v 0.81403672 -0.93022957 -0.49741901 0.00000000 0.00000000 0.00000000
v 0.83205474 -0.93022957 -0.49741901 0.00000000 0.00000000 0.00000000
v 0.85007276 -0.93022957 -0.49741901 0.00000000 0.00000000 0.00000000
v 0.86809077 -0.93022957 -0.49741901 0.00000000 0.00000000 0.00000000
v 0.88610879 -0.93022957 -0.49741901 0.00000000 0.00000000 0.00000000
v 0.90412681 -0.93022957 -0.49741901 0.00000000 0.00000000 0.00000000
v 0.92214483 -0.93022957 -0.49741901 0.00000000 0.00000000 0.00000000
v -0.91569301 -0.94824759 -0.49741901 0.00000000 0.00000000 0.00000000
v -0.89767499 -0.94824759 -0.49741901 0.00000000 0.00000000 0.00000000
v -0.87965697 -0.94824759 -0.49741901 0.00000000 0.00000000 0.00000000
v -0.86163896 -0.94824759 -0.49741901 0.00000000 0.00000000 0.00000000
v -0.84362094 -0.94824759 -0.49741901 0.00000000 0.00000000 0.00000000
v -0.82560292 -0.94824759 -0.49741901 0.00000000 0.00000000 0.00000000
v -0.80758490 -0.94824759 -0.49741901 0.00000000 0.00000000 0.00000000
v -0.78956688 -0.94824759 -0.49741901 0.00000000 0.00000000 0.00000000
v -0.77154887 -0.94824759 -0.49741901 0.00000000 0.00000000 0.00000000
v -0.75353085 -0.94824759 -0.49741901 0.00000000 0.00000000 0.00000000
v -0.73551283 -0.94824759 -0.49741901 0.00000000 0.00000000 0.00000000
v -0.71749481 -0.94824759 -0.49741901 0.00000000 0.00000000 0.00000000
v -0.69947679 -0.94824759 -0.49741901 0.00000000 0.00000000 0.00000000
v -0.68145878 -0.94824759 -0.49741901 0.00000000 0.00000000 0.00000000
v -0.66344076 -0.94824759 -0.49741901 0.00000000 0.00000000 0.00000000
v -0.64542274 -0.94824759 -0.49741901 0.00000000 0.00000000 0.00000000
v -0.62740472 -0.94824759 -0.49741901 0.00000000 0.00000000 0.00000000
v -0.60938670 -0.94824759 -0.49741901 0.00000000 0.00000000 0.00000000
v -0.59136869 -0.94824759 -0.49741901 0.00000000 0.00000000 0.00000000
v -0.57335067 -0.94824759 -0.49741901 0.00000000 0.00000000 0.00000000
v -0.55533265 -0.94824759 -0.49741901 0.00000000 0.00000000 0.00000000
v -0.53731463 -0.94824759 -0.49741901 0.00000000 0.00000000 0.00000000
v -0.51929661 -0.94824759 -0.49741901 0.00000000 0.00000000 0.00000000
v -0.50127860 -0.94824759 -0.49741901 0.00000000 0.00000000 0.00000000
v -0.48326058 -0.94824759 -0.49741901 0.00000000 0.00000000 0.00000000
v -0.46524256 -0.94824759 -0.49741901 0.00000000 0.00000000 0.00000000
v -0.44722454 -0.94824759 -0.49741901 0.00000000 0.00000000 0.00000000
v -0.42920652 -0.94824759 -0.49741901 0.00000000 0.00000000 0.00000000
v -0.41118851 -0.94824759 -0.49741901 0.00000000 0.00000000 0.00000000
v -0.39317049 -0.94824759 -0.49741901 0.00000000 0.00000000 0.00000000
v -0.37515247 -0.94824759 -0.49741901 0.00000000 0.00000000 0.00000000
v -0.35713445 -0.94824759 -0.49741901 0.00000000 0.00000000 0.00000000
v -0.33911643 -0.94824759 -0.49741901 0.00000000 0.00000000 0.00000000
v -0.32109842 -0.94824759 -0.49741901 0.00000000 0.00000000 0.00000000
v -0.30308040 -0.94824759 -0.49741901 0.00000000 0.00000000 0.00000000
v -0.28506238 -0.94824759 -0.49741901 0.00000000 0.00000000 0.00000000
v -0.26704436 -0.94824759 -0.49741901 0.00000000 0.00000000 0.00000000
v -0.24902634 -0.94824759 -0.49741901 0.00000000 0.00000000 0.00000000
v -0.23100833 -0.94824759 -0.49741901 0.00000000 0.00000000 0.00000000
v -0.21299031 -0.94824759 -0.49741901 0.00000000 0.00000000 0.00000000
v -0.19497229 -0.94824759 -0.49741901 0.00000000 0.00000000 0.00000000
v -0.17695427 -0.94824759 -0.49741901 0.00000000 0.00000000 0.00000000
v -0.15893625 -0.94824759 -0.49741901 0.00000000 0.00000000 0.00000000
v -0.14091824 -0.94824759 -0.49741901 0.00000000 0.00000000 0.00000000
v -0.12290022 -0.94824759 -0.49741901 0.00000000 0.00000000 0.00000000
v -0.10488220 -0.94824759 -0.49741901 0.00000000 0.00000000 0.00000000
v -0.08686418 -0.94824759 -0.49741901 0.00000000 0.00000000 0.00000000
v -0.06884616 -0.94824759 -0.49741901 0.00000000 0.00000000 0.00000000
v -0.05082815 -0.94824759 -0.49741901 0.00000000 0.00000000 0.00000000
v -0.03281013 -0.94824759 -0.49741901 0.00000000 0.00000000 0.00000000
v -0.01479211 -0.94824759 -0.49741901 0.00000000 0.00000000 0.00000000
v 0.00322591 -0.94824759 -0.49741901 0.00000000 0.00000000 0.00000000
v 0.02124393 -0.94824759 -0.49741901 0.00000000 0.00000000 0.00000000
v 0.03926195 -0.94824759 -0.49741901 0.00000000 0.00000000 0.00000000
v 0.05727996 -0.94824759 -0.49741901 0.00000000 0.00000000 0.00000000
v 0.07529798 -0.94824759 -0.49741901 0.00000000 0.00000000 0.00000000
v 0.09331600 -0.94824759 -0.49741901 0.00000000 0.00000000 0.00000000
v 0.11133402 -0.94824759 -0.49741901 0.00000000 0.00000000 0.00000000
v 0.12935204 -0.94824759 -0.49741901 0.00000000 0.00000000 0.00000000
v 0.14737005 -0.94824759 -0.49741901 0.00000000 0.00000000 0.00000000
v 0.16538807 -0.94824759 -0.49741901 0.00000000 0.00000000 0.00000000
v 0.18340609 -0.94824759 -0.49741901 0.00000000 0.00000000 0.00000000
v 0.20142411 -0.94824759 -0.49741901 0.00000000 0.00000000 0.00000000
v 0.21944213 -0.94824759 -0.49741901 0.00000000 0.00000000 0.00000000
v 0.23746014 -0.94824759 -0.49741901 0.00000000 0.00000000 0.00000000
v 0.25547816 -0.94824759 -0.49741901 0.00000000 0.00000000 0.00000000
v 0.27349618 -0.94824759 -0.49741901 0.00000000 0.00000000 0.00000000
v 0.29151420 -0.94824759 -0.49741901 0.00000000 0.00000000 0.00000000
v 0.30953222 -0.94824759 -0.49741901 0.00000000 0.00000000 0.00000000
v 0.32755023 -0.94824759 -0.49741901 0.00000000 0.00000000 0.00000000
v 0.34556825 -0.94824759 -0.49741901 0.00000000 0.00000000 0.00000000
v 0.36358627 -0.94824759 -0.49741901 0.00000000 0.00000000 0.00000000
v 0.38160429 -0.94824759 -0.49741901 0.00000000 0.00000000 0.00000000
v 0.39962231 -0.94824759 -0.49741901 0.00000000 0.00000000 0.00000000
v 0.41764032 -0.94824759 -0.49741901 0.00000000 0.00000000 0.00000000
v 0.43565834 -0.94824759 -0.49741901 0.00000000 0.00000000 0.00000000
v 0.45367636 -0.94824759 -0.49741901 0.00000000 0.00000000 0.00000000
v 0.47169438 -0.94824759 -0.49741901 0.00000000 0.00000000 0.00000000
v 0.48971240 -0.94824759 -0.49741901 0.00000000 0.00000000 0.00000000
v 0.50773041 -0.94824759 -0.49741901 0.00000000 0.00000000 0.00000000
v 0.52574843 -0.94824759 -0.49741901 0.00000000 0.00000000 0.00000000
v 0.54376645 -0.94824759 -0.49741901 0.00000000 0.00000000 0.00000000
v 0.56178447 -0.94824759 -0.49741901 0.00000000 0.00000000 0.00000000
v 0.57980249 -0.94824759 -0.49741901 0.00000000 0.00000000 0.00000000
v 0.59782050 -0.94824759 -0.49741901 0.00000000 0.00000000 0.00000000
v 0.61583852 -0.94824759 -0.49741901 0.00000000 0.00000000 0.00000000
v 0.63385654 -0.94824759 -0.49741901 0.00000000 0.00000000 0.00000000
v 0.65187456 -0.94824759 -0.49741901 0.00000000 0.00000000 0.00000000
v 0.66989258 -0.94824759 -0.49741901 0.00000000 0.00000000 0.00000000
v 0.68791059 -0.94824759 -0.49741901 0.00000000 0.00000000 0.00000000
v 0.70592861 -0.94824759 -0.49741901 0.00000000 0.00000000 0.00000000
v 0.72394663 -0.94824759 -0.49741901 0.00000000 0.00000000 0.00000000
v 0.74196465 -0.94824759 -0.49741901 0.00000000 0.00000000 0.00000000
v 0.75998267 -0.94824759 -0.49741901 0.00000000 0.00000000 0.00000000
v 0.77800068 -0.94824759 -0.49741901 0.00000000 0.00000000 0.00000000
v 0.79601870 -0.94824759 -0.49741901 0.00000000 0.00000000 0.00000000
v 0.81403672 -0.94824759 -0.49741901 0.00000000 0.00000000 0.00000000
v 0.83205474 -0.94824759 -0.49741901 0.00000000 0.00000000 0.00000000
v 0.85007276 -0.94824759 -0.49741901 0.00000000 0.00000000 0.00000000
v 0.86809077 -0.94824759 -0.49741901 0.00000000 0.00000000 0.00000000
v 0.88610879 -0.94824759 -0.49741901 0.00000000 0.00000000 0.00000000
v 0.90412681 -0.94824759 -0.49741901 0.00000000 0.00000000 0.00000000
v 0.92214483 -0.94824759 -0.49741901 0.00000000 0.00000000 0.00000000
v -0.91569301 -0.96626561 -0.49741901 0.00000000 0.00000000 0.00000000
v -0.89767499 -0.96626561 -0.49741901 0.00000000 0.00000000 0.00000000
v -0.87965697 -0.96626561 -0.49741901 0.00000000 0.00000000 0.00000000
v -0.86163896 -0.96626561 -0.49741901 0.00000000 0.00000000 0.00000000
v -0.84362094 -0.96626561 -0.49741901 0.00000000 0.00000000 0.00000000
v -0.82560292 -0.96626561 -0.49741901 0.00000000 0.00000000 0.00000000
v -0.80758490 -0.96626561 -0.49741901 0.00000000 0.00000000 0.00000000
v -0.78956688 -0.96626561 -0.49741901 0.00000000 0.00000000 0.00000000
v -0.77154887 -0.96626561 -0.49741901 0.00000000 0.00000000 0.00000000
v -0.75353085 -0.96626561 -0.49741901 0.00000000 0.00000000 0.00000000
v -0.73551283 -0.96626561 -0.49741901 0.00000000 0.00000000 0.00000000
v -0.71749481 -0.96626561 -0.49741901 0.00000000 0.00000000 0.00000000
v -0.69947679 -0.96626561 -0.49741901 0.00000000 0.00000000 0.00000000
v -0.68145878 -0.96626561 -0.49741901 0.00000000 0.00000000 0.00000000
v -0.66344076 -0.96626561 -0.49741901 0.00000000 0.00000000 0.00000000
v -0.64542274 -0.96626561 -0.49741901 0.00000000 0.00000000 0.00000000
v -0.62740472 -0.96626561 -0.49741901 0.00000000 0.00000000 0.00000000
v -0.60938670 -0.96626561 -0.49741901 0.00000000 0.00000000 0.00000000
v -0.59136869 -0.96626561 -0.49741901 0.00000000 0.00000000 0.00000000
v -0.57335067 -0.96626561 -0.49741901 0.00000000 0.00000000 0.00000000
v -0.55533265 -0.96626561 -0.49741901 0.00000000 0.00000000 0.00000000
v -0.53731463 -0.96626561 -0.49741901 0.00000000 0.00000000 0.00000000
v -0.51929661 -0.96626561 -0.49741901 0.00000000 0.00000000 0.00000000
v -0.50127860 -0.96626561 -0.49741901 0.00000000 0.00000000 0.00000000
v -0.48326058 -0.96626561 -0.49741901 0.00000000 0.00000000 0.00000000
v -0.46524256 -0.96626561 -0.49741901 0.00000000 0.00000000 0.00000000
v -0.44722454 -0.96626561 -0.49741901 0.00000000 0.00000000 0.00000000
v -0.42920652 -0.96626561 -0.49741901 0.00000000 0.00000000 0.00000000
v -0.41118851 -0.96626561 -0.49741901 0.00000000 0.00000000 0.00000000
v -0.39317049 -0.96626561 -0.49741901 0.00000000 0.00000000 0.00000000
v -0.37515247 -0.96626561 -0.49741901 0.00000000 0.00000000 0.00000000
v -0.35713445 -0.96626561 -0.49741901 0.00000000 0.00000000 0.00000000
v -0.33911643 -0.96626561 -0.49741901 0.00000000 0.00000000 0.00000000
v -0.32109842 -0.96626561 -0.49741901 0.00000000 0.00000000 0.00000000
v -0.30308040 -0.96626561 -0.49741901 0.00000000 0.00000000 0.00000000
v -0.28506238 -0.96626561 -0.49741901 0.00000000 0.00000000 0.00000000
v -0.26704436 -0.96626561 -0.49741901 0.00000000 0.00000000 0.00000000
v -0.24902634 -0.96626561 -0.49741901 0.00000000 0.00000000 0.00000000
v -0.23100833 -0.96626561 -0.49741901 0.00000000 0.00000000 0.00000000
v -0.21299031 -0.96626561 -0.49741901 0.00000000 0.00000000 0.00000000
v -0.19497229 -0.96626561 -0.49741901 0.00000000 0.00000000 0.00000000
v -0.17695427 -0.96626561 -0.49741901 0.00000000 0.00000000 0.00000000
v -0.15893625 -0.96626561 -0.49741901 0.00000000 0.00000000 0.00000000
v -0.14091824 -0.96626561 -0.49741901 0.00000000 0.00000000 0.00000000
v -0.12290022 -0.96626561 -0.49741901 0.00000000 0.00000000 0.00000000
v -0.10488220 -0.96626561 -0.49741901 0.00000000 0.00000000 0.00000000
v -0.08686418 -0.96626561 -0.49741901 0.00000000 0.00000000 0.00000000
v -0.06884616 -0.96626561 -0.49741901 0.00000000 0.00000000 0.00000000
v -0.05082815 -0.96626561 -0.49741901 0.00000000 0.00000000 0.00000000
v -0.03281013 -0.96626561 -0.49741901 0.00000000 0.00000000 0.00000000
v -0.01479211 -0.96626561 -0.49741901 0.00000000 0.00000000 0.00000000
v 0.00322591 -0.96626561 -0.49741901 0.00000000 0.00000000 0.00000000
v 0.02124393 -0.96626561 -0.49741901 0.00000000 0.00000000 0.00000000
v 0.03926195 -0.96626561 -0.49741901 0.00000000 0.00000000 0.00000000
v 0.05727996 -0.96626561 -0.49741901 0.00000000 0.00000000 0.00000000
v 0.07529798 -0.96626561 -0.49741901 0.00000000 0.00000000 0.00000000
v 0.09331600 -0.96626561 -0.49741901 0.00000000 0.00000000 0.00000000
v 0.11133402 -0.96626561 -0.49741901 0.00000000 0.00000000 0.00000000
v 0.12935204 -0.96626561 -0.49741901 0.00000000 0.00000000 0.00000000
v 0.14737005 -0.96626561 -0.49741901 0.00000000 0.00000000 0.00000000
v 0.16538807 -0.96626561 -0.49741901 0.00000000 0.00000000 0.00000000
v 0.18340609 -0.96626561 -0.49741901 0.00000000 0.00000000 0.00000000
v 0.20142411 -0.96626561 -0.49741901 0.00000000 0.00000000 0.00000000
v 0.21944213 -0.96626561 -0.49741901 0.00000000 0.00000000 0.00000000
v 0.23746014 -0.96626561 -0.49741901 0.00000000 0.00000000 0.00000000
v 0.25547816 -0.96626561 -0.49741901 0.00000000 0.00000000 0.00000000
v 0.27349618 -0.96626561 -0.49741901 0.00000000 0.00000000 0.00000000
v 0.29151420 -0.96626561 -0.49741901 0.00000000 0.00000000 0.00000000
v 0.30953222 -0.96626561 -0.49741901 0.00000000 0.00000000 0.00000000
v 0.32755023 -0.96626561 -0.49741901 0.00000000 0.00000000 0.00000000
v 0.34556825 -0.96626561 -0.49741901 0.00000000 0.00000000 0.00000000
v 0.36358627 -0.96626561 -0.49741901 0.00000000 0.00000000 0.00000000
v 0.38160429 -0.96626561 -0.49741901 0.00000000 0.00000000 0.00000000
v 0.39962231 -0.96626561 -0.49741901 0.00000000 0.00000000 0.00000000
v 0.41764032 -0.96626561 -0.49741901 0.00000000 0.00000000 0.00000000
v 0.43565834 -0.96626561 -0.49741901 0.00000000 0.00000000 0.00000000
v 0.45367636 -0.96626561 -0.49741901 0.00000000 0.00000000 0.00000000
v 0.47169438 -0.96626561 -0.49741901 0.00000000 0.00000000 0.00000000
v 0.48971240 -0.96626561 -0.49741901 0.00000000 0.00000000 0.00000000
v 0.50773041 -0.96626561 -0.49741901 0.00000000 0.00000000 0.00000000
v 0.52574843 -0.96626561 -0.49741901 0.00000000 0.00000000 0.00000000
v 0.54376645 -0.96626561 -0.49741901 0.00000000 0.00000000 0.00000000
v 0.56178447 -0.96626561 -0.49741901 0.00000000 0.00000000 0.00000000
v 0.57980249 -0.96626561 -0.49741901 0.00000000 0.00000000 0.00000000
v 0.59782050 -0.96626561 -0.49741901 0.00000000 0.00000000 0.00000000
v 0.61583852 -0.96626561 -0.49741901 0.00000000 0.00000000 0.00000000
v 0.63385654 -0.96626561 -0.49741901 0.00000000 0.00000000 0.00000000
v 0.65187456 -0.96626561 -0.49741901 0.00000000 0.00000000 0.00000000
v 0.66989258 -0.96626561 -0.49741901 0.00000000 0.00000000 0.00000000
v 0.68791059 -0.96626561 -0.49741901 0.00000000 0.00000000 0.00000000
v 0.70592861 -0.96626561 -0.49741901 0.00000000 0.00000000 0.00000000
v 0.72394663 -0.96626561 -0.49741901 0.00000000 0.00000000 0.00000000
v 0.74196465 -0.96626561 -0.49741901 0.00000000 0.00000000 0.00000000
v 0.75998267 -0.96626561 -0.49741901 0.00000000 0.00000000 0.00000000
v 0.77800068 -0.96626561 -0.49741901 0.00000000 0.00000000 0.00000000
v 0.79601870 -0.96626561 -0.49741901 0.00000000 0.00000000 0.00000000
v 0.81403672 -0.96626561 -0.49741901 0.00000000 0.00000000 0.00000000
v 0.83205474 -0.96626561 -0.49741901 0.00000000 0.00000000 0.00000000
v 0.85007276 -0.96626561 -0.49741901 0.00000000 0.00000000 0.00000000
v 0.86809077 -0.96626561 -0.49741901 0.00000000 0.00000000 0.00000000
v 0.88610879 -0.96626561 -0.49741901 0.00000000 0.00000000 0.00000000
v 0.90412681 -0.96626561 -0.49741901 0.00000000 0.00000000 0.00000000
v 0.92214483 -0.96626561 -0.49741901 0.00000000 0.00000000 0.00000000
v -0.91569301 -0.98428363 -0.49741901 0.00000000 0.00000000 0.00000000
v -0.89767499 -0.98428363 -0.49741901 0.00000000 0.00000000 0.00000000
v -0.87965697 -0.98428363 -0.49741901 0.00000000 0.00000000 0.00000000
v -0.86163896 -0.98428363 -0.49741901 0.00000000 0.00000000 0.00000000
v -0.84362094 -0.98428363 -0.49741901 0.00000000 0.00000000 0.00000000
v -0.82560292 -0.98428363 -0.49741901 0.00000000 0.00000000 0.00000000
v -0.80758490 -0.98428363 -0.49741901 0.00000000 0.00000000 0.00000000
v -0.78956688 -0.98428363 -0.49741901 0.00000000 0.00000000 0.00000000
v -0.77154887 -0.98428363 -0.49741901 0.00000000 0.00000000 0.00000000
v -0.75353085 -0.98428363 -0.49741901 0.00000000 0.00000000 0.00000000
v -0.73551283 -0.98428363 -0.49741901 0.00000000 0.00000000 0.00000000
v -0.71749481 -0.98428363 -0.49741901 0.00000000 0.00000000 0.00000000
v -0.69947679 -0.98428363 -0.49741901 0.00000000 0.00000000 0.00000000
v -0.68145878 -0.98428363 -0.49741901 0.00000000 0.00000000 0.00000000
v -0.66344076 -0.98428363 -0.49741901 0.00000000 0.00000000 0.00000000
v -0.64542274 -0.98428363 -0.49741901 0.00000000 0.00000000 0.00000000
v -0.62740472 -0.98428363 -0.49741901 0.00000000 0.00000000 0.00000000
v -0.60938670 -0.98428363 -0.49741901 0.00000000 0.00000000 0.00000000
v -0.59136869 -0.98428363 -0.49741901 0.00000000 0.00000000 0.00000000
v -0.57335067 -0.98428363 -0.49741901 0.00000000 0.00000000 0.00000000
v -0.55533265 -0.98428363 -0.49741901 0.00000000 0.00000000 0.00000000
v -0.53731463 -0.98428363 -0.49741901 0.00000000 0.00000000 0.00000000
v -0.51929661 -0.98428363 -0.49741901 0.00000000 0.00000000 0.00000000
v -0.50127860 -0.98428363 -0.49741901 0.00000000 0.00000000 0.00000000
v -0.48326058 -0.98428363 -0.49741901 0.00000000 0.00000000 0.00000000
v -0.46524256 -0.98428363 -0.49741901 0.00000000 0.00000000 0.00000000
v -0.44722454 -0.98428363 -0.49741901 0.00000000 0.00000000 0.00000000
v -0.42920652 -0.98428363 -0.49741901 0.00000000 0.00000000 0.00000000
v -0.41118851 -0.98428363 -0.49741901 0.00000000 0.00000000 0.00000000
v -0.39317049 -0.98428363 -0.49741901 0.00000000 0.00000000 0.00000000
v -0.37515247 -0.98428363 -0.49741901 0.00000000 0.00000000 0.00000000
v -0.35713445 -0.98428363 -0.49741901 0.00000000 0.00000000 0.00000000
v -0.33911643 -0.98428363 -0.49741901 0.00000000 0.00000000 0.00000000
v -0.32109842 -0.98428363 -0.49741901 0.00000000 0.00000000 0.00000000
v -0.30308040 -0.98428363 -0.49741901 0.00000000 0.00000000 0.00000000
v -0.28506238 -0.98428363 -0.49741901 0.00000000 0.00000000 0.00000000
v -0.26704436 -0.98428363 -0.49741901 0.00000000 0.00000000 0.00000000
v -0.24902634 -0.98428363 -0.49741901 0.00000000 0.00000000 0.00000000
v -0.23100833 -0.98428363 -0.49741901 0.00000000 0.00000000 0.00000000
v -0.21299031 -0.98428363 -0.49741901 0.00000000 0.00000000 0.00000000
v -0.19497229 -0.98428363 -0.49741901 0.00000000 0.00000000 0.00000000
v -0.17695427 -0.98428363 -0.49741901 0.00000000 0.00000000 0.00000000
v -0.15893625 -0.98428363 -0.49741901 0.00000000 0.00000000 0.00000000
v -0.14091824 -0.98428363 -0.49741901 0.00000000 0.00000000 0.00000000
v -0.12290022 -0.98428363 -0.49741901 0.00000000 0.00000000 0.00000000
v -0.10488220 -0.98428363 -0.49741901 0.00000000 0.00000000 0.00000000
v -0.08686418 -0.98428363 -0.49741901 0.00000000 0.00000000 0.00000000
v -0.06884616 -0.98428363 -0.49741901 0.00000000 0.00000000 0.00000000
v -0.05082815 -0.98428363 -0.49741901 0.00000000 0.00000000 0.00000000
v -0.03281013 -0.98428363 -0.49741901 0.00000000 0.00000000 0.00000000
v -0.01479211 -0.98428363 -0.49741901 0.00000000 0.00000000 0.00000000
v 0.00322591 -0.98428363 -0.49741901 0.00000000 0.00000000 0.00000000
v 0.02124393 -0.98428363 -0.49741901 0.00000000 0.00000000 0.00000000
v 0.03926195 -0.98428363 -0.49741901 0.00000000 0.00000000 0.00000000
v 0.05727996 -0.98428363 -0.49741901 0.00000000 0.00000000 0.00000000
v 0.07529798 -0.98428363 -0.49741901 0.00000000 0.00000000 0.00000000
v 0.09331600 -0.98428363 -0.49741901 0.00000000 0.00000000 0.00000000
v 0.11133402 -0.98428363 -0.49741901 0.00000000 0.00000000 0.00000000
v 0.12935204 -0.98428363 -0.49741901 0.00000000 0.00000000 0.00000000
v 0.14737005 -0.98428363 -0.49741901 0.00000000 0.00000000 0.00000000
v 0.16538807 -0.98428363 -0.49741901 0.00000000 0.00000000 0.00000000
v 0.18340609 -0.98428363 -0.49741901 0.00000000 0.00000000 0.00000000
v 0.20142411 -0.98428363 -0.49741901 0.00000000 0.00000000 0.00000000
v 0.21944213 -0.98428363 -0.49741901 0.00000000 0.00000000 0.00000000
v 0.23746014 -0.98428363 -0.49741901 0.00000000 0.00000000 0.00000000
v 0.25547816 -0.98428363 -0.49741901 0.00000000 0.00000000 0.00000000
v 0.27349618 -0.98428363 -0.49741901 0.00000000 0.00000000 0.00000000
v 0.29151420 -0.98428363 -0.49741901 0.00000000 0.00000000 0.00000000
v 0.30953222 -0.98428363 -0.49741901 0.00000000 0.00000000 0.00000000
v 0.32755023 -0.98428363 -0.49741901 0.00000000 0.00000000 0.00000000
v 0.34556825 -0.98428363 -0.49741901 0.00000000 0.00000000 0.00000000
v 0.36358627 -0.98428363 -0.49741901 0.00000000 0.00000000 0.00000000
v 0.38160429 -0.98428363 -0.49741901 0.00000000 0.00000000 0.00000000
v 0.39962231 -0.98428363 -0.49741901 0.00000000 0.00000000 0.00000000
v 0.41764032 -0.98428363 -0.49741901 0.00000000 0.00000000 0.00000000
v 0.43565834 -0.98428363 -0.49741901 0.00000000 0.00000000 0.00000000
v 0.45367636 -0.98428363 -0.49741901 0.00000000 0.00000000 0.00000000
v 0.47169438 -0.98428363 -0.49741901 0.00000000 0.00000000 0.00000000
v 0.48971240 -0.98428363 -0.49741901 0.00000000 0.00000000 0.00000000
v 0.50773041 -0.98428363 -0.49741901 0.00000000 0.00000000 0.00000000
v 0.52574843 -0.98428363 -0.49741901 0.00000000 0.00000000 0.00000000
v 0.54376645 -0.98428363 -0.49741901 0.00000000 0.00000000 0.00000000
v 0.56178447 -0.98428363 -0.49741901 0.00000000 0.00000000 0.00000000
v 0.57980249 -0.98428363 -0.49741901 0.00000000 0.00000000 0.00000000
v 0.59782050 -0.98428363 -0.49741901 0.00000000 0.00000000 0.00000000
v 0.61583852 -0.98428363 -0.49741901 0.00000000 0.00000000 0.00000000
v 0.63385654 -0.98428363 -0.49741901 0.00000000 0.00000000 0.00000000
v 0.65187456 -0.98428363 -0.49741901 0.00000000 0.00000000 0.00000000
v 0.66989258 -0.98428363 -0.49741901 0.00000000 0.00000000 0.00000000
v 0.68791059 -0.98428363 -0.49741901 0.00000000 0.00000000 0.00000000
v 0.70592861 -0.98428363 -0.49741901 0.00000000 0.00000000 0.00000000
v 0.72394663 -0.98428363 -0.49741901 0.00000000 0.00000000 0.00000000
v 0.74196465 -0.98428363 -0.49741901 0.00000000 0.00000000 0.00000000
v 0.75998267 -0.98428363 -0.49741901 0.00000000 0.00000000 0.00000000
v 0.77800068 -0.98428363 -0.49741901 0.00000000 0.00000000 0.00000000
v 0.79601870 -0.98428363 -0.49741901 0.00000000 0.00000000 0.00000000
v 0.81403672 -0.98428363 -0.49741901 0.00000000 0.00000000 0.00000000
v 0.83205474 -0.98428363 -0.49741901 0.00000000 0.00000000 0.00000000
v 0.85007276 -0.98428363 -0.49741901 0.00000000 0.00000000 0.00000000
v 0.86809077 -0.98428363 -0.49741901 0.00000000 0.00000000 0.00000000
v 0.88610879 -0.98428363 -0.49741901 0.00000000 0.00000000 0.00000000
v 0.90412681 -0.98428363 -0.49741901 0.00000000 0.00000000 0.00000000
v 0.92214483 -0.98428363 -0.49741901 0.00000000 0.00000000 0.00000000
f 666 667 769
f 667 770 769
f 667 668 770
f 668 771 770
f 668 669 771
f 669 772 771
f 669 670 772
f 670 773 772
f 767 768 870
f 768 871 870
f 768 769 871
f 769 872 871
f 769 770 872
f 770 873 872
f 770 771 873
f 771 874 873
f 771 772 874
f 772 875 874
f 772 773 875
f 773 876 875
f 773 774 876
f 774 877 876
f 774 775 877
f 775 878 877
f 869 870 972
f 870 973 972
f 870 871 973
f 871 974 973
f 871 872 974
f 872 975 974
f 872 873 975
f 873 976 975
f 873 874 976
f 874 977 976
f 874 875 977
f 875 978 977
f 875 876 978
f 876 979 978
f 876 877 979
f 877 980 979
f 877 878 980
f 878 981 980
f 878 879 981
f 879 982 981
f 971 972 1074
f 972 1075 1074
f 972 973 1075
f 973 1076 1075
f 973 974 1076
f 974 1077 1076
f 974 975 1077
f 975 1078 1077
f 975 976 1078
f 976 1079 1078
f 976 977 1079
f 977 1080 1079
f 977 978 1080
f 978 1081 1080
f 978 979 1081
f 979 1082 1081
f 979 980 1082
f 980 1083 1082
f 980 981 1083
f 981 1084 1083
f 981 982 1084
f 982 1085 1084
f 982 983 1085
f 983 1086 1085
f 1074 1075 1177
f 1075 1178 1177
f 1075 1076 1178
f 1076 1179 1178
f 1076 1077 1179
f 1077 1180 1179
f 1077 1078 1180
f 1078 1181 1180
f 1078 1079 1181
f 1079 1182 1181
f 1079 1080 1182
f 1080 1183 1182
f 1080 1081 1183
f 1081 1184 1183
f 1081 1082 1184
f 1082 1185 1184
f 1082 1083 1185
f 1083 1186 1185
f 1083 1084 1186
f 1084 1187 1186
f 1084 1085 1187
f 1085 1188 1187
f 1085 1086 1188
f 1086 1189 1188
f 1086 1087 1189
f 1087 1190 1189
f 1176 1177 1279
f 1177 1280 1279
f 1177 1178 1280
f 1178 1281 1280
f 1178 1179 1281
f 1179 1282 1281
f 1179 1180 1282
f 1180 1283 1282
f 1180 1181 1283
f 1181 1284 1283
f 1181 1182 1284
f 1182 1285 1284
f 1182 1183 1285
f 1183 1286 1285
f 1183 1184 1286
f 1184 1287 1286
f 1184 1185 1287
f 1185 1288 1287
f 1185 1186 1288
f 1186 1289 1288
f 1186 1187 1289
f 1187 1290 1289
f 1187 1188 1290
f 1188 1291 1290
f 1188 1189 1291
f 1189 1292 1291
f 1189 1190 1292
f 1190 1293 1292
f 1279 1280 1382
f 1280 1383 1382
f 1280 1281 1383
f 1281 1384 1383
f 1281 1282 1384
f 1282 1385 1384
f 1282 1283 1385
f 1283 1386 1385
f 1283 1284 1386
f 1284 1387 1386
f 1284 1285 1387
f 1285 1388 1387
f 1285 1286 1388
f 1286 1389 1388
f 1286 1287 1389
f 1287 1390 1389
f 1287 1288 1390
f 1288 1391 1390
f 1288 1289 1391
f 1289 1392 1391
f 1289 1290 1392
f 1290 1393 1392
f 1290 1291 1393
f 1291 1394 1393
f 1291 1292 1394
f 1292 1395 1394
f 1292 1293 1395
f 1293 1396 1395
f 1293 1294 1396
f 1294 1397 1396
f 1382 1383 1485
f 1383 1486 1485
f 1383 1384 1486
f 1384 1487 1486
f 1384 1385 1487
f 1385 1488 1487
f 1385 1386 1488
f 1386 1489 1488
f 1386 1387 1489
f 1387 1490 1489
f 1387 1388 1490
f 1388 1491 1490
f 1388 1389 1491
f 1389 1492 1491
f 1389 1390 1492
f 1390 1493 1492
f 1390 1391 1493
f 1391 1494 1493
f 1391 1392 1494
f 1392 1495 1494
f 1392 1393 1495
f 1393 1496 1495
f 1393 1394 1496
f 1394 1497 1496
f 1394 1395 1497
f 1395 1498 1497
f 1395 1396 1498
f 1396 1499 1498
f 1396 1397 1499
f 1397 1500 1499
f 1484 1485 1587
f 1485 1588 1587
f 1485 1486 1588
f 1486 1589 1588
f 1486 1487 1589
f 1487 1590 1589
f 1487 1488 1590
f 1488 1591 1590
f 1488 1489 1591
f 1489 1592 1591
f 1489 1490 1592
f 1490 1593 1592
f 1490 1491 1593
f 1491 1594 1593
f 1491 1492 1594
f 1492 1595 1594
f 1492 1493 1595
f 1493 1596 1595
f 1493 1494 1596
f 1494 1597 1596
f 1494 1495 1597
f 1495 1598 1597
f 1495 1496 1598
f 1496 1599 1598
f 1496 1497 1599
f 1497 1600 1599
f 1497 1498 1600
f 1498 1601 1600
f 1498 1499 1601
f 1499 1602 1601
f 1499 1500 1602
f 1500 1603 1602
f 1587 1588 1690
f 1588 1691 1690
f 1588 1589 1691
f 1589 1692 1691
f 1589 1590 1692
f 1590 1693 1692
f 1590 1591 1693
f 1591 1694 1693
f 1591 1592 1694
f 1592 1695 1694
f 1592 1593 1695
f 1593 1696 1695
f 1593 1594 1696
f 1594 1697 1696
f 1594 1595 1697
f 1595 1698 1697
f 1595 1596 1698
f 1596 1699 1698
f 1596 1597 1699
f 1597 1700 1699
f 1597 1598 1700
f 1598 1701 1700
f 1598 1599 1701
f 1599 1702 1701
f 1599 1600 1702
f 1600 1703 1702
f 1600 1601 1703
f 1601 1704 1703
f 1601 1602 1704
f 1602 1705 1704
f 1602 1603 1705
f 1603 1706 1705
f 1603 1604 1706
f 1604 1707 1706
f 1690 1691 1793
f 1691 1794 1793
f 1691 1692 1794
f 1692 1795 1794
f 1692 1693 1795
f 1693 1796 1795
f 1693 1694 1796
f 1694 1797 1796
f 1694 1695 1797
f 1695 1798 1797
f 1695 1696 1798
f 1696 1799 1798
f 1696 1697 1799
f 1697 1800 1799
f 1697 1698 1800
f 1698 1801 1800
f 1698 1699 1801
f 1699 1802 1801
f 1699 1700 1802
f 1700 1803 1802
f 1700 1701 1803
f 1701 1804 1803
f 1701 1702 1804
f 1702 1805 1804
f 1702 1703 1805
f 1703 1806 1805
f 1703 1704 1806
f 1704 1807 1806
f 1704 1705 1807
f 1705 1808 1807
f 1705 1706 1808
f 1706 1809 1808
f 1706 1707 1809
f 1707 1810 1809
f 1792 1793 1895
f 1793 1896 1895
f 1793 1794 1896
f 1794 1897 1896
f 1794 1795 1897
f 1795 1898 1897
f 1795 1796 1898
f 1796 1899 1898
f 1796 1797 1899
f 1797 1900 1899
f 1797 1798 1900
f 1798 1901 1900
f 1798 1799 1901
f 1799 1902 1901
f 1799 1800 1902
f 1800 1903 1902
f 1800 1801 1903
f 1801 1904 1903
f 1801 1802 1904
f 1802 1905 1904
f 1802 1803 1905
f 1803 1906 1905
f 1803 1804 1906
f 1804 1907 1906
f 1804 1805 1907
f 1805 1908 1907
f 1805 1806 1908
f 1806 1909 1908
f 1806 1807 1909
f 1807 1910 1909
f 1807 1808 1910
f 1808 1911 1910
f 1808 1809 1911
f 1809 1912 1911
f 1809 1810 1912
f 1810 1913 1912
f 1895 1896 1998
f 1896 1999 1998
f 1896 1897 1999
f 1897 2000 1999
f 1897 1898 2000
f 1898 2001 2000
f 1898 1899 2001
f 1899 2002 2001
f 1899 1900 2002
f 1900 2003 2002
f 1900 1901 2003
f 1901 2004 2003
f 1901 1902 2004
f 1902 2005 2004
f 1902 1903 2005
f 1903 2006 2005
f 1903 1904 2006
f 1904 2007 2006
f 1904 1905 2007
f 1905 2008 2007
f 1905 1906 2008
f 1906 2009 2008
f 1906 1907 2009
f 1907 2010 2009
f 1907 1908 2010
f 1908 2011 2010
f 1908 1909 2011
f 1909 2012 2011
f 1909 1910 2012
f 1910 2013 2012
f 1910 1911 2013
f 1911 2014 2013
f 1911 1912 2014
f 1912 2015 2014
f 1912 1913 2015
f 1913 2016 2015
f 1997 1998 2100
f 1998 2101 2100
f 1998 1999 2101
f 1999 2102 2101
f 1999 2000 2102
f 2000 2103 2102
f 2000 2001 2103
f 2001 2104 2103
f 2001 2002 2104
f 2002 2105 2104
f 2002 2003 2105
f 2003 2106 2105
f 2003 2004 2106
f 2004 2107 2106
f 2004 2005 2107
f 2005 2108 2107
f 2005 2006 2108
f 2006 2109 2108
f 2006 2007 2109
f 2007 2110 2109
f 2007 2008 2110
f 2008 2111 2110
f 2008 2009 2111
f 2009 2112 2111
f 2009 2010 2112
f 2010 2113 2112
f 2010 2011 2113
f 2011 2114 2113
f 2011 2012 2114
f 2012 2115 2114
f 2012 2013 2115
f 2013 2116 2115
f 2013 2014 2116
f 2014 2117 2116
f 2014 2015 2117
f 2015 2118 2117
f 2015 2016 2118
f 2016 2119 2118
f 2016 2017 2119
f 2017 2120 2119
f 2100 2101 2203
f 2101 2204 2203
f 2101 2102 2204
f 2102 2205 2204
f 2102 2103 2205
f 2103 2206 2205
f 2103 2104 2206
f 2104 2207 2206
f 2104 2105 2207
f 2105 2208 2207
f 2105 2106 2208
f 2106 2209 2208
f 2106 2107 2209
f 2107 2210 2209
f 2107 2108 2210
f 2108 2211 2210
f 2108 2109 2211
f 2109 2212 2211
f 2109 2110 2212
f 2110 2213 2212
f 2110 2111 2213
f 2111 2214 2213
f 2111 2112 2214
f 2112 2215 2214
f 2112 2113 2215
f 2113 2216 2215
f 2113 2114 2216
f 2114 2217 2216
f 2114 2115 2217
f 2115 2218 2217
f 2115 2116 2218
f 2116 2219 2218
f 2116 2117 2219
f 2117 2220 2219
f 2117 2118 2220
f 2118 2221 2220
f 2118 2119 2221
f 2119 2222 2221
f 2119 2120 2222
f 2120 2223 2222
f 2202 2203 2305
f 2203 2306 2305
f 2203 2204 2306
f 2204 2307 2306
f 2204 2205 2307
f 2205 2308 2307
f 2205 2206 2308
f 2206 2309 2308
f 2206 2207 2309
f 2207 2310 2309
f 2207 2208 2310
f 2208 2311 2310
f 2208 2209 2311
f 2209 2312 2311
f 2209 2210 2312
f 2210 2313 2312
f 2210 2211 2313
f 2211 2314 2313
f 2211 2212 2314
f 2212 2315 2314
f 2212 2213 2315
f 2213 2316 2315
f 2213 2214 2316
f 2214 2317 2316
f 2214 2215 2317
f 2215 2318 2317
f 2215 2216 2318
f 2216 2319 2318
f 2216 2217 2319
f 2217 2320 2319
f 2217 2218 2320
f 2218 2321 2320
f 2218 2219 2321
f 2219 2322 2321
f 2219 2220 2322
f 2220 2323 2322
f 2220 2221 2323
f 2221 2324 2323
f 2221 2222 2324
f 2222 2325 2324
f 2222 2223 2325
f 2223 2326 2325
f 2305 2306 2408
f 2306 2409 2408
f 2306 2307 2409
f 2307 2410 2409
f 2307 2308 2410
f 2308 2411 2410
f 2308 2309 2411
f 2309 2412 2411
f 2309 2310 2412
f 2310 2413 2412
f 2310 2311 2413
f 2311 2414 2413
f 2311 2312 2414
f 2312 2415 2414
f 2312 2313 2415
f 2313 2416 2415
f 2313 2314 2416
f 2314 2417 2416
f 2314 2315 2417
f 2315 2418 2417
f 2315 2316 2418
f 2316 2419 2418
f 2316 2317 2419
f 2317 2420 2419
f 2317 2318 2420
f 2318 2421 2420
f 2318 2319 2421
f 2319 2422 2421
f 2319 2320 2422
f 2320 2423 2422
f 2320 2321 2423
f 2321 2424 2423
f 2321 2322 2424
f 2322 2425 2424
f 2322 2323 2425
f 2323 2426 2425
f 2323 2324 2426
f 2324 2427 2426
f 2324 2325 2427
f 2325 2428 2427
f 2325 2326 2428
f 2326 2429 2428
f 2326 2327 2429
f 2327 2430 2429
f 2408 2409 2511
f 2409 2512 2511
f 2409 2410 2512
f 2410 2513 2512
f 2410 2411 2513
f 2411 2514 2513
f 2411 2412 2514
f 2412 2515 2514
f 2412 2413 2515
f 2413 2516 2515
f 2413 2414 2516
f 2414 2517 2516
f 2414 2415 2517
f 2415 2518 2517
f 2415 2416 2518
f 2416 2519 2518
f 2416 2417 2519
f 2417 2520 2519
f 2417 2418 2520
f 2418 2521 2520
f 2418 2419 2521
f 2419 2522 2521
f 2419 2420 2522
f 2420 2523 2522
f 2420 2421 2523
f 2421 2524 2523
f 2421 2422 2524
f 2422 2525 2524
f 2422 2423 2525
f 2423 2526 2525
f 2423 2424 2526
f 2424 2527 2526
f 2424 2425 2527
f 2425 2528 2527
f 2425 2426 2528
f 2426 2529 2528
f 2426 2427 2529
f 2427 2530 2529
f 2427 2428 2530
f 2428 2531 2530
f 2428 2429 2531
f 2429 2532 2531
f 2429 2430 2532
f 2430 2533 2532
f 2511 2512 2614
f 2512 2615 2614
f 2512 2513 2615
f 2513 2616 2615
f 2513 2514 2616
f 2514 2617 2616
f 2514 2515 2617
f 2515 2618 2617
f 2515 2516 2618
f 2516 2619 2618
f 2516 2517 2619
f 2517 2620 2619
f 2517 2518 2620
f 2518 2621 2620
f 2518 2519 2621
f 2519 2622 2621
f 2519 2520 2622
f 2520 2623 2622
f 2520 2521 2623
f 2521 2624 2623
f 2521 2522 2624
f 2522 2625 2624
f 2522 2523 2625
f 2523 2626 2625
f 2523 2524 2626
f 2524 2627 2626
f 2524 2525 2627
f 2525 2628 2627
f 2525 2526 2628
f 2526 2629 2628
f 2526 2527 2629
f 2527 2630 2629
f 2527 2528 2630
f 2528 2631 2630
f 2528 2529 2631
f 2529 2632 2631
f 2529 2530 2632
f 2530 2633 2632
f 2530 2531 2633
f 2531 2634 2633
f 2531 2532 2634
f 2532 2635 2634
f 2532 2533 2635
f 2533 2636 2635
f 2614 2615 2717
f 2615 2718 2717
f 2615 2616 2718
f 2616 2719 2718
f 2616 2617 2719
f 2617 2720 2719
f 2617 2618 2720
f 2618 2721 2720
f 2618 2619 2721
f 2619 2722 2721
f 2619 2620 2722
f 2620 2723 2722
f 2620 2621 2723
f 2621 2724 2723
f 2621 2622 2724
f 2622 2725 2724
f 2622 2623 2725
f 2623 2726 2725
f 2623 2624 2726
f 2624 2727 2726
f 2624 2625 2727
f 2625 2728 2727
f 2625 2626 2728
f 2626 2729 2728
f 2626 2627 2729
f 2627 2730 2729
f 2627 2628 2730
f 2628 2731 2730
f 2628 2629 2731
f 2629 2732 2731
f 2629 2630 2732
f 2630 2733 2732
f 2630 2631 2733
f 2631 2734 2733
f 2631 2632 2734
f 2632 2735 2734
f 2632 2633 2735
f 2633 2736 2735
f 2633 2634 2736
f 2634 2737 2736
f 2634 2635 2737
f 2635 2738 2737
f 2635 2636 2738
f 2636 2739 2738
f 2717 2718 2820
f 2718 2821 2820
f 2718 2719 2821
f 2719 2822 2821
f 2719 2720 2822
f 2720 2823 2822
f 2720 2721 2823
f 2721 2824 2823
f 2721 2722 2824
f 2722 2825 2824
f 2722 2723 2825
f 2723 2826 2825
f 2723 2724 2826
f 2724 2827 2826
f 2724 2725 2827
f 2725 2828 2827
f 2725 2726 2828
f 2726 2829 2828
f 2726 2727 2829
f 2727 2830 2829
f 2727 2728 2830
f 2728 2831 2830
f 2728 2729 2831
f 2729 2832 2831
f 2729 2730 2832
f 2730 2833 2832
f 2730 2731 2833
f 2731 2834 2833
f 2731 2732 2834
f 2732 2835 2834
f 2732 2733 2835
f 2733 2836 2835
f 2733 2734 2836
f 2734 2837 2836
f 2734 2735 2837
f 2735 2838 2837
f 2735 2736 2838
f 2736 2839 2838
f 2736 2737 2839
f 2737 2840 2839
f 2737 2738 2840
f 2738 2841 2840
f 2738 2739 2841
f 2739 2842 2841
f 2820 2821 2923
f 2821 2924 2923
f 2821 2822 2924
f 2822 2925 2924
f 2822 2823 2925
f 2823 2926 2925
f 2823 2824 2926
f 2824 2927 2926
f 2824 2825 2927
f 2825 2928 2927
f 2825 2826 2928
f 2826 2929 2928
f 2826 2827 2929
f 2827 2930 2929
f 2827 2828 2930
f 2828 2931 2930
f 2828 2829 2931
f 2829 2932 2931
f 2829 2830 2932
f 2830 2933 2932
f 2830 2831 2933
f 2831 2934 2933
f 2831 2832 2934
f 2832 2935 2934
f 2832 2833 2935
f 2833 2936 2935
f 2833 2834 2936
f 2834 2937 2936
f 2834 2835 2937
f 2835 2938 2937
f 2835 2836 2938
f 2836 2939 2938
f 2836 2837 2939
f 2837 2940 2939
f 2837 2838 2940
f 2838 2941 2940
f 2838 2839 2941
f 2839 2942 2941
f 2839 2840 2942
f 2840 2943 2942
f 2840 2841 2943
f 2841 2944 2943
f 2841 2842 2944
f 2842 2945 2944
f 2922 2923 3025
f 2923 3026 3025
f 2923 2924 3026
f 2924 3027 3026
f 2924 2925 3027
f 2925 3028 3027
f 2925 2926 3028
f 2926 3029 3028
f 2926 2927 3029
f 2927 3030 3029
f 2927 2928 3030
f 2928 3031 3030
f 2928 2929 3031
f 2929 3032 3031
f 2929 2930 3032
f 2930 3033 3032
f 2930 2931 3033
f 2931 3034 3033
f 2931 2932 3034
f 2932 3035 3034
f 2932 2933 3035
f 2933 3036 3035
f 2933 2934 3036
f 2934 3037 3036
f 2934 2935 3037
f 2935 3038 3037
f 2935 2936 3038
f 2936 3039 3038
f 2936 2937 3039
f 2937 3040 3039
f 2937 2938 3040
f 2938 3041 3040
f 2938 2939 3041
f 2939 3042 3041
f 2939 2940 3042
f 2940 3043 3042
f 2940 2941 3043
f 2941 3044 3043
f 2941 2942 3044
f 2942 3045 3044
f 2942 2943 3045
f 2943 3046 3045
f 2943 2944 3046
f 2944 3047 3046
f 2944 2945 3047
f 2945 3048 3047
f 3024 3025 3127
f 3025 3128 3127
f 3025 3026 3128
f 3026 3129 3128
f 3026 3027 3129
f 3027 3130 3129
f 3027 3028 3130
f 3028 3131 3130
f 3028 3029 3131
f 3029 3132 3131
f 3029 3030 3132
f 3030 3133 3132
f 3030 3031 3133
f 3031 3134 3133
f 3031 3032 3134
f 3032 3135 3134
f 3032 3033 3135
f 3033 3136 3135
f 3033 3034 3136
f 3034 3137 3136
f 3034 3035 3137
f 3035 3138 3137
f 3035 3036 3138
f 3036 3139 3138
f 3036 3037 3139
f 3037 3140 3139
f 3037 3038 3140
f 3038 3141 3140
f 3038 3039 3141
f 3039 3142 3141
f 3039 3040 3142
f 3040 3143 3142
f 3040 3041 3143
f 3041 3144 3143
f 3041 3042 3144
f 3042 3145 3144
f 3042 3043 3145
f 3043 3146 3145
f 3043 3044 3146
f 3044 3147 3146
f 3044 3045 3147
f 3045 3148 3147
f 3045 3046 3148
f 3046 3149 3148
f 3046 3047 3149
f 3047 3150 3149
f 3047 3048 3150
f 3048 3151 3150
f 3048 3049 3151
f 3049 3152 3151
f 3127 3128 3230
f 3128 3231 3230
f 3128 3129 3231
f 3129 3232 3231
f 3129 3130 3232
f 3130 3233 3232
f 3130 3131 3233
f 3131 3234 3233
f 3131 3132 3234
f 3132 3235 3234
f 3132 3133 3235
f 3133 3236 3235
f 3133 3134 3236
f 3134 3237 3236
f 3134 3135 3237
f 3135 3238 3237
f 3135 3136 3238
f 3136 3239 3238
f 3136 3137 3239
f 3137 3240 3239
f 3137 3138 3240
f 3138 3241 3240
f 3138 3139 3241
f 3139 3242 3241
f 3139 3140 3242
f 3140 3243 3242
f 3140 3141 3243
f 3141 3244 3243
f 3141 3142 3244
f 3142 3245 3244
f 3142 3143 3245
f 3143 3246 3245
f 3143 3144 3246
f 3144 3247 3246
f 3144 3145 3247
f 3145 3248 3247
f 3145 3146 3248
f 3146 3249 3248
f 3146 3147 3249
f 3147 3250 3249
f 3147 3148 3250
f 3148 3251 3250
f 3148 3149 3251
f 3149 3252 3251
f 3149 3150 3252
f 3150 3253 3252
f 3150 3151 3253
f 3151 3254 3253
f 3151 3152 3254
f 3152 3255 3254
f 3152 3153 3255
f 3153 3256 3255
f 3229 3230 3332
f 3230 3333 3332
f 3230 3231 3333
f 3231 3334 3333
f 3231 3232 3334
f 3232 3335 3334
f 3232 3233 3335
f 3233 3336 3335
f 3233 3234 3336
f 3234 3337 3336
f 3234 3235 3337
f 3235 3338 3337
f 3235 3236 3338
f 3236 3339 3338
f 3236 3237 3339
f 3237 3340 3339
f 3237 3238 3340
f 3238 3341 3340
f 3238 3239 3341
f 3239 3342 3341
f 3239 3240 3342
f 3240 3343 3342
f 3240 3241 3343
f 3241 3344 3343
f 3241 3242 3344
f 3242 3345 3344
f 3242 3243 3345
f 3243 3346 3345
f 3243 3244 3346
f 3244 3347 3346
f 3244 3245 3347
f 3245 3348 3347
f 3245 3246 3348
f 3246 3349 3348
f 3246 3247 3349
f 3247 3350 3349
f 3247 3248 3350
f 3248 3351 3350
f 3248 3249 3351
f 3249 3352 3351
f 3249 3250 3352
f 3250 3353 3352
f 3250 3251 3353
f 3251 3354 3353
f 3251 3252 3354
f 3252 3355 3354
f 3252 3253 3355
f 3253 3356 3355
f 3253 3254 3356
f 3254 3357 3356
f 3254 3255 3357
f 3255 3358 3357
f 3255 3256 3358
f 3256 3359 3358
f 3256 3257 3359
f 3257 3360 3359
f 3332 3333 3435
f 3333 3436 3435
f 3333 3334 3436
f 3334 3437 3436
f 3334 3335 3437
f 3335 3438 3437
f 3335 3336 3438
f 3336 3439 3438
f 3336 3337 3439
f 3337 3440 3439
f 3337 3338 3440
f 3338 3441 3440
f 3338 3339 3441
f 3339 3442 3441
f 3339 3340 3442
f 3340 3443 3442
f 3340 3341 3443
f 3341 3444 3443
f 3341 3342 3444
f 3342 3445 3444
f 3342 3343 3445
f 3343 3446 3445
f 3343 3344 3446
f 3344 3447 3446
f 3344 3345 3447
f 3345 3448 3447
f 3345 3346 3448
f 3346 3449 3448
f 3346 3347 3449
f 3347 3450 3449
f 3347 3348 3450
f 3348 3451 3450
f 3348 3349 3451
f 3349 3452 3451
f 3349 3350 3452
f 3350 3453 3452
f 3350 3351 3453
f 3351 3454 3453
f 3351 3352 3454
f 3352 3455 3454
f 3352 3353 3455
f 3353 3456 3455
f 3353 3354 3456
f 3354 3457 3456
f 3354 3355 3457
f 3355 3458 3457
f 3355 3356 3458
f 3356 3459 3458
f 3356 3357 3459
f 3357 3460 3459
f 3357 3358 3460
f 3358 3461 3460
f 3358 3359 3461
f 3359 3462 3461
f 3359 3360 3462
f 3360 3463 3462
f 3435 3436 3538
f 3436 3539 3538
f 3436 3437 3539
f 3437 3540 3539
f 3437 3438 3540
f 3438 3541 3540
f 3438 3439 3541
f 3439 3542 3541
f 3439 3440 3542
f 3440 3543 3542
f 3440 3441 3543
f 3441 3544 3543
f 3441 3442 3544
f 3442 3545 3544
f 3442 3443 3545
f 3443 3546 3545
f 3443 3444 3546
f 3444 3547 3546
f 3444 3445 3547
f 3445 3548 3547
f 3445 3446 3548
f 3446 3549 3548
f 3446 3447 3549
f 3447 3550 3549
f 3447 3448 3550
f 3448 3551 3550
f 3448 3449 3551
f 3449 3552 3551
f 3449 3450 3552
f 3450 3553 3552
f 3450 3451 3553
f 3451 3554 3553
f 3451 3452 3554
f 3452 3555 3554
f 3452 3453 3555
f 3453 3556 3555
f 3453 3454 3556
f 3454 3557 3556
f 3454 3455 3557
f 3455 3558 3557
f 3455 3456 3558
f 3456 3559 3558
f 3456 3457 3559
f 3457 3560 3559
f 3457 3458 3560
f 3458 3561 3560
f 3458 3459 3561
f 3459 3562 3561
f 3459 3460 3562
f 3460 3563 3562
f 3460 3461 3563
f 3461 3564 3563
f 3461 3462 3564
f 3462 3565 3564
f 3462 3463 3565
f 3463 3566 3565
f 3538 3539 3641
f 3539 3642 3641
f 3539 3540 3642
f 3540 3643 3642
f 3540 3541 3643
f 3541 3644 3643
f 3541 3542 3644
f 3542 3645 3644
f 3542 3543 3645
f 3543 3646 3645
f 3543 3544 3646
f 3544 3647 3646
f 3544 3545 3647
f 3545 3648 3647
f 3545 3546 3648
f 3546 3649 3648
f 3546 3547 3649
f 3547 3650 3649
f 3547 3548 3650
f 3548 3651 3650
f 3548 3549 3651
f 3549 3652 3651
f 3549 3550 3652
f 3550 3653 3652
f 3550 3551 3653
f 3551 3654 3653
f 3551 3552 3654
f 3552 3655 3654
f 3552 3553 3655
f 3553 3656 3655
f 3553 3554 3656
f 3554 3657 3656
f 3554 3555 3657
f 3555 3658 3657
f 3555 3556 3658
f 3556 3659 3658
f 3556 3557 3659
f 3557 3660 3659
f 3557 3558 3660
f 3558 3661 3660
f 3558 3559 3661
f 3559 3662 3661
f 3559 3560 3662
f 3560 3663 3662
f 3560 3561 3663
f 3561 3664 3663
f 3561 3562 3664
f 3562 3665 3664
f 3562 3563 3665
f 3563 3666 3665
f 3563 3564 3666
f 3564 3667 3666
f 3564 3565 3667
f 3565 3668 3667
f 3565 3566 3668
f 3566 3669 3668
f 3640 3641 3743
f 3641 3744 3743
f 3641 3642 3744
f 3642 3745 3744
f 3642 3643 3745
f 3643 3746 3745
f 3643 3644 3746
f 3644 3747 3746
f 3644 3645 3747
f 3645 3748 3747
f 3645 3646 3748
f 3646 3749 3748
f 3646 3647 3749
f 3647 3750 3749
f 3647 3648 3750
f 3648 3751 3750
f 3648 3649 3751
f 3649 3752 3751
f 3649 3650 3752
f 3650 3753 3752
f 3650 3651 3753
f 3651 3754 3753
f 3651 3652 3754
f 3652 3755 3754
f 3652 3653 3755
f 3653 3756 3755
f 3653 3654 3756
f 3654 3757 3756
f 3654 3655 3757
f 3655 3758 3757
f 3655 3656 3758
f 3656 3759 3758
f 3656 3657 3759
f 3657 3760 3759
f 3657 3658 3760
f 3658 3761 3760
f 3658 3659 3761
f 3659 3762 3761
f 3659 3660 3762
f 3660 3763 3762
f 3660 3661 3763
f 3661 3764 3763
f 3661 3662 3764
f 3662 3765 3764
f 3662 3663 3765
f 3663 3766 3765
f 3663 3664 3766
f 3664 3767 3766
f 3664 3665 3767
f 3665 3768 3767
f 3665 3666 3768
f 3666 3769 3768
f 3666 3667 3769
f 3667 3770 3769
f 3667 3668 3770
f 3668 3771 3770
f 3668 3669 3771
f 3669 3772 3771
f 3743 3744 3846
f 3744 3847 3846
f 3744 3745 3847
f 3745 3848 3847
f 3745 3746 3848
f 3746 3849 3848
f 3746 3747 3849
f 3747 3850 3849
f 3747 3748 3850
f 3748 3851 3850
f 3748 3749 3851
f 3749 3852 3851
f 3749 3750 3852
f 3750 3853 3852
f 3750 3751 3853
f 3751 3854 3853
f 3751 3752 3854
f 3752 3855 3854
f 3752 3753 3855
f 3753 3856 3855
f 3753 3754 3856
f 3754 3857 3856
f 3754 3755 3857
f 3755 3858 3857
f 3755 3756 3858
f 3756 3859 3858
f 3756 3757 3859
f 3757 3860 3859
f 3757 3758 3860
f 3758 3861 3860
f 3758 3759 3861
f 3759 3862 3861
f 3759 3760 3862
f 3760 3863 3862
f 3760 3761 3863
f 3761 3864 3863
f 3761 3762 3864
f 3762 3865 3864
f 3762 3763 3865
f 3763 3866 3865
f 3763 3764 3866
f 3764 3867 3866
f 3764 3765 3867
f 3765 3868 3867
f 3765 3766 3868
f 3766 3869 3868
f 3766 3767 3869
f 3767 3870 3869
f 3767 3768 3870
f 3768 3871 3870
f 3768 3769 3871
f 3769 3872 3871
f 3769 3770 3872
f 3770 3873 3872
f 3770 3771 3873
f 3771 3874 3873
f 3771 3772 3874
f 3772 3875 3874
f 3846 3847 3949
f 3847 3950 3949
f 3847 3848 3950
f 3848 3951 3950
f 3848 3849 3951
f 3849 3952 3951
f 3849 3850 3952
f 3850 3953 3952
f 3850 3851 3953
f 3851 3954 3953
f 3851 3852 3954
f 3852 3955 3954
f 3852 3853 3955
f 3853 3956 3955
f 3853 3854 3956
f 3854 3957 3956
f 3854 3855 3957
f 3855 3958 3957
f 3855 3856 3958
f 3856 3959 3958
f 3856 3857 3959
f 3857 3960 3959
f 3857 3858 3960
f 3858 3961 3960
f 3858 3859 3961
f 3859 3962 3961
f 3859 3860 3962
f 3860 3963 3962
f 3860 3861 3963
f 3861 3964 3963
f 3861 3862 3964
f 3862 3965 3964
f 3862 3863 3965
f 3863 3966 3965
f 3863 3864 3966
f 3864 3967 3966
f 3864 3865 3967
f 3865 3968 3967
f 3865 3866 3968
f 3866 3969 3968
f 3866 3867 3969
f 3867 3970 3969
f 3867 3868 3970
f 3868 3971 3970
f 3868 3869 3971
f 3869 3972 3971
f 3869 3870 3972
f 3870 3973 3972
f 3870 3871 3973
f 3871 3974 3973
f 3871 3872 3974
f 3872 3975 3974
f 3872 3873 3975
f 3873 3976 3975
f 3873 3874 3976
f 3874 3977 3976
f 3874 3875 3977
f 3875 3978 3977
f 3949 3950 4052
f 3950 4053 4052
f 3950 3951 4053
f 3951 4054 4053
f 3951 3952 4054
f 3952 4055 4054
f 3952 3953 4055
f 3953 4056 4055
f 3953 3954 4056
f 3954 4057 4056
f 3954 3955 4057
f 3955 4058 4057
f 3955 3956 4058
f 3956 4059 4058
f 3956 3957 4059
f 3957 4060 4059
f 3957 3958 4060
f 3958 4061 4060
f 3958 3959 4061
f 3959 4062 4061
f 3959 3960 4062
f 3960 4063 4062
f 3960 3961 4063
f 3961 4064 4063
f 3961 3962 4064
f 3962 4065 4064
f 3962 3963 4065
f 3963 4066 4065
f 3963 3964 4066
f 3964 4067 4066
f 3964 3965 4067
f 3965 4068 4067
f 3965 3966 4068
f 3966 4069 4068
f 3966 3967 4069
f 3967 4070 4069
f 3967 3968 4070
f 3968 4071 4070
f 3968 3969 4071
f 3969 4072 4071
f 3969 3970 4072
f 3970 4073 4072
f 3970 3971 4073
f 3971 4074 4073
f 3971 3972 4074
f 3972 4075 4074
f 3972 3973 4075
f 3973 4076 4075
f 3973 3974 4076
f 3974 4077 4076
f 3974 3975 4077
f 3975 4078 4077
f 3975 3976 4078
f 3976 4079 4078
f 3976 3977 4079
f 3977 4080 4079
f 3977 3978 4080
f 3978 4081 4080
f 4052 4053 4155
f 4053 4156 4155
f 4053 4054 4156
f 4054 4157 4156
f 4054 4055 4157
f 4055 4158 4157
f 4055 4056 4158
f 4056 4159 4158
f 4056 4057 4159
f 4057 4160 4159
f 4057 4058 4160
f 4058 4161 4160
f 4058 4059 4161
f 4059 4162 4161
f 4059 4060 4162
f 4060 4163 4162
f 4060 4061 4163
f 4061 4164 4163
f 4061 4062 4164
f 4062 4165 4164
f 4062 4063 4165
f 4063 4166 4165
f 4063 4064 4166
f 4064 4167 4166
f 4064 4065 4167
f 4065 4168 4167
f 4065 4066 4168
f 4066 4169 4168
f 4066 4067 4169
f 4067 4170 4169
f 4067 4068 4170
f 4068 4171 4170
f 4068 4069 4171
f 4069 4172 4171
f 4069 4070 4172
f 4070 4173 4172
f 4070 4071 4173
f 4071 4174 4173
f 4071 4072 4174
f 4072 4175 4174
f 4072 4073 4175
f 4073 4176 4175
f 4073 4074 4176
f 4074 4177 4176
f 4074 4075 4177
f 4075 4178 4177
f 4075 4076 4178
f 4076 4179 4178
f 4076 4077 4179
f 4077 4180 4179
f 4077 4078 4180
f 4078 4181 4180
f 4078 4079 4181
f 4079 4182 4181
f 4079 4080 4182
f 4080 4183 4182
f 4080 4081 4183
f 4081 4184 4183
f 4155 4156 4258
f 4156 4259 4258
f 4156 4157 4259
f 4157 4260 4259
f 4157 4158 4260
f 4158 4261 4260
f 4158 4159 4261
f 4159 4262 4261
f 4159 4160 4262
f 4160 4263 4262
f 4160 4161 4263
f 4161 4264 4263
f 4161 4162 4264
f 4162 4265 4264
f 4162 4163 4265
f 4163 4266 4265
f 4163 4164 4266
f 4164 4267 4266
f 4164 4165 4267
f 4165 4268 4267
f 4165 4166 4268
f 4166 4269 4268
f 4166 4167 4269
f 4167 4270 4269
f 4167 4168 4270
f 4168 4271 4270
f 4168 4169 4271
f 4169 4272 4271
f 4169 4170 4272
f 4170 4273 4272
f 4170 4171 4273
f 4171 4274 4273
f 4171 4172 4274
f 4172 4275 4274
f 4172 4173 4275
f 4173 4276 4275
f 4173 4174 4276
f 4174 4277 4276
f 4174 4175 4277
f 4175 4278 4277
f 4175 4176 4278
f 4176 4279 4278
f 4176 4177 4279
f 4177 4280 4279
f 4177 4178 4280
f 4178 4281 4280
f 4178 4179 4281
f 4179 4282 4281
f 4179 4180 4282
f 4180 4283 4282
f 4180 4181 4283
f 4181 4284 4283
f 4181 4182 4284
f 4182 4285 4284
f 4182 4183 4285
f 4183 4286 4285
f 4183 4184 4286
f 4184 4287 4286
f 4258 4259 4361
f 4259 4362 4361
f 4259 4260 4362
f 4260 4363 4362
f 4260 4261 4363
f 4261 4364 4363
f 4261 4262 4364
f 4262 4365 4364
f 4262 4263 4365
f 4263 4366 4365
f 4263 4264 4366
f 4264 4367 4366
f 4264 4265 4367
f 4265 4368 4367
f 4265 4266 4368
f 4266 4369 4368
f 4266 4267 4369
f 4267 4370 4369
f 4267 4268 4370
f 4268 4371 4370
f 4268 4269 4371
f 4269 4372 4371
f 4269 4270 4372
f 4270 4373 4372
f 4270 4271 4373
f 4271 4374 4373
f 4271 4272 4374
f 4272 4375 4374
f 4272 4273 4375
f 4273 4376 4375
f 4273 4274 4376
f 4274 4377 4376
f 4274 4275 4377
f 4275 4378 4377
f 4275 4276 4378
f 4276 4379 4378
f 4276 4277 4379
f 4277 4380 4379
f 4277 4278 4380
f 4278 4381 4380
f 4278 4279 4381
f 4279 4382 4381
f 4279 4280 4382
f 4280 4383 4382
f 4280 4281 4383
f 4281 4384 4383
f 4281 4282 4384
f 4282 4385 4384
f 4282 4283 4385
f 4283 4386 4385
f 4283 4284 4386
f 4284 4387 4386
f 4284 4285 4387
f 4285 4388 4387
f 4285 4286 4388
f 4286 4389 4388
f 4286 4287 4389
f 4287 4390 4389
f 4361 4362 4464
f 4362 4465 4464
f 4362 4363 4465
f 4363 4466 4465
f 4363 4364 4466
f 4364 4467 4466
f 4364 4365 4467
f 4365 4468 4467
f 4365 4366 4468
f 4366 4469 4468
f 4366 4367 4469
f 4367 4470 4469
f 4367 4368 4470
f 4368 4471 4470
f 4368 4369 4471
f 4369 4472 4471
f 4369 4370 4472
f 4370 4473 4472
f 4370 4371 4473
f 4371 4474 4473
f 4371 4372 4474
f 4372 4475 4474
f 4372 4373 4475
f 4373 4476 4475
f 4373 4374 4476
f 4374 4477 4476
f 4374 4375 4477
f 4375 4478 4477
f 4375 4376 4478
f 4376 4479 4478
f 4376 4377 4479
f 4377 4480 4479
f 4377 4378 4480
f 4378 4481 4480
f 4378 4379 4481
f 4379 4482 4481
f 4379 4380 4482
f 4380 4483 4482
f 4380 4381 4483
f 4381 4484 4483
f 4381 4382 4484
f 4382 4485 4484
f 4382 4383 4485
f 4383 4486 4485
f 4383 4384 4486
f 4384 4487 4486
f 4384 4385 4487
f 4385 4488 4487
f 4385 4386 4488
f 4386 4489 4488
f 4386 4387 4489
f 4387 4490 4489
f 4387 4388 4490
f 4388 4491 4490
f 4388 4389 4491
f 4389 4492 4491
f 4389 4390 4492
f 4390 4493 4492
f 4463 4464 4566
f 4464 4567 4566
f 4464 4465 4567
f 4465 4568 4567
f 4465 4466 4568
f 4466 4569 4568
f 4466 4467 4569
f 4467 4570 4569
f 4467 4468 4570
f 4468 4571 4570
f 4468 4469 4571
f 4469 4572 4571
f 4469 4470 4572
f 4470 4573 4572
f 4470 4471 4573
f 4471 4574 4573
f 4471 4472 4574
f 4472 4575 4574
f 4472 4473 4575
f 4473 4576 4575
f 4473 4474 4576
f 4474 4577 4576
f 4474 4475 4577
f 4475 4578 4577
f 4475 4476 4578
f 4476 4579 4578
f 4476 4477 4579
f 4477 4580 4579
f 4477 4478 4580
f 4478 4581 4580
f 4478 4479 4581
f 4479 4582 4581
f 4479 4480 4582
f 4480 4583 4582
f 4480 4481 4583
f 4481 4584 4583
f 4481 4482 4584
f 4482 4585 4584
f 4482 4483 4585
f 4483 4586 4585
f 4483 4484 4586
f 4484 4587 4586
f 4484 4485 4587
f 4485 4588 4587
f 4485 4486 4588
f 4486 4589 4588
f 4486 4487 4589
f 4487 4590 4589
f 4487 4488 4590
f 4488 4591 4590
f 4488 4489 4591
f 4489 4592 4591
f 4489 4490 4592
f 4490 4593 4592
f 4490 4491 4593
f 4491 4594 4593
f 4491 4492 4594
f 4492 4595 4594
f 4492 4493 4595
f 4493 4596 4595
f 4566 4567 4669
f 4567 4670 4669
f 4567 4568 4670
f 4568 4671 4670
f 4568 4569 4671
f 4569 4672 4671
f 4569 4570 4672
f 4570 4673 4672
f 4570 4571 4673
f 4571 4674 4673
f 4571 4572 4674
f 4572 4675 4674
f 4572 4573 4675
f 4573 4676 4675
f 4573 4574 4676
f 4574 4677 4676
f 4574 4575 4677
f 4575 4678 4677
f 4575 4576 4678
f 4576 4679 4678
f 4576 4577 4679
f 4577 4680 4679
f 4577 4578 4680
f 4578 4681 4680
f 4578 4579 4681
f 4579 4682 4681
f 4579 4580 4682
f 4580 4683 4682
f 4580 4581 4683
f 4581 4684 4683
f 4581 4582 4684
f 4582 4685 4684
f 4582 4583 4685
f 4583 4686 4685
f 4583 4584 4686
f 4584 4687 4686
f 4584 4585 4687
f 4585 4688 4687
f 4585 4586 4688
f 4586 4689 4688
f 4586 4587 4689
f 4587 4690 4689
f 4587 4588 4690
f 4588 4691 4690
f 4588 4589 4691
f 4589 4692 4691
f 4589 4590 4692
f 4590 4693 4692
f 4590 4591 4693
f 4591 4694 4693
f 4591 4592 4694
f 4592 4695 4694
f 4592 4593 4695
f 4593 4696 4695
f 4593 4594 4696
f 4594 4697 4696
f 4594 4595 4697
f 4595 4698 4697
f 4595 4596 4698
f 4596 4699 4698
f 4669 4670 4772
f 4670 4773 4772
f 4670 4671 4773
f 4671 4774 4773
f 4671 4672 4774
f 4672 4775 4774
f 4672 4673 4775
f 4673 4776 4775
f 4673 4674 4776
f 4674 4777 4776
f 4674 4675 4777
f 4675 4778 4777
f 4675 4676 4778
f 4676 4779 4778
f 4676 4677 4779
f 4677 4780 4779
f 4677 4678 4780
f 4678 4781 4780
f 4678 4679 4781
f 4679 4782 4781
f 4679 4680 4782
f 4680 4783 4782
f 4680 4681 4783
f 4681 4784 4783
f 4681 4682 4784
f 4682 4785 4784
f 4682 4683 4785
f 4683 4786 4785
f 4683 4684 4786
f 4684 4787 4786
f 4684 4685 4787
f 4685 4788 4787
f 4685 4686 4788
f 4686 4789 4788
f 4686 4687 4789
f 4687 4790 4789
f 4687 4688 4790
f 4688 4791 4790
f 4688 4689 4791
f 4689 4792 4791
f 4689 4690 4792
f 4690 4793 4792
f 4690 4691 4793
f 4691 4794 4793
f 4691 4692 4794
f 4692 4795 4794
f 4692 4693 4795
f 4693 4796 4795
f 4693 4694 4796
f 4694 4797 4796
f 4694 4695 4797
f 4695 4798 4797
f 4695 4696 4798
f 4696 4799 4798
f 4696 4697 4799
f 4697 4800 4799
f 4697 4698 4800
f 4698 4801 4800
f 4772 4773 4875
f 4773 4876 4875
f 4773 4774 4876
f 4774 4877 4876
f 4774 4775 4877
f 4775 4878 4877
f 4775 4776 4878
f 4776 4879 4878
f 4776 4777 4879
f 4777 4880 4879
f 4777 4778 4880
f 4778 4881 4880
f 4778 4779 4881
f 4779 4882 4881
f 4779 4780 4882
f 4780 4883 4882
f 4780 4781 4883
f 4781 4884 4883
f 4781 4782 4884
f 4782 4885 4884
f 4782 4783 4885
f 4783 4886 4885
f 4783 4784 4886
f 4784 4887 4886
f 4784 4785 4887
f 4785 4888 4887
f 4785 4786 4888
f 4786 4889 4888
f 4786 4787 4889
f 4787 4890 4889
f 4787 4788 4890
f 4788 4891 4890
f 4788 4789 4891
f 4789 4892 4891
f 4789 4790 4892
f 4790 4893 4892
f 4790 4791 4893
f 4791 4894 4893
f 4791 4792 4894
f 4792 4895 4894
f 4792 4793 4895
f 4793 4896 4895
f 4793 4794 4896
f 4794 4897 4896
f 4794 4795 4897
f 4795 4898 4897
f 4795 4796 4898
f 4796 4899 4898
f 4796 4797 4899
f 4797 4900 4899
f 4797 4798 4900
f 4798 4901 4900
f 4798 4799 4901
f 4799 4902 4901
f 4799 4800 4902
f 4800 4903 4902
f 4800 4801 4903
f 4801 4904 4903
f 4875 4876 4978
f 4876 4979 4978
f 4876 4877 4979
f 4877 4980 4979
f 4877 4878 4980
f 4878 4981 4980
f 4878 4879 4981
f 4879 4982 4981
f 4879 4880 4982
f 4880 4983 4982
f 4880 4881 4983
f 4881 4984 4983
f 4881 4882 4984
f 4882 4985 4984
f 4882 4883 4985
f 4883 4986 4985
f 4883 4884 4986
f 4884 4987 4986
f 4884 4885 4987
f 4885 4988 4987
f 4885 4886 4988
f 4886 4989 4988
f 4886 4887 4989
f 4887 4990 4989
f 4887 4888 4990
f 4888 4991 4990
f 4888 4889 4991
f 4889 4992 4991
f 4889 4890 4992
f 4890 4993 4992
f 4890 4891 4993
f 4891 4994 4993
f 4891 4892 4994
f 4892 4995 4994
f 4892 4893 4995
f 4893 4996 4995
f 4893 4894 4996
f 4894 4997 4996
f 4894 4895 4997
f 4895 4998 4997
f 4895 4896 4998
f 4896 4999 4998
f 4896 4897 4999
f 4897 5000 4999
f 4897 4898 5000
f 4898 5001 5000
f 4898 4899 5001
f 4899 5002 5001
f 4899 4900 5002
f 4900 5003 5002
f 4900 4901 5003
f 4901 5004 5003
f 4901 4902 5004
f 4902 5005 5004
f 4902 4903 5005
f 4903 5006 5005
f 4903 4904 5006
f 4904 5007 5006
f 4978 4979 5081
f 4979 5082 5081
f 4979 4980 5082
f 4980 5083 5082
f 4980 4981 5083
f 4981 5084 5083
f 4981 4982 5084
f 4982 5085 5084
f 4982 4983 5085
f 4983 5086 5085
f 4983 4984 5086
f 4984 5087 5086
f 4984 4985 5087
f 4985 5088 5087
f 4985 4986 5088
f 4986 5089 5088
f 4986 4987 5089
f 4987 5090 5089
f 4987 4988 5090
f 4988 5091 5090
f 4988 4989 5091
f 4989 5092 5091
f 4989 4990 5092
f 4990 5093 5092
f 4990 4991 5093
f 4991 5094 5093
f 4991 4992 5094
f 4992 5095 5094
f 4992 4993 5095
f 4993 5096 5095
f 4993 4994 5096
f 4994 5097 5096
f 4994 4995 5097
f 4995 5098 5097
f 4995 4996 5098
f 4996 5099 5098
f 4996 4997 5099
f 4997 5100 5099
f 4997 4998 5100
f 4998 5101 5100
f 4998 4999 5101
f 4999 5102 5101
f 4999 5000 5102
f 5000 5103 5102
f 5000 5001 5103
f 5001 5104 5103
f 5001 5002 5104
f 5002 5105 5104
f 5002 5003 5105
f 5003 5106 5105
f 5003 5004 5106
f 5004 5107 5106
f 5004 5005 5107
f 5005 5108 5107
f 5005 5006 5108
f 5006 5109 5108
f 5006 5007 5109
f 5007 5110 5109
f 5081 5082 5184
f 5082 5185 5184
f 5082 5083 5185
f 5083 5186 5185
f 5083 5084 5186
f 5084 5187 5186
f 5084 5085 5187
f 5085 5188 5187
f 5085 5086 5188
f 5086 5189 5188
f 5086 5087 5189
f 5087 5190 5189
f 5087 5088 5190
f 5088 5191 5190
f 5088 5089 5191
f 5089 5192 5191
f 5089 5090 5192
f 5090 5193 5192
f 5090 5091 5193
f 5091 5194 5193
f 5091 5092 5194
f 5092 5195 5194
f 5092 5093 5195
f 5093 5196 5195
f 5093 5094 5196
f 5094 5197 5196
f 5094 5095 5197
f 5095 5198 5197
f 5095 5096 5198
f 5096 5199 5198
f 5096 5097 5199
f 5097 5200 5199
f 5097 5098 5200
f 5098 5201 5200
f 5098 5099 5201
f 5099 5202 5201
f 5099 5100 5202
f 5100 5203 5202
f 5100 5101 5203
f 5101 5204 5203
f 5101 5102 5204
f 5102 5205 5204
f 5102 5103 5205
f 5103 5206 5205
f 5103 5104 5206
f 5104 5207 5206
f 5104 5105 5207
f 5105 5208 5207
f 5105 5106 5208
f 5106 5209 5208
f 5106 5107 5209
f 5107 5210 5209
f 5107 5108 5210
f 5108 5211 5210
f 5108 5109 5211
f 5109 5212 5211
f 5109 5110 5212
f 5110 5213 5212
f 5184 5185 5287
f 5185 5288 5287
f 5185 5186 5288
f 5186 5289 5288
f 5186 5187 5289
f 5187 5290 5289
f 5187 5188 5290
f 5188 5291 5290
f 5188 5189 5291
f 5189 5292 5291
f 5189 5190 5292
f 5190 5293 5292
f 5190 5191 5293
f 5191 5294 5293
f 5191 5192 5294
f 5192 5295 5294
f 5192 5193 5295
f 5193 5296 5295
f 5193 5194 5296
f 5194 5297 5296
f 5194 5195 5297
f 5195 5298 5297
f 5195 5196 5298
f 5196 5299 5298
f 5196 5197 5299
f 5197 5300 5299
f 5197 5198 5300
f 5198 5301 5300
f 5198 5199 5301
f 5199 5302 5301
f 5199 5200 5302
f 5200 5303 5302
f 5200 5201 5303
f 5201 5304 5303
f 5201 5202 5304
f 5202 5305 5304
f 5202 5203 5305
f 5203 5306 5305
f 5203 5204 5306
f 5204 5307 5306
f 5204 5205 5307
f 5205 5308 5307
f 5205 5206 5308
f 5206 5309 5308
f 5206 5207 5309
f 5207 5310 5309
f 5207 5208 5310
f 5208 5311 5310
f 5208 5209 5311
f 5209 5312 5311
f 5209 5210 5312
f 5210 5313 5312
f 5210 5211 5313
f 5211 5314 5313
f 5211 5212 5314
f 5212 5315 5314
f 5212 5213 5315
f 5213 5316 5315
f 5287 5288 5390
f 5288 5391 5390
f 5288 5289 5391
f 5289 5392 5391
f 5289 5290 5392
f 5290 5393 5392
f 5290 5291 5393
f 5291 5394 5393
f 5291 5292 5394
f 5292 5395 5394
f 5292 5293 5395
f 5293 5396 5395
f 5293 5294 5396
f 5294 5397 5396
f 5294 5295 5397
f 5295 5398 5397
f 5295 5296 5398
f 5296 5399 5398
f 5296 5297 5399
f 5297 5400 5399
f 5297 5298 5400
f 5298 5401 5400
f 5298 5299 5401
f 5299 5402 5401
f 5299 5300 5402
f 5300 5403 5402
f 5300 5301 5403
f 5301 5404 5403
f 5301 5302 5404
f 5302 5405 5404
f 5302 5303 5405
f 5303 5406 5405
f 5303 5304 5406
f 5304 5407 5406
f 5304 5305 5407
f 5305 5408 5407
f 5305 5306 5408
f 5306 5409 5408
f 5306 5307 5409
f 5307 5410 5409
f 5307 5308 5410
f 5308 5411 5410
f 5308 5309 5411
f 5309 5412 5411
f 5309 5310 5412
f 5310 5413 5412
f 5310 5311 5413
f 5311 5414 5413
f 5311 5312 5414
f 5312 5415 5414
f 5312 5313 5415
f 5313 5416 5415
f 5313 5314 5416
f 5314 5417 5416
f 5314 5315 5417
f 5315 5418 5417
f 5390 5391 5493
f 5391 5494 5493
f 5391 5392 5494
f 5392 5495 5494
f 5392 5393 5495
f 5393 5496 5495
f 5393 5394 5496
f 5394 5497 5496
f 5394 5395 5497
f 5395 5498 5497
f 5395 5396 5498
f 5396 5499 5498
f 5396 5397 5499
f 5397 5500 5499
f 5397 5398 5500
f 5398 5501 5500
f 5398 5399 5501
f 5399 5502 5501
f 5399 5400 5502
f 5400 5503 5502
f 5400 5401 5503
f 5401 5504 5503
f 5401 5402 5504
f 5402 5505 5504
f 5402 5403 5505
f 5403 5506 5505
f 5403 5404 5506
f 5404 5507 5506
f 5404 5405 5507
f 5405 5508 5507
f 5405 5406 5508
f 5406 5509 5508
f 5406 5407 5509
f 5407 5510 5509
f 5407 5408 5510
f 5408 5511 5510
f 5408 5409 5511
f 5409 5512 5511
f 5409 5410 5512
f 5410 5513 5512
f 5410 5411 5513
f 5411 5514 5513
f 5411 5412 5514
f 5412 5515 5514
f 5412 5413 5515
f 5413 5516 5515
f 5413 5414 5516
f 5414 5517 5516
f 5414 5415 5517
f 5415 5518 5517
f 5415 5416 5518
f 5416 5519 5518
f 5416 5417 5519
f 5417 5520 5519
f 5417 5418 5520
f 5418 5521 5520
f 5493 5494 5596
f 5494 5597 5596
f 5494 5495 5597
f 5495 5598 5597
f 5495 5496 5598
f 5496 5599 5598
f 5496 5497 5599
f 5497 5600 5599
f 5497 5498 5600
f 5498 5601 5600
f 5498 5499 5601
f 5499 5602 5601
f 5499 5500 5602
f 5500 5603 5602
f 5500 5501 5603
f 5501 5604 5603
f 5501 5502 5604
f 5502 5605 5604
f 5502 5503 5605
f 5503 5606 5605
f 5503 5504 5606
f 5504 5607 5606
f 5504 5505 5607
f 5505 5608 5607
f 5505 5506 5608
f 5506 5609 5608
f 5506 5507 5609
f 5507 5610 5609
f 5507 5508 5610
f 5508 5611 5610
f 5508 5509 5611
f 5509 5612 5611
f 5509 5510 5612
f 5510 5613 5612
f 5510 5511 5613
f 5511 5614 5613
f 5511 5512 5614
f 5512 5615 5614
f 5512 5513 5615
f 5513 5616 5615
f 5513 5514 5616
f 5514 5617 5616
f 5514 5515 5617
f 5515 5618 5617
f 5515 5516 5618
f 5516 5619 5618
f 5516 5517 5619
f 5517 5620 5619
f 5517 5518 5620
f 5518 5621 5620
f 5518 5519 5621
f 5519 5622 5621
f 5519 5520 5622
f 5520 5623 5622
f 5520 5521 5623
f 5521 5624 5623
f 5596 5597 5699
f 5597 5700 5699
f 5597 5598 5700
f 5598 5701 5700
f 5598 5599 5701
f 5599 5702 5701
f 5599 5600 5702
f 5600 5703 5702
f 5600 5601 5703
f 5601 5704 5703
f 5601 5602 5704
f 5602 5705 5704
f 5602 5603 5705
f 5603 5706 5705
f 5603 5604 5706
f 5604 5707 5706
f 5604 5605 5707
f 5605 5708 5707
f 5605 5606 5708
f 5606 5709 5708
f 5606 5607 5709
f 5607 5710 5709
f 5607 5608 5710
f 5608 5711 5710
f 5608 5609 5711
f 5609 5712 5711
f 5609 5610 5712
f 5610 5713 5712
f 5610 5611 5713
f 5611 5714 5713
f 5611 5612 5714
f 5612 5715 5714
f 5612 5613 5715
f 5613 5716 5715
f 5613 5614 5716
f 5614 5717 5716
f 5614 5615 5717
f 5615 5718 5717
f 5615 5616 5718
f 5616 5719 5718
f 5616 5617 5719
f 5617 5720 5719
f 5617 5618 5720
f 5618 5721 5720
f 5618 5619 5721
f 5619 5722 5721
f 5619 5620 5722
f 5620 5723 5722
f 5620 5621 5723
f 5621 5724 5723
f 5621 5622 5724
f 5622 5725 5724
f 5622 5623 5725
f 5623 5726 5725
f 5623 5624 5726
f 5624 5727 5726
f 5700 5701 5803
f 5701 5804 5803
f 5701 5702 5804
f 5702 5805 5804
f 5702 5703 5805
f 5703 5806 5805
f 5703 5704 5806
f 5704 5807 5806
f 5704 5705 5807
f 5705 5808 5807
f 5705 5706 5808
f 5706 5809 5808
f 5706 5707 5809
f 5707 5810 5809
f 5707 5708 5810
f 5708 5811 5810
f 5708 5709 5811
f 5709 5812 5811
f 5709 5710 5812
f 5710 5813 5812
f 5710 5711 5813
f 5711 5814 5813
f 5711 5712 5814
f 5712 5815 5814
f 5712 5713 5815
f 5713 5816 5815
f 5713 5714 5816
f 5714 5817 5816
f 5714 5715 5817
f 5715 5818 5817
f 5715 5716 5818
f 5716 5819 5818
f 5716 5717 5819
f 5717 5820 5819
f 5717 5718 5820
f 5718 5821 5820
f 5718 5719 5821
f 5719 5822 5821
f 5719 5720 5822
f 5720 5823 5822
f 5720 5721 5823
f 5721 5824 5823
f 5721 5722 5824
f 5722 5825 5824
f 5722 5723 5825
f 5723 5826 5825
f 5723 5724 5826
f 5724 5827 5826
f 5724 5725 5827
f 5725 5828 5827
f 5725 5726 5828
f 5726 5829 5828
f 5803 5804 5906
f 5804 5907 5906
f 5804 5805 5907
f 5805 5908 5907
f 5805 5806 5908
f 5806 5909 5908
f 5806 5807 5909
f 5807 5910 5909
f 5807 5808 5910
f 5808 5911 5910
f 5808 5809 5911
f 5809 5912 5911
f 5809 5810 5912
f 5810 5913 5912
f 5810 5811 5913
f 5811 5914 5913
f 5811 5812 5914
f 5812 5915 5914
f 5812 5813 5915
f 5813 5916 5915
f 5813 5814 5916
f 5814 5917 5916
f 5814 5815 5917
f 5815 5918 5917
f 5815 5816 5918
f 5816 5919 5918
f 5816 5817 5919
f 5817 5920 5919
f 5817 5818 5920
f 5818 5921 5920
f 5818 5819 5921
f 5819 5922 5921
f 5819 5820 5922
f 5820 5923 5922
f 5820 5821 5923
f 5821 5924 5923
f 5821 5822 5924
f 5822 5925 5924
f 5822 5823 5925
f 5823 5926 5925
f 5823 5824 5926
f 5824 5927 5926
f 5824 5825 5927
f 5825 5928 5927
f 5825 5826 5928
f 5826 5929 5928
f 5826 5827 5929
f 5827 5930 5929
f 5827 5828 5930
f 5828 5931 5930
f 5828 5829 5931
f 5829 5932 5931
f 5906 5907 6009
f 5907 6010 6009
f 5907 5908 6010
f 5908 6011 6010
f 5908 5909 6011
f 5909 6012 6011
f 5909 5910 6012
f 5910 6013 6012
f 5910 5911 6013
f 5911 6014 6013
f 5911 5912 6014
f 5912 6015 6014
f 5912 5913 6015
f 5913 6016 6015
f 5913 5914 6016
f 5914 6017 6016
f 5914 5915 6017
f 5915 6018 6017
f 5915 5916 6018
f 5916 6019 6018
f 5916 5917 6019
f 5917 6020 6019
f 5917 5918 6020
f 5918 6021 6020
f 5918 5919 6021
f 5919 6022 6021
f 5919 5920 6022
f 5920 6023 6022
f 5920 5921 6023
f 5921 6024 6023
f 5921 5922 6024
f 5922 6025 6024
f 5922 5923 6025
f 5923 6026 6025
f 5923 5924 6026
f 5924 6027 6026
f 5924 5925 6027
f 5925 6028 6027
f 5925 5926 6028
f 5926 6029 6028
f 5926 5927 6029
f 5927 6030 6029
f 5927 5928 6030
f 5928 6031 6030
f 5928 5929 6031
f 5929 6032 6031
f 5929 5930 6032
f 5930 6033 6032
f 5930 5931 6033
f 5931 6034 6033
f 6009 6010 6112
f 6010 6113 6112
f 6010 6011 6113
f 6011 6114 6113
f 6011 6012 6114
f 6012 6115 6114
f 6012 6013 6115
f 6013 6116 6115
f 6013 6014 6116
f 6014 6117 6116
f 6014 6015 6117
f 6015 6118 6117
f 6015 6016 6118
f 6016 6119 6118
f 6016 6017 6119
f 6017 6120 6119
f 6017 6018 6120
f 6018 6121 6120
f 6018 6019 6121
f 6019 6122 6121
f 6019 6020 6122
f 6020 6123 6122
f 6020 6021 6123
f 6021 6124 6123
f 6021 6022 6124
f 6022 6125 6124
f 6022 6023 6125
f 6023 6126 6125
f 6023 6024 6126
f 6024 6127 6126
f 6024 6025 6127
f 6025 6128 6127
f 6025 6026 6128
f 6026 6129 6128
f 6026 6027 6129
f 6027 6130 6129
f 6027 6028 6130
f 6028 6131 6130
f 6028 6029 6131
f 6029 6132 6131
f 6029 6030 6132
f 6030 6133 6132
f 6030 6031 6133
f 6031 6134 6133
f 6031 6032 6134
f 6032 6135 6134
f 6032 6033 6135
f 6033 6136 6135
f 6112 6113 6215
f 6113 6216 6215
f 6113 6114 6216
f 6114 6217 6216
f 6114 6115 6217
f 6115 6218 6217
f 6115 6116 6218
f 6116 6219 6218
f 6116 6117 6219
f 6117 6220 6219
f 6117 6118 6220
f 6118 6221 6220
f 6118 6119 6221
f 6119 6222 6221
f 6119 6120 6222
f 6120 6223 6222
f 6120 6121 6223
f 6121 6224 6223
f 6121 6122 6224
f 6122 6225 6224
f 6122 6123 6225
f 6123 6226 6225
f 6123 6124 6226
f 6124 6227 6226
f 6124 6125 6227
f 6125 6228 6227
f 6125 6126 6228
f 6126 6229 6228
f 6126 6127 6229
f 6127 6230 6229
f 6127 6128 6230
f 6128 6231 6230
f 6128 6129 6231
f 6129 6232 6231
f 6129 6130 6232
f 6130 6233 6232
f 6130 6131 6233
f 6131 6234 6233
f 6131 6132 6234
f 6132 6235 6234
f 6132 6133 6235
f 6133 6236 6235
f 6133 6134 6236
f 6134 6237 6236
f 6134 6135 6237
f 6135 6238 6237
f 6135 6136 6238
f 6136 6239 6238
f 6215 6216 6318
f 6216 6319 6318
f 6216 6217 6319
f 6217 6320 6319
f 6217 6218 6320
f 6218 6321 6320
f 6218 6219 6321
f 6219 6322 6321
f 6219 6220 6322
f 6220 6323 6322
f 6220 6221 6323
f 6221 6324 6323
f 6221 6222 6324
f 6222 6325 6324
f 6222 6223 6325
f 6223 6326 6325
f 6223 6224 6326
f 6224 6327 6326
f 6224 6225 6327
f 6225 6328 6327
f 6225 6226 6328
f 6226 6329 6328
f 6226 6227 6329
f 6227 6330 6329
f 6227 6228 6330
f 6228 6331 6330
f 6228 6229 6331
f 6229 6332 6331
f 6229 6230 6332
f 6230 6333 6332
f 6230 6231 6333
f 6231 6334 6333
f 6231 6232 6334
f 6232 6335 6334
f 6232 6233 6335
f 6233 6336 6335
f 6233 6234 6336
f 6234 6337 6336
f 6234 6235 6337
f 6235 6338 6337
f 6235 6236 6338
f 6236 6339 6338
f 6236 6237 6339
f 6237 6340 6339
f 6237 6238 6340
f 6238 6341 6340
f 6318 6319 6421
f 6319 6422 6421
f 6319 6320 6422
f 6320 6423 6422
f 6320 6321 6423
f 6321 6424 6423
f 6321 6322 6424
f 6322 6425 6424
f 6322 6323 6425
f 6323 6426 6425
f 6323 6324 6426
f 6324 6427 6426
f 6324 6325 6427
f 6325 6428 6427
f 6325 6326 6428
f 6326 6429 6428
f 6326 6327 6429
f 6327 6430 6429
f 6327 6328 6430
f 6328 6431 6430
f 6328 6329 6431
f 6329 6432 6431
f 6329 6330 6432
f 6330 6433 6432
f 6330 6331 6433
f 6331 6434 6433
f 6331 6332 6434
f 6332 6435 6434
f 6332 6333 6435
f 6333 6436 6435
f 6333 6334 6436
f 6334 6437 6436
f 6334 6335 6437
f 6335 6438 6437
f 6335 6336 6438
f 6336 6439 6438
f 6336 6337 6439
f 6337 6440 6439
f 6337 6338 6440
f 6338 6441 6440
f 6338 6339 6441
f 6339 6442 6441
f 6339 6340 6442
f 6340 6443 6442
f 6340 6341 6443
f 6341 6444 6443
f 6420 6421 6523
f 6421 6524 6523
f 6421 6422 6524
f 6422 6525 6524
f 6422 6423 6525
f 6423 6526 6525
f 6423 6424 6526
f 6424 6527 6526
f 6424 6425 6527
f 6425 6528 6527
f 6425 6426 6528
f 6426 6529 6528
f 6426 6427 6529
f 6427 6530 6529
f 6427 6428 6530
f 6428 6531 6530
f 6428 6429 6531
f 6429 6532 6531
f 6429 6430 6532
f 6430 6533 6532
f 6430 6431 6533
f 6431 6534 6533
f 6431 6432 6534
f 6432 6535 6534
f 6432 6433 6535
f 6433 6536 6535
f 6433 6434 6536
f 6434 6537 6536
f 6434 6435 6537
f 6435 6538 6537
f 6435 6436 6538
f 6436 6539 6538
f 6436 6437 6539
f 6437 6540 6539
f 6437 6438 6540
f 6438 6541 6540
f 6438 6439 6541
f 6439 6542 6541
f 6439 6440 6542
f 6440 6543 6542
f 6440 6441 6543
f 6441 6544 6543
f 6441 6442 6544
f 6442 6545 6544
f 6442 6443 6545
f 6443 6546 6545
f 6443 6444 6546
f 6444 6547 6546
f 6523 6524 6626
f 6524 6627 6626
f 6524 6525 6627
f 6525 6628 6627
f 6525 6526 6628
f 6526 6629 6628
f 6526 6527 6629
f 6527 6630 6629
f 6527 6528 6630
f 6528 6631 6630
f 6528 6529 6631
f 6529 6632 6631
f 6529 6530 6632
f 6530 6633 6632
f 6530 6531 6633
f 6531 6634 6633
f 6531 6532 6634
f 6532 6635 6634
f 6532 6533 6635
f 6533 6636 6635
f 6533 6534 6636
f 6534 6637 6636
f 6534 6535 6637
f 6535 6638 6637
f 6535 6536 6638
f 6536 6639 6638
f 6536 6537 6639
f 6537 6640 6639
f 6537 6538 6640
f 6538 6641 6640
f 6538 6539 6641
f 6539 6642 6641
f 6539 6540 6642
f 6540 6643 6642
f 6540 6541 6643
f 6541 6644 6643
f 6541 6542 6644
f 6542 6645 6644
f 6542 6543 6645
f 6543 6646 6645
f 6543 6544 6646
f 6544 6647 6646
f 6544 6545 6647
f 6545 6648 6647
f 6545 6546 6648
f 6546 6649 6648
f 6546 6547 6649
f 6547 6650 6649
f 6626 6627 6729
f 6627 6730 6729
f 6627 6628 6730
f 6628 6731 6730
f 6628 6629 6731
f 6629 6732 6731
f 6629 6630 6732
f 6630 6733 6732
f 6630 6631 6733
f 6631 6734 6733
f 6631 6632 6734
f 6632 6735 6734
f 6632 6633 6735
f 6633 6736 6735
f 6633 6634 6736
f 6634 6737 6736
f 6634 6635 6737
f 6635 6738 6737
f 6635 6636 6738
f 6636 6739 6738
f 6636 6637 6739
f 6637 6740 6739
f 6637 6638 6740
f 6638 6741 6740
f 6638 6639 6741
f 6639 6742 6741
f 6639 6640 6742
f 6640 6743 6742
f 6640 6641 6743
f 6641 6744 6743
f 6641 6642 6744
f 6642 6745 6744
f 6642 6643 6745
f 6643 6746 6745
f 6643 6644 6746
f 6644 6747 6746
f 6644 6645 6747
f 6645 6748 6747
f 6645 6646 6748
f 6646 6749 6748
f 6646 6647 6749
f 6647 6750 6749
f 6647 6648 6750
f 6648 6751 6750
f 6648 6649 6751
f 6649 6752 6751
f 6649 6650 6752
f 6650 6753 6752
f 6729 6730 6832
f 6730 6833 6832
f 6730 6731 6833
f 6731 6834 6833
f 6731 6732 6834
f 6732 6835 6834
f 6732 6733 6835
f 6733 6836 6835
f 6733 6734 6836
f 6734 6837 6836
f 6734 6735 6837
f 6735 6838 6837
f 6735 6736 6838
f 6736 6839 6838
f 6736 6737 6839
f 6737 6840 6839
f 6737 6738 6840
f 6738 6841 6840
f 6738 6739 6841
f 6739 6842 6841
f 6739 6740 6842
f 6740 6843 6842
f 6740 6741 6843
f 6741 6844 6843
f 6741 6742 6844
f 6742 6845 6844
f 6742 6743 6845
f 6743 6846 6845
f 6743 6744 6846
f 6744 6847 6846
f 6744 6745 6847
f 6745 6848 6847
f 6745 6746 6848
f 6746 6849 6848
f 6746 6747 6849
f 6747 6850 6849
f 6747 6748 6850
f 6748 6851 6850
f 6748 6749 6851
f 6749 6852 6851
f 6749 6750 6852
f 6750 6853 6852
f 6750 6751 6853
f 6751 6854 6853
f 6751 6752 6854
f 6752 6855 6854
f 6752 6753 6855
f 6753 6856 6855
f 6833 6834 6936
f 6834 6937 6936
f 6834 6835 6937
f 6835 6938 6937
f 6835 6836 6938
f 6836 6939 6938
f 6836 6837 6939
f 6837 6940 6939
f 6837 6838 6940
f 6838 6941 6940
f 6838 6839 6941
f 6839 6942 6941
f 6839 6840 6942
f 6840 6943 6942
f 6840 6841 6943
f 6841 6944 6943
f 6841 6842 6944
f 6842 6945 6944
f 6842 6843 6945
f 6843 6946 6945
f 6843 6844 6946
f 6844 6947 6946
f 6844 6845 6947
f 6845 6948 6947
f 6845 6846 6948
f 6846 6949 6948
f 6846 6847 6949
f 6847 6950 6949
f 6847 6848 6950
f 6848 6951 6950
f 6848 6849 6951
f 6849 6952 6951
f 6849 6850 6952
f 6850 6953 6952
f 6850 6851 6953
f 6851 6954 6953
f 6851 6852 6954
f 6852 6955 6954
f 6852 6853 6955
f 6853 6956 6955
f 6853 6854 6956
f 6854 6957 6956
f 6854 6855 6957
f 6855 6958 6957
f 6855 6856 6958
f 6856 6959 6958
f 6936 6937 7039
f 6937 7040 7039
f 6937 6938 7040
f 6938 7041 7040
f 6938 6939 7041
f 6939 7042 7041
f 6939 6940 7042
f 6940 7043 7042
f 6940 6941 7043
f 6941 7044 7043
f 6941 6942 7044
f 6942 7045 7044
f 6942 6943 7045
f 6943 7046 7045
f 6943 6944 7046
f 6944 7047 7046
f 6944 6945 7047
f 6945 7048 7047
f 6945 6946 7048
f 6946 7049 7048
f 6946 6947 7049
f 6947 7050 7049
f 6947 6948 7050
f 6948 7051 7050
f 6948 6949 7051
f 6949 7052 7051
f 6949 6950 7052
f 6950 7053 7052
f 6950 6951 7053
f 6951 7054 7053
f 6951 6952 7054
f 6952 7055 7054
f 6952 6953 7055
f 6953 7056 7055
f 6953 6954 7056
f 6954 7057 7056
f 6954 6955 7057
f 6955 7058 7057
f 6955 6956 7058
f 6956 7059 7058
f 6956 6957 7059
f 6957 7060 7059
f 6957 6958 7060
f 6958 7061 7060
f 6958 6959 7061
f 6959 7062 7061
f 7039 7040 7142
f 7040 7143 7142
f 7040 7041 7143
f 7041 7144 7143
f 7041 7042 7144
f 7042 7145 7144
f 7042 7043 7145
f 7043 7146 7145
f 7043 7044 7146
f 7044 7147 7146
f 7044 7045 7147
f 7045 7148 7147
f 7045 7046 7148
f 7046 7149 7148
f 7046 7047 7149
f 7047 7150 7149
f 7047 7048 7150
f 7048 7151 7150
f 7048 7049 7151
f 7049 7152 7151
f 7049 7050 7152
f 7050 7153 7152
f 7050 7051 7153
f 7051 7154 7153
f 7051 7052 7154
f 7052 7155 7154
f 7052 7053 7155
f 7053 7156 7155
f 7053 7054 7156
f 7054 7157 7156
f 7054 7055 7157
f 7055 7158 7157
f 7055 7056 7158
f 7056 7159 7158
f 7056 7057 7159
f 7057 7160 7159
f 7057 7058 7160
f 7058 7161 7160
f 7058 7059 7161
f 7059 7162 7161
f 7059 7060 7162
f 7060 7163 7162
f 7060 7061 7163
f 7061 7164 7163
f 7061 7062 7164
f 7062 7165 7164
f 7142 7143 7245
f 7143 7246 7245
f 7143 7144 7246
f 7144 7247 7246
f 7144 7145 7247
f 7145 7248 7247
f 7145 7146 7248
f 7146 7249 7248
f 7146 7147 7249
f 7147 7250 7249
f 7147 7148 7250
f 7148 7251 7250
f 7148 7149 7251
f 7149 7252 7251
f 7149 7150 7252
f 7150 7253 7252
f 7150 7151 7253
f 7151 7254 7253
f 7151 7152 7254
f 7152 7255 7254
f 7152 7153 7255
f 7153 7256 7255
f 7153 7154 7256
f 7154 7257 7256
f 7154 7155 7257
f 7155 7258 7257
f 7155 7156 7258
f 7156 7259 7258
f 7156 7157 7259
f 7157 7260 7259
f 7157 7158 7260
f 7158 7261 7260
f 7158 7159 7261
f 7159 7262 7261
f 7159 7160 7262
f 7160 7263 7262
f 7160 7161 7263
f 7161 7264 7263
f 7161 7162 7264
f 7162 7265 7264
f 7162 7163 7265
f 7163 7266 7265
f 7163 7164 7266
f 7164 7267 7266
f 7164 7165 7267
f 7165 7268 7267
f 7246 7247 7349
f 7247 7350 7349
f 7247 7248 7350
f 7248 7351 7350
f 7248 7249 7351
f 7249 7352 7351
f 7249 7250 7352
f 7250 7353 7352
f 7250 7251 7353
f 7251 7354 7353
f 7251 7252 7354
f 7252 7355 7354
f 7252 7253 7355
f 7253 7356 7355
f 7253 7254 7356
f 7254 7357 7356
f 7254 7255 7357
f 7255 7358 7357
f 7255 7256 7358
f 7256 7359 7358
f 7256 7257 7359
f 7257 7360 7359
f 7257 7258 7360
f 7258 7361 7360
f 7258 7259 7361
f 7259 7362 7361
f 7259 7260 7362
f 7260 7363 7362
f 7260 7261 7363
f 7261 7364 7363
f 7261 7262 7364
f 7262 7365 7364
f 7262 7263 7365
f 7263 7366 7365
f 7263 7264 7366
f 7264 7367 7366
f 7264 7265 7367
f 7265 7368 7367
f 7265 7266 7368
f 7266 7369 7368
f 7266 7267 7369
f 7267 7370 7369
f 7267 7268 7370
f 7268 7371 7370
f 7349 7350 7452
f 7350 7453 7452
f 7350 7351 7453
f 7351 7454 7453
f 7351 7352 7454
f 7352 7455 7454
f 7352 7353 7455
f 7353 7456 7455
f 7353 7354 7456
f 7354 7457 7456
f 7354 7355 7457
f 7355 7458 7457
f 7355 7356 7458
f 7356 7459 7458
f 7356 7357 7459
f 7357 7460 7459
f 7357 7358 7460
f 7358 7461 7460
f 7358 7359 7461
f 7359 7462 7461
f 7359 7360 7462
f 7360 7463 7462
f 7360 7361 7463
f 7361 7464 7463
f 7361 7362 7464
f 7362 7465 7464
f 7362 7363 7465
f 7363 7466 7465
f 7363 7364 7466
f 7364 7467 7466
f 7364 7365 7467
f 7365 7468 7467
f 7365 7366 7468
f 7366 7469 7468
f 7366 7367 7469
f 7367 7470 7469
f 7367 7368 7470
f 7368 7471 7470
f 7368 7369 7471
f 7369 7472 7471
f 7369 7370 7472
f 7370 7473 7472
f 7370 7371 7473
f 7371 7474 7473
f 7453 7454 7556
f 7454 7557 7556
f 7454 7455 7557
f 7455 7558 7557
f 7455 7456 7558
f 7456 7559 7558
f 7456 7457 7559
f 7457 7560 7559
f 7457 7458 7560
f 7458 7561 7560
f 7458 7459 7561
f 7459 7562 7561
f 7459 7460 7562
f 7460 7563 7562
f 7460 7461 7563
f 7461 7564 7563
f 7461 7462 7564
f 7462 7565 7564
f 7462 7463 7565
f 7463 7566 7565
f 7463 7464 7566
f 7464 7567 7566
f 7464 7465 7567
f 7465 7568 7567
f 7465 7466 7568
f 7466 7569 7568
f 7466 7467 7569
f 7467 7570 7569
f 7467 7468 7570
f 7468 7571 7570
f 7468 7469 7571
f 7469 7572 7571
f 7469 7470 7572
f 7470 7573 7572
f 7470 7471 7573
f 7471 7574 7573
f 7471 7472 7574
f 7472 7575 7574
f 7472 7473 7575
f 7473 7576 7575
f 7556 7557 7659
f 7557 7660 7659
f 7557 7558 7660
f 7558 7661 7660
f 7558 7559 7661
f 7559 7662 7661
f 7559 7560 7662
f 7560 7663 7662
f 7560 7561 7663
f 7561 7664 7663
f 7561 7562 7664
f 7562 7665 7664
f 7562 7563 7665
f 7563 7666 7665
f 7563 7564 7666
f 7564 7667 7666
f 7564 7565 7667
f 7565 7668 7667
f 7565 7566 7668
f 7566 7669 7668
f 7566 7567 7669
f 7567 7670 7669
f 7567 7568 7670
f 7568 7671 7670
f 7568 7569 7671
f 7569 7672 7671
f 7569 7570 7672
f 7570 7673 7672
f 7570 7571 7673
f 7571 7674 7673
f 7571 7572 7674
f 7572 7675 7674
f 7572 7573 7675
f 7573 7676 7675
f 7573 7574 7676
f 7574 7677 7676
f 7574 7575 7677
f 7575 7678 7677
f 7575 7576 7678
f 7576 7679 7678
f 7659 7660 7762
f 7660 7763 7762
f 7660 7661 7763
f 7661 7764 7763
f 7661 7662 7764
f 7662 7765 7764
f 7662 7663 7765
f 7663 7766 7765
f 7663 7664 7766
f 7664 7767 7766
f 7664 7665 7767
f 7665 7768 7767
f 7665 7666 7768
f 7666 7769 7768
f 7666 7667 7769
f 7667 7770 7769
f 7667 7668 7770
f 7668 7771 7770
f 7668 7669 7771
f 7669 7772 7771
f 7669 7670 7772
f 7670 7773 7772
f 7670 7671 7773
f 7671 7774 7773
f 7671 7672 7774
f 7672 7775 7774
f 7672 7673 7775
f 7673 7776 7775
f 7673 7674 7776
f 7674 7777 7776
f 7674 7675 7777
f 7675 7778 7777
f 7675 7676 7778
f 7676 7779 7778
f 7676 7677 7779
f 7677 7780 7779
f 7677 7678 7780
f 7678 7781 7780
f 7678 7679 7781
f 7679 7782 7781
f 7763 7764 7866
f 7764 7867 7866
f 7764 7765 7867
f 7765 7868 7867
f 7765 7766 7868
f 7766 7869 7868
f 7766 7767 7869
f 7767 7870 7869
f 7767 7768 7870
f 7768 7871 7870
f 7768 7769 7871
f 7769 7872 7871
f 7769 7770 7872
f 7770 7873 7872
f 7770 7771 7873
f 7771 7874 7873
f 7772 7773 7875
f 7773 7876 7875
f 7773 7774 7876
f 7774 7877 7876
f 7774 7775 7877
f 7775 7878 7877
f 7775 7776 7878
f 7776 7879 7878
f 7776 7777 7879
f 7777 7880 7879
f 7777 7778 7880
f 7778 7881 7880
f 7778 7779 7881
f 7779 7882 7881
f 7779 7780 7882
f 7780 7883 7882
f 7780 7781 7883
f 7781 7884 7883
f 7781 7782 7884
f 7782 7885 7884
f 7866 7867 7969
f 7867 7970 7969
f 7867 7868 7970
f 7868 7971 7970
f 7868 7869 7971
f 7869 7972 7971
f 7869 7870 7972
f 7870 7973 7972
f 7870 7871 7973
f 7871 7974 7973
f 7871 7872 7974
f 7872 7975 7974
f 7872 7873 7975
f 7873 7976 7975
f 7873 7874 7976
f 7874 7977 7976
f 7875 7876 7978
f 7876 7979 7978
f 7876 7877 7979
f 7877 7980 7979
f 7877 7878 7980
f 7878 7981 7980
f 7878 7879 7981
f 7879 7982 7981
f 7879 7880 7982
f 7880 7983 7982
f 7880 7881 7983
f 7881 7984 7983
f 7881 7882 7984
f 7882 7985 7984
f 7882 7883 7985
f 7883 7986 7985
f 7883 7884 7986
f 7884 7987 7986
f 7969 7970 8072
f 7970 8073 8072
f 7970 7971 8073
f 7971 8074 8073
f 7971 7972 8074
f 7972 8075 8074
f 7972 7973 8075
f 7973 8076 8075
f 7973 7974 8076
f 7974 8077 8076
f 7974 7975 8077
f 7975 8078 8077
f 7975 7976 8078
f 7976 8079 8078
f 7976 7977 8079
f 7977 8080 8079
f 7978 7979 8081
f 7979 8082 8081
f 7979 7980 8082
f 7980 8083 8082
f 7980 7981 8083
f 7981 8084 8083
f 7981 7982 8084
f 7982 8085 8084
f 7982 7983 8085
f 7983 8086 8085
f 7983 7984 8086
f 7984 8087 8086
f 7984 7985 8087
f 7985 8088 8087
f 7985 7986 8088
f 7986 8089 8088
f 7986 7987 8089
f 7987 8090 8089
f 8072 8073 8175
f 8073 8176 8175
f 8073 8074 8176
f 8074 8177 8176
f 8074 8075 8177
f 8075 8178 8177
f 8075 8076 8178
f 8076 8179 8178
f 8076 8077 8179
f 8077 8180 8179
f 8077 8078 8180
f 8078 8181 8180
f 8078 8079 8181
f 8079 8182 8181
f 8079 8080 8182
f 8080 8183 8182
f 8081 8082 8184
f 8082 8185 8184
f 8082 8083 8185
f 8083 8186 8185
f 8083 8084 8186
f 8084 8187 8186
f 8084 8085 8187
f 8085 8188 8187
f 8085 8086 8188
f 8086 8189 8188
f 8086 8087 8189
f 8087 8190 8189
f 8087 8088 8190
f 8088 8191 8190
f 8088 8089 8191
f 8089 8192 8191
f 8089 8090 8192
f 8090 8193 8192
f 8175 8176 8278
f 8176 8279 8278
f 8176 8177 8279
f 8177 8280 8279
f 8177 8178 8280
f 8178 8281 8280
f 8178 8179 8281
f 8179 8282 8281
f 8179 8180 8282
f 8180 8283 8282
f 8180 8181 8283
f 8181 8284 8283
f 8181 8182 8284
f 8182 8285 8284
f 8182 8183 8285
f 8183 8286 8285
f 8184 8185 8287
f 8185 8288 8287
f 8185 8186 8288
f 8186 8289 8288
f 8186 8187 8289
f 8187 8290 8289
f 8187 8188 8290
f 8188 8291 8290
f 8188 8189 8291
f 8189 8292 8291
f 8189 8190 8292
f 8190 8293 8292
f 8190 8191 8293
f 8191 8294 8293
f 8191 8192 8294
f 8192 8295 8294
f 8192 8193 8295
f 8193 8296 8295
f 8278 8279 8381
f 8279 8382 8381
f 8279 8280 8382
f 8280 8383 8382
f 8280 8281 8383
f 8281 8384 8383
f 8281 8282 8384
f 8282 8385 8384
f 8282 8283 8385
f 8283 8386 8385
f 8283 8284 8386
f 8284 8387 8386
f 8284 8285 8387
f 8285 8388 8387
f 8285 8286 8388
f 8286 8389 8388
f 8287 8288 8390
f 8288 8391 8390
f 8288 8289 8391
f 8289 8392 8391
f 8289 8290 8392
f 8290 8393 8392
f 8290 8291 8393
f 8291 8394 8393
f 8291 8292 8394
f 8292 8395 8394
f 8292 8293 8395
f 8293 8396 8395
f 8293 8294 8396
f 8294 8397 8396
f 8294 8295 8397
f 8295 8398 8397
f 8295 8296 8398
f 8296 8399 8398
f 8381 8382 8484
f 8382 8485 8484
f 8382 8383 8485
f 8383 8486 8485
f 8383 8384 8486
f 8384 8487 8486
f 8384 8385 8487
f 8385 8488 8487
f 8385 8386 8488
f 8386 8489 8488
f 8386 8387 8489
f 8387 8490 8489
f 8387 8388 8490
f 8388 8491 8490
f 8388 8389 8491
f 8389 8492 8491
f 8390 8391 8493
f 8391 8494 8493
f 8391 8392 8494
f 8392 8495 8494
f 8392 8393 8495
f 8393 8496 8495
f 8393 8394 8496
f 8394 8497 8496
f 8394 8395 8497
f 8395 8498 8497
f 8395 8396 8498
f 8396 8499 8498
f 8396 8397 8499
f 8397 8500 8499
f 8397 8398 8500
f 8398 8501 8500
f 8398 8399 8501
f 8399 8502 8501
f 8484 8485 8587
f 8485 8588 8587
f 8485 8486 8588
f 8486 8589 8588
f 8486 8487 8589
f 8487 8590 8589
f 8487 8488 8590
f 8488 8591 8590
f 8488 8489 8591
f 8489 8592 8591
f 8489 8490 8592
f 8490 8593 8592
f 8490 8491 8593
f 8491 8594 8593
f 8491 8492 8594
f 8492 8595 8594
f 8493 8494 8596
f 8494 8597 8596
f 8494 8495 8597
f 8495 8598 8597
f 8495 8496 8598
f 8496 8599 8598
f 8496 8497 8599
f 8497 8600 8599
f 8497 8498 8600
f 8498 8601 8600
f 8498 8499 8601
f 8499 8602 8601
f 8499 8500 8602
f 8500 8603 8602
f 8500 8501 8603
f 8501 8604 8603
f 8587 8588 8690
f 8588 8691 8690
f 8588 8589 8691
f 8589 8692 8691
f 8589 8590 8692
f 8590 8693 8692
f 8590 8591 8693
f 8591 8694 8693
f 8591 8592 8694
f 8592 8695 8694
f 8592 8593 8695
f 8593 8696 8695
f 8593 8594 8696
f 8594 8697 8696
f 8594 8595 8697
f 8595 8698 8697
f 8596 8597 8699
f 8597 8700 8699
f 8597 8598 8700
f 8598 8701 8700
f 8598 8599 8701
f 8599 8702 8701
f 8599 8600 8702
f 8600 8703 8702
f 8600 8601 8703
f 8601 8704 8703
f 8601 8602 8704
f 8602 8705 8704
f 8602 8603 8705
f 8603 8706 8705
f 8603 8604 8706
f 8604 8707 8706
f 8690 8691 8793
f 8691 8794 8793
f 8691 8692 8794
f 8692 8795 8794
f 8692 8693 8795
f 8693 8796 8795
f 8693 8694 8796
f 8694 8797 8796
f 8694 8695 8797
f 8695 8798 8797
f 8695 8696 8798
f 8696 8799 8798
f 8696 8697 8799
f 8697 8800 8799
f 8697 8698 8800
f 8698 8801 8800
f 8699 8700 8802
f 8700 8803 8802
f 8700 8701 8803
f 8701 8804 8803
f 8701 8702 8804
f 8702 8805 8804
f 8702 8703 8805
f 8703 8806 8805
f 8703 8704 8806
f 8704 8807 8806
f 8704 8705 8807
f 8705 8808 8807
f 8705 8706 8808
f 8706 8809 8808
f 8706 8707 8809
f 8707 8810 8809
f 8793 8794 8896
f 8794 8897 8896
f 8794 8795 8897
f 8795 8898 8897
f 8795 8796 8898
f 8796 8899 8898
f 8796 8797 8899
f 8797 8900 8899
f 8797 8798 8900
f 8798 8901 8900
f 8798 8799 8901
f 8799 8902 8901
f 8799 8800 8902
f 8800 8903 8902
f 8802 8803 8905
f 8803 8906 8905
f 8803 8804 8906
f 8804 8907 8906
f 8804 8805 8907
f 8805 8908 8907
f 8805 8806 8908
f 8806 8909 8908
f 8806 8807 8909
f 8807 8910 8909
f 8807 8808 8910
f 8808 8911 8910
f 8808 8809 8911
f 8809 8912 8911
f 8809 8810 8912
f 8810 8913 8912
f 8896 8897 8999
f 8897 9000 8999
f 8897 8898 9000
f 8898 9001 9000
f 8898 8899 9001
f 8899 9002 9001
f 8899 8900 9002
f 8900 9003 9002
f 8900 8901 9003
f 8901 9004 9003
f 8901 8902 9004
f 8902 9005 9004
f 8902 8903 9005
f 8903 9006 9005
f 8905 8906 9008
f 8906 9009 9008
f 8906 8907 9009
f 8907 9010 9009
f 8907 8908 9010
f 8908 9011 9010
f 8908 8909 9011
f 8909 9012 9011
f 8909 8910 9012
f 8910 9013 9012
f 8910 8911 9013
f 8911 9014 9013
f 8911 8912 9014
f 8912 9015 9014
f 8912 8913 9015
f 8913 9016 9015
f 8999 9000 9102
f 9000 9103 9102
f 9000 9001 9103
f 9001 9104 9103
f 9001 9002 9104
f 9002 9105 9104
f 9002 9003 9105
f 9003 9106 9105
f 9003 9004 9106
f 9004 9107 9106
f 9004 9005 9107
f 9005 9108 9107
f 9005 9006 9108
f 9006 9109 9108
f 9008 9009 9111
f 9009 9112 9111
f 9009 9010 9112
f 9010 9113 9112
f 9010 9011 9113
f 9011 9114 9113
f 9011 9012 9114
f 9012 9115 9114
f 9012 9013 9115
f 9013 9116 9115
f 9013 9014 9116
f 9014 9117 9116
f 9014 9015 9117
f 9015 9118 9117
f 9015 9016 9118
f 9016 9119 9118
f 9102 9103 9205
f 9103 9206 9205
f 9103 9104 9206
f 9104 9207 9206
f 9104 9105 9207
f 9105 9208 9207
f 9105 9106 9208
f 9106 9209 9208
f 9106 9107 9209
f 9107 9210 9209
f 9107 9108 9210
f 9108 9211 9210
f 9108 9109 9211
f 9109 9212 9211
f 9111 9112 9214
f 9112 9215 9214
f 9112 9113 9215
f 9113 9216 9215
f 9113 9114 9216
f 9114 9217 9216
f 9114 9115 9217
f 9115 9218 9217
f 9115 9116 9218
f 9116 9219 9218
f 9116 9117 9219
f 9117 9220 9219
f 9117 9118 9220
f 9118 9221 9220
f 9118 9119 9221
f 9119 9222 9221
f 9205 9206 9308
f 9206 9309 9308
f 9206 9207 9309
f 9207 9310 9309
f 9207 9208 9310
f 9208 9311 9310
f 9208 9209 9311
f 9209 9312 9311
f 9209 9210 9312
f 9210 9313 9312
f 9210 9211 9313
f 9211 9314 9313
f 9211 9212 9314
f 9212 9315 9314
f 9214 9215 9317
f 9215 9318 9317
f 9215 9216 9318
f 9216 9319 9318
f 9216 9217 9319
f 9217 9320 9319
f 9217 9218 9320
f 9218 9321 9320
f 9218 9219 9321
f 9219 9322 9321
f 9219 9220 9322
f 9220 9323 9322
f 9220 9221 9323
f 9221 9324 9323
f 9221 9222 9324
f 9222 9325 9324
f 9308 9309 9411
f 9309 9412 9411
f 9309 9310 9412
f 9310 9413 9412
f 9310 9311 9413
f 9311 9414 9413
f 9311 9312 9414
f 9312 9415 9414
f 9312 9313 9415
f 9313 9416 9415
f 9313 9314 9416
f 9314 9417 9416
f 9314 9315 9417
f 9315 9418 9417
f 9315 9316 9418
f 9316 9419 9418
f 9317 9318 9420
f 9318 9421 9420
f 9318 9319 9421
f 9319 9422 9421
f 9319 9320 9422
f 9320 9423 9422
f 9320 9321 9423
f 9321 9424 9423
f 9321 9322 9424
f 9322 9425 9424
f 9322 9323 9425
f 9323 9426 9425
f 9323 9324 9426
f 9324 9427 9426
f 9324 9325 9427
f 9325 9428 9427
f 9411 9412 9514
f 9412 9515 9514
f 9412 9413 9515
f 9413 9516 9515
f 9413 9414 9516
f 9414 9517 9516
f 9414 9415 9517
f 9415 9518 9517
f 9415 9416 9518
f 9416 9519 9518
f 9416 9417 9519
f 9417 9520 9519
f 9417 9418 9520
f 9418 9521 9520
f 9418 9419 9521
f 9419 9522 9521
f 9420 9421 9523
f 9421 9524 9523
f 9421 9422 9524
f 9422 9525 9524
f 9422 9423 9525
f 9423 9526 9525
f 9423 9424 9526
f 9424 9527 9526
f 9424 9425 9527
f 9425 9528 9527
f 9425 9426 9528
f 9426 9529 9528
f 9426 9427 9529
f 9427 9530 9529
f 9427 9428 9530
f 9428 9531 9530
f 9514 9515 9617
f 9515 9618 9617
f 9515 9516 9618
f 9516 9619 9618
f 9516 9517 9619
f 9517 9620 9619
f 9517 9518 9620
f 9518 9621 9620
f 9518 9519 9621
f 9519 9622 9621
f 9519 9520 9622
f 9520 9623 9622
f 9520 9521 9623
f 9521 9624 9623
f 9521 9522 9624
f 9522 9625 9624
f 9524 9525 9627
f 9525 9628 9627
f 9525 9526 9628
f 9526 9629 9628
f 9526 9527 9629
f 9527 9630 9629
f 9527 9528 9630
f 9528 9631 9630
f 9528 9529 9631
f 9529 9632 9631
f 9529 9530 9632
f 9530 9633 9632
f 9530 9531 9633
f 9531 9634 9633
f 9618 9619 9721
f 9619 9722 9721
f 9619 9620 9722
f 9620 9723 9722
f 9620 9621 9723
f 9621 9724 9723
f 9621 9622 9724
f 9622 9725 9724
f 9622 9623 9725
f 9623 9726 9725
f 9623 9624 9726
f 9624 9727 9726
f 9624 9625 9727
f 9625 9728 9727
f 9626 9627 9729
f 9627 9730 9729
f 9627 9628 9730
f 9628 9731 9730
f 9628 9629 9731
f 9629 9732 9731
f 9629 9630 9732
f 9630 9733 9732
f 9630 9631 9733
f 9631 9734 9733
f 9631 9632 9734
f 9632 9735 9734
f 9632 9633 9735
f 9633 9736 9735
f 9633 9634 9736
f 9634 9737 9736
f 9721 9722 9824
f 9722 9825 9824
f 9722 9723 9825
f 9723 9826 9825
f 9723 9724 9826
f 9724 9827 9826
f 9724 9725 9827
f 9725 9828 9827
f 9725 9726 9828
f 9726 9829 9828
f 9726 9727 9829
f 9727 9830 9829
f 9727 9728 9830
f 9728 9831 9830
f 9729 9730 9832
f 9730 9833 9832
f 9730 9731 9833
f 9731 9834 9833
f 9731 9732 9834
f 9732 9835 9834
f 9732 9733 9835
f 9733 9836 9835
f 9733 9734 9836
f 9734 9837 9836
f 9734 9735 9837
f 9735 9838 9837
f 9735 9736 9838
f 9736 9839 9838
f 9736 9737 9839
f 9737 9840 9839
f 9822 9823 9925
f 9823 9926 9925
f 9823 9824 9926
f 9824 9927 9926
f 9824 9825 9927
f 9825 9928 9927
f 9825 9826 9928
f 9826 9929 9928
f 9826 9827 9929
f 9827 9930 9929
f 9827 9828 9930
f 9828 9931 9930
f 9828 9829 9931
f 9829 9932 9931
f 9829 9830 9932
f 9830 9933 9932
f 9830 9831 9933
f 9831 9934 9933
f 9832 9833 9935
f 9833 9936 9935
f 9833 9834 9936
f 9834 9937 9936
f 9834 9835 9937
f 9835 9938 9937
f 9835 9836 9938
f 9836 9939 9938
f 9836 9837 9939
f 9837 9940 9939
f 9837 9838 9940
f 9838 9941 9940
f 9838 9839 9941
f 9839 9942 9941
f 9839 9840 9942
f 9840 9943 9942
f 9923 9924 10026
f 9924 10027 10026
f 9924 9925 10027
f 9925 10028 10027
f 9925 9926 10028
f 9926 10029 10028
f 9926 9927 10029
f 9927 10030 10029
f 9927 9928 10030
f 9928 10031 10030
f 9928 9929 10031
f 9929 10032 10031
f 9929 9930 10032
f 9930 10033 10032
f 9930 9931 10033
f 9931 10034 10033
f 9931 9932 10034
f 9932 10035 10034
f 9932 9933 10035
f 9933 10036 10035
f 9933 9934 10036
f 9934 10037 10036
f 9935 9936 10038
f 9936 10039 10038
f 9936 9937 10039
f 9937 10040 10039
f 9937 9938 10040
f 9938 10041 10040
f 9938 9939 10041
f 9939 10042 10041
f 9939 9940 10042
f 9940 10043 10042
f 9940 9941 10043
f 9941 10044 10043
f 9941 9942 10044
f 9942 10045 10044
f 9942 9943 10045
f 9943 10046 10045
f 10026 10027 10129
f 10027 10130 10129
f 10027 10028 10130
f 10028 10131 10130
f 10028 10029 10131
f 10029 10132 10131
f 10029 10030 10132
f 10030 10133 10132
f 10030 10031 10133
f 10031 10134 10133
f 10031 10032 10134
f 10032 10135 10134
f 10032 10033 10135
f 10033 10136 10135
f 10033 10034 10136
f 10034 10137 10136
f 10034 10035 10137
f 10035 10138 10137
f 10035 10036 10138
f 10036 10139 10138
f 10036 10037 10139
f 10037 10140 10139
f 10038 10039 10141
f 10039 10142 10141
f 10039 10040 10142
f 10040 10143 10142
f 10040 10041 10143
f 10041 10144 10143
f 10041 10042 10144
f 10042 10145 10144
f 10042 10043 10145
f 10043 10146 10145
f 10043 10044 10146
f 10044 10147 10146
f 10044 10045 10147
f 10045 10148 10147
f 10045 10046 10148
f 10046 10149 10148
f 10046 10047 10149
f 10047 10150 10149
f 10129 10130 10232
f 10130 10233 10232
f 10130 10131 10233
f 10131 10234 10233
f 10131 10132 10234
f 10132 10235 10234
f 10132 10133 10235
f 10133 10236 10235
f 10133 10134 10236
f 10134 10237 10236
f 10134 10135 10237
f 10135 10238 10237
f 10135 10136 10238
f 10136 10239 10238
f 10136 10137 10239
f 10137 10240 10239
f 10137 10138 10240
f 10138 10241 10240
f 10138 10139 10241
f 10139 10242 10241
f 10139 10140 10242
f 10140 10243 10242
f 10141 10142 10244
f 10142 10245 10244
f 10142 10143 10245
f 10143 10246 10245
f 10143 10144 10246
f 10144 10247 10246
f 10144 10145 10247
f 10145 10248 10247
f 10145 10146 10248
f 10146 10249 10248
f 10146 10147 10249
f 10147 10250 10249
f 10147 10148 10250
f 10148 10251 10250
f 10148 10149 10251
f 10149 10252 10251
f 10149 10150 10252
f 10150 10253 10252
f 10150 10151 10253
f 10151 10254 10253
f 10151 10152 10254
f 10152 10255 10254
f 10235 10236 10338
f 10236 10339 10338
f 10236 10237 10339
f 10237 10340 10339
f 10237 10238 10340
f 10238 10341 10340
f 10238 10239 10341
f 10239 10342 10341
f 10239 10240 10342
f 10240 10343 10342
f 10240 10241 10343
f 10241 10344 10343
f 10241 10242 10344
f 10242 10345 10344
f 10242 10243 10345
f 10243 10346 10345
f 10244 10245 10347
f 10245 10348 10347
f 10245 10246 10348
f 10246 10349 10348
f 10246 10247 10349
f 10247 10350 10349
f 10247 10248 10350
f 10248 10351 10350
f 10248 10249 10351
f 10249 10352 10351
f 10249 10250 10352
f 10250 10353 10352
f 10250 10251 10353
f 10251 10354 10353
f 10251 10252 10354
f 10252 10355 10354
f 10252 10253 10355
f 10253 10356 10355
f 10253 10254 10356
f 10254 10357 10356
f 10254 10255 10357
f 10255 10358 10357
f 10338 10339 10441
f 10339 10442 10441
f 10339 10340 10442
f 10340 10443 10442
f 10340 10341 10443
f 10341 10444 10443
f 10341 10342 10444
f 10342 10445 10444
f 10342 10343 10445
f 10343 10446 10445
f 10343 10344 10446
f 10344 10447 10446
f 10344 10345 10447
f 10345 10448 10447
f 10345 10346 10448
f 10346 10449 10448
f 10347 10348 10450
f 10348 10451 10450
f 10348 10349 10451
f 10349 10452 10451
f 10349 10350 10452
f 10350 10453 10452
f 10350 10351 10453
f 10351 10454 10453
f 10351 10352 10454
f 10352 10455 10454
f 10352 10353 10455
f 10353 10456 10455
f 10353 10354 10456
f 10354 10457 10456
f 10354 10355 10457
f 10355 10458 10457
f 10355 10356 10458
f 10356 10459 10458
f 10441 10442 10544
f 10442 10545 10544
f 10442 10443 10545
f 10443 10546 10545
f 10443 10444 10546
f 10444 10547 10546
f 10444 10445 10547
f 10445 10548 10547
f 10445 10446 10548
f 10446 10549 10548
f 10446 10447 10549
f 10447 10550 10549
f 10447 10448 10550
f 10448 10551 10550
f 10448 10449 10551
f 10449 10552 10551
f 10449 10450 10552
f 10450 10553 10552
f 10450 10451 10553
f 10451 10554 10553
f 10451 10452 10554
f 10452 10555 10554
f 10452 10453 10555
f 10453 10556 10555
f 10453 10454 10556
f 10454 10557 10556
f 10454 10455 10557
f 10455 10558 10557
f 10455 10456 10558
f 10456 10559 10558
f 10456 10457 10559
f 10457 10560 10559
f 10457 10458 10560
f 10458 10561 10560
f 10458 10459 10561
f 10459 10562 10561
f 10544 10545 10647
f 10545 10648 10647
f 10545 10546 10648
f 10546 10649 10648
f 10546 10547 10649
f 10547 10650 10649
f 10547 10548 10650
f 10548 10651 10650
f 10548 10549 10651
f 10549 10652 10651
f 10549 10550 10652
f 10550 10653 10652
f 10550 10551 10653
f 10551 10654 10653
f 10551 10552 10654
f 10552 10655 10654
f 10552 10553 10655
f 10553 10656 10655
f 10553 10554 10656
f 10554 10657 10656
f 10554 10555 10657
f 10555 10658 10657
f 10555 10556 10658
f 10556 10659 10658
f 10556 10557 10659
f 10557 10660 10659
f 10557 10558 10660
f 10558 10661 10660
f 10558 10559 10661
f 10559 10662 10661
f 10559 10560 10662
f 10560 10663 10662
f 10560 10561 10663
f 10561 10664 10663
f 10561 10562 10664
f 10562 10665 10664
f 10647 10648 10750
f 10648 10751 10750
f 10648 10649 10751
f 10649 10752 10751
f 10649 10650 10752
f 10650 10753 10752
f 10650 10651 10753
f 10651 10754 10753
f 10651 10652 10754
f 10652 10755 10754
f 10652 10653 10755
f 10653 10756 10755
f 10653 10654 10756
f 10654 10757 10756
f 10654 10655 10757
f 10655 10758 10757
f 10655 10656 10758
f 10656 10759 10758
f 10656 10657 10759
f 10657 10760 10759
f 10657 10658 10760
f 10658 10761 10760
f 10658 10659 10761
f 10659 10762 10761
f 10659 10660 10762
f 10660 10763 10762
f 10660 10661 10763
f 10661 10764 10763
f 10661 10662 10764
f 10662 10765 10764
f 10662 10663 10765
f 10663 10766 10765
f 10663 10664 10766
f 10664 10767 10766
f 10751 10752 10854
f 10752 10855 10854
f 10752 10753 10855
f 10753 10856 10855
f 10753 10754 10856
f 10754 10857 10856
f 10754 10755 10857
f 10755 10858 10857
f 10755 10756 10858
f 10756 10859 10858
f 10756 10757 10859
f 10757 10860 10859
f 10757 10758 10860
f 10758 10861 10860
f 10758 10759 10861
f 10759 10862 10861
f 10759 10760 10862
f 10760 10863 10862
f 10760 10761 10863
f 10761 10864 10863
f 10761 10762 10864
f 10762 10865 10864
f 10762 10763 10865
f 10763 10866 10865
f 10763 10764 10866
f 10764 10867 10866
f 10764 10765 10867
f 10765 10868 10867
f 10765 10766 10868
f 10766 10869 10868
f 10766 10767 10869
f 10767 10870 10869
f 10854 10855 10957
f 10855 10958 10957
f 10855 10856 10958
f 10856 10959 10958
f 10856 10857 10959
f 10857 10960 10959
f 10857 10858 10960
f 10858 10961 10960
f 10858 10859 10961
f 10859 10962 10961
f 10859 10860 10962
f 10860 10963 10962
f 10860 10861 10963
f 10861 10964 10963
f 10861 10862 10964
f 10862 10965 10964
f 10862 10863 10965
f 10863 10966 10965
f 10863 10864 10966
f 10864 10967 10966
f 10864 10865 10967
f 10865 10968 10967
f 10865 10866 10968
f 10866 10969 10968
f 10866 10867 10969
f 10867 10970 10969
f 10867 10868 10970
f 10868 10971 10970
f 10868 10869 10971
f 10869 10972 10971
f 10869 10870 10972
f 10870 10973 10972
f 10957 10958 11060
f 10958 11061 11060
f 10958 10959 11061
f 10959 11062 11061
f 10959 10960 11062
f 10960 11063 11062
f 10960 10961 11063
f 10961 11064 11063
f 10961 10962 11064
f 10962 11065 11064
f 10962 10963 11065
f 10963 11066 11065
f 10963 10964 11066
f 10964 11067 11066
f 10964 10965 11067
f 10965 11068 11067
f 10965 10966 11068
f 10966 11069 11068
f 10966 10967 11069
f 10967 11070 11069
f 10967 10968 11070
f 10968 11071 11070
f 10968 10969 11071
f 10969 11072 11071
f 10969 10970 11072
f 10970 11073 11072
f 10970 10971 11073
f 10971 11074 11073
f 10971 10972 11074
f 10972 11075 11074
f 11060 11061 11163
f 11061 11164 11163
f 11061 11062 11164
f 11062 11165 11164
f 11062 11063 11165
f 11063 11166 11165
f 11063 11064 11166
f 11064 11167 11166
f 11064 11065 11167
f 11065 11168 11167
f 11065 11066 11168
f 11066 11169 11168
f 11066 11067 11169
f 11067 11170 11169
f 11067 11068 11170
f 11068 11171 11170
f 11068 11069 11171
f 11069 11172 11171
f 11069 11070 11172
f 11070 11173 11172
f 11070 11071 11173
f 11071 11174 11173
f 11071 11072 11174
f 11072 11175 11174
f 11072 11073 11175
f 11073 11176 11175
f 11073 11074 11176
f 11074 11177 11176
f 11074 11075 11177
f 11075 11178 11177
f 11163 11164 11266
f 11164 11267 11266
f 11164 11165 11267
f 11165 11268 11267
f 11165 11166 11268
f 11166 11269 11268
f 11166 11167 11269
f 11167 11270 11269
f 11167 11168 11270
f 11168 11271 11270
f 11168 11169 11271
f 11169 11272 11271
f 11169 11170 11272
f 11170 11273 11272
f 11171 11172 11274
f 11172 11275 11274
f 11172 11173 11275
f 11173 11276 11275
f 11173 11174 11276
f 11174 11277 11276
f 11174 11175 11277
f 11175 11278 11277
f 11175 11176 11278
f 11176 11279 11278
f 11176 11177 11279
f 11177 11280 11279
f 11177 11178 11280
f 11178 11281 11280
f 11266 11267 11369
f 11267 11370 11369
f 11267 11268 11370
f 11268 11371 11370
f 11268 11269 11371
f 11269 11372 11371
f 11269 11270 11372
f 11270 11373 11372
f 11270 11271 11373
f 11271 11374 11373
f 11271 11272 11374
f 11272 11375 11374
f 11272 11273 11375
f 11273 11376 11375
f 11274 11275 11377
f 11275 11378 11377
f 11275 11276 11378
f 11276 11379 11378
f 11276 11277 11379
f 11277 11380 11379
f 11277 11278 11380
f 11278 11381 11380
f 11278 11279 11381
f 11279 11382 11381
f 11279 11280 11382
f 11280 11383 11382
f 11280 11281 11383
f 11281 11384 11383
f 11369 11370 11472
f 11370 11473 11472
f 11370 11371 11473
f 11371 11474 11473
f 11371 11372 11474
f 11372 11475 11474
f 11372 11373 11475
f 11373 11476 11475
f 11373 11374 11476
f 11374 11477 11476
f 11374 11375 11477
f 11375 11478 11477
f 11375 11376 11478
f 11376 11479 11478
f 11377 11378 11480
f 11378 11481 11480
f 11378 11379 11481
f 11379 11482 11481
f 11379 11380 11482
f 11380 11483 11482
f 11380 11381 11483
f 11381 11484 11483
f 11381 11382 11484
f 11382 11485 11484
f 11382 11383 11485
f 11383 11486 11485
f 11383 11384 11486
f 11384 11487 11486
f 11472 11473 11575
f 11473 11576 11575
f 11473 11474 11576
f 11474 11577 11576
f 11474 11475 11577
f 11475 11578 11577
f 11475 11476 11578
f 11476 11579 11578
f 11476 11477 11579
f 11477 11580 11579
f 11477 11478 11580
f 11478 11581 11580
f 11478 11479 11581
f 11479 11582 11581
f 11480 11481 11583
f 11481 11584 11583
f 11481 11482 11584
f 11482 11585 11584
f 11482 11483 11585
f 11483 11586 11585
f 11483 11484 11586
f 11484 11587 11586
f 11484 11485 11587
f 11485 11588 11587
f 11485 11486 11588
f 11486 11589 11588
f 11486 11487 11589
f 11487 11590 11589
f 11575 11576 11678
f 11576 11679 11678
f 11576 11577 11679
f 11577 11680 11679
f 11577 11578 11680
f 11578 11681 11680
f 11578 11579 11681
f 11579 11682 11681
f 11579 11580 11682
f 11580 11683 11682
f 11580 11581 11683
f 11581 11684 11683
f 11581 11582 11684
f 11582 11685 11684
f 11583 11584 11686
f 11584 11687 11686
f 11584 11585 11687
f 11585 11688 11687
f 11585 11586 11688
f 11586 11689 11688
f 11586 11587 11689
f 11587 11690 11689
f 11587 11588 11690
f 11588 11691 11690
f 11588 11589 11691
f 11589 11692 11691
f 11589 11590 11692
f 11590 11693 11692
f 11590 11591 11693
f 11591 11694 11693
f 11677 11678 11780
f 11678 11781 11780
f 11678 11679 11781
f 11679 11782 11781
f 11679 11680 11782
f 11680 11783 11782
f 11680 11681 11783
f 11681 11784 11783
f 11681 11682 11784
f 11682 11785 11784
f 11682 11683 11785
f 11683 11786 11785
f 11683 11684 11786
f 11684 11787 11786
f 11684 11685 11787
f 11685 11788 11787
f 11686 11687 11789
f 11687 11790 11789
f 11687 11688 11790
f 11688 11791 11790
f 11688 11689 11791
f 11689 11792 11791
f 11689 11690 11792
f 11690 11793 11792
f 11690 11691 11793
f 11691 11794 11793
f 11691 11692 11794
f 11692 11795 11794
f 11692 11693 11795
f 11693 11796 11795
f 11693 11694 11796
f 11694 11797 11796
f 11780 11781 11883
f 11781 11884 11883
f 11781 11782 11884
f 11782 11885 11884
f 11782 11783 11885
f 11783 11886 11885
f 11783 11784 11886
f 11784 11887 11886
f 11784 11785 11887
f 11785 11888 11887
f 11785 11786 11888
f 11786 11889 11888
f 11786 11787 11889
f 11787 11890 11889
f 11787 11788 11890
f 11788 11891 11890
f 11789 11790 11892
f 11790 11893 11892
f 11790 11791 11893
f 11791 11894 11893
f 11791 11792 11894
f 11792 11895 11894
f 11792 11793 11895
f 11793 11896 11895
f 11793 11794 11896
f 11794 11897 11896
f 11794 11795 11897
f 11795 11898 11897
f 11795 11796 11898
f 11796 11899 11898
f 11796 11797 11899
f 11797 11900 11899
f 11884 11885 11987
f 11885 11988 11987
f 11885 11886 11988
f 11886 11989 11988
f 11886 11887 11989
f 11887 11990 11989
f 11887 11888 11990
f 11888 11991 11990
f 11888 11889 11991
f 11889 11992 11991
f 11889 11890 11992
f 11890 11993 11992
f 11890 11891 11993
f 11891 11994 11993
f 11892 11893 11995
f 11893 11996 11995
f 11893 11894 11996
f 11894 11997 11996
f 11894 11895 11997
f 11895 11998 11997
f 11895 11896 11998
f 11896 11999 11998
f 11896 11897 11999
f 11897 12000 11999
f 11897 11898 12000
f 11898 12001 12000
f 11898 11899 12001
f 11899 12002 12001
f 11988 11989 12091
f 11989 12092 12091
f 11989 11990 12092
f 11990 12093 12092
f 11990 11991 12093
f 11991 12094 12093
f 11991 11992 12094
f 11992 12095 12094
f 11992 11993 12095
f 11993 12096 12095
f 11996 11997 12099
f 11997 12100 12099
f 11997 11998 12100
f 11998 12101 12100
f 11998 11999 12101
f 11999 12102 12101
f 11999 12000 12102
f 12000 12103 12102
f 12000 12001 12103
f 12001 12104 12103