# https://github.com/mikedh/trimesh
v 0.42222222 -0.08333333 0.46350621
v 0.42777778 -0.08333333 0.45897260
v 0.43333333 -0.08333333 0.45727133
v 0.42222222 -0.08750000 0.48499843
v 0.42777778 -0.08750000 0.46457047
v 0.43333333 -0.08750000 0.46576331
v 0.43888889 -0.08750000 0.46794326
v 0.44444444 -0.08750000 0.46122712
v 0.42222222 -0.09166667 0.45234704
v 0.42777778 -0.09166667 0.48044922
v 0.43333333 -0.09166667 0.48270621
v 0.43888889 -0.09166667 0.48426197
v 0.44444444 -0.09166667 0.48397833
v 0.45000000 -0.09166667 0.45421171
v 0.45555556 -0.09166667 0.17716268
v 0.46111111 -0.09166667 0.26416361
v 0.40000000 -0.09583333 0.32123845
v 0.40555556 -0.09583333 0.46160889
v 0.41111111 -0.09583333 0.51000355
v 0.41666667 -0.09583333 0.49024476
v 0.42222222 -0.09583333 0.49172333
v 0.42777778 -0.09583333 0.49293516
v 0.43333333 -0.09583333 0.49353683
v 0.43888889 -0.09583333 0.49391702
v 0.44444444 -0.09583333 0.49298440
v 0.45000000 -0.09583333 0.49104967
v 0.45555556 -0.09583333 0.48875341
v 0.46111111 -0.09583333 0.48632305
v 0.46666667 -0.09583333 0.48236718
v 0.47222222 -0.09583333 0.44986314
v 0.39444444 -0.10000000 0.46054001
v 0.40000000 -0.10000000 0.48576572
v 0.40555556 -0.10000000 0.49012545
v 0.41111111 -0.10000000 0.49327891
v 0.41666667 -0.10000000 0.49436685
v 0.42222222 -0.10000000 0.49465799
v 0.42777778 -0.10000000 0.49555178
v 0.43333333 -0.10000000 0.49600772
v 0.43888889 -0.10000000 0.49624965
v 0.44444444 -0.10000000 0.49620080
v 0.45000000 -0.10000000 0.49497117
v 0.45555556 -0.10000000 0.49320788
v 0.46111111 -0.10000000 0.49147604
v 0.46666667 -0.10000000 0.48988144
v 0.47222222 -0.10000000 0.48848670
v 0.47777778 -0.10000000 0.08966901
v 0.38888889 -0.10416667 0.25229833
v 0.39444444 -0.10416667 0.48456541
v 0.40000000 -0.10416667 0.49022666
v 0.40555556 -0.10416667 0.49272573
v 0.41111111 -0.10416667 0.49493508
v 0.41666667 -0.10416667 0.49551044
v 0.42222222 -0.10416667 0.49664322
v 0.42777778 -0.10416667 0.49764858
v 0.43333333 -0.10416667 0.49835565
v 0.43888889 -0.10416667 0.49862477
v 0.44444444 -0.10416667 0.49829171
v 0.45000000 -0.10416667 0.49781170
v 0.45555556 -0.10416667 0.49673667
v 0.46111111 -0.10416667 0.49514569
v 0.46666667 -0.10416667 0.49425166
v 0.47222222 -0.10416667 0.49264652
v 0.47777778 -0.10416667 0.49782794
v 0.38333333 -0.10833333 0.35086216
v 0.38888889 -0.10833333 0.48380549
v 0.39444444 -0.10833333 0.48845329
v 0.40000000 -0.10833333 0.49126700
v 0.40555556 -0.10833333 0.49355135
v 0.41111111 -0.10833333 0.49561318
v 0.41666667 -0.10833333 0.49717523
v 0.42222222 -0.10833333 0.49840590
v 0.42777778 -0.10833333 0.49931191
v 0.43333333 -0.10833333 0.49992889
v 0.43888889 -0.10833333 0.50025280
v 0.44444444 -0.10833333 0.50003178
v 0.45000000 -0.10833333 0.49946172
v 0.45555556 -0.10833333 0.49867337
v 0.46111111 -0.10833333 0.49766132
v 0.46666667 -0.10833333 0.49595511
v 0.47222222 -0.10833333 0.49487936
v 0.47777778 -0.10833333 0.49345379
v 0.48333333 -0.10833333 0.50572146
v 0.37777778 -0.11250000 0.42825115
v 0.38333333 -0.11250000 0.48333961
v 0.38888889 -0.11250000 0.48708247
v 0.39444444 -0.11250000 0.49007428
v 0.40000000 -0.11250000 0.49220910
v 0.40555556 -0.11250000 0.49434550
v 0.41111111 -0.11250000 0.49638212
v 0.41666667 -0.11250000 0.49796079
v 0.42222222 -0.11250000 0.49934367
v 0.42777778 -0.11250000 0.50041763
v 0.43333333 -0.11250000 0.50094051
v 0.43888889 -0.11250000 0.50120019
v 0.44444444 -0.11250000 0.50104272
v 0.45000000 -0.11250000 0.50063328
v 0.45555556 -0.11250000 0.49965620
v 0.46111111 -0.11250000 0.49883269
v 0.46666667 -0.11250000 0.49698533
v 0.47222222 -0.11250000 0.49532976
v 0.47777778 -0.11250000 0.49350146
v 0.48333333 -0.11250000 0.49120420
v 0.48888889 -0.11250000 0.46848915
v 0.37222222 -0.11666667 0.34212896
v 0.37777778 -0.11666667 0.47998420
v 0.38333333 -0.11666667 0.48523511
v 0.38888889 -0.11666667 0.48805361
v 0.39444444 -0.11666667 0.49053873
v 0.40000000 -0.11666667 0.49295948
v 0.40555556 -0.11666667 0.49525630
v 0.41111111 -0.11666667 0.49717573
v 0.41666667 -0.11666667 0.49842972
v 0.42222222 -0.11666667 0.49963439
v 0.42777778 -0.11666667 0.50068535
v 0.43333333 -0.11666667 0.50139323
v 0.43888889 -0.11666667 0.50178194
v 0.44444444 -0.11666667 0.50176585
v 0.45000000 -0.11666667 0.50149602
v 0.45555556 -0.11666667 0.50078355
v 0.46111111 -0.11666667 0.49983727
v 0.46666667 -0.11666667 0.49870130
v 0.47222222 -0.11666667 0.49717294
v 0.47777778 -0.11666667 0.49413385
v 0.48333333 -0.11666667 0.49172498
v 0.48888889 -0.11666667 0.48836278
v 0.37222222 -0.12083333 0.47922156
v 0.37777778 -0.12083333 0.48286822
v 0.38333333 -0.12083333 0.48646781
v 0.38888889 -0.12083333 0.48886714
v 0.39444444 -0.12083333 0.49136510
v 0.40000000 -0.12083333 0.49378341
v 0.40555556 -0.12083333 0.49615556
v 0.41111111 -0.12083333 0.49801161
v 0.41666667 -0.12083333 0.49930133
v 0.42222222 -0.12083333 0.50041269
v 0.42777778 -0.12083333 0.50139695
v 0.43333333 -0.12083333 0.50211189
v 0.43888889 -0.12083333 0.50248075
v 0.44444444 -0.12083333 0.50268656
v 0.45000000 -0.12083333 0.50264930
v 0.45555556 -0.12083333 0.50224249
v 0.46111111 -0.12083333 0.50099148
v 0.46666667 -0.12083333 0.49986491
v 0.47222222 -0.12083333 0.49827329
v 0.47777778 -0.12083333 0.49609948
v 0.48333333 -0.12083333 0.49331270
v 0.48888889 -0.12083333 0.49053719
v 0.49444444 -0.12083333 0.48890390
v 0.36666667 -0.12500000 0.39224635
v 0.37222222 -0.12500000 0.47883242
v 0.37777778 -0.12500000 0.48342533
v 0.38333333 -0.12500000 0.48651881
v 0.38888889 -0.12500000 0.48916190
v 0.39444444 -0.12500000 0.49189303
v 0.40000000 -0.12500000 0.49503064
v 0.40555556 -0.12500000 0.49772000
v 0.41111111 -0.12500000 0.49895318
v 0.41666667 -0.12500000 0.50012870
v 0.42222222 -0.12500000 0.50117000
v 0.42777778 -0.12500000 0.50194731
v 0.43333333 -0.12500000 0.50252073
v 0.43888889 -0.12500000 0.50282003
v 0.44444444 -0.12500000 0.50309039
v 0.45000000 -0.12500000 0.50321288
v 0.45555556 -0.12500000 0.50285021
v 0.46111111 -0.12500000 0.50168198
v 0.46666667 -0.12500000 0.50027450
v 0.47222222 -0.12500000 0.49871303
v 0.47777778 -0.12500000 0.49686406
v 0.48333333 -0.12500000 0.49399202
v 0.48888889 -0.12500000 0.49143058
v 0.49444444 -0.12500000 0.48649131
v 0.36666667 -0.12916667 0.48554335
v 0.37222222 -0.12916667 0.47893442
v 0.37777778 -0.12916667 0.48318422
v 0.38333333 -0.12916667 0.48632619
v 0.38888889 -0.12916667 0.48945816
v 0.39444444 -0.12916667 0.49321990
v 0.40000000 -0.12916667 0.49740146
v 0.40555556 -0.12916667 0.49882743
v 0.41111111 -0.12916667 0.50025558
v 0.41666667 -0.12916667 0.50142367
v 0.42222222 -0.12916667 0.50229092
v 0.42777778 -0.12916667 0.50274653
v 0.43333333 -0.12916667 0.50308253
v 0.43888889 -0.12916667 0.50322447
v 0.44444444 -0.12916667 0.50315008
v 0.45000000 -0.12916667 0.50301622
v 0.45555556 -0.12916667 0.50266135
v 0.46111111 -0.12916667 0.50164139
v 0.46666667 -0.12916667 0.50013939
v 0.47222222 -0.12916667 0.49835182
v 0.47777778 -0.12916667 0.49629807
v 0.48333333 -0.12916667 0.49304638
v 0.48888889 -0.12916667 0.49047235
v 0.49444444 -0.12916667 0.48532945
v 0.36666667 -0.13333333 0.47524052
v 0.37222222 -0.13333333 0.47904124
v 0.37777778 -0.13333333 0.48318443
v 0.38333333 -0.13333333 0.48643734
v 0.38888889 -0.13333333 0.49033484
v 0.39444444 -0.13333333 0.49601591
v 0.40000000 -0.13333333 0.49854859
v 0.40555556 -0.13333333 0.49997470
v 0.41111111 -0.13333333 0.50153861
v 0.41666667 -0.13333333 0.50268638
v 0.42222222 -0.13333333 0.50340328
v 0.42777778 -0.13333333 0.50359386
v 0.43333333 -0.13333333 0.50375154
v 0.43888889 -0.13333333 0.50365709
v 0.44444444 -0.13333333 0.50336988
v 0.45000000 -0.13333333 0.50304383
v 0.45555556 -0.13333333 0.50249044
v 0.46111111 -0.13333333 0.50147470
v 0.46666667 -0.13333333 0.50000453
v 0.47222222 -0.13333333 0.49818757
v 0.47777778 -0.13333333 0.49566293
v 0.48333333 -0.13333333 0.49249392
v 0.48888889 -0.13333333 0.48955228
v 0.49444444 -0.13333333 0.48533421
v 0.50000000 -0.13333333 0.46035014
v 0.36111111 -0.13750000 0.31818634
v 0.36666667 -0.13750000 0.47560337
v 0.37222222 -0.13750000 0.47946156
v 0.37777778 -0.13750000 0.48313236
v 0.38333333 -0.13750000 0.48666515
v 0.38888889 -0.13750000 0.49195790
v 0.39444444 -0.13750000 0.49687843
v 0.40000000 -0.13750000 0.49888884
v 0.40555556 -0.13750000 0.50051326
v 0.41111111 -0.13750000 0.50212566
v 0.41666667 -0.13750000 0.50327615
v 0.42222222 -0.13750000 0.50394806
v 0.42777778 -0.13750000 0.50423723
v 0.43333333 -0.13750000 0.50423938
v 0.43888889 -0.13750000 0.50400156
v 0.44444444 -0.13750000 0.50363342
v 0.45000000 -0.13750000 0.50317311
v 0.45555556 -0.13750000 0.50237221
v 0.46111111 -0.13750000 0.50120387
v 0.46666667 -0.13750000 0.49952323
v 0.47222222 -0.13750000 0.49745160
v 0.47777778 -0.13750000 0.49516357
v 0.48333333 -0.13750000 0.49222498
v 0.48888889 -0.13750000 0.48875520
v 0.49444444 -0.13750000 0.48477924
v 0.50000000 -0.13750000 0.49852756
v 0.36111111 -0.14166667 0.45756426
v 0.36666667 -0.14166667 0.47616323
v 0.37222222 -0.14166667 0.47987527
v 0.37777778 -0.14166667 0.48315958
v 0.38333333 -0.14166667 0.48753641
v 0.38888889 -0.14166667 0.49412527
v 0.39444444 -0.14166667 0.49735115
v 0.40000000 -0.14166667 0.49916357
v 0.40555556 -0.14166667 0.50104812
v 0.41111111 -0.14166667 0.50264808
v 0.41666667 -0.14166667 0.50366217
v 0.42222222 -0.14166667 0.50423141
v 0.42777778 -0.14166667 0.50466002
v 0.43333333 -0.14166667 0.50486337
v 0.43888889 -0.14166667 0.50481266
v 0.44444444 -0.14166667 0.50447466
v 0.45000000 -0.14166667 0.50410552
v 0.45555556 -0.14166667 0.50330454
v 0.46111111 -0.14166667 0.50192395
v 0.46666667 -0.14166667 0.49992253
v 0.47222222 -0.14166667 0.49725226
v 0.47777778 -0.14166667 0.49479475
v 0.48333333 -0.14166667 0.49179304
v 0.48888889 -0.14166667 0.48839811
v 0.49444444 -0.14166667 0.48415132
v 0.50000000 -0.14166667 0.47836726
v 0.50555556 -0.14166667 0.10379233
v 0.36111111 -0.14583333 0.47261167
v 0.36666667 -0.14583333 0.47600284
v 0.37222222 -0.14583333 0.47922639
v 0.37777778 -0.14583333 0.48299203
v 0.38333333 -0.14583333 0.48917738
v 0.38888889 -0.14583333 0.49537107
v 0.39444444 -0.14583333 0.49785672
v 0.40000000 -0.14583333 0.49941941
v 0.40555556 -0.14583333 0.50122708
v 0.41111111 -0.14583333 0.50270863
v 0.41666667 -0.14583333 0.50369757
v 0.42222222 -0.14583333 0.50447373
v 0.42777778 -0.14583333 0.50506929
v 0.43333333 -0.14583333 0.50531462
v 0.43888889 -0.14583333 0.50548507
v 0.44444444 -0.14583333 0.50538568
v 0.45000000 -0.14583333 0.50531566
v 0.45555556 -0.14583333 0.50522093
v 0.46111111 -0.14583333 0.50398128
v 0.46666667 -0.14583333 0.50104880
v 0.47222222 -0.14583333 0.49800789
v 0.47777778 -0.14583333 0.49473120
v 0.48333333 -0.14583333 0.49132143
v 0.48888889 -0.14583333 0.48744428
v 0.49444444 -0.14583333 0.48277645
v 0.50000000 -0.14583333 0.47769610
v 0.50555556 -0.14583333 0.47374338
v 0.36111111 -0.15000000 0.47220329
v 0.36666667 -0.15000000 0.47531959
v 0.37222222 -0.15000000 0.47836146
v 0.37777778 -0.15000000 0.48364484
v 0.38333333 -0.15000000 0.49180809
v 0.38888889 -0.15000000 0.49611919
v 0.39444444 -0.15000000 0.49827554
v 0.40000000 -0.15000000 0.49987575
v 0.40555556 -0.15000000 0.50160674
v 0.41111111 -0.15000000 0.50295353
v 0.41666667 -0.15000000 0.50370537
v 0.42222222 -0.15000000 0.50447702
v 0.42777778 -0.15000000 0.50496172
v 0.43333333 -0.15000000 0.50541869
v 0.43888889 -0.15000000 0.50740278
v 0.44444444 -0.15000000 0.51003102
v 0.45000000 -0.15000000 0.51080443
v 0.45555556 -0.15000000 0.51053925
v 0.46111111 -0.15000000 0.50961406
v 0.46666667 -0.15000000 0.50703292
v 0.47222222 -0.15000000 0.50101451
v 0.47777778 -0.15000000 0.49487368
v 0.48333333 -0.15000000 0.49062535
v 0.48888889 -0.15000000 0.48661197
v 0.49444444 -0.15000000 0.48201528
v 0.50000000 -0.15000000 0.47673755
v 0.50555556 -0.15000000 0.49465420
v 0.36111111 -0.15416667 0.47230575
v 0.36666667 -0.15416667 0.47491018
v 0.37222222 -0.15416667 0.47969470
v 0.37777778 -0.15416667 0.48690602
v 0.38333333 -0.15416667 0.49486653
v 0.38888889 -0.15416667 0.49828627
v 0.39444444 -0.15416667 0.49994591
v 0.40000000 -0.15416667 0.50147974
v 0.40555556 -0.15416667 0.50263109
v 0.41111111 -0.15416667 0.50343486
v 0.41666667 -0.15416667 0.50414507
v 0.42222222 -0.15416667 0.50456357
v 0.42777778 -0.15416667 0.50476831
v 0.43333333 -0.15416667 0.50925647
v 0.43888889 -0.15416667 0.51151321
v 0.44444444 -0.15416667 0.51143796
v 0.45000000 -0.15416667 0.51091483
v 0.45555556 -0.15416667 0.51012955
v 0.46111111 -0.15416667 0.50931462
v 0.46666667 -0.15416667 0.50825429
v 0.47222222 -0.15416667 0.50568838
v 0.47777778 -0.15416667 0.49713153
v 0.48333333 -0.15416667 0.49040630
v 0.48888889 -0.15416667 0.48600047
v 0.49444444 -0.15416667 0.48171079
v 0.50000000 -0.15416667 0.47630653
v 0.50555556 -0.15416667 0.46992359
v 0.51111111 -0.15416667 0.07657920
v 0.36111111 -0.15833333 0.47169507
v 0.36666667 -0.15833333 0.47577410
v 0.37222222 -0.15833333 0.48245373
v 0.37777778 -0.15833333 0.48997586
v 0.38333333 -0.15833333 0.49615753
v 0.38888889 -0.15833333 0.49901866
v 0.39444444 -0.15833333 0.50086126
v 0.40000000 -0.15833333 0.50267555
v 0.40555556 -0.15833333 0.50395128
v 0.41111111 -0.15833333 0.50478047
v 0.41666667 -0.15833333 0.50517086
v 0.42222222 -0.15833333 0.50568670
v 0.42777778 -0.15833333 0.50935099
v 0.43333333 -0.15833333 0.51101947
v 0.43888889 -0.15833333 0.51049515
v 0.44444444 -0.15833333 0.51031165
v 0.45000000 -0.15833333 0.51019882
v 0.45555556 -0.15833333 0.51019145
v 0.46111111 -0.15833333 0.50932792
v 0.46666667 -0.15833333 0.50760033
v 0.47222222 -0.15833333 0.50572876
v 0.47777778 -0.15833333 0.49963127
v 0.48333333 -0.15833333 0.48991660
v 0.48888889 -0.15833333 0.48504807
v 0.49444444 -0.15833333 0.48066498
v 0.50000000 -0.15833333 0.47564750
v 0.50555556 -0.15833333 0.47047130
v 0.51111111 -0.15833333 0.30939542
v 0.36111111 -0.16250000 0.46963978
v 0.36666667 -0.16250000 0.47735263
v 0.37222222 -0.16250000 0.48442247
v 0.37777778 -0.16250000 0.49170038
v 0.38333333 -0.16250000 0.49707863
v 0.38888889 -0.16250000 0.50022966
v 0.39444444 -0.16250000 0.50208002
v 0.40000000 -0.16250000 0.50368184
v 0.40555556 -0.16250000 0.50550324
v 0.41111111 -0.16250000 0.50719439
v 0.41666667 -0.16250000 0.50785185
v 0.42222222 -0.16250000 0.50865140
v 0.42777778 -0.16250000 0.50970665
v 0.43333333 -0.16250000 0.50985478
v 0.43888889 -0.16250000 0.50994229
v 0.44444444 -0.16250000 0.51035135
v 0.45000000 -0.16250000 0.51024345
v 0.45555556 -0.16250000 0.50993021
v 0.46111111 -0.16250000 0.50919775
v 0.46666667 -0.16250000 0.50744895
v 0.47222222 -0.16250000 0.50544176
v 0.47777778 -0.16250000 0.50092238
v 0.48333333 -0.16250000 0.49035863
v 0.48888889 -0.16250000 0.48348119
v 0.49444444 -0.16250000 0.47939408
v 0.50000000 -0.16250000 0.47517275
v 0.50555556 -0.16250000 0.47171216
v 0.51111111 -0.16250000 0.47356836
v 0.36111111 -0.16666667 0.46960537
v 0.36666667 -0.16666667 0.47779484
v 0.37222222 -0.16666667 0.48464180
v 0.37777778 -0.16666667 0.49239446
v 0.38333333 -0.16666667 0.49772612
v 0.38888889 -0.16666667 0.50078130
v 0.39444444 -0.16666667 0.50272833
v 0.40000000 -0.16666667 0.50425476
v 0.40555556 -0.16666667 0.50554751
v 0.41111111 -0.16666667 0.50715652
v 0.41666667 -0.16666667 0.50858366
v 0.42222222 -0.16666667 0.51002322
v 0.42777778 -0.16666667 0.50995638
v 0.43333333 -0.16666667 0.51000377
v 0.43888889 -0.16666667 0.51001725
v 0.44444444 -0.16666667 0.51022822
v 0.45000000 -0.16666667 0.51027313
v 0.45555556 -0.16666667 0.50990825
v 0.46111111 -0.16666667 0.50910376
v 0.46666667 -0.16666667 0.50739741
v 0.47222222 -0.16666667 0.50498035
v 0.47777778 -0.16666667 0.50052867
v 0.48333333 -0.16666667 0.48846492
v 0.48888889 -0.16666667 0.48150991
v 0.49444444 -0.16666667 0.47819431
v 0.50000000 -0.16666667 0.47469013
v 0.50555556 -0.16666667 0.47088100
v 0.51111111 -0.16666667 0.46052613
v 0.51666667 -0.16666667 0.12384341
v 0.36111111 -0.17083333 0.46866707
v 0.36666667 -0.17083333 0.47691489
v 0.37222222 -0.17083333 0.48411849
v 0.37777778 -0.17083333 0.49229400
v 0.38333333 -0.17083333 0.49778448
v 0.38888889 -0.17083333 0.50070373
v 0.39444444 -0.17083333 0.50265945
v 0.40000000 -0.17083333 0.50416628
v 0.40555556 -0.17083333 0.50551500
v 0.41111111 -0.17083333 0.50716614
v 0.41666667 -0.17083333 0.50896847
v 0.42222222 -0.17083333 0.51023962
v 0.42777778 -0.17083333 0.51032953
v 0.43333333 -0.17083333 0.51066874
v 0.43888889 -0.17083333 0.51042209
v 0.44444444 -0.17083333 0.51048685
v 0.45000000 -0.17083333 0.51036422
v 0.45555556 -0.17083333 0.50973351
v 0.46111111 -0.17083333 0.50873072
v 0.46666667 -0.17083333 0.50687732
v 0.47222222 -0.17083333 0.50457555
v 0.47777778 -0.17083333 0.50001905
v 0.48333333 -0.17083333 0.48578932
v 0.48888889 -0.17083333 0.47940230
v 0.49444444 -0.17083333 0.47637312
v 0.50000000 -0.17083333 0.47341658
v 0.50555556 -0.17083333 0.46990693
v 0.51111111 -0.17083333 0.45665599
v 0.51666667 -0.17083333 0.09191043
v 0.36111111 -0.17500000 0.46979116
v 0.36666667 -0.17500000 0.47516506
v 0.37222222 -0.17500000 0.48234669
v 0.37777778 -0.17500000 0.49140061
v 0.38333333 -0.17500000 0.49744824
v 0.38888889 -0.17500000 0.50017705
v 0.39444444 -0.17500000 0.50212877
v 0.40000000 -0.17500000 0.50381835
v 0.40555556 -0.17500000 0.50539345
v 0.41111111 -0.17500000 0.50704404
v 0.41666667 -0.17500000 0.50946468
v 0.42222222 -0.17500000 0.51039126
v 0.42777778 -0.17500000 0.51074663
v 0.43333333 -0.17500000 0.51101897
v 0.43888889 -0.17500000 0.51089526
v 0.44444444 -0.17500000 0.51071295
v 0.45000000 -0.17500000 0.51042752
v 0.45555556 -0.17500000 0.50958420
v 0.46111111 -0.17500000 0.50827632
v 0.46666667 -0.17500000 0.50699286
v 0.47222222 -0.17500000 0.50496418
v 0.47777778 -0.17500000 0.49688573
v 0.48333333 -0.17500000 0.48467034
v 0.48888889 -0.17500000 0.47720490
v 0.49444444 -0.17500000 0.47410705
v 0.50000000 -0.17500000 0.47187392
v 0.50555556 -0.17500000 0.46904858
v 0.51111111 -0.17500000 0.37181461
v 0.36111111 -0.17916667 0.46569332
v 0.36666667 -0.17916667 0.47222536
v 0.37222222 -0.17916667 0.47995069
v 0.37777778 -0.17916667 0.49010299
v 0.38333333 -0.17916667 0.49651040
v 0.38888889 -0.17916667 0.49943329
v 0.39444444 -0.17916667 0.50121839
v 0.40000000 -0.17916667 0.50294731
v 0.40555556 -0.17916667 0.50466682
v 0.41111111 -0.17916667 0.50648131
v 0.41666667 -0.17916667 0.50862586
v 0.42222222 -0.17916667 0.50992860
v 0.42777778 -0.17916667 0.51059282
v 0.43333333 -0.17916667 0.51035907
v 0.43888889 -0.17916667 0.51062890
v 0.44444444 -0.17916667 0.51019424
v 0.45000000 -0.17916667 0.50988039
v 0.45555556 -0.17916667 0.50939169
v 0.46111111 -0.17916667 0.50827603
v 0.46666667 -0.17916667 0.50742885
v 0.47222222 -0.17916667 0.50170094
v 0.47777778 -0.17916667 0.49405568
v 0.48333333 -0.17916667 0.48402954
v 0.48888889 -0.17916667 0.47456485
v 0.49444444 -0.17916667 0.47203081
v 0.50000000 -0.17916667 0.47004375
v 0.50555556 -0.17916667 0.46732067
v 0.51111111 -0.17916667 0.23148227
v 0.36111111 -0.18333333 0.45356040
v 0.36666667 -0.18333333 0.46736459
v 0.37222222 -0.18333333 0.47498921
v 0.37777778 -0.18333333 0.48859506
v 0.38333333 -0.18333333 0.49552803
v 0.38888889 -0.18333333 0.49789928
v 0.39444444 -0.18333333 0.50002509
v 0.40000000 -0.18333333 0.50183662
v 0.40555556 -0.18333333 0.50387492
v 0.41111111 -0.18333333 0.50575787
v 0.41666667 -0.18333333 0.50815426
v 0.42222222 -0.18333333 0.50945452
v 0.42777778 -0.18333333 0.50989795
v 0.43333333 -0.18333333 0.50940878
v 0.43888889 -0.18333333 0.50873047
v 0.44444444 -0.18333333 0.50864300
v 0.45000000 -0.18333333 0.50888329
v 0.45555556 -0.18333333 0.50832825
v 0.46111111 -0.18333333 0.50684277
v 0.46666667 -0.18333333 0.50352212
v 0.47222222 -0.18333333 0.49861014
v 0.47777778 -0.18333333 0.49330387
v 0.48333333 -0.18333333 0.48348945
v 0.48888889 -0.18333333 0.47186244
v 0.49444444 -0.18333333 0.47008045
v 0.50000000 -0.18333333 0.46822382
v 0.50555556 -0.18333333 0.46568989
v 0.51111111 -0.18333333 0.22089062
v 0.36111111 -0.18750000 0.44580978
v 0.36666667 -0.18750000 0.46289037
v 0.37222222 -0.18750000 0.46813610
v 0.37777778 -0.18750000 0.48158383
v 0.38333333 -0.18750000 0.49286023
v 0.38888889 -0.18750000 0.49621278
v 0.39444444 -0.18750000 0.49886541
v 0.40000000 -0.18750000 0.50061171
v 0.40555556 -0.18750000 0.50273691
v 0.41111111 -0.18750000 0.50468495
v 0.41666667 -0.18750000 0.50683243
v 0.42222222 -0.18750000 0.50868738
v 0.42777778 -0.18750000 0.50885056
v 0.43333333 -0.18750000 0.50847033
v 0.43888889 -0.18750000 0.50779828
v 0.44444444 -0.18750000 0.50716549
v 0.45000000 -0.18750000 0.50695986
v 0.45555556 -0.18750000 0.50637653
v 0.46111111 -0.18750000 0.50458603
v 0.46666667 -0.18750000 0.50160617
v 0.47222222 -0.18750000 0.49769282
v 0.47777778 -0.18750000 0.49321114
v 0.48333333 -0.18750000 0.48270746
v 0.48888889 -0.18750000 0.46981562
v 0.49444444 -0.18750000 0.46813030
v 0.50000000 -0.18750000 0.46649022
v 0.50555556 -0.18750000 0.46399906
v 0.36111111 -0.19166667 0.45305797
v 0.36666667 -0.19166667 0.46029124
v 0.37222222 -0.19166667 0.46315159
v 0.37777778 -0.19166667 0.47605380
v 0.38333333 -0.19166667 0.48906201
v 0.38888889 -0.19166667 0.49402353
v 0.39444444 -0.19166667 0.49768499
v 0.40000000 -0.19166667 0.49990060
v 0.40555556 -0.19166667 0.50171760
v 0.41111111 -0.19166667 0.50368116
v 0.41666667 -0.19166667 0.50533508
v 0.42222222 -0.19166667 0.50670211
v 0.42777778 -0.19166667 0.50733494
v 0.43333333 -0.19166667 0.50738386
v 0.43888889 -0.19166667 0.50729095
v 0.44444444 -0.19166667 0.50692388
v 0.45000000 -0.19166667 0.50613678
v 0.45555556 -0.19166667 0.50488222
v 0.46111111 -0.19166667 0.50314128
v 0.46666667 -0.19166667 0.50027182
v 0.47222222 -0.19166667 0.49682100
v 0.47777778 -0.19166667 0.49296734
v 0.48333333 -0.19166667 0.48200465
v 0.48888889 -0.19166667 0.46839484
v 0.49444444 -0.19166667 0.46661847
v 0.50000000 -0.19166667 0.46499287
v 0.50555556 -0.19166667 0.46236155
v 0.35555556 -0.19583333 0.23516831
v 0.36111111 -0.19583333 0.44553223
v 0.36666667 -0.19583333 0.45719011
v 0.37222222 -0.19583333 0.45858132
v 0.37777778 -0.19583333 0.47008077
v 0.38333333 -0.19583333 0.48816469
v 0.38888889 -0.19583333 0.49227712
v 0.39444444 -0.19583333 0.49593755
v 0.40000000 -0.19583333 0.49848669
v 0.40555556 -0.19583333 0.50066096
v 0.41111111 -0.19583333 0.50258628
v 0.41666667 -0.19583333 0.50401826
v 0.42222222 -0.19583333 0.50504773
v 0.42777778 -0.19583333 0.50576338
v 0.43333333 -0.19583333 0.50613992
v 0.43888889 -0.19583333 0.50617490
v 0.44444444 -0.19583333 0.50576216
v 0.45000000 -0.19583333 0.50502416
v 0.45555556 -0.19583333 0.50372615
v 0.46111111 -0.19583333 0.50197231
v 0.46666667 -0.19583333 0.49935236
v 0.47222222 -0.19583333 0.49564794
v 0.47777778 -0.19583333 0.49188877
v 0.48333333 -0.19583333 0.47815440
v 0.48888889 -0.19583333 0.46777242
v 0.49444444 -0.19583333 0.46503557
v 0.50000000 -0.19583333 0.46402756
v 0.50555556 -0.19583333 0.46085762
v 0.35555556 -0.20000000 0.42072819
v 0.36111111 -0.20000000 0.37651860
v 0.36666667 -0.20000000 0.45117248
v 0.37222222 -0.20000000 0.45290422
v 0.37777778 -0.20000000 0.45634518
v 0.38333333 -0.20000000 0.48655422
v 0.38888889 -0.20000000 0.48984983
v 0.39444444 -0.20000000 0.49339578
v 0.40000000 -0.20000000 0.49647632
v 0.40555556 -0.20000000 0.49880118
v 0.41111111 -0.20000000 0.50049165
v 0.41666667 -0.20000000 0.50215824
v 0.42222222 -0.20000000 0.50350238
v 0.42777778 -0.20000000 0.50411267
v 0.43333333 -0.20000000 0.50447581
v 0.43888889 -0.20000000 0.50426073
v 0.44444444 -0.20000000 0.50376867
v 0.45000000 -0.20000000 0.50314071
v 0.45555556 -0.20000000 0.50195332
v 0.46111111 -0.20000000 0.50041512
v 0.46666667 -0.20000000 0.49780397
v 0.47222222 -0.20000000 0.49430273
v 0.47777778 -0.20000000 0.49031124
v 0.48333333 -0.20000000 0.47444183
v 0.48888889 -0.20000000 0.46692249
v 0.49444444 -0.20000000 0.46376835
v 0.50000000 -0.20000000 0.46306758
v 0.50555556 -0.20000000 0.46013310
v 0.35555556 -0.20416667 0.42154781
v 0.36111111 -0.20416667 0.33659366
v 0.36666667 -0.20416667 0.43653817
v 0.37222222 -0.20416667 0.44697754
v 0.37777778 -0.20416667 0.43459779
v 0.38333333 -0.20416667 0.47775600
v 0.38888889 -0.20416667 0.48614480
v 0.39444444 -0.20416667 0.49038570
v 0.40000000 -0.20416667 0.49426618
v 0.40555556 -0.20416667 0.49681485
v 0.41111111 -0.20416667 0.49843304
v 0.41666667 -0.20416667 0.50030580
v 0.42222222 -0.20416667 0.50175115
v 0.42777778 -0.20416667 0.50258878
v 0.43333333 -0.20416667 0.50285432
v 0.43888889 -0.20416667 0.50269425
v 0.44444444 -0.20416667 0.50211804
v 0.45000000 -0.20416667 0.50141920
v 0.45555556 -0.20416667 0.50014654
v 0.46111111 -0.20416667 0.49839796
v 0.46666667 -0.20416667 0.49586681
v 0.47222222 -0.20416667 0.49254448
v 0.47777778 -0.20416667 0.48831661
v 0.48333333 -0.20416667 0.47177546
v 0.48888889 -0.20416667 0.46588597
v 0.49444444 -0.20416667 0.46253303
v 0.50000000 -0.20416667 0.46169744
v 0.50555556 -0.20416667 0.45884829
v 0.51111111 -0.20416667 0.22085765
v 0.35555556 -0.20833333 0.12644738
v 0.36111111 -0.20833333 0.31707669
v 0.36666667 -0.20833333 0.42204734
v 0.37222222 -0.20833333 0.44206009
v 0.37777778 -0.20833333 0.43654958
v 0.38333333 -0.20833333 0.45852449
v 0.38888889 -0.20833333 0.48090781
v 0.39444444 -0.20833333 0.48800747
v 0.40000000 -0.20833333 0.49236041
v 0.40555556 -0.20833333 0.49557713
v 0.41111111 -0.20833333 0.49700031
v 0.41666667 -0.20833333 0.49880991
v 0.42222222 -0.20833333 0.50038465
v 0.42777778 -0.20833333 0.50140654
v 0.43333333 -0.20833333 0.50177987
v 0.43888889 -0.20833333 0.50177279
v 0.44444444 -0.20833333 0.50118098
v 0.45000000 -0.20833333 0.50033684
v 0.45555556 -0.20833333 0.49876567
v 0.46111111 -0.20833333 0.49668009
v 0.46666667 -0.20833333 0.49388362
v 0.47222222 -0.20833333 0.49013461
v 0.47777778 -0.20833333 0.48487608
v 0.48333333 -0.20833333 0.46998961
v 0.48888889 -0.20833333 0.46452316
v 0.49444444 -0.20833333 0.46164175
v 0.50000000 -0.20833333 0.46062280
v 0.50555556 -0.20833333 0.45759687
v 0.51111111 -0.20833333 0.21397929
v 0.35555556 -0.21250000 0.11266696
v 0.36111111 -0.21250000 0.28974690
v 0.36666667 -0.21250000 0.35720429
v 0.37222222 -0.21250000 0.43755137
v 0.37777778 -0.21250000 0.43741508
v 0.38333333 -0.21250000 0.44628307
v 0.38888889 -0.21250000 0.47216742
v 0.39444444 -0.21250000 0.48565646
v 0.40000000 -0.21250000 0.49077494
v 0.40555556 -0.21250000 0.49413253
v 0.41111111 -0.21250000 0.49564351
v 0.41666667 -0.21250000 0.49725373
v 0.42222222 -0.21250000 0.49877894
v 0.42777778 -0.21250000 0.49993279
v 0.43333333 -0.21250000 0.50069683
v 0.43888889 -0.21250000 0.50082396
v 0.44444444 -0.21250000 0.50031517
v 0.45000000 -0.21250000 0.49920055
v 0.45555556 -0.21250000 0.49725398
v 0.46111111 -0.21250000 0.49472677
v 0.46666667 -0.21250000 0.49164752
v 0.47222222 -0.21250000 0.48746123
v 0.47777778 -0.21250000 0.47849164
v 0.48333333 -0.21250000 0.46817948
v 0.48888889 -0.21250000 0.46284835
v 0.49444444 -0.21250000 0.46031756
v 0.50000000 -0.21250000 0.45897478
v 0.50555556 -0.21250000 0.45637565
v 0.51111111 -0.21250000 0.32727932
v 0.36111111 -0.21666667 0.25878453
v 0.36666667 -0.21666667 0.14592553
v 0.37222222 -0.21666667 0.43251253
v 0.37777778 -0.21666667 0.43602737
v 0.38333333 -0.21666667 0.44308548
v 0.38888889 -0.21666667 0.45639825
v 0.39444444 -0.21666667 0.47673122
v 0.40000000 -0.21666667 0.48823510
v 0.40555556 -0.21666667 0.49249381
v 0.41111111 -0.21666667 0.49433906
v 0.41666667 -0.21666667 0.49550875
v 0.42222222 -0.21666667 0.49690332
v 0.42777778 -0.21666667 0.49816031
v 0.43333333 -0.21666667 0.49917104
v 0.43888889 -0.21666667 0.49952956
v 0.44444444 -0.21666667 0.49901469
v 0.45000000 -0.21666667 0.49781678
v 0.45555556 -0.21666667 0.49586374
v 0.46111111 -0.21666667 0.49288852
v 0.46666667 -0.21666667 0.48952546
v 0.47222222 -0.21666667 0.48274040
v 0.47777778 -0.21666667 0.47324764
v 0.48333333 -0.21666667 0.46531080
v 0.48888889 -0.21666667 0.46087979
v 0.49444444 -0.21666667 0.45856057
v 0.50000000 -0.21666667 0.45739574
v 0.50555556 -0.21666667 0.45516361
v 0.51111111 -0.21666667 0.45463893
v 0.36111111 -0.22083333 0.10961489
v 0.36666667 -0.22083333 0.15395107
v 0.37222222 -0.22083333 0.42911496
v 0.37777778 -0.22083333 0.43472646
v 0.38333333 -0.22083333 0.44227957
v 0.38888889 -0.22083333 0.44618851
v 0.39444444 -0.22083333 0.45447203
v 0.40000000 -0.22083333 0.48243138
v 0.40555556 -0.22083333 0.48998301
v 0.41111111 -0.22083333 0.49236091
v 0.41666667 -0.22083333 0.49347389
v 0.42222222 -0.22083333 0.49445547
v 0.42777778 -0.22083333 0.49576156
v 0.43333333 -0.22083333 0.49683237
v 0.43888889 -0.22083333 0.49738823
v 0.44444444 -0.22083333 0.49702953
v 0.45000000 -0.22083333 0.49612670
v 0.45555556 -0.22083333 0.49380194
v 0.46111111 -0.22083333 0.49061168
v 0.46666667 -0.22083333 0.48456395
v 0.47222222 -0.22083333 0.47615815
v 0.47777778 -0.22083333 0.46884863
v 0.48333333 -0.22083333 0.46219271
v 0.48888889 -0.22083333 0.45861869
v 0.49444444 -0.22083333 0.45672158
v 0.50000000 -0.22083333 0.45595164
v 0.50555556 -0.22083333 0.45393670
v 0.51111111 -0.22083333 0.44602733
v 0.51666667 -0.22083333 0.14853276
v 0.36666667 -0.22500000 0.11592825
v 0.37222222 -0.22500000 0.42858188
v 0.37777778 -0.22500000 0.43341504
v 0.38333333 -0.22500000 0.43853202
v 0.38888889 -0.22500000 0.44136221
v 0.39444444 -0.22500000 0.44177052
v 0.40000000 -0.22500000 0.45120302
v 0.40555556 -0.22500000 0.48352493
v 0.41111111 -0.22500000 0.48862420
v 0.41666667 -0.22500000 0.49039117
v 0.42222222 -0.22500000 0.49092876
v 0.42777778 -0.22500000 0.49211826
v 0.43333333 -0.22500000 0.49353057
v 0.43888889 -0.22500000 0.49429944
v 0.44444444 -0.22500000 0.49451877
v 0.45000000 -0.22500000 0.49360954
v 0.45555556 -0.22500000 0.48961408
v 0.46111111 -0.22500000 0.48343656
v 0.46666667 -0.22500000 0.47664167
v 0.47222222 -0.22500000 0.47086444
v 0.47777778 -0.22500000 0.46535969
v 0.48333333 -0.22500000 0.45888033
v 0.48888889 -0.22500000 0.45517448
v 0.49444444 -0.22500000 0.45427026
v 0.50000000 -0.22500000 0.45378485
v 0.50555556 -0.22500000 0.45252553
v 0.51111111 -0.22500000 0.45222809
v 0.51666667 -0.22500000 0.15178294
v 0.36666667 -0.22916667 0.11680892
v 0.37222222 -0.22916667 0.17884035
v 0.37777778 -0.22916667 0.43523372
v 0.38333333 -0.22916667 0.43741018
v 0.38888889 -0.22916667 0.43834509
v 0.39444444 -0.22916667 0.43776355
v 0.40000000 -0.22916667 0.43669757
v 0.40555556 -0.22916667 0.45266079
v 0.41111111 -0.22916667 0.47807393
v 0.41666667 -0.22916667 0.48256356
v 0.42222222 -0.22916667 0.48473039
v 0.42777778 -0.22916667 0.48681618
v 0.43333333 -0.22916667 0.48913118
v 0.43888889 -0.22916667 0.49012635
v 0.44444444 -0.22916667 0.48938166
v 0.45000000 -0.22916667 0.48595287
v 0.45555556 -0.22916667 0.47979015
v 0.46111111 -0.22916667 0.47450280
v 0.46666667 -0.22916667 0.47091261
v 0.47222222 -0.22916667 0.46763184
v 0.47777778 -0.22916667 0.46353053
v 0.48333333 -0.22916667 0.45690358
v 0.48888889 -0.22916667 0.45276657
v 0.49444444 -0.22916667 0.45228220
v 0.50000000 -0.22916667 0.45226157
v 0.50555556 -0.22916667 0.45106684
v 0.51111111 -0.22916667 0.45474855
v 0.51666667 -0.22916667 0.10236969
v 0.37222222 -0.23333333 0.12056857
v 0.37777778 -0.23333333 0.44578482
v 0.38333333 -0.23333333 0.43971330
v 0.38888889 -0.23333333 0.43942848
v 0.39444444 -0.23333333 0.43876337
v 0.40000000 -0.23333333 0.44175410
v 0.40555556 -0.23333333 0.44781826
v 0.41111111 -0.23333333 0.46282786
v 0.41666667 -0.23333333 0.47282159
v 0.42222222 -0.23333333 0.47533979
v 0.42777778 -0.23333333 0.47747798
v 0.43333333 -0.23333333 0.47966251
v 0.43888889 -0.23333333 0.48028758
v 0.44444444 -0.23333333 0.47834734
v 0.45000000 -0.23333333 0.47480017
v 0.45555556 -0.23333333 0.47121774
v 0.46111111 -0.23333333 0.46924092
v 0.46666667 -0.23333333 0.46759264
v 0.47222222 -0.23333333 0.46557670
v 0.47777778 -0.23333333 0.46207312
v 0.48333333 -0.23333333 0.45567806
v 0.48888889 -0.23333333 0.45118672
v 0.49444444 -0.23333333 0.45067638
v 0.50000000 -0.23333333 0.45151141
v 0.50555556 -0.23333333 0.45054134
v 0.51111111 -0.23333333 0.44876887
v 0.51666667 -0.23333333 0.38549055
v 0.52222222 -0.23333333 0.11734112
v 0.37222222 -0.23750000 0.43339087
v 0.37777778 -0.23750000 0.44303427
v 0.38333333 -0.23750000 0.44477638
v 0.38888889 -0.23750000 0.44479111
v 0.39444444 -0.23750000 0.44497147
v 0.40000000 -0.23750000 0.44602554
v 0.40555556 -0.23750000 0.44865232
v 0.41111111 -0.23750000 0.45710217
v 0.41666667 -0.23750000 0.46606364
v 0.42222222 -0.23750000 0.46818591
v 0.42777778 -0.23750000 0.46975315
v 0.43333333 -0.23750000 0.47027482
v 0.43888889 -0.23750000 0.46991361
v 0.44444444 -0.23750000 0.46853106
v 0.45000000 -0.23750000 0.46788290
v 0.45555556 -0.23750000 0.46717018
v 0.46111111 -0.23750000 0.46622529
v 0.46666667 -0.23750000 0.46546773
v 0.47222222 -0.23750000 0.46356912
v 0.47777778 -0.23750000 0.46055660
v 0.48333333 -0.23750000 0.45551605
v 0.48888889 -0.23750000 0.45074054
v 0.49444444 -0.23750000 0.44977326
v 0.50000000 -0.23750000 0.45083241
v 0.50555556 -0.23750000 0.45101638
v 0.51111111 -0.23750000 0.45049160
v 0.51666667 -0.23750000 0.45015965
v 0.52222222 -0.23750000 0.44936482
v 0.52777778 -0.23750000 0.43030794
v 0.53333333 -0.23750000 0.07793383
v 0.36111111 -0.24166667 0.10388229
v 0.36666667 -0.24166667 0.28396649
v 0.37222222 -0.24166667 0.44484036
v 0.37777778 -0.24166667 0.44606627
v 0.38333333 -0.24166667 0.44657096
v 0.38888889 -0.24166667 0.44651313
v 0.39444444 -0.24166667 0.44653348
v 0.40000000 -0.24166667 0.44724898
v 0.40555556 -0.24166667 0.44909992
v 0.41111111 -0.24166667 0.45416250
v 0.41666667 -0.24166667 0.46101497
v 0.42222222 -0.24166667 0.46321449
v 0.42777778 -0.24166667 0.46467626
v 0.43333333 -0.24166667 0.46531019
v 0.43888889 -0.24166667 0.46534649
v 0.44444444 -0.24166667 0.46514955
v 0.45000000 -0.24166667 0.46494462
v 0.45555556 -0.24166667 0.46466957
v 0.46111111 -0.24166667 0.46424428
v 0.46666667 -0.24166667 0.46361414
v 0.47222222 -0.24166667 0.46222905
v 0.47777778 -0.24166667 0.45989438
v 0.48333333 -0.24166667 0.45580029
v 0.48888889 -0.24166667 0.45152578
v 0.49444444 -0.24166667 0.45020249
v 0.50000000 -0.24166667 0.45068035
v 0.50555556 -0.24166667 0.45128167
v 0.51111111 -0.24166667 0.45137275
v 0.51666667 -0.24166667 0.45143967
v 0.52222222 -0.24166667 0.45106044
v 0.52777778 -0.24166667 0.45192336
v 0.53333333 -0.24166667 0.45356820
v 0.53888889 -0.24166667 0.47244655
v 0.54444444 -0.24166667 0.19398504
v 0.33333333 -0.24583333 0.44841753
v 0.33888889 -0.24583333 0.45143080
v 0.34444444 -0.24583333 0.45095419
v 0.35000000 -0.24583333 0.45036725
v 0.35555556 -0.24583333 0.44872295
v 0.36111111 -0.24583333 0.45356798
v 0.36666667 -0.24583333 0.44856262
v 0.37222222 -0.24583333 0.44849778
v 0.37777778 -0.24583333 0.44870192
v 0.38333333 -0.24583333 0.44875792
v 0.38888889 -0.24583333 0.44875399
v 0.39444444 -0.24583333 0.44889747
v 0.40000000 -0.24583333 0.44943388
v 0.40555556 -0.24583333 0.45039768
v 0.41111111 -0.24583333 0.45268457
v 0.41666667 -0.24583333 0.45738012
v 0.42222222 -0.24583333 0.45977433
v 0.42777778 -0.24583333 0.46135025
v 0.43333333 -0.24583333 0.46223116
v 0.43888889 -0.24583333 0.46274250
v 0.44444444 -0.24583333 0.46285025
v 0.45000000 -0.24583333 0.46287618
v 0.45555556 -0.24583333 0.46284335
v 0.46111111 -0.24583333 0.46272122
v 0.46666667 -0.24583333 0.46218188
v 0.47222222 -0.24583333 0.46121371
v 0.47777778 -0.24583333 0.45947220
v 0.48333333 -0.24583333 0.45532980
v 0.48888889 -0.24583333 0.45258847
v 0.49444444 -0.24583333 0.45145683
v 0.50000000 -0.24583333 0.45133163
v 0.50555556 -0.24583333 0.45219419
v 0.51111111 -0.24583333 0.45233953
v 0.51666667 -0.24583333 0.45298476
v 0.52222222 -0.24583333 0.45258458
v 0.52777778 -0.24583333 0.45450543
v 0.53333333 -0.24583333 0.45682272
v 0.53888889 -0.24583333 0.45694832
v 0.54444444 -0.24583333 0.45791945
v 0.55000000 -0.24583333 0.48796109
v 0.55555556 -0.24583333 0.30512649
v 0.56111111 -0.24583333 0.07600921
v 0.32222222 -0.25000000 0.48158187
v 0.32777778 -0.25000000 0.45309237
v 0.33333333 -0.25000000 0.45452807
v 0.33888889 -0.25000000 0.45453873
v 0.34444444 -0.25000000 0.45424819
v 0.35000000 -0.25000000 0.45332043
v 0.35555556 -0.25000000 0.45188109
v 0.36111111 -0.25000000 0.45180123
v 0.36666667 -0.25000000 0.45164459
v 0.37222222 -0.25000000 0.45126650
v 0.37777778 -0.25000000 0.45125695
v 0.38333333 -0.25000000 0.45124927
v 0.38888889 -0.25000000 0.45128489
v 0.39444444 -0.25000000 0.45160375
v 0.40000000 -0.25000000 0.45217252
v 0.40555556 -0.25000000 0.45289664
v 0.41111111 -0.25000000 0.45388141
v 0.41666667 -0.25000000 0.45637314
v 0.42222222 -0.25000000 0.45843050
v 0.42777778 -0.25000000 0.45987275
v 0.43333333 -0.25000000 0.46083459
v 0.43888889 -0.25000000 0.46144034
v 0.44444444 -0.25000000 0.46169293
v 0.45000000 -0.25000000 0.46196523
v 0.45555556 -0.25000000 0.46203307
v 0.46111111 -0.25000000 0.46201944
v 0.46666667 -0.25000000 0.46162838
v 0.47222222 -0.25000000 0.46086470
v 0.47777778 -0.25000000 0.45902874
v 0.48333333 -0.25000000 0.45583516
v 0.48888889 -0.25000000 0.45418185
v 0.49444444 -0.25000000 0.45351402
v 0.50000000 -0.25000000 0.45327380
v 0.50555556 -0.25000000 0.45383645
v 0.51111111 -0.25000000 0.45362545
v 0.51666667 -0.25000000 0.45432891
v 0.52222222 -0.25000000 0.45444349
v 0.52777778 -0.25000000 0.45550951
v 0.53333333 -0.25000000 0.45850124
v 0.53888889 -0.25000000 0.46025673
v 0.54444444 -0.25000000 0.46165452
v 0.55000000 -0.25000000 0.46282532
v 0.55555556 -0.25000000 0.46450828
v 0.56111111 -0.25000000 0.46313206
v 0.56666667 -0.25000000 0.47589301
v 0.57222222 -0.25000000 0.19000551
v 0.31111111 -0.25416667 0.37626801
v 0.31666667 -0.25416667 0.45611447
v 0.32222222 -0.25416667 0.45717409
v 0.32777778 -0.25416667 0.45725999
v 0.33333333 -0.25416667 0.45691824
v 0.33888889 -0.25416667 0.45699463
v 0.34444444 -0.25416667 0.45711876
v 0.35000000 -0.25416667 0.45691019
v 0.35555556 -0.25416667 0.45641352
v 0.36111111 -0.25416667 0.45543813
v 0.36666667 -0.25416667 0.45458053
v 0.37222222 -0.25416667 0.45403630
v 0.37777778 -0.25416667 0.45411626
v 0.38333333 -0.25416667 0.45418854
v 0.38888889 -0.25416667 0.45444843
v 0.39444444 -0.25416667 0.45487940
v 0.40000000 -0.25416667 0.45509537
v 0.40555556 -0.25416667 0.45504477
v 0.41111111 -0.25416667 0.45550454
v 0.41666667 -0.25416667 0.45710961
v 0.42222222 -0.25416667 0.45865266
v 0.42777778 -0.25416667 0.45986370
v 0.43333333 -0.25416667 0.46075383
v 0.43888889 -0.25416667 0.46142499
v 0.44444444 -0.25416667 0.46184721
v 0.45000000 -0.25416667 0.46208156
v 0.45555556 -0.25416667 0.46220022
v 0.46111111 -0.25416667 0.46219336
v 0.46666667 -0.25416667 0.46182436
v 0.47222222 -0.25416667 0.46113342
v 0.47777778 -0.25416667 0.45942092
v 0.48333333 -0.25416667 0.45755578
v 0.48888889 -0.25416667 0.45651780
v 0.49444444 -0.25416667 0.45589414
v 0.50000000 -0.25416667 0.45560185
v 0.50555556 -0.25416667 0.45591481
v 0.51111111 -0.25416667 0.45567276
v 0.51666667 -0.25416667 0.45571042
v 0.52222222 -0.25416667 0.45689610
v 0.52777778 -0.25416667 0.45755514
v 0.53333333 -0.25416667 0.45959673
v 0.53888889 -0.25416667 0.46158557
v 0.54444444 -0.25416667 0.46354244
v 0.55000000 -0.25416667 0.46516124
v 0.55555556 -0.25416667 0.46646751
v 0.56111111 -0.25416667 0.46856411
v 0.56666667 -0.25416667 0.46890092
v 0.57222222 -0.25416667 0.46803943
v 0.57777778 -0.25416667 0.45018883
v 0.30555556 -0.25833333 0.45565478
v 0.31111111 -0.25833333 0.45739038
v 0.31666667 -0.25833333 0.45875005
v 0.32222222 -0.25833333 0.45898536
v 0.32777778 -0.25833333 0.45927869
v 0.33333333 -0.25833333 0.45953908
v 0.33888889 -0.25833333 0.45986935
v 0.34444444 -0.25833333 0.45984879
v 0.35000000 -0.25833333 0.45945003
v 0.35555556 -0.25833333 0.45886424
v 0.36111111 -0.25833333 0.45827658
v 0.36666667 -0.25833333 0.45761601
v 0.37222222 -0.25833333 0.45739532
v 0.37777778 -0.25833333 0.45727944
v 0.38333333 -0.25833333 0.45731657
v 0.38888889 -0.25833333 0.45764326
v 0.39444444 -0.25833333 0.45790815
v 0.40000000 -0.25833333 0.45769544
v 0.40555556 -0.25833333 0.45728692
v 0.41111111 -0.25833333 0.45755128
v 0.41666667 -0.25833333 0.45865713
v 0.42222222 -0.25833333 0.45978949
v 0.42777778 -0.25833333 0.46079475
v 0.43333333 -0.25833333 0.46161829
v 0.43888889 -0.25833333 0.46220891
v 0.44444444 -0.25833333 0.46255585
v 0.45000000 -0.25833333 0.46278155
v 0.45555556 -0.25833333 0.46289027
v 0.46111111 -0.25833333 0.46287485
v 0.46666667 -0.25833333 0.46266621
v 0.47222222 -0.25833333 0.46230429
v 0.47777778 -0.25833333 0.46155517
v 0.48333333 -0.25833333 0.46070423
v 0.48888889 -0.25833333 0.46002749
v 0.49444444 -0.25833333 0.45938380
v 0.50000000 -0.25833333 0.45899051
v 0.50555556 -0.25833333 0.45889710
v 0.51111111 -0.25833333 0.45822372
v 0.51666667 -0.25833333 0.45731063
v 0.52222222 -0.25833333 0.45794259
v 0.52777778 -0.25833333 0.45985097
v 0.53333333 -0.25833333 0.46127476
v 0.53888889 -0.25833333 0.46300757
v 0.54444444 -0.25833333 0.46469990
v 0.55000000 -0.25833333 0.46644140
v 0.55555556 -0.25833333 0.46792592
v 0.56111111 -0.25833333 0.46918852
v 0.56666667 -0.25833333 0.46989977
v 0.57222222 -0.25833333 0.47048532
v 0.57777778 -0.25833333 0.46984559
v 0.58333333 -0.25833333 0.46838179
v 0.29444444 -0.26250000 0.23367360
v 0.30000000 -0.26250000 0.45936745
v 0.30555556 -0.26250000 0.45842983
v 0.31111111 -0.26250000 0.45923195
v 0.31666667 -0.26250000 0.46037543
v 0.32222222 -0.26250000 0.46093723
v 0.32777778 -0.26250000 0.46124668
v 0.33333333 -0.26250000 0.46159540
v 0.33888889 -0.26250000 0.46172022
v 0.34444444 -0.26250000 0.46167841
v 0.35000000 -0.26250000 0.46150067
v 0.35555556 -0.26250000 0.46117004
v 0.36111111 -0.26250000 0.46086359
v 0.36666667 -0.26250000 0.46055238
v 0.37222222 -0.26250000 0.46040701
v 0.37777778 -0.26250000 0.46029410
v 0.38333333 -0.26250000 0.46037732
v 0.38888889 -0.26250000 0.46070967
v 0.39444444 -0.26250000 0.46051952
v 0.40000000 -0.26250000 0.45985712
v 0.40555556 -0.26250000 0.45952814
v 0.41111111 -0.26250000 0.45995296
v 0.41666667 -0.26250000 0.46072136
v 0.42222222 -0.26250000 0.46160892
v 0.42777778 -0.26250000 0.46244609
v 0.43333333 -0.26250000 0.46300968
v 0.43888889 -0.26250000 0.46343193
v 0.44444444 -0.26250000 0.46366163
v 0.45000000 -0.26250000 0.46386763
v 0.45555556 -0.26250000 0.46388254
v 0.46111111 -0.26250000 0.46401258
v 0.46666667 -0.26250000 0.46397817
v 0.47222222 -0.26250000 0.46383948
v 0.47777778 -0.26250000 0.46343347
v 0.48333333 -0.26250000 0.46304498
v 0.48888889 -0.26250000 0.46257917
v 0.49444444 -0.26250000 0.46215245
v 0.50000000 -0.26250000 0.46178023
v 0.50555556 -0.26250000 0.46192614
v 0.51111111 -0.26250000 0.46136166
v 0.51666667 -0.26250000 0.46030315
v 0.52222222 -0.26250000 0.45928087
v 0.52777778 -0.26250000 0.46019762
v 0.53333333 -0.26250000 0.46228766
v 0.53888889 -0.26250000 0.46408095
v 0.54444444 -0.26250000 0.46578240
v 0.55000000 -0.26250000 0.46748865
v 0.55555556 -0.26250000 0.46904951
v 0.56111111 -0.26250000 0.47011271
v 0.56666667 -0.26250000 0.47112197
v 0.57222222 -0.26250000 0.47122167
v 0.57777778 -0.26250000 0.47115258
v 0.58333333 -0.26250000 0.46932414
v 0.28888889 -0.26666667 0.24456334
v 0.29444444 -0.26666667 0.46014669
v 0.30000000 -0.26666667 0.45966010
v 0.30555556 -0.26666667 0.46083101
v 0.31111111 -0.26666667 0.46128613
v 0.31666667 -0.26666667 0.46199419
v 0.32222222 -0.26666667 0.46240078
v 0.32777778 -0.26666667 0.46264647
v 0.33333333 -0.26666667 0.46280522
v 0.33888889 -0.26666667 0.46291323
v 0.34444444 -0.26666667 0.46304015
v 0.35000000 -0.26666667 0.46316242
v 0.35555556 -0.26666667 0.46331044
v 0.36111111 -0.26666667 0.46333226
v 0.36666667 -0.26666667 0.46331302
v 0.37222222 -0.26666667 0.46307137
v 0.37777778 -0.26666667 0.46308131
v 0.38333333 -0.26666667 0.46326020
v 0.38888889 -0.26666667 0.46361961
v 0.39444444 -0.26666667 0.46319826
v 0.40000000 -0.26666667 0.46198525
v 0.40555556 -0.26666667 0.46191552
v 0.41111111 -0.26666667 0.46237507
v 0.41666667 -0.26666667 0.46307137
v 0.42222222 -0.26666667 0.46376266
v 0.42777778 -0.26666667 0.46428609
v 0.43333333 -0.26666667 0.46473291
v 0.43888889 -0.26666667 0.46494191
v 0.44444444 -0.26666667 0.46517512
v 0.45000000 -0.26666667 0.46529102
v 0.45555556 -0.26666667 0.46532897
v 0.46111111 -0.26666667 0.46529889
v 0.46666667 -0.26666667 0.46522425
v 0.47222222 -0.26666667 0.46508263
v 0.47777778 -0.26666667 0.46487131
v 0.48333333 -0.26666667 0.46464797
v 0.48888889 -0.26666667 0.46436151
v 0.49444444 -0.26666667 0.46412530
v 0.50000000 -0.26666667 0.46375748
v 0.50555556 -0.26666667 0.46398718
v 0.51111111 -0.26666667 0.46380780
v 0.51666667 -0.26666667 0.46271775
v 0.52222222 -0.26666667 0.46162223
v 0.52777778 -0.26666667 0.46109515
v 0.53333333 -0.26666667 0.46290071
v 0.53888889 -0.26666667 0.46503739
v 0.54444444 -0.26666667 0.46676770
v 0.55000000 -0.26666667 0.46842706
v 0.55555556 -0.26666667 0.47005094
v 0.56111111 -0.26666667 0.47144340
v 0.56666667 -0.26666667 0.47250016
v 0.57222222 -0.26666667 0.47335914
v 0.57777778 -0.26666667 0.47305952
v 0.58333333 -0.26666667 0.47297516
v 0.58888889 -0.26666667 0.48125192
v 0.28333333 -0.27083333 0.24481205
v 0.28888889 -0.27083333 0.46041706
v 0.29444444 -0.27083333 0.46096412
v 0.30000000 -0.27083333 0.46233022
v 0.30555556 -0.27083333 0.46249233
v 0.31111111 -0.27083333 0.46291283
v 0.31666667 -0.27083333 0.46324711
v 0.32222222 -0.27083333 0.46331066
v 0.32777778 -0.27083333 0.46337367
v 0.33333333 -0.27083333 0.46355191
v 0.33888889 -0.27083333 0.46385761
v 0.34444444 -0.27083333 0.46431066
v 0.35000000 -0.27083333 0.46475948
v 0.35555556 -0.27083333 0.46524163
v 0.36111111 -0.27083333 0.46550331
v 0.36666667 -0.27083333 0.46554766
v 0.37222222 -0.27083333 0.46544427
v 0.37777778 -0.27083333 0.46553568
v 0.38333333 -0.27083333 0.46585615
v 0.38888889 -0.27083333 0.46614361
v 0.39444444 -0.27083333 0.46517851
v 0.40000000 -0.27083333 0.46419683
v 0.40555556 -0.27083333 0.46425143
v 0.41111111 -0.27083333 0.46468184
v 0.41666667 -0.27083333 0.46531169
v 0.42222222 -0.27083333 0.46581470
v 0.42777778 -0.27083333 0.46621749
v 0.43333333 -0.27083333 0.46653256
v 0.43888889 -0.27083333 0.46676770
v 0.44444444 -0.27083333 0.46686884
v 0.45000000 -0.27083333 0.46703721
v 0.45555556 -0.27083333 0.46708345
v 0.46111111 -0.27083333 0.46702852
v 0.46666667 -0.27083333 0.46690485
v 0.47222222 -0.27083333 0.46681087
v 0.47777778 -0.27083333 0.46667826
v 0.48333333 -0.27083333 0.46655620
v 0.48888889 -0.27083333 0.46635936
v 0.49444444 -0.27083333 0.46621302
v 0.50000000 -0.27083333 0.46570319
v 0.50555556 -0.27083333 0.46555960
v 0.51111111 -0.27083333 0.46602312
v 0.51666667 -0.27083333 0.46470720
v 0.52222222 -0.27083333 0.46334796
v 0.52777778 -0.27083333 0.46252702
v 0.53333333 -0.27083333 0.46311203
v 0.53888889 -0.27083333 0.46533008
v 0.54444444 -0.27083333 0.46727568
v 0.55000000 -0.27083333 0.46923673
v 0.55555556 -0.27083333 0.47093496
v 0.56111111 -0.27083333 0.47264979
v 0.56666667 -0.27083333 0.47414968
v 0.57222222 -0.27083333 0.47522403
v 0.57777778 -0.27083333 0.47563409
v 0.58333333 -0.27083333 0.47551746
v 0.58888889 -0.27083333 0.47436708
v 0.59444444 -0.27083333 0.21909174
v 0.28333333 -0.27500000 0.47087907
v 0.28888889 -0.27500000 0.46227837
v 0.29444444 -0.27500000 0.46310563
v 0.30000000 -0.27500000 0.46329099
v 0.30555556 -0.27500000 0.46360989
v 0.31111111 -0.27500000 0.46392163
v 0.31666667 -0.27500000 0.46403568
v 0.32222222 -0.27500000 0.46375147
v 0.32777778 -0.27500000 0.46371492
v 0.33333333 -0.27500000 0.46401794
v 0.33888889 -0.27500000 0.46458889
v 0.34444444 -0.27500000 0.46542885
v 0.35000000 -0.27500000 0.46612458
v 0.35555556 -0.27500000 0.46674396
v 0.36111111 -0.27500000 0.46730372
v 0.36666667 -0.27500000 0.46754830
v 0.37222222 -0.27500000 0.46767522
v 0.37777778 -0.27500000 0.46801182
v 0.38333333 -0.27500000 0.46854762
v 0.38888889 -0.27500000 0.46823319
v 0.39444444 -0.27500000 0.46702752
v 0.40000000 -0.27500000 0.46661317
v 0.40555556 -0.27500000 0.46667715
v 0.41111111 -0.27500000 0.46705681
v 0.41666667 -0.27500000 0.46749212
v 0.42222222 -0.27500000 0.46784492
v 0.42777778 -0.27500000 0.46814232
v 0.43333333 -0.27500000 0.46837274
v 0.43888889 -0.27500000 0.46856056
v 0.44444444 -0.27500000 0.46872350
v 0.45000000 -0.27500000 0.46880715
v 0.45555556 -0.27500000 0.46887707
v 0.46111111 -0.27500000 0.46884570
v 0.46666667 -0.27500000 0.46874886
v 0.47222222 -0.27500000 0.46866231
v 0.47777778 -0.27500000 0.46863552
v 0.48333333 -0.27500000 0.46856482
v 0.48888889 -0.27500000 0.46849819
v 0.49444444 -0.27500000 0.46820176
v 0.50000000 -0.27500000 0.46777250
v 0.50555556 -0.27500000 0.46711285
v 0.51111111 -0.27500000 0.46772221
v 0.51666667 -0.27500000 0.46681759
v 0.52222222 -0.27500000 0.46503274
v 0.52777778 -0.27500000 0.46426141
v 0.53333333 -0.27500000 0.46412333
v 0.53888889 -0.27500000 0.46512347
v 0.54444444 -0.27500000 0.46748110
v 0.55000000 -0.27500000 0.47000849
v 0.55555556 -0.27500000 0.47196608
v 0.56111111 -0.27500000 0.47352809
v 0.56666667 -0.27500000 0.47528436
v 0.57222222 -0.27500000 0.47674273
v 0.57777778 -0.27500000 0.47764313
v 0.58333333 -0.27500000 0.47770758
v 0.58888889 -0.27500000 0.47668895
v 0.59444444 -0.27500000 0.48786145
v 0.27777778 -0.27916667 0.47812504
v 0.28333333 -0.27916667 0.46299416
v 0.28888889 -0.27916667 0.46391369
v 0.29444444 -0.27916667 0.46410488
v 0.30000000 -0.27916667 0.46420695
v 0.30555556 -0.27916667 0.46439724
v 0.31111111 -0.27916667 0.46435264
v 0.31666667 -0.27916667 0.46414039
v 0.32222222 -0.27916667 0.46379199
v 0.32777778 -0.27916667 0.46370577
v 0.33333333 -0.27916667 0.46424696
v 0.33888889 -0.27916667 0.46520019
v 0.34444444 -0.27916667 0.46639076
v 0.35000000 -0.27916667 0.46729674
v 0.35555556 -0.27916667 0.46804004
v 0.36111111 -0.27916667 0.46891083
v 0.36666667 -0.27916667 0.46948671
v 0.37222222 -0.27916667 0.47004079
v 0.37777778 -0.27916667 0.47050470
v 0.38333333 -0.27916667 0.47094119
v 0.38888889 -0.27916667 0.46983443
v 0.39444444 -0.27916667 0.46902480
v 0.40000000 -0.27916667 0.46890982
v 0.40555556 -0.27916667 0.46899029
v 0.41111111 -0.27916667 0.46934481
v 0.41666667 -0.27916667 0.46964275
v 0.42222222 -0.27916667 0.46995610
v 0.42777778 -0.27916667 0.47014500
v 0.43333333 -0.27916667 0.47027296
v 0.43888889 -0.27916667 0.47045821
v 0.44444444 -0.27916667 0.47067840
v 0.45000000 -0.27916667 0.47082356
v 0.45555556 -0.27916667 0.47087163
v 0.46111111 -0.27916667 0.47088926
v 0.46666667 -0.27916667 0.47083819
v 0.47222222 -0.27916667 0.47074252
v 0.47777778 -0.27916667 0.47061138
v 0.48333333 -0.27916667 0.47063688
v 0.48888889 -0.27916667 0.47069954
v 0.49444444 -0.27916667 0.47033808
v 0.50000000 -0.27916667 0.46970032
v 0.50555556 -0.27916667 0.46895517
v 0.51111111 -0.27916667 0.46992885
v 0.51666667 -0.27916667 0.46962851
v 0.52222222 -0.27916667 0.46710942
v 0.52777778 -0.27916667 0.46578552
v 0.53333333 -0.27916667 0.46524163
v 0.53888889 -0.27916667 0.46540750
v 0.54444444 -0.27916667 0.46722000
v 0.55000000 -0.27916667 0.47015716
v 0.55555556 -0.27916667 0.47273147
v 0.56111111 -0.27916667 0.47443871
v 0.56666667 -0.27916667 0.47631944
v 0.57222222 -0.27916667 0.47802204
v 0.57777778 -0.27916667 0.47925450
v 0.58333333 -0.27916667 0.47989855
v 0.58888889 -0.27916667 0.47889204
v 0.59444444 -0.27916667 0.47774806
v 0.60000000 -0.27916667 0.17445021
v 0.27222222 -0.28333333 0.39628408
v 0.27777778 -0.28333333 0.46410595
v 0.28333333 -0.28333333 0.46459644
v 0.28888889 -0.28333333 0.46510381
v 0.29444444 -0.28333333 0.46509000
v 0.30000000 -0.28333333 0.46501164
v 0.30555556 -0.28333333 0.46496705
v 0.31111111 -0.28333333 0.46469557
v 0.31666667 -0.28333333 0.46434921
v 0.32222222 -0.28333333 0.46395607
v 0.32777778 -0.28333333 0.46385064
v 0.33333333 -0.28333333 0.46453725
v 0.33888889 -0.28333333 0.46582643
v 0.34444444 -0.28333333 0.46722261
v 0.35000000 -0.28333333 0.46831316
v 0.35555556 -0.28333333 0.46938057
v 0.36111111 -0.28333333 0.47057168
v 0.36666667 -0.28333333 0.47139072
v 0.37222222 -0.28333333 0.47230221
v 0.37777778 -0.28333333 0.47302444
v 0.38333333 -0.28333333 0.47266484
v 0.38888889 -0.28333333 0.47144390
v 0.39444444 -0.28333333 0.47115126
v 0.40000000 -0.28333333 0.47126101
v 0.40555556 -0.28333333 0.47144244
v 0.41111111 -0.28333333 0.47177761
v 0.41666667 -0.28333333 0.47197137
v 0.42222222 -0.28333333 0.47217439
v 0.42777778 -0.28333333 0.47227124
v 0.43333333 -0.28333333 0.47237048
v 0.43888889 -0.28333333 0.47250252
v 0.44444444 -0.28333333 0.47271127
v 0.45000000 -0.28333333 0.47283511
v 0.45555556 -0.28333333 0.47296075
v 0.46111111 -0.28333333 0.47299258
v 0.46666667 -0.28333333 0.47296318
v 0.47222222 -0.28333333 0.47285582
v 0.47777778 -0.28333333 0.47276752
v 0.48333333 -0.28333333 0.47277836
v 0.48888889 -0.28333333 0.47280936
v 0.49444444 -0.28333333 0.47238153
v 0.50000000 -0.28333333 0.47175504
v 0.50555556 -0.28333333 0.47103692
v 0.51111111 -0.28333333 0.47201250
v 0.51666667 -0.28333333 0.47240077
v 0.52222222 -0.28333333 0.46935532
v 0.52777778 -0.28333333 0.46783565
v 0.53333333 -0.28333333 0.46699934
v 0.53888889 -0.28333333 0.46628051
v 0.54444444 -0.28333333 0.46702373
v 0.55000000 -0.28333333 0.47026366
v 0.55555556 -0.28333333 0.47321738
v 0.56111111 -0.28333333 0.47530206
v 0.56666667 -0.28333333 0.47712865
v 0.57222222 -0.28333333 0.47909753
v 0.57777778 -0.28333333 0.48056120
v 0.58333333 -0.28333333 0.48140656
v 0.58888889 -0.28333333 0.48041271
v 0.59444444 -0.28333333 0.47900480
v 0.60000000 -0.28333333 0.38634245
v 0.27222222 -0.28750000 0.46459794
v 0.27777778 -0.28750000 0.46590264
v 0.28333333 -0.28750000 0.46637099
v 0.28888889 -0.28750000 0.46611153
v 0.29444444 -0.28750000 0.46576138
v 0.30000000 -0.28750000 0.46549298
v 0.30555556 -0.28750000 0.46522733
v 0.31111111 -0.28750000 0.46486351
v 0.31666667 -0.28750000 0.46447023
v 0.32222222 -0.28750000 0.46409522
v 0.32777778 -0.28750000 0.46389209
v 0.33333333 -0.28750000 0.46466249
v 0.33888889 -0.28750000 0.46616181
v 0.34444444 -0.28750000 0.46775844
v 0.35000000 -0.28750000 0.46913062
v 0.35555556 -0.28750000 0.47059135
v 0.36111111 -0.28750000 0.47211349
v 0.36666667 -0.28750000 0.47336118
v 0.37222222 -0.28750000 0.47439812
v 0.37777778 -0.28750000 0.47537098
v 0.38333333 -0.28750000 0.47421269
v 0.38888889 -0.28750000 0.47348002
v 0.39444444 -0.28750000 0.47340474
v 0.40000000 -0.28750000 0.47364585
v 0.40555556 -0.28750000 0.47389337
v 0.41111111 -0.28750000 0.47409561
v 0.41666667 -0.28750000 0.47418230
v 0.42222222 -0.28750000 0.47429320
v 0.42777778 -0.28750000 0.47431816
v 0.43333333 -0.28750000 0.47435174
v 0.43888889 -0.28750000 0.47449046
v 0.44444444 -0.28750000 0.47467400
v 0.45000000 -0.28750000 0.47479488
v 0.45555556 -0.28750000 0.47498285
v 0.46111111 -0.28750000 0.47505602
v 0.46666667 -0.28750000 0.47506685
v 0.47222222 -0.28750000 0.47501614
v 0.47777778 -0.28750000 0.47487177
v 0.48333333 -0.28750000 0.47481962
v 0.48888889 -0.28750000 0.47481390
v 0.49444444 -0.28750000 0.47451278
v 0.50000000 -0.28750000 0.47393267
v 0.50555556 -0.28750000 0.47320919
v 0.51111111 -0.28750000 0.47359321
v 0.51666667 -0.28750000 0.47436172
v 0.52222222 -0.28750000 0.47179323
v 0.52777778 -0.28750000 0.46988075
v 0.53333333 -0.28750000 0.46907609
v 0.53888889 -0.28750000 0.46806053
v 0.54444444 -0.28750000 0.46677285
v 0.55000000 -0.28750000 0.47022547
v 0.55555556 -0.28750000 0.47363763
v 0.56111111 -0.28750000 0.47632760
v 0.56666667 -0.28750000 0.47805398
v 0.57222222 -0.28750000 0.47997104
v 0.57777778 -0.28750000 0.48160018
v 0.58333333 -0.28750000 0.48236579
v 0.58888889 -0.28750000 0.48188052
v 0.59444444 -0.28750000 0.48053484
v 0.60000000 -0.28750000 0.49084268
v 0.26666667 -0.29166667 0.46617748
v 0.27222222 -0.29166667 0.46636215
v 0.27777778 -0.29166667 0.46739355
v 0.28333333 -0.29166667 0.46722497
v 0.28888889 -0.29166667 0.46675318
v 0.29444444 -0.29166667 0.46645771
v 0.30000000 -0.29166667 0.46579252
v 0.30555556 -0.29166667 0.46531892
v 0.31111111 -0.29166667 0.46493740
v 0.31666667 -0.29166667 0.46457566
v 0.32222222 -0.29166667 0.46401515
v 0.32777778 -0.29166667 0.46370941
v 0.33333333 -0.29166667 0.46457605
v 0.33888889 -0.29166667 0.46635396
v 0.34444444 -0.29166667 0.46824703
v 0.35000000 -0.29166667 0.46983823
v 0.35555556 -0.29166667 0.47169335
v 0.36111111 -0.29166667 0.47350116
v 0.36666667 -0.29166667 0.47513806
v 0.37222222 -0.29166667 0.47626280
v 0.37777778 -0.29166667 0.47665808
v 0.38333333 -0.29166667 0.47558606
v 0.38888889 -0.29166667 0.47534004
v 0.39444444 -0.29166667 0.47564077
v 0.40000000 -0.29166667 0.47587330
v 0.40555556 -0.29166667 0.47611445
v 0.41111111 -0.29166667 0.47633200
v 0.41666667 -0.29166667 0.47631254
v 0.42222222 -0.29166667 0.47627156
v 0.42777778 -0.29166667 0.47626369
v 0.43333333 -0.29166667 0.47625622
v 0.43888889 -0.29166667 0.47644250
v 0.44444444 -0.29166667 0.47655898
v 0.45000000 -0.29166667 0.47675375
v 0.45555556 -0.29166667 0.47695745
v 0.46111111 -0.29166667 0.47704604
v 0.46666667 -0.29166667 0.47712336
v 0.47222222 -0.29166667 0.47702047
v 0.47777778 -0.29166667 0.47691679
v 0.48333333 -0.29166667 0.47684730
v 0.48888889 -0.29166667 0.47673140
v 0.49444444 -0.29166667 0.47645144
v 0.50000000 -0.29166667 0.47589927
v 0.50555556 -0.29166667 0.47517346
v 0.51111111 -0.29166667 0.47479656
v 0.51666667 -0.29166667 0.47585925
v 0.52222222 -0.29166667 0.47402240
v 0.52777778 -0.29166667 0.47188185
v 0.53333333 -0.29166667 0.47096157
v 0.53888889 -0.29166667 0.47036448
v 0.54444444 -0.29166667 0.46925933
v 0.55000000 -0.29166667 0.46897942
v 0.55555556 -0.29166667 0.47411177
v 0.56111111 -0.29166667 0.47702501
v 0.56666667 -0.29166667 0.47892076
v 0.57222222 -0.29166667 0.48046106
v 0.57777778 -0.29166667 0.48212897
v 0.58333333 -0.29166667 0.48298713
v 0.58888889 -0.29166667 0.48298745
v 0.59444444 -0.29166667 0.48206989
v 0.60000000 -0.29166667 0.48117077
v 0.60555556 -0.29166667 0.27191593
v 0.26111111 -0.29583333 0.47958916
v 0.26666667 -0.29583333 0.46751990
v 0.27222222 -0.29583333 0.46806718
v 0.27777778 -0.29583333 0.46815584
v 0.28333333 -0.29583333 0.46778390
v 0.28888889 -0.29583333 0.46754830
v 0.29444444 -0.29583333 0.46690457
v 0.30000000 -0.29583333 0.46612576
v 0.30555556 -0.29583333 0.46550496
v 0.31111111 -0.29583333 0.46508596
v 0.31666667 -0.29583333 0.46461457
v 0.32222222 -0.29583333 0.46400288
v 0.32777778 -0.29583333 0.46362891
v 0.33333333 -0.29583333 0.46447549
v 0.33888889 -0.29583333 0.46660960
v 0.34444444 -0.29583333 0.46882467
v 0.35000000 -0.29583333 0.47089627
v 0.35555556 -0.29583333 0.47303935
v 0.36111111 -0.29583333 0.47518119
v 0.36666667 -0.29583333 0.47710304
v 0.37222222 -0.29583333 0.47838188
v 0.37777778 -0.29583333 0.47764982
v 0.38333333 -0.29583333 0.47707171
v 0.38888889 -0.29583333 0.47723790
v 0.39444444 -0.29583333 0.47763412
v 0.40000000 -0.29583333 0.47801220
v 0.40555556 -0.29583333 0.47827724
v 0.41111111 -0.29583333 0.47843195
v 0.41666667 -0.29583333 0.47839762
v 0.42222222 -0.29583333 0.47824824
v 0.42777778 -0.29583333 0.47814682
v 0.43333333 -0.29583333 0.47819989
v 0.43888889 -0.29583333 0.47828053
v 0.44444444 -0.29583333 0.47846171
v 0.45000000 -0.29583333 0.47868090
v 0.45555556 -0.29583333 0.47884970
v 0.46111111 -0.29583333 0.47895824
v 0.46666667 -0.29583333 0.47907661
v 0.47222222 -0.29583333 0.47904010
v 0.47777778 -0.29583333 0.47898324
v 0.48333333 -0.29583333 0.47885427
v 0.48888889 -0.29583333 0.47862264
v 0.49444444 -0.29583333 0.47830514
v 0.50000000 -0.29583333 0.47786672
v 0.50555556 -0.29583333 0.47719953
v 0.51111111 -0.29583333 0.47678429
v 0.51666667 -0.29583333 0.47768033
v 0.52222222 -0.29583333 0.47641053
v 0.52777778 -0.29583333 0.47396271
v 0.53333333 -0.29583333 0.47300109
v 0.53888889 -0.29583333 0.47206106
v 0.54444444 -0.29583333 0.47110759
v 0.55000000 -0.29583333 0.46927571
v 0.55555556 -0.29583333 0.47432717
v 0.56111111 -0.29583333 0.47740996
v 0.56666667 -0.29583333 0.47951528
v 0.57222222 -0.29583333 0.48088871
v 0.57777778 -0.29583333 0.48252375
v 0.58333333 -0.29583333 0.48349142
v 0.58888889 -0.29583333 0.48393778
v 0.59444444 -0.29583333 0.48326422
v 0.60000000 -0.29583333 0.48155590
v 0.60555556 -0.29583333 0.48992633
v 0.25555556 -0.30000000 0.47762818
v 0.26111111 -0.30000000 0.46938096
v 0.26666667 -0.30000000 0.46951865
v 0.27222222 -0.30000000 0.46926506
v 0.27777778 -0.30000000 0.46873384
v 0.28333333 -0.30000000 0.46865240
v 0.28888889 -0.30000000 0.46800098
v 0.29444444 -0.30000000 0.46708113
v 0.30000000 -0.30000000 0.46613553
v 0.30555556 -0.30000000 0.46555549
v 0.31111111 -0.30000000 0.46512226
v 0.31666667 -0.30000000 0.46468756
v 0.32222222 -0.30000000 0.46402878
v 0.32777778 -0.30000000 0.46353672
v 0.33333333 -0.30000000 0.46454923
v 0.33888889 -0.30000000 0.46715176
v 0.34444444 -0.30000000 0.46989359
v 0.35000000 -0.30000000 0.47248796
v 0.35555556 -0.30000000 0.47494247
v 0.36111111 -0.30000000 0.47742594
v 0.36666667 -0.30000000 0.47946210
v 0.37222222 -0.30000000 0.48038474
v 0.37777778 -0.30000000 0.47925314
v 0.38333333 -0.30000000 0.47893885
v 0.38888889 -0.30000000 0.47939265
v 0.39444444 -0.30000000 0.47978843
v 0.40000000 -0.30000000 0.48022277
v 0.40555556 -0.30000000 0.48048052
v 0.41111111 -0.30000000 0.48050755
v 0.41666667 -0.30000000 0.48042018
v 0.42222222 -0.30000000 0.48015754
v 0.42777778 -0.30000000 0.48005408
v 0.43333333 -0.30000000 0.48002121
v 0.43888889 -0.30000000 0.48010479
v 0.44444444 -0.30000000 0.48029541
v 0.45000000 -0.30000000 0.48060465
v 0.45555556 -0.30000000 0.48082570
v 0.46111111 -0.30000000 0.48098938
v 0.46666667 -0.30000000 0.48112900
v 0.47222222 -0.30000000 0.48112822
v 0.47777778 -0.30000000 0.48107386
v 0.48333333 -0.30000000 0.48098556
v 0.48888889 -0.30000000 0.48077799
v 0.49444444 -0.30000000 0.48042916
v 0.50000000 -0.30000000 0.48005834
v 0.50555556 -0.30000000 0.47949643
v 0.51111111 -0.30000000 0.47889097
v 0.51666667 -0.30000000 0.47958276
v 0.52222222 -0.30000000 0.47871587
v 0.52777778 -0.30000000 0.47616048
v 0.53333333 -0.30000000 0.47474520
v 0.53888889 -0.30000000 0.47353102
v 0.54444444 -0.30000000 0.47215583
v 0.55000000 -0.30000000 0.47028691
v 0.55555556 -0.30000000 0.47369750
v 0.56111111 -0.30000000 0.47782413
v 0.56666667 -0.30000000 0.47998245
v 0.57222222 -0.30000000 0.48147998
v 0.57777778 -0.30000000 0.48281314
v 0.58333333 -0.30000000 0.48373758
v 0.58888889 -0.30000000 0.48426833
v 0.59444444 -0.30000000 0.48392351
v 0.60000000 -0.30000000 0.48222853
v 0.60555556 -0.30000000 0.49840007
v 0.25000000 -0.30416667 0.35621499
v 0.25555556 -0.30416667 0.47170358
v 0.26111111 -0.30416667 0.47103074
v 0.26666667 -0.30416667 0.47085339
v 0.27222222 -0.30416667 0.47018813
v 0.27777778 -0.30416667 0.47006453
v 0.28333333 -0.30416667 0.46960237
v 0.28888889 -0.30416667 0.46849165
v 0.29444444 -0.30416667 0.46717547
v 0.30000000 -0.30416667 0.46606157
v 0.30555556 -0.30416667 0.46551100
v 0.31111111 -0.30416667 0.46510627
v 0.31666667 -0.30416667 0.46465713
v 0.32222222 -0.30416667 0.46389892
v 0.32777778 -0.30416667 0.46343719
v 0.33333333 -0.30416667 0.46468459
v 0.33888889 -0.30416667 0.46837142
v 0.34444444 -0.30416667 0.47178859
v 0.35000000 -0.30416667 0.47478318
v 0.35555556 -0.30416667 0.47749071
v 0.36111111 -0.30416667 0.48025482
v 0.36666667 -0.30416667 0.48259646
v 0.37222222 -0.30416667 0.48211234
v 0.37777778 -0.30416667 0.48091872
v 0.38333333 -0.30416667 0.48106155
v 0.38888889 -0.30416667 0.48166848
v 0.39444444 -0.30416667 0.48213032
v 0.40000000 -0.30416667 0.48269595
v 0.40555556 -0.30416667 0.48282909
v 0.41111111 -0.30416667 0.48276944
v 0.41666667 -0.30416667 0.48254925
v 0.42222222 -0.30416667 0.48223690
v 0.42777778 -0.30416667 0.48198198
v 0.43333333 -0.30416667 0.48186589
v 0.43888889 -0.30416667 0.48191625
v 0.44444444 -0.30416667 0.48208265
v 0.45000000 -0.30416667 0.48245605
v 0.45555556 -0.30416667 0.48271058
v 0.46111111 -0.30416667 0.48292576
v 0.46666667 -0.30416667 0.48314059
v 0.47222222 -0.30416667 0.48323389
v 0.47777778 -0.30416667 0.48315969
v 0.48333333 -0.30416667 0.48302540
v 0.48888889 -0.30416667 0.48286389
v 0.49444444 -0.30416667 0.48252128
v 0.50000000 -0.30416667 0.48221469
v 0.50555556 -0.30416667 0.48174859
v 0.51111111 -0.30416667 0.48096768
v 0.51666667 -0.30416667 0.48107783
v 0.52222222 -0.30416667 0.48064771
v 0.52777778 -0.30416667 0.47884208
v 0.53333333 -0.30416667 0.47700623
v 0.53888889 -0.30416667 0.47525078
v 0.54444444 -0.30416667 0.47354890
v 0.55000000 -0.30416667 0.47188768
v 0.55555556 -0.30416667 0.47344755
v 0.56111111 -0.30416667 0.47838793
v 0.56666667 -0.30416667 0.48061495
v 0.57222222 -0.30416667 0.48203087
v 0.57777778 -0.30416667 0.48329902
v 0.58333333 -0.30416667 0.48417213
v 0.58888889 -0.30416667 0.48463755
v 0.59444444 -0.30416667 0.48451699
v 0.60000000 -0.30416667 0.48325467
v 0.60555556 -0.30416667 0.48177105
v 0.25000000 -0.30833333 0.47054722
v 0.25555556 -0.30833333 0.47224410
v 0.26111111 -0.30833333 0.47259403
v 0.26666667 -0.30833333 0.47181698
v 0.27222222 -0.30833333 0.47191257
v 0.27777778 -0.30833333 0.47114085
v 0.28333333 -0.30833333 0.46994001
v 0.28888889 -0.30833333 0.46860287
v 0.29444444 -0.30833333 0.46709636
v 0.30000000 -0.30833333 0.46599162
v 0.30555556 -0.30833333 0.46522050
v 0.31111111 -0.30833333 0.46460091
v 0.31666667 -0.30833333 0.46401951
v 0.32222222 -0.30833333 0.46323652
v 0.32777778 -0.30833333 0.46285590
v 0.33333333 -0.30833333 0.46493179
v 0.33888889 -0.30833333 0.46976098
v 0.34444444 -0.30833333 0.47396650
v 0.35000000 -0.30833333 0.47764102
v 0.35555556 -0.30833333 0.48053133
v 0.36111111 -0.30833333 0.48315915
v 0.36666667 -0.30833333 0.48468193
v 0.37222222 -0.30833333 0.48352944
v 0.37777778 -0.30833333 0.48263580
v 0.38333333 -0.30833333 0.48312263
v 0.38888889 -0.30833333 0.48374008
v 0.39444444 -0.30833333 0.48433578
v 0.40000000 -0.30833333 0.48489050
v 0.40555556 -0.30833333 0.48505837
v 0.41111111 -0.30833333 0.48504270
v 0.41666667 -0.30833333 0.48475267
v 0.42222222 -0.30833333 0.48440920
v 0.42777778 -0.30833333 0.48400462
v 0.43333333 -0.30833333 0.48379111
v 0.43888889 -0.30833333 0.48376518
v 0.44444444 -0.30833333 0.48390763
v 0.45000000 -0.30833333 0.48420414
v 0.45555556 -0.30833333 0.48453348
v 0.46111111 -0.30833333 0.48489833
v 0.46666667 -0.30833333 0.48511412
v 0.47222222 -0.30833333 0.48527166
v 0.47777778 -0.30833333 0.48519351
v 0.48333333 -0.30833333 0.48506749
v 0.48888889 -0.30833333 0.48491489
v 0.49444444 -0.30833333 0.48453813
v 0.50000000 -0.30833333 0.48407278
v 0.50555556 -0.30833333 0.48363000
v 0.51111111 -0.30833333 0.48298974
v 0.51666667 -0.30833333 0.48289747
v 0.52222222 -0.30833333 0.48291399
v 0.52777778 -0.30833333 0.48163762
v 0.53333333 -0.30833333 0.47946682
v 0.53888889 -0.30833333 0.47715819
v 0.54444444 -0.30833333 0.47503012
v 0.55000000 -0.30833333 0.47307526
v 0.55555556 -0.30833333 0.47365583
v 0.56111111 -0.30833333 0.47895141
v 0.56666667 -0.30833333 0.48135602
v 0.57222222 -0.30833333 0.48272978
v 0.57777778 -0.30833333 0.48393592
v 0.58333333 -0.30833333 0.48471100
v 0.58888889 -0.30833333 0.48518540
v 0.59444444 -0.30833333 0.48514810
v 0.60000000 -0.30833333 0.48400161
v 0.60555556 -0.30833333 0.48301581
v 0.24444444 -0.31250000 0.49484650
v 0.25000000 -0.31250000 0.47368519
v 0.25555556 -0.31250000 0.47418147
v 0.26111111 -0.31250000 0.47330432
v 0.26666667 -0.31250000 0.47337334
v 0.27222222 -0.31250000 0.47326562
v 0.27777778 -0.31250000 0.47187202
v 0.28333333 -0.31250000 0.47024760
v 0.28888889 -0.31250000 0.46869128
v 0.29444444 -0.31250000 0.46699612
v 0.30000000 -0.31250000 0.46561368
v 0.30555556 -0.31250000 0.46451111
v 0.31111111 -0.31250000 0.46367573
v 0.31666667 -0.31250000 0.46291820
v 0.32222222 -0.31250000 0.46208586
v 0.32777778 -0.31250000 0.46186649
v 0.33333333 -0.31250000 0.46418105
v 0.33888889 -0.31250000 0.47044376
v 0.34444444 -0.31250000 0.47596428
v 0.35000000 -0.31250000 0.48062378
v 0.35555556 -0.31250000 0.48424308
v 0.36111111 -0.31250000 0.48858336
v 0.36666667 -0.31250000 0.49069194
v 0.37222222 -0.31250000 0.49026693
v 0.37777778 -0.31250000 0.48739554
v 0.38333333 -0.31250000 0.48566240
v 0.38888889 -0.31250000 0.48576540
v 0.39444444 -0.31250000 0.48615596
v 0.40000000 -0.31250000 0.48651674
v 0.40555556 -0.31250000 0.48669162
v 0.41111111 -0.31250000 0.48689164
v 0.41666667 -0.31250000 0.48681378
v 0.42222222 -0.31250000 0.48652271
v 0.42777778 -0.31250000 0.48609556
v 0.43333333 -0.31250000 0.48577083
v 0.43888889 -0.31250000 0.48562381
v 0.44444444 -0.31250000 0.48571386
v 0.45000000 -0.31250000 0.48595798
v 0.45555556 -0.31250000 0.48631647
v 0.46111111 -0.31250000 0.48664591
v 0.46666667 -0.31250000 0.48694607
v 0.47222222 -0.31250000 0.48710243
v 0.47777778 -0.31250000 0.48693341
v 0.48333333 -0.31250000 0.48675724
v 0.48888889 -0.31250000 0.48657049
v 0.49444444 -0.31250000 0.48620249
v 0.50000000 -0.31250000 0.48560697
v 0.50555556 -0.31250000 0.48511666
v 0.51111111 -0.31250000 0.48504235
v 0.51666667 -0.31250000 0.48462718
v 0.52222222 -0.31250000 0.48539157
v 0.52777778 -0.31250000 0.48441467
v 0.53333333 -0.31250000 0.48160676
v 0.53888889 -0.31250000 0.47871809
v 0.54444444 -0.31250000 0.47607704
v 0.55000000 -0.31250000 0.47337316
v 0.55555556 -0.31250000 0.47465358
v 0.56111111 -0.31250000 0.47943774
v 0.56666667 -0.31250000 0.48200576
v 0.57222222 -0.31250000 0.48320718
v 0.57777778 -0.31250000 0.48441110
v 0.58333333 -0.31250000 0.48520818
v 0.58888889 -0.31250000 0.48575385
v 0.59444444 -0.31250000 0.48574405
v 0.60000000 -0.31250000 0.48474855
v 0.60555556 -0.31250000 0.48357761
v 0.61111111 -0.31250000 0.34361905
v 0.23888889 -0.31666667 0.50592349
v 0.24444444 -0.31666667 0.47571173
v 0.25000000 -0.31666667 0.47593632
v 0.25555556 -0.31666667 0.47498192
v 0.26111111 -0.31666667 0.47460676
v 0.26666667 -0.31666667 0.47453045
v 0.27222222 -0.31666667 0.47369678
v 0.27777778 -0.31666667 0.47225178
v 0.28333333 -0.31666667 0.47054318
v 0.28888889 -0.31666667 0.46879052
v 0.29444444 -0.31666667 0.46682872
v 0.30000000 -0.31666667 0.46507791
v 0.30555556 -0.31666667 0.46387249
v 0.31111111 -0.31666667 0.46257831
v 0.31666667 -0.31666667 0.46172161
v 0.32222222 -0.31666667 0.46140922
v 0.32777778 -0.31666667 0.46094052
v 0.33333333 -0.31666667 0.46470251
v 0.33888889 -0.31666667 0.47184688
v 0.34444444 -0.31666667 0.47812078
v 0.35000000 -0.31666667 0.48360611
v 0.35555556 -0.31666667 0.48953676
v 0.36111111 -0.31666667 0.49363582
v 0.36666667 -0.31666667 0.49626192
v 0.37222222 -0.31666667 0.49884399
v 0.37777778 -0.31666667 0.50003192
v 0.38333333 -0.31666667 0.49927515
v 0.38888889 -0.31666667 0.49540794
v 0.39444444 -0.31666667 0.48974701
v 0.40000000 -0.31666667 0.48853430
v 0.40555556 -0.31666667 0.48826940
v 0.41111111 -0.31666667 0.48874404
v 0.41666667 -0.31666667 0.48871980
v 0.42222222 -0.31666667 0.48846320
v 0.42777778 -0.31666667 0.48807721
v 0.43333333 -0.31666667 0.48765618
v 0.43888889 -0.31666667 0.48744782
v 0.44444444 -0.31666667 0.48742915
v 0.45000000 -0.31666667 0.48762860
v 0.45555556 -0.31666667 0.48795483
v 0.46111111 -0.31666667 0.48825370
v 0.46666667 -0.31666667 0.48845394
v 0.47222222 -0.31666667 0.48879980
v 0.47777778 -0.31666667 0.48877362
v 0.48333333 -0.31666667 0.48876926
v 0.48888889 -0.31666667 0.48898548
v 0.49444444 -0.31666667 0.48820571
v 0.50000000 -0.31666667 0.48900247
v 0.50555556 -0.31666667 0.48988917
v 0.51111111 -0.31666667 0.49598250
v 0.51666667 -0.31666667 0.50173917
v 0.52222222 -0.31666667 0.49728416
v 0.52777778 -0.31666667 0.49300139
v 0.53333333 -0.31666667 0.48605300
v 0.53888889 -0.31666667 0.48091160
v 0.54444444 -0.31666667 0.47694955
v 0.55000000 -0.31666667 0.47289895
v 0.55555556 -0.31666667 0.47612314
v 0.56111111 -0.31666667 0.48000966
v 0.56666667 -0.31666667 0.48254821
v 0.57222222 -0.31666667 0.48371580
v 0.57777778 -0.31666667 0.48492419
v 0.58333333 -0.31666667 0.48573793
v 0.58888889 -0.31666667 0.48634304
v 0.59444444 -0.31666667 0.48637354
v 0.60000000 -0.31666667 0.48533903
v 0.60555556 -0.31666667 0.48400766
v 0.61111111 -0.31666667 0.34813324
v 0.23333333 -0.32083333 0.48783016
v 0.23888889 -0.32083333 0.47776369
v 0.24444444 -0.32083333 0.47781554
v 0.25000000 -0.32083333 0.47690524
v 0.25555556 -0.32083333 0.47608373
v 0.26111111 -0.32083333 0.47589219
v 0.26666667 -0.32083333 0.47515665
v 0.27222222 -0.32083333 0.47393972
v 0.27777778 -0.32083333 0.47240345
v 0.28333333 -0.32083333 0.47083286
v 0.28888889 -0.32083333 0.46891576
v 0.29444444 -0.32083333 0.46670827
v 0.30000000 -0.32083333 0.46445289
v 0.30555556 -0.32083333 0.46259894
v 0.31111111 -0.32083333 0.46105095
v 0.31666667 -0.32083333 0.45961751
v 0.32222222 -0.32083333 0.46089917
v 0.32777778 -0.32083333 0.46286395
v 0.33333333 -0.32083333 0.45362277
v 0.33888889 -0.32083333 0.47441189
v 0.34444444 -0.32083333 0.48206953
v 0.35000000 -0.32083333 0.48857621
v 0.35555556 -0.32083333 0.49357567
v 0.36111111 -0.32083333 0.49697449
v 0.36666667 -0.32083333 0.50003657
v 0.37222222 -0.32083333 0.50260102
v 0.37777778 -0.32083333 0.50449677
v 0.38333333 -0.32083333 0.50604404
v 0.38888889 -0.32083333 0.50767998
v 0.39444444 -0.32083333 0.50840946
v 0.40000000 -0.32083333 0.50044041
v 0.40555556 -0.32083333 0.49139596
v 0.41111111 -0.32083333 0.49027594
v 0.41666667 -0.32083333 0.49028682
v 0.42222222 -0.32083333 0.49044231
v 0.42777778 -0.32083333 0.48989539
v 0.43333333 -0.32083333 0.48943437
v 0.43888889 -0.32083333 0.48913776
v 0.44444444 -0.32083333 0.48900647
v 0.45000000 -0.32083333 0.48904914
v 0.45555556 -0.32083333 0.48939986
v 0.46111111 -0.32083333 0.48979915
v 0.46666667 -0.32083333 0.49001151
v 0.47222222 -0.32083333 0.49068764
v 0.47777778 -0.32083333 0.49111047
v 0.48333333 -0.32083333 0.49147067
v 0.48888889 -0.32083333 0.49283091
v 0.49444444 -0.32083333 0.50982943
v 0.50000000 -0.32083333 0.51464306
v 0.50555556 -0.32083333 0.51566395
v 0.51111111 -0.32083333 0.51544758
v 0.51666667 -0.32083333 0.51387087
v 0.52222222 -0.32083333 0.51134462
v 0.52777778 -0.32083333 0.50717980
v 0.53333333 -0.32083333 0.50014379
v 0.53888889 -0.32083333 0.48553677
v 0.54444444 -0.32083333 0.47817507
v 0.55000000 -0.32083333 0.47237674
v 0.55555556 -0.32083333 0.47710201
v 0.56111111 -0.32083333 0.48075643
v 0.56666667 -0.32083333 0.48294382
v 0.57222222 -0.32083333 0.48408730
v 0.57777778 -0.32083333 0.48546216
v 0.58333333 -0.32083333 0.48626561
v 0.58888889 -0.32083333 0.48686550
v 0.59444444 -0.32083333 0.48699743
v 0.60000000 -0.32083333 0.48604614
v 0.60555556 -0.32083333 0.48481622
v 0.61111111 -0.32083333 0.35071853
v 0.22777778 -0.32500000 0.46003661
v 0.23333333 -0.32500000 0.47905902
v 0.23888889 -0.32500000 0.47919005
v 0.24444444 -0.32500000 0.47866935
v 0.25000000 -0.32500000 0.47767711
v 0.25555556 -0.32500000 0.47723701
v 0.26111111 -0.32500000 0.47655956
v 0.26666667 -0.32500000 0.47538046
v 0.27222222 -0.32500000 0.47421577
v 0.27777778 -0.32500000 0.47279102
v 0.28333333 -0.32500000 0.47077492
v 0.28888889 -0.32500000 0.46852663
v 0.29444444 -0.32500000 0.46576749
v 0.30000000 -0.32500000 0.46312870
v 0.30555556 -0.32500000 0.46054616
v 0.31111111 -0.32500000 0.45952427
v 0.31666667 -0.32500000 0.45896112
v 0.32222222 -0.32500000 0.51054769
v 0.33888889 -0.32500000 0.47916209
v 0.34444444 -0.32500000 0.48564602
v 0.35000000 -0.32500000 0.49173961
v 0.35555556 -0.32500000 0.49603375
v 0.36111111 -0.32500000 0.49956518
v 0.36666667 -0.32500000 0.50263277
v 0.37222222 -0.32500000 0.50516739
v 0.37777778 -0.32500000 0.50739026
v 0.38333333 -0.32500000 0.50930289
v 0.38888889 -0.32500000 0.51063205
v 0.39444444 -0.32500000 0.51157258
v 0.40000000 -0.32500000 0.51233296
v 0.40555556 -0.32500000 0.51101868
v 0.41111111 -0.32500000 0.49911025
v 0.41666667 -0.32500000 0.49290977
v 0.42222222 -0.32500000 0.49245762
v 0.42777778 -0.32500000 0.49196924
v 0.43333333 -0.32500000 0.49160385
v 0.43888889 -0.32500000 0.49104770
v 0.44444444 -0.32500000 0.49082208
v 0.45000000 -0.32500000 0.49079318
v 0.45555556 -0.32500000 0.49084947
v 0.46111111 -0.32500000 0.49112999
v 0.46666667 -0.32500000 0.49273700
v 0.47222222 -0.32500000 0.49297460
v 0.47777778 -0.32500000 0.50685418
v 0.48333333 -0.32500000 0.51859642
v 0.48888889 -0.32500000 0.52024516
v 0.49444444 -0.32500000 0.52108172
v 0.50000000 -0.32500000 0.52162828
v 0.50555556 -0.32500000 0.52075803
v 0.51111111 -0.32500000 0.52019813
v 0.51666667 -0.32500000 0.51889340
v 0.52222222 -0.32500000 0.51621498
v 0.52777778 -0.32500000 0.51248463
v 0.53333333 -0.32500000 0.50715744
v 0.53888889 -0.32500000 0.49371042
v 0.54444444 -0.32500000 0.48147862
v 0.55000000 -0.32500000 0.47296160
v 0.55555556 -0.32500000 0.47783829
v 0.56111111 -0.32500000 0.48133914
v 0.56666667 -0.32500000 0.48335949
v 0.57222222 -0.32500000 0.48460786
v 0.57777778 -0.32500000 0.48605665
v 0.58333333 -0.32500000 0.48690337
v 0.58888889 -0.32500000 0.48755107
v 0.59444444 -0.32500000 0.48758633
v 0.60000000 -0.32500000 0.48671830
v 0.60555556 -0.32500000 0.48558429
v 0.61111111 -0.32500000 0.36307876
v 0.22222222 -0.32916667 0.36989937
v 0.22777778 -0.32916667 0.48094475
v 0.23333333 -0.32916667 0.48099403
v 0.23888889 -0.32916667 0.48023161
v 0.24444444 -0.32916667 0.47918783
v 0.25000000 -0.32916667 0.47862443
v 0.25555556 -0.32916667 0.47774853
v 0.26111111 -0.32916667 0.47700326
v 0.26666667 -0.32916667 0.47575825
v 0.27222222 -0.32916667 0.47411299
v 0.27777778 -0.32916667 0.47240345
v 0.28333333 -0.32916667 0.47021688
v 0.28888889 -0.32916667 0.46745367
v 0.29444444 -0.32916667 0.46414465
v 0.30000000 -0.32916667 0.46199706
v 0.30555556 -0.32916667 0.45994577
v 0.31111111 -0.32916667 0.48768035
v 0.33888889 -0.32916667 0.48047057
v 0.34444444 -0.32916667 0.48817195
v 0.35000000 -0.32916667 0.49342582
v 0.35555556 -0.32916667 0.49743083
v 0.36111111 -0.32916667 0.50112802
v 0.36666667 -0.32916667 0.50454794
v 0.37222222 -0.32916667 0.50736279
v 0.37777778 -0.32916667 0.50973959
v 0.38333333 -0.32916667 0.51171634
v 0.38888889 -0.32916667 0.51317546
v 0.39444444 -0.32916667 0.51395084
v 0.40000000 -0.32916667 0.51393721
v 0.40555556 -0.32916667 0.51412547
v 0.41111111 -0.32916667 0.51320307
v 0.41666667 -0.32916667 0.50421156
v 0.42222222 -0.32916667 0.49653082
v 0.42777778 -0.32916667 0.49545300
v 0.43333333 -0.32916667 0.49370052
v 0.43888889 -0.32916667 0.49334743
v 0.44444444 -0.32916667 0.49302310
v 0.45000000 -0.32916667 0.49275266
v 0.45555556 -0.32916667 0.49425870
v 0.46111111 -0.32916667 0.49521067
v 0.46666667 -0.32916667 0.50051672
v 0.47222222 -0.32916667 0.51986443
v 0.47777778 -0.32916667 0.52216269
v 0.48333333 -0.32916667 0.52323067
v 0.48888889 -0.32916667 0.52423807
v 0.49444444 -0.32916667 0.52515578
v 0.50000000 -0.32916667 0.52494965
v 0.50555556 -0.32916667 0.52427255
v 0.51111111 -0.32916667 0.52317106
v 0.51666667 -0.32916667 0.52145712
v 0.52222222 -0.32916667 0.51864127
v 0.52777778 -0.32916667 0.51568930
v 0.53333333 -0.32916667 0.51191690
v 0.53888889 -0.32916667 0.50445296
v 0.54444444 -0.32916667 0.49079257
v 0.55000000 -0.32916667 0.47304400
v 0.55555556 -0.32916667 0.47871755
v 0.56111111 -0.32916667 0.48191904
v 0.56666667 -0.32916667 0.48399357
v 0.57222222 -0.32916667 0.48525088
v 0.57777778 -0.32916667 0.48670975
v 0.58333333 -0.32916667 0.48758894
v 0.58888889 -0.32916667 0.48821422
v 0.59444444 -0.32916667 0.48822570
v 0.60000000 -0.32916667 0.48733317
v 0.60555556 -0.32916667 0.48622524
v 0.61111111 -0.32916667 0.38350664
v 0.21666667 -0.33333333 0.24216065
v 0.22222222 -0.33333333 0.48140388
v 0.22777778 -0.33333333 0.48098052
v 0.23333333 -0.33333333 0.48188331
v 0.23888889 -0.33333333 0.48052543
v 0.24444444 -0.33333333 0.47955683
v 0.25000000 -0.33333333 0.47909499
v 0.25555556 -0.33333333 0.47827352
v 0.26111111 -0.33333333 0.47720379
v 0.26666667 -0.33333333 0.47574860
v 0.27222222 -0.33333333 0.47410973
v 0.27777778 -0.33333333 0.47207322
v 0.28333333 -0.33333333 0.46918445
v 0.28888889 -0.33333333 0.46569725
v 0.29444444 -0.33333333 0.46357970
v 0.30000000 -0.33333333 0.46771499
v 0.33888889 -0.33333333 0.48300676
v 0.34444444 -0.33333333 0.48983570
v 0.35000000 -0.33333333 0.49447492
v 0.35555556 -0.33333333 0.49843576
v 0.36111111 -0.33333333 0.50236080
v 0.36666667 -0.33333333 0.50588146
v 0.37222222 -0.33333333 0.50898803
v 0.37777778 -0.33333333 0.51155705
v 0.38333333 -0.33333333 0.51352894
v 0.38888889 -0.33333333 0.51473980
v 0.39444444 -0.33333333 0.51555129
v 0.40000000 -0.33333333 0.51589272
v 0.40555556 -0.33333333 0.51549464
v 0.41111111 -0.33333333 0.51549150
v 0.41666667 -0.33333333 0.51541432
v 0.42222222 -0.33333333 0.51074910
v 0.42777778 -0.33333333 0.49908085
v 0.43333333 -0.33333333 0.49790558
v 0.43888889 -0.33333333 0.49617877
v 0.44444444 -0.33333333 0.49548504
v 0.45000000 -0.33333333 0.49559619
v 0.45555556 -0.33333333 0.49569111
v 0.46111111 -0.33333333 0.51358960
v 0.46666667 -0.33333333 0.52086711
v 0.47222222 -0.33333333 0.52203376
v 0.47777778 -0.33333333 0.52394235
v 0.48333333 -0.33333333 0.52552292
v 0.48888889 -0.33333333 0.52658039
v 0.49444444 -0.33333333 0.52714523
v 0.50000000 -0.33333333 0.52718436
v 0.50555556 -0.33333333 0.52644678
v 0.51111111 -0.33333333 0.52532970
v 0.51666667 -0.33333333 0.52351166
v 0.52222222 -0.33333333 0.52108641
v 0.52777778 -0.33333333 0.51820822
v 0.53333333 -0.33333333 0.51461620
v 0.53888889 -0.33333333 0.50883282
v 0.54444444 -0.33333333 0.50215559
v 0.55000000 -0.33333333 0.48738992
v 0.55555556 -0.33333333 0.47901986
v 0.56111111 -0.33333333 0.48257872
v 0.56666667 -0.33333333 0.48459860
v 0.57222222 -0.33333333 0.48590931
v 0.57777778 -0.33333333 0.48741478
v 0.58333333 -0.33333333 0.48828835
v 0.58888889 -0.33333333 0.48887776
v 0.59444444 -0.33333333 0.48888066
v 0.60000000 -0.33333333 0.48777487
v 0.60555556 -0.33333333 0.48628138
v 0.61111111 -0.33333333 0.36187195
v 0.21666667 -0.33750000 0.47902569
v 0.22222222 -0.33750000 0.48181204
v 0.22777778 -0.33750000 0.48274673
v 0.23333333 -0.33750000 0.48174623
v 0.23888889 -0.33750000 0.48076022
v 0.24444444 -0.33750000 0.48003570
v 0.25000000 -0.33750000 0.47959163
v 0.25555556 -0.33750000 0.47868769
v 0.26111111 -0.33750000 0.47728482
v 0.26666667 -0.33750000 0.47562797
v 0.27222222 -0.33750000 0.47355402
v 0.27777778 -0.33750000 0.47093089
v 0.28333333 -0.33750000 0.46840450
v 0.28888889 -0.33750000 0.46506118
v 0.29444444 -0.33750000 0.43679570
v 0.33888889 -0.33750000 0.48373604
v 0.34444444 -0.33750000 0.49024812
v 0.35000000 -0.33750000 0.49516783
v 0.35555556 -0.33750000 0.49927604
v 0.36111111 -0.33750000 0.50326105
v 0.36666667 -0.33750000 0.50675007
v 0.37222222 -0.33750000 0.50982732
v 0.37777778 -0.33750000 0.51254025
v 0.38333333 -0.33750000 0.51458334
v 0.38888889 -0.33750000 0.51582953
v 0.39444444 -0.33750000 0.51654289
v 0.40000000 -0.33750000 0.51697268
v 0.40555556 -0.33750000 0.51681046
v 0.41111111 -0.33750000 0.51648928
v 0.41666667 -0.33750000 0.51601138
v 0.42222222 -0.33750000 0.51565311
v 0.42777778 -0.33750000 0.51456892
v 0.43333333 -0.33750000 0.50577271
v 0.43888889 -0.33750000 0.50078083
v 0.44444444 -0.33750000 0.49978373
v 0.45000000 -0.33750000 0.49989703
v 0.45555556 -0.33750000 0.51770375
v 0.46111111 -0.33750000 0.52003469
v 0.46666667 -0.33750000 0.52217399
v 0.47222222 -0.33750000 0.52402686
v 0.47777778 -0.33750000 0.52559130
v 0.48333333 -0.33750000 0.52684826
v 0.48888889 -0.33750000 0.52782090
v 0.49444444 -0.33750000 0.52838820
v 0.50000000 -0.33750000 0.52851244
v 0.50555556 -0.33750000 0.52803648
v 0.51111111 -0.33750000 0.52682923
v 0.51666667 -0.33750000 0.52513382
v 0.52222222 -0.33750000 0.52281446
v 0.52777778 -0.33750000 0.51959939
v 0.53333333 -0.33750000 0.51552154
v 0.53888889 -0.33750000 0.51036465
v 0.54444444 -0.33750000 0.50508149
v 0.55000000 -0.33750000 0.49862098
v 0.55555556 -0.33750000 0.48346270
v 0.56111111 -0.33750000 0.48384175
v 0.56666667 -0.33750000 0.48529480
v 0.57222222 -0.33750000 0.48652482
v 0.57777778 -0.33750000 0.48805575
v 0.58333333 -0.33750000 0.48883138
v 0.58888889 -0.33750000 0.48936760
v 0.59444444 -0.33750000 0.48931439
v 0.60000000 -0.33750000 0.48811677
v 0.60555556 -0.33750000 0.48669072
v 0.61111111 -0.33750000 0.35059479
v 0.21111111 -0.34166667 0.46408557
v 0.21666667 -0.34166667 0.48149664
v 0.22222222 -0.34166667 0.48272964
v 0.22777778 -0.34166667 0.48259270
v 0.23333333 -0.34166667 0.48176454
v 0.23888889 -0.34166667 0.48108230
v 0.24444444 -0.34166667 0.48032817
v 0.25000000 -0.34166667 0.47964413
v 0.25555556 -0.34166667 0.47839830
v 0.26111111 -0.34166667 0.47680027
v 0.26666667 -0.34166667 0.47473208
v 0.27222222 -0.34166667 0.47193485
v 0.27777778 -0.34166667 0.47010241
v 0.28333333 -0.34166667 0.47969499
v 0.33888889 -0.34166667 0.48406395
v 0.34444444 -0.34166667 0.49075212
v 0.35000000 -0.34166667 0.49583384
v 0.35555556 -0.34166667 0.50009054
v 0.36111111 -0.34166667 0.50381598
v 0.36666667 -0.34166667 0.50714557
v 0.37222222 -0.34166667 0.51016506
v 0.37777778 -0.34166667 0.51281211
v 0.38333333 -0.34166667 0.51494036
v 0.38888889 -0.34166667 0.51633471
v 0.39444444 -0.34166667 0.51706549
v 0.40000000 -0.34166667 0.51747218
v 0.40555556 -0.34166667 0.51747755
v 0.41111111 -0.34166667 0.51727034
v 0.41666667 -0.34166667 0.51680914
v 0.42222222 -0.34166667 0.51618197
v 0.42777778 -0.34166667 0.51590874
v 0.43333333 -0.34166667 0.51454468
v 0.43888889 -0.34166667 0.50969206
v 0.44444444 -0.34166667 0.50865090
v 0.45000000 -0.34166667 0.51355387
v 0.45555556 -0.34166667 0.51915915
v 0.46111111 -0.34166667 0.52103266
v 0.46666667 -0.34166667 0.52324730
v 0.47222222 -0.34166667 0.52482001
v 0.47777778 -0.34166667 0.52644213
v 0.48333333 -0.34166667 0.52771250
v 0.48888889 -0.34166667 0.52875313
v 0.49444444 -0.34166667 0.52939939
v 0.50000000 -0.34166667 0.52961673
v 0.50555556 -0.34166667 0.52933091
v 0.51111111 -0.34166667 0.52798133
v 0.51666667 -0.34166667 0.52622834
v 0.52222222 -0.34166667 0.52388445
v 0.52777778 -0.34166667 0.52092215
v 0.53333333 -0.34166667 0.51630399
v 0.53888889 -0.34166667 0.51128823
v 0.54444444 -0.34166667 0.50579478
v 0.55000000 -0.34166667 0.49861135
v 0.55555556 -0.34166667 0.48714849
v 0.56111111 -0.34166667 0.48475649
v 0.56666667 -0.34166667 0.48587859
v 0.57222222 -0.34166667 0.48714391
v 0.57777778 -0.34166667 0.48851835
v 0.58333333 -0.34166667 0.48923650
v 0.58888889 -0.34166667 0.48983234
v 0.59444444 -0.34166667 0.48968825
v 0.60000000 -0.34166667 0.48841563
v 0.60555556 -0.34166667 0.48725982
v 0.61111111 -0.34166667 0.34844971
v 0.21111111 -0.34583333 0.48059860
v 0.21666667 -0.34583333 0.48266037
v 0.22222222 -0.34583333 0.48279984
v 0.22777778 -0.34583333 0.48252443
v 0.23333333 -0.34583333 0.48193098
v 0.23888889 -0.34583333 0.48116641
v 0.24444444 -0.34583333 0.48014195
v 0.25000000 -0.34583333 0.47898881
v 0.25555556 -0.34583333 0.47765261
v 0.26111111 -0.34583333 0.47605587
v 0.26666667 -0.34583333 0.47408159
v 0.27222222 -0.34583333 0.47094634
v 0.27777778 -0.34583333 0.46448293
v 0.33888889 -0.34583333 0.48348978
v 0.34444444 -0.34583333 0.49036177
v 0.35000000 -0.34583333 0.49605542
v 0.35555556 -0.34583333 0.50048497
v 0.36111111 -0.34583333 0.50417805
v 0.36666667 -0.34583333 0.50723895
v 0.37222222 -0.34583333 0.51011456
v 0.37777778 -0.34583333 0.51269957
v 0.38333333 -0.34583333 0.51477427
v 0.38888889 -0.34583333 0.51624087
v 0.39444444 -0.34583333 0.51709682
v 0.40000000 -0.34583333 0.51756234
v 0.40555556 -0.34583333 0.51767002
v 0.41111111 -0.34583333 0.51752307
v 0.41666667 -0.34583333 0.51720704
v 0.42222222 -0.34583333 0.51671276
v 0.42777778 -0.34583333 0.51611098
v 0.43333333 -0.34583333 0.51609836
v 0.43888889 -0.34583333 0.51377224
v 0.44444444 -0.34583333 0.51243621
v 0.45000000 -0.34583333 0.51442641
v 0.45555556 -0.34583333 0.51873289
v 0.46111111 -0.34583333 0.52098745
v 0.46666667 -0.34583333 0.52299017
v 0.47222222 -0.34583333 0.52474605
v 0.47777778 -0.34583333 0.52653966
v 0.48333333 -0.34583333 0.52797865
v 0.48888889 -0.34583333 0.52910621
v 0.49444444 -0.34583333 0.52980187
v 0.50000000 -0.34583333 0.53009756
v 0.50555556 -0.34583333 0.53004645
v 0.51111111 -0.34583333 0.52873760
v 0.51666667 -0.34583333 0.52684883
v 0.52222222 -0.34583333 0.52445920
v 0.52777778 -0.34583333 0.52148151
v 0.53333333 -0.34583333 0.51695201
v 0.53888889 -0.34583333 0.51186433
v 0.54444444 -0.34583333 0.50621116
v 0.55000000 -0.34583333 0.49712595
v 0.55555556 -0.34583333 0.48749764
v 0.56111111 -0.34583333 0.48600183
v 0.56666667 -0.34583333 0.48669591
v 0.57222222 -0.34583333 0.48797643
v 0.57777778 -0.34583333 0.48908325
v 0.58333333 -0.34583333 0.48978345
v 0.58888889 -0.34583333 0.49033542
v 0.59444444 -0.34583333 0.49008815
v 0.60000000 -0.34583333 0.48870578
v 0.60555556 -0.34583333 0.48769219
v 0.61111111 -0.34583333 0.34339743
v 0.20555556 -0.35000000 0.39438225
v 0.21111111 -0.35000000 0.48165815
v 0.21666667 -0.35000000 0.48238385
v 0.22222222 -0.35000000 0.48237283
v 0.22777778 -0.35000000 0.48247919
v 0.23333333 -0.35000000 0.48245384
v 0.23888889 -0.35000000 0.48136632
v 0.24444444 -0.35000000 0.47983911
v 0.25000000 -0.35000000 0.47828951
v 0.25555556 -0.35000000 0.47677810
v 0.26111111 -0.35000000 0.47528193
v 0.26666667 -0.35000000 0.47238622
v 0.27222222 -0.35000000 0.42951497
v 0.33888889 -0.35000000 0.48238564
v 0.34444444 -0.35000000 0.48961004
v 0.35000000 -0.35000000 0.49561143
v 0.35555556 -0.35000000 0.50028452
v 0.36111111 -0.35000000 0.50384259
v 0.36666667 -0.35000000 0.50703517
v 0.37222222 -0.35000000 0.50974978
v 0.37777778 -0.35000000 0.51225579
v 0.38333333 -0.35000000 0.51425822
v 0.38888889 -0.35000000 0.51575307
v 0.39444444 -0.35000000 0.51675214
v 0.40000000 -0.35000000 0.51722281
v 0.40555556 -0.35000000 0.51745616
v 0.41111111 -0.35000000 0.51733149
v 0.41666667 -0.35000000 0.51703058
v 0.42222222 -0.35000000 0.51667643
v 0.42777778 -0.35000000 0.51627556
v 0.43333333 -0.35000000 0.51610894
v 0.43888889 -0.35000000 0.51430707
v 0.44444444 -0.35000000 0.51362944
v 0.45000000 -0.35000000 0.51460698
v 0.45555556 -0.35000000 0.51823876
v 0.46111111 -0.35000000 0.52049246
v 0.46666667 -0.35000000 0.52228485
v 0.47222222 -0.35000000 0.52423790
v 0.47777778 -0.35000000 0.52615764
v 0.48333333 -0.35000000 0.52761798
v 0.48888889 -0.35000000 0.52879261
v 0.49444444 -0.35000000 0.52952310
v 0.50000000 -0.35000000 0.52992979
v 0.50555556 -0.35000000 0.52999746
v 0.51111111 -0.35000000 0.52889704
v 0.51666667 -0.35000000 0.52710915
v 0.52222222 -0.35000000 0.52491467
v 0.52777778 -0.35000000 0.52185459
v 0.53333333 -0.35000000 0.51745967
v 0.53888889 -0.35000000 0.51239802
v 0.54444444 -0.35000000 0.50578265
v 0.55000000 -0.35000000 0.49454659
v 0.55555556 -0.35000000 0.48711530
v 0.56111111 -0.35000000 0.48687007
v 0.56666667 -0.35000000 0.48778728
v 0.57222222 -0.35000000 0.48882980
v 0.57777778 -0.35000000 0.48980645
v 0.58333333 -0.35000000 0.49047943
v 0.58888889 -0.35000000 0.49097257
v 0.59444444 -0.35000000 0.49065907
v 0.60000000 -0.35000000 0.48918375
v 0.60555556 -0.35000000 0.48849853
v 0.61111111 -0.35000000 0.29302046
v 0.20555556 -0.35416667 0.48853498
v 0.21111111 -0.35416667 0.48159002
v 0.21666667 -0.35416667 0.48172971
v 0.22222222 -0.35416667 0.48214306
v 0.22777778 -0.35416667 0.48246789
v 0.23333333 -0.35416667 0.48270911
v 0.23888889 -0.35416667 0.48104743
v 0.24444444 -0.35416667 0.47895931
v 0.25000000 -0.35416667 0.47752236
v 0.25555556 -0.35416667 0.47562783
v 0.26111111 -0.35416667 0.47395188
v 0.33888889 -0.35416667 0.48073565
v 0.34444444 -0.35416667 0.48890144
v 0.35000000 -0.35416667 0.49486138
v 0.35555556 -0.35416667 0.49958611
v 0.36111111 -0.35416667 0.50312179
v 0.36666667 -0.35416667 0.50633780
v 0.37222222 -0.35416667 0.50898882
v 0.37777778 -0.35416667 0.51135170
v 0.38333333 -0.35416667 0.51328189
v 0.38888889 -0.35416667 0.51480120
v 0.39444444 -0.35416667 0.51592662
v 0.40000000 -0.35416667 0.51650398
v 0.40555556 -0.35416667 0.51679845
v 0.41111111 -0.35416667 0.51678454
v 0.41666667 -0.35416667 0.51658409
v 0.42222222 -0.35416667 0.51608534
v 0.42777778 -0.35416667 0.51586314
v 0.43333333 -0.35416667 0.51581608
v 0.43888889 -0.35416667 0.51455523
v 0.44444444 -0.35416667 0.51387044
v 0.45000000 -0.35416667 0.51468011
v 0.45555556 -0.35416667 0.51731275
v 0.46111111 -0.35416667 0.51923282
v 0.46666667 -0.35416667 0.52098448
v 0.47222222 -0.35416667 0.52294525
v 0.47777778 -0.35416667 0.52488577
v 0.48333333 -0.35416667 0.52638699
v 0.48888889 -0.35416667 0.52767005
v 0.49444444 -0.35416667 0.52841907
v 0.50000000 -0.35416667 0.52884743
v 0.50555556 -0.35416667 0.52899885
v 0.51111111 -0.35416667 0.52816787
v 0.51666667 -0.35416667 0.52662756
v 0.52222222 -0.35416667 0.52457085
v 0.52777778 -0.35416667 0.52183803
v 0.53333333 -0.35416667 0.51766523
v 0.53888889 -0.35416667 0.51199433
v 0.54444444 -0.35416667 0.50451028
v 0.55000000 -0.35416667 0.49208754
v 0.55555556 -0.35416667 0.48738306
v 0.56111111 -0.35416667 0.48765081
v 0.56666667 -0.35416667 0.48889664
v 0.57222222 -0.35416667 0.48978388
v 0.57777778 -0.35416667 0.49073682
v 0.58333333 -0.35416667 0.49139478
v 0.58888889 -0.35416667 0.49181199
v 0.59444444 -0.35416667 0.49143090
v 0.60000000 -0.35416667 0.48998555
v 0.60555556 -0.35416667 0.48913819
v 0.20555556 -0.35833333 0.48014882
v 0.21111111 -0.35833333 0.48119373
v 0.21666667 -0.35833333 0.48165504
v 0.22222222 -0.35833333 0.48228707
v 0.22777778 -0.35833333 0.48277574
v 0.23333333 -0.35833333 0.48281879
v 0.23888889 -0.35833333 0.48099192
v 0.24444444 -0.35833333 0.47937995
v 0.25000000 -0.35833333 0.47654926
v 0.25555556 -0.35833333 0.47500162
v 0.26111111 -0.35833333 0.45851097
v 0.33888889 -0.35833333 0.48020643
v 0.34444444 -0.35833333 0.48776740
v 0.35000000 -0.35833333 0.49397646
v 0.35555556 -0.35833333 0.49851873
v 0.36111111 -0.35833333 0.50218824
v 0.36666667 -0.35833333 0.50538983
v 0.37222222 -0.35833333 0.50789112
v 0.37777778 -0.35833333 0.51019313
v 0.38333333 -0.35833333 0.51204450
v 0.38888889 -0.35833333 0.51345184
v 0.39444444 -0.35833333 0.51447701
v 0.40000000 -0.35833333 0.51515880
v 0.40555556 -0.35833333 0.51558448
v 0.41111111 -0.35833333 0.51568125
v 0.41666667 -0.35833333 0.51558301
v 0.42222222 -0.35833333 0.51520003
v 0.42777778 -0.35833333 0.51478390
v 0.43333333 -0.35833333 0.51524009
v 0.43888889 -0.35833333 0.51474802
v 0.44444444 -0.35833333 0.51425346
v 0.45000000 -0.35833333 0.51464928
v 0.45555556 -0.35833333 0.51608355
v 0.46111111 -0.35833333 0.51769069
v 0.46666667 -0.35833333 0.51940788
v 0.47222222 -0.35833333 0.52125192
v 0.47777778 -0.35833333 0.52310833
v 0.48333333 -0.35833333 0.52452750
v 0.48888889 -0.35833333 0.52587508
v 0.49444444 -0.35833333 0.52689672
v 0.50000000 -0.35833333 0.52743427
v 0.50555556 -0.35833333 0.52758368
v 0.51111111 -0.35833333 0.52678488
v 0.51666667 -0.35833333 0.52536135
v 0.52222222 -0.35833333 0.52371429
v 0.52777778 -0.35833333 0.52153587
v 0.53333333 -0.35833333 0.51691822
v 0.53888889 -0.35833333 0.51054264
v 0.54444444 -0.35833333 0.50262963
v 0.55000000 -0.35833333 0.48860639
v 0.55555556 -0.35833333 0.48669405
v 0.56111111 -0.35833333 0.48799864
v 0.56666667 -0.35833333 0.48973249
v 0.57222222 -0.35833333 0.49082444
v 0.57777778 -0.35833333 0.49176528
v 0.58333333 -0.35833333 0.49232665
v 0.58888889 -0.35833333 0.49268922
v 0.59444444 -0.35833333 0.49223667
v 0.60000000 -0.35833333 0.49072144
v 0.60555556 -0.35833333 0.48937615
v 0.20555556 -0.36250000 0.47986536
v 0.21111111 -0.36250000 0.48135974
v 0.21666667 -0.36250000 0.48189168
v 0.22222222 -0.36250000 0.48268429
v 0.22777778 -0.36250000 0.48318951
v 0.23333333 -0.36250000 0.48309835
v 0.23888889 -0.36250000 0.48119395
v 0.24444444 -0.36250000 0.47881147
v 0.25000000 -0.36250000 0.47565833
v 0.25555556 -0.36250000 0.42920158
v 0.33888889 -0.36250000 0.48711777
v 0.34444444 -0.36250000 0.48540820
v 0.35000000 -0.36250000 0.49265492
v 0.35555556 -0.36250000 0.49717909
v 0.36111111 -0.36250000 0.50069897
v 0.36666667 -0.36250000 0.50398804
v 0.37222222 -0.36250000 0.50638815
v 0.37777778 -0.36250000 0.50871395
v 0.38333333 -0.36250000 0.51051060
v 0.38888889 -0.36250000 0.51174005
v 0.39444444 -0.36250000 0.51262497
v 0.40000000 -0.36250000 0.51333693
v 0.40555556 -0.36250000 0.51377721
v 0.41111111 -0.36250000 0.51390885
v 0.41666667 -0.36250000 0.51399697
v 0.42222222 -0.36250000 0.51366116
v 0.42777778 -0.36250000 0.51342605
v 0.43333333 -0.36250000 0.51281569
v 0.43888889 -0.36250000 0.51204239
v 0.44444444 -0.36250000 0.51174563
v 0.45000000 -0.36250000 0.51245198
v 0.45555556 -0.36250000 0.51392155
v 0.46111111 -0.36250000 0.51558949
v 0.46666667 -0.36250000 0.51732949
v 0.47222222 -0.36250000 0.51912167
v 0.47777778 -0.36250000 0.52084640
v 0.48333333 -0.36250000 0.52227638
v 0.48888889 -0.36250000 0.52360429
v 0.49444444 -0.36250000 0.52476211
v 0.50000000 -0.36250000 0.52545912
v 0.50555556 -0.36250000 0.52574494
v 0.51111111 -0.36250000 0.52507757
v 0.51666667 -0.36250000 0.52371454
v 0.52222222 -0.36250000 0.52221444
v 0.52777778 -0.36250000 0.51949514
v 0.53333333 -0.36250000 0.51439297
v 0.53888889 -0.36250000 0.50863091
v 0.54444444 -0.36250000 0.50049559
v 0.55000000 -0.36250000 0.48371086
v 0.55555556 -0.36250000 0.48537086
v 0.56111111 -0.36250000 0.48828939
v 0.56666667 -0.36250000 0.49046077
v 0.57222222 -0.36250000 0.49166540
v 0.57777778 -0.36250000 0.49251512
v 0.58333333 -0.36250000 0.49303615
v 0.58888889 -0.36250000 0.49328284
v 0.59444444 -0.36250000 0.49283559
v 0.60000000 -0.36250000 0.49124150
v 0.60555556 -0.36250000 0.48949281
v 0.20555556 -0.36666667 0.48064313
v 0.21111111 -0.36666667 0.48164084
v 0.21666667 -0.36666667 0.48247125
v 0.22222222 -0.36666667 0.48323979
v 0.22777778 -0.36666667 0.48348734
v 0.23333333 -0.36666667 0.48318286
v 0.23888889 -0.36666667 0.48114363
v 0.24444444 -0.36666667 0.47948109
v 0.25000000 -0.36666667 0.49276124
v 0.33888889 -0.36666667 0.50318191
v 0.34444444 -0.36666667 0.48332019
v 0.35000000 -0.36666667 0.49045347
v 0.35555556 -0.36666667 0.49506984
v 0.36111111 -0.36666667 0.49880995
v 0.36666667 -0.36666667 0.50204476
v 0.37222222 -0.36666667 0.50463309
v 0.37777778 -0.36666667 0.50699083
v 0.38333333 -0.36666667 0.50870565
v 0.38888889 -0.36666667 0.50982953
v 0.39444444 -0.36666667 0.51066921
v 0.40000000 -0.36666667 0.51129570
v 0.40555556 -0.36666667 0.51164596
v 0.41111111 -0.36666667 0.51156628
v 0.41666667 -0.36666667 0.51127439
v 0.42222222 -0.36666667 0.51073730
v 0.42777778 -0.36666667 0.50988407
v 0.43333333 -0.36666667 0.50900377
v 0.43888889 -0.36666667 0.50906246
v 0.44444444 -0.36666667 0.50932009
v 0.45000000 -0.36666667 0.50994476
v 0.45555556 -0.36666667 0.51091264
v 0.46111111 -0.36666667 0.51259750
v 0.46666667 -0.36666667 0.51438618
v 0.47222222 -0.36666667 0.51625339
v 0.47777778 -0.36666667 0.51786983
v 0.48333333 -0.36666667 0.51934766
v 0.48888889 -0.36666667 0.52068297
v 0.49444444 -0.36666667 0.52185177
v 0.50000000 -0.36666667 0.52269645
v 0.50555556 -0.36666667 0.52311820
v 0.51111111 -0.36666667 0.52260196
v 0.51666667 -0.36666667 0.52155690
v 0.52222222 -0.36666667 0.51993388
v 0.52777778 -0.36666667 0.51663115
v 0.53333333 -0.36666667 0.51230342
v 0.53888889 -0.36666667 0.50659511
v 0.54444444 -0.36666667 0.49735587
v 0.55555556 -0.36666667 0.48531386
v 0.56111111 -0.36666667 0.48855404
v 0.56666667 -0.36666667 0.49087558
v 0.57222222 -0.36666667 0.49214162
v 0.57777778 -0.36666667 0.49302013
v 0.58333333 -0.36666667 0.49338180
v 0.58888889 -0.36666667 0.49352975
v 0.59444444 -0.36666667 0.49310417
v 0.60000000 -0.36666667 0.49120642
v 0.60555556 -0.36666667 0.49420084
v 0.20555556 -0.37083333 0.48131826
v 0.21111111 -0.37083333 0.48220071
v 0.21666667 -0.37083333 0.48313547
v 0.22222222 -0.37083333 0.48382416
v 0.22777778 -0.37083333 0.48396578
v 0.23333333 -0.37083333 0.48347515
v 0.23888889 -0.37083333 0.48110332
v 0.24444444 -0.37083333 0.47963208
v 0.25000000 -0.37083333 0.49566840
v 0.33888889 -0.37083333 0.46740339
v 0.34444444 -0.37083333 0.48070285
v 0.35000000 -0.37083333 0.48760897
v 0.35555556 -0.37083333 0.49196881
v 0.36111111 -0.37083333 0.49581957
v 0.36666667 -0.37083333 0.49922780
v 0.37222222 -0.37083333 0.50195893
v 0.37777778 -0.37083333 0.50441587
v 0.38333333 -0.37083333 0.50602695
v 0.38888889 -0.37083333 0.50718963
v 0.39444444 -0.37083333 0.50790571
v 0.40000000 -0.37083333 0.50840020
v 0.40555556 -0.37083333 0.50837181
v 0.41111111 -0.37083333 0.50803442
v 0.41666667 -0.37083333 0.50791236
v 0.42222222 -0.37083333 0.50813631
v 0.42777778 -0.37083333 0.50837631
v 0.43333333 -0.37083333 0.50857025
v 0.43888889 -0.37083333 0.50888858
v 0.44444444 -0.37083333 0.50921348
v 0.45000000 -0.37083333 0.50940535
v 0.45555556 -0.37083333 0.50954400
v 0.46111111 -0.37083333 0.50990074
v 0.46666667 -0.37083333 0.51092856
v 0.47222222 -0.37083333 0.51242416
v 0.47777778 -0.37083333 0.51408058
v 0.48333333 -0.37083333 0.51582549
v 0.48888889 -0.37083333 0.51723912
v 0.49444444 -0.37083333 0.51847172
v 0.50000000 -0.37083333 0.51933582
v 0.50555556 -0.37083333 0.51969459
v 0.51111111 -0.37083333 0.51950701
v 0.51666667 -0.37083333 0.51865829
v 0.52222222 -0.37083333 0.51716688
v 0.52777778 -0.37083333 0.51401575
v 0.53333333 -0.37083333 0.50953882
v 0.53888889 -0.37083333 0.50404172
v 0.54444444 -0.37083333 0.50282890
v 0.55555556 -0.37083333 0.48492805
v 0.56111111 -0.37083333 0.48910972
v 0.56666667 -0.37083333 0.49103469
v 0.57222222 -0.37083333 0.49236410
v 0.57777778 -0.37083333 0.49328978
v 0.58333333 -0.37083333 0.49372526
v 0.58888889 -0.37083333 0.49382576
v 0.59444444 -0.37083333 0.49336027
v 0.60000000 -0.37083333 0.49164108
v 0.60555556 -0.37083333 0.50507283
v 0.20555556 -0.37500000 0.48146546
v 0.21111111 -0.37500000 0.48270260
v 0.21666667 -0.37500000 0.48354274
v 0.22222222 -0.37500000 0.48416594
v 0.22777778 -0.37500000 0.48422084
v 0.23333333 -0.37500000 0.48386407
v 0.23888889 -0.37500000 0.48126905
v 0.24444444 -0.37500000 0.48008434
v 0.25000000 -0.37500000 0.49671464
v 0.33888889 -0.37500000 0.49554348
v 0.34444444 -0.37500000 0.47641089
v 0.35000000 -0.37500000 0.48388964
v 0.35555556 -0.37500000 0.48846867
v 0.36111111 -0.37500000 0.49204795
v 0.36666667 -0.37500000 0.49504573
v 0.37222222 -0.37500000 0.49787146
v 0.37777778 -0.37500000 0.50030998
v 0.38333333 -0.37500000 0.50202745
v 0.38888889 -0.37500000 0.50325211
v 0.39444444 -0.37500000 0.50436906
v 0.40000000 -0.37500000 0.50526177
v 0.40555556 -0.37500000 0.50606707
v 0.41111111 -0.37500000 0.50679835
v 0.41666667 -0.37500000 0.50744444
v 0.42222222 -0.37500000 0.50792030
v 0.42777778 -0.37500000 0.50823616
v 0.43333333 -0.37500000 0.50857090
v 0.43888889 -0.37500000 0.50889326
v 0.44444444 -0.37500000 0.50914968
v 0.45000000 -0.37500000 0.50931519
v 0.45555556 -0.37500000 0.50925926
v 0.46111111 -0.37500000 0.50929213
v 0.46666667 -0.37500000 0.50923798
v 0.47222222 -0.37500000 0.50929270
v 0.47777778 -0.37500000 0.50998814
v 0.48333333 -0.37500000 0.51116567
v 0.48888889 -0.37500000 0.51286930
v 0.49444444 -0.37500000 0.51435474
v 0.50000000 -0.37500000 0.51542222
v 0.50555556 -0.37500000 0.51593825
v 0.51111111 -0.37500000 0.51556538
v 0.51666667 -0.37500000 0.51490527
v 0.52222222 -0.37500000 0.51350956
v 0.52777778 -0.37500000 0.51063727
v 0.53333333 -0.37500000 0.50629756
v 0.53888889 -0.37500000 0.50112902
v 0.54444444 -0.37500000 0.49715753
v 0.55555556 -0.37500000 0.48680538
v 0.56111111 -0.37500000 0.48869215
v 0.56666667 -0.37500000 0.49125416
v 0.57222222 -0.37500000 0.49256945
v 0.57777778 -0.37500000 0.49352632
v 0.58333333 -0.37500000 0.49412652
v 0.58888889 -0.37500000 0.49429375
v 0.59444444 -0.37500000 0.49391677
v 0.60000000 -0.37500000 0.49224075
v 0.60555556 -0.37500000 0.51587784
v 0.20555556 -0.37916667 0.48133038
v 0.21111111 -0.37916667 0.48297694
v 0.21666667 -0.37916667 0.48388946
v 0.22222222 -0.37916667 0.48433599
v 0.22777778 -0.37916667 0.48430284
v 0.23333333 -0.37916667 0.48399771
v 0.23888889 -0.37916667 0.48137137
v 0.24444444 -0.37916667 0.48009517
v 0.25000000 -0.37916667 0.49639242
v 0.33888889 -0.37916667 0.49628305
v 0.34444444 -0.37916667 0.47448252
v 0.35000000 -0.37916667 0.48078990
v 0.35555556 -0.37916667 0.48545208
v 0.36111111 -0.37916667 0.48876929
v 0.36666667 -0.37916667 0.49130791
v 0.37222222 -0.37916667 0.49422816
v 0.37777778 -0.37916667 0.49706057
v 0.38333333 -0.37916667 0.49952055
v 0.38888889 -0.37916667 0.50158052
v 0.39444444 -0.37916667 0.50339230
v 0.40000000 -0.37916667 0.50468616
v 0.40555556 -0.37916667 0.50574929
v 0.41111111 -0.37916667 0.50666367
v 0.41666667 -0.37916667 0.50731487
v 0.42222222 -0.37916667 0.50782156
v 0.42777778 -0.37916667 0.50822636
v 0.43333333 -0.37916667 0.50858009
v 0.43888889 -0.37916667 0.50891397
v 0.44444444 -0.37916667 0.50907226
v 0.45000000 -0.37916667 0.50921960
v 0.45555556 -0.37916667 0.50916499
v 0.46111111 -0.37916667 0.50899898
v 0.46666667 -0.37916667 0.50878186
v 0.47222222 -0.37916667 0.50833894
v 0.47777778 -0.37916667 0.50778601
v 0.48333333 -0.37916667 0.50753081
v 0.48888889 -0.37916667 0.50745281
v 0.49444444 -0.37916667 0.50825193
v 0.50000000 -0.37916667 0.50908234
v 0.50555556 -0.37916667 0.51023837
v 0.51111111 -0.37916667 0.51056542
v 0.51666667 -0.37916667 0.50982356
v 0.52222222 -0.37916667 0.50762722
v 0.52777778 -0.37916667 0.50508739
v 0.53333333 -0.37916667 0.50140142
v 0.53888889 -0.37916667 0.49595754
v 0.55555556 -0.37916667 0.48860121
v 0.56111111 -0.37916667 0.48968006
v 0.56666667 -0.37916667 0.49159942
v 0.57222222 -0.37916667 0.49291034
v 0.57777778 -0.37916667 0.49392117
v 0.58333333 -0.37916667 0.49453032
v 0.58888889 -0.37916667 0.49470527
v 0.59444444 -0.37916667 0.49419558
v 0.60000000 -0.37916667 0.49271557
v 0.60555556 -0.37916667 0.52114874
v 0.20555556 -0.38333333 0.48103144
v 0.21111111 -0.38333333 0.48329644
v 0.21666667 -0.38333333 0.48416169
v 0.22222222 -0.38333333 0.48443806
v 0.22777778 -0.38333333 0.48430688
v 0.23333333 -0.38333333 0.48388363
v 0.23888889 -0.38333333 0.48146417
v 0.24444444 -0.38333333 0.48012604
v 0.25000000 -0.38333333 0.49570112
v 0.33888889 -0.38333333 0.49715720
v 0.34444444 -0.38333333 0.47590452
v 0.35000000 -0.38333333 0.48100812
v 0.35555556 -0.38333333 0.48538291
v 0.36111111 -0.38333333 0.48820181
v 0.36666667 -0.38333333 0.49109266
v 0.37222222 -0.38333333 0.49397374
v 0.37777778 -0.38333333 0.49668660
v 0.38333333 -0.38333333 0.49921449
v 0.38888889 -0.38333333 0.50118756
v 0.39444444 -0.38333333 0.50288733
v 0.40000000 -0.38333333 0.50432425
v 0.40555556 -0.38333333 0.50545857
v 0.41111111 -0.38333333 0.50627042
v 0.41666667 -0.38333333 0.50698986
v 0.42222222 -0.38333333 0.50754197
v 0.42777778 -0.38333333 0.50795728
v 0.43333333 -0.38333333 0.50834363
v 0.43888889 -0.38333333 0.50876859
v 0.44444444 -0.38333333 0.50897055
v 0.45000000 -0.38333333 0.50913055
v 0.45555556 -0.38333333 0.50907941
v 0.46111111 -0.38333333 0.50891798
v 0.46666667 -0.38333333 0.50860637
v 0.47222222 -0.38333333 0.50805999
v 0.47777778 -0.38333333 0.50739051
v 0.48333333 -0.38333333 0.50669496
v 0.48888889 -0.38333333 0.50584903
v 0.49444444 -0.38333333 0.50509003
v 0.50000000 -0.38333333 0.50437199
v 0.50555556 -0.38333333 0.50358696
v 0.51111111 -0.38333333 0.50257587
v 0.51666667 -0.38333333 0.50172501
v 0.52222222 -0.38333333 0.50007505
v 0.52777778 -0.38333333 0.49782479
v 0.53333333 -0.38333333 0.49455950
v 0.53888889 -0.38333333 0.48910568
v 0.55555556 -0.38333333 0.48867985
v 0.56111111 -0.38333333 0.49007531
v 0.56666667 -0.38333333 0.49185369
v 0.57222222 -0.38333333 0.49325413
v 0.57777778 -0.38333333 0.49421536
v 0.58333333 -0.38333333 0.49484335
v 0.58888889 -0.38333333 0.49499892
v 0.59444444 -0.38333333 0.49462599
v 0.60000000 -0.38333333 0.49305907
v 0.60555556 -0.38333333 0.52192876
v 0.20555556 -0.38750000 0.48151191
v 0.21111111 -0.38750000 0.48355515
v 0.21666667 -0.38750000 0.48442816
v 0.22222222 -0.38750000 0.48454428
v 0.22777778 -0.38750000 0.48425288
v 0.23333333 -0.38750000 0.48390609
v 0.23888889 -0.38750000 0.48147562
v 0.24444444 -0.38750000 0.47990531
v 0.25000000 -0.38750000 0.48765607
v 0.33888889 -0.38750000 0.49548908
v 0.34444444 -0.38750000 0.47598048
v 0.35000000 -0.38750000 0.48185177
v 0.35555556 -0.38750000 0.48605433
v 0.36111111 -0.38750000 0.48865274
v 0.36666667 -0.38750000 0.49140662
v 0.37222222 -0.38750000 0.49401766
v 0.37777778 -0.38750000 0.49658589
v 0.38333333 -0.38750000 0.49891841
v 0.38888889 -0.38750000 0.50077826
v 0.39444444 -0.38750000 0.50250295
v 0.40000000 -0.38750000 0.50393178
v 0.40555556 -0.38750000 0.50498378
v 0.41111111 -0.38750000 0.50582292
v 0.41666667 -0.38750000 0.50657283
v 0.42222222 -0.38750000 0.50710369
v 0.42777778 -0.38750000 0.50760548
v 0.43333333 -0.38750000 0.50805695
v 0.43888889 -0.38750000 0.50848020
v 0.44444444 -0.38750000 0.50871763
v 0.45000000 -0.38750000 0.50882388
v 0.45555556 -0.38750000 0.50885113
v 0.46111111 -0.38750000 0.50863910
v 0.46666667 -0.38750000 0.50833011
v 0.47222222 -0.38750000 0.50763620
v 0.47777778 -0.38750000 0.50694001
v 0.48333333 -0.38750000 0.50613284
v 0.48888889 -0.38750000 0.50531913
v 0.49444444 -0.38750000 0.50429971
v 0.50000000 -0.38750000 0.50319682
v 0.50555556 -0.38750000 0.50189695
v 0.51111111 -0.38750000 0.49993068
v 0.51666667 -0.38750000 0.49754487
v 0.52222222 -0.38750000 0.49459591
v 0.52777778 -0.38750000 0.49100990
v 0.53333333 -0.38750000 0.48669831
v 0.53888889 -0.38750000 0.48156452
v 0.55555556 -0.38750000 0.48827448
v 0.56111111 -0.38750000 0.49018915
v 0.56666667 -0.38750000 0.49184064
v 0.57222222 -0.38750000 0.49341538
v 0.57777778 -0.38750000 0.49447106
v 0.58333333 -0.38750000 0.49515488
v 0.58888889 -0.38750000 0.49524515
v 0.59444444 -0.38750000 0.49479668
v 0.60000000 -0.38750000 0.49281793
v 0.60555556 -0.38750000 0.52011995
v 0.20555556 -0.39166667 0.48195884
v 0.21111111 -0.39166667 0.48370897
v 0.21666667 -0.39166667 0.48455458
v 0.22222222 -0.39166667 0.48461201
v 0.22777778 -0.39166667 0.48435066
v 0.23333333 -0.39166667 0.48400919
v 0.23888889 -0.39166667 0.48160121
v 0.24444444 -0.39166667 0.48011026
v 0.25000000 -0.39166667 0.45353068
v 0.33888889 -0.39166667 0.49828012
v 0.34444444 -0.39166667 0.47714664
v 0.35000000 -0.39166667 0.48252711
v 0.35555556 -0.39166667 0.48640662
v 0.36111111 -0.39166667 0.48903995
v 0.36666667 -0.39166667 0.49171067
v 0.37222222 -0.39166667 0.49418195
v 0.37777778 -0.39166667 0.49660317
v 0.38333333 -0.39166667 0.49887003
v 0.38888889 -0.39166667 0.50064712
v 0.39444444 -0.39166667 0.50217723
v 0.40000000 -0.39166667 0.50349834
v 0.40555556 -0.39166667 0.50451039
v 0.41111111 -0.39166667 0.50539187
v 0.41666667 -0.39166667 0.50611399
v 0.42222222 -0.39166667 0.50667275
v 0.42777778 -0.39166667 0.50724628
v 0.43333333 -0.39166667 0.50767801
v 0.43888889 -0.39166667 0.50802995
v 0.44444444 -0.39166667 0.50825089
v 0.45000000 -0.39166667 0.50843260
v 0.45555556 -0.39166667 0.50838983
v 0.46111111 -0.39166667 0.50826309
v 0.46666667 -0.39166667 0.50792388
v 0.47222222 -0.39166667 0.50722911
v 0.47777778 -0.39166667 0.50639555
v 0.48333333 -0.39166667 0.50554601
v 0.48888889 -0.39166667 0.50465466
v 0.49444444 -0.39166667 0.50350202
v 0.50000000 -0.39166667 0.50212086
v 0.50555556 -0.39166667 0.50019039
v 0.51111111 -0.39166667 0.49764454
v 0.51666667 -0.39166667 0.49482150
v 0.52222222 -0.39166667 0.49075627
v 0.52777778 -0.39166667 0.48632798
v 0.53333333 -0.39166667 0.48072968
v 0.53888889 -0.39166667 0.44828260
v 0.55555556 -0.39166667 0.48796213
v 0.56111111 -0.39166667 0.48997486
v 0.56666667 -0.39166667 0.49159881
v 0.57222222 -0.39166667 0.49338108
v 0.57777778 -0.39166667 0.49454023
v 0.58333333 -0.39166667 0.49536195
v 0.58888889 -0.39166667 0.49539242
v 0.59444444 -0.39166667 0.49479028
v 0.60000000 -0.39166667 0.49247603
v 0.60555556 -0.39166667 0.51363677
v 0.20555556 -0.39583333 0.48192412
v 0.21111111 -0.39583333 0.48381504
v 0.21666667 -0.39583333 0.48451191
v 0.22222222 -0.39583333 0.48467399
v 0.22777778 -0.39583333 0.48444901
v 0.23333333 -0.39583333 0.48412889
v 0.23888889 -0.39583333 0.48184680
v 0.24444444 -0.39583333 0.48008391
v 0.25000000 -0.39583333 0.42381277
v 0.33888889 -0.39583333 0.50097098
v 0.34444444 -0.39583333 0.47811652
v 0.35000000 -0.39583333 0.48328561
v 0.35555556 -0.39583333 0.48655747
v 0.36111111 -0.39583333 0.48922859
v 0.36666667 -0.39583333 0.49193248
v 0.37222222 -0.39583333 0.49425917
v 0.37777778 -0.39583333 0.49657356
v 0.38333333 -0.39583333 0.49870334
v 0.38888889 -0.39583333 0.50045915
v 0.39444444 -0.39583333 0.50187728
v 0.40000000 -0.39583333 0.50314125
v 0.40555556 -0.39583333 0.50411217
v 0.41111111 -0.39583333 0.50503800
v 0.41666667 -0.39583333 0.50566728
v 0.42222222 -0.39583333 0.50627890
v 0.42777778 -0.39583333 0.50681330
v 0.43333333 -0.39583333 0.50723813
v 0.43888889 -0.39583333 0.50753506
v 0.44444444 -0.39583333 0.50780683
v 0.45000000 -0.39583333 0.50793250
v 0.45555556 -0.39583333 0.50791998
v 0.46111111 -0.39583333 0.50781451
v 0.46666667 -0.39583333 0.50742713
v 0.47222222 -0.39583333 0.50665866
v 0.47777778 -0.39583333 0.50583365
v 0.48333333 -0.39583333 0.50491487
v 0.48888889 -0.39583333 0.50396883
v 0.49444444 -0.39583333 0.50276270
v 0.50000000 -0.39583333 0.50130204
v 0.50555556 -0.39583333 0.49914848
v 0.51111111 -0.39583333 0.49626625
v 0.51666667 -0.39583333 0.49295940
v 0.52222222 -0.39583333 0.48807868
v 0.52777778 -0.39583333 0.48285928
v 0.53333333 -0.39583333 0.47695019
v 0.55555556 -0.39583333 0.49677343
v 0.56111111 -0.39583333 0.48966043
v 0.56666667 -0.39583333 0.49141223
v 0.57222222 -0.39583333 0.49346194
v 0.57777778 -0.39583333 0.49479268
v 0.58333333 -0.39583333 0.49566851
v 0.58888889 -0.39583333 0.49553468
v 0.59444444 -0.39583333 0.49465599
v 0.60000000 -0.39583333 0.49233781
v 0.60555556 -0.39583333 0.50185604
v 0.20555556 -0.40000000 0.48166115
v 0.21111111 -0.40000000 0.48358283
v 0.21666667 -0.40000000 0.48443098
v 0.22222222 -0.40000000 0.48463007
v 0.22777778 -0.40000000 0.48457972
v 0.23333333 -0.40000000 0.48424573
v 0.23888889 -0.40000000 0.48195226
v 0.24444444 -0.40000000 0.48003570
v 0.25000000 -0.40000000 0.38892936
v 0.33888889 -0.40000000 0.49814469
v 0.34444444 -0.40000000 0.47889161
v 0.35000000 -0.40000000 0.48362192
v 0.35555556 -0.40000000 0.48658154
v 0.36111111 -0.40000000 0.48942379
v 0.36666667 -0.40000000 0.49205089
v 0.37222222 -0.40000000 0.49423302
v 0.37777778 -0.40000000 0.49643587
v 0.38333333 -0.40000000 0.49844878
v 0.38888889 -0.40000000 0.50014311
v 0.39444444 -0.40000000 0.50157491
v 0.40000000 -0.40000000 0.50282879
v 0.40555556 -0.40000000 0.50379778
v 0.41111111 -0.40000000 0.50458893
v 0.41666667 -0.40000000 0.50526838
v 0.42222222 -0.40000000 0.50587488
v 0.42777778 -0.40000000 0.50644255
v 0.43333333 -0.40000000 0.50682052
v 0.43888889 -0.40000000 0.50710680
v 0.44444444 -0.40000000 0.50729907
v 0.45000000 -0.40000000 0.50748042
v 0.45555556 -0.40000000 0.50741705
v 0.46111111 -0.40000000 0.50723330
v 0.46666667 -0.40000000 0.50678101
v 0.47222222 -0.40000000 0.50596719
v 0.47777778 -0.40000000 0.50509726
v 0.48333333 -0.40000000 0.50417569
v 0.48888889 -0.40000000 0.50309658
v 0.49444444 -0.40000000 0.50183337
v 0.50000000 -0.40000000 0.50022397
v 0.50555556 -0.40000000 0.49797016
v 0.51111111 -0.40000000 0.49503758
v 0.51666667 -0.40000000 0.49134865
v 0.52222222 -0.40000000 0.48606373
v 0.52777778 -0.40000000 0.48049228
v 0.53333333 -0.40000000 0.47372797
v 0.55555556 -0.40000000 0.50727897
v 0.56111111 -0.40000000 0.48949292
v 0.56666667 -0.40000000 0.49157492
v 0.57222222 -0.40000000 0.49358397
v 0.57777778 -0.40000000 0.49493108
v 0.58333333 -0.40000000 0.49584557
v 0.58888889 -0.40000000 0.49569086
v 0.59444444 -0.40000000 0.49475005
v 0.60000000 -0.40000000 0.49245068
v 0.60555556 -0.40000000 0.47135028
v 0.20555556 -0.40416667 0.48668346
v 0.21111111 -0.40416667 0.48345959
v 0.21666667 -0.40416667 0.48428922
v 0.22222222 -0.40416667 0.48469312
v 0.22777778 -0.40416667 0.48473217
v 0.23333333 -0.40416667 0.48451656
v 0.23888889 -0.40416667 0.48227985
v 0.24444444 -0.40416667 0.48006849
v 0.25000000 -0.40416667 0.37121998
v 0.33888889 -0.40416667 0.47342731
v 0.34444444 -0.40416667 0.47945069
v 0.35000000 -0.40416667 0.48381969
v 0.35555556 -0.40416667 0.48660761
v 0.36111111 -0.40416667 0.48954334
v 0.36666667 -0.40416667 0.49202979
v 0.37222222 -0.40416667 0.49413900
v 0.37777778 -0.40416667 0.49614122
v 0.38333333 -0.40416667 0.49806637
v 0.38888889 -0.40416667 0.49974890
v 0.39444444 -0.40416667 0.50118009
v 0.40000000 -0.40416667 0.50241122
v 0.40555556 -0.40416667 0.50334227
v 0.41111111 -0.40416667 0.50419893
v 0.41666667 -0.40416667 0.50488669
v 0.42222222 -0.40416667 0.50548747
v 0.42777778 -0.40416667 0.50597405
v 0.43333333 -0.40416667 0.50633891
v 0.43888889 -0.40416667 0.50663810
v 0.44444444 -0.40416667 0.50677353
v 0.45000000 -0.40416667 0.50693332
v 0.45555556 -0.40416667 0.50683594
v 0.46111111 -0.40416667 0.50670226
v 0.46666667 -0.40416667 0.50619185
v 0.47222222 -0.40416667 0.50533115
v 0.47777778 -0.40416667 0.50438215
v 0.48333333 -0.40416667 0.50338883
v 0.48888889 -0.40416667 0.50220898
v 0.49444444 -0.40416667 0.50083337
v 0.50000000 -0.40416667 0.49912734
v 0.50555556 -0.40416667 0.49677354
v 0.51111111 -0.40416667 0.49383101
v 0.51666667 -0.40416667 0.49003683
v 0.52222222 -0.40416667 0.48457135
v 0.52777778 -0.40416667 0.47786840
v 0.53333333 -0.40416667 0.32631018
v 0.55555556 -0.40416667 0.50654730
v 0.56111111 -0.40416667 0.48954320
v 0.56666667 -0.40416667 0.49209287
v 0.57222222 -0.40416667 0.49394674
v 0.57777778 -0.40416667 0.49528348
v 0.58333333 -0.40416667 0.49599509
v 0.58888889 -0.40416667 0.49579836
v 0.59444444 -0.40416667 0.49486620
v 0.60000000 -0.40416667 0.49261794
v 0.60555556 -0.40416667 0.44857889
v 0.20555556 -0.40833333 0.50380687
v 0.21111111 -0.40833333 0.48333836
v 0.21666667 -0.40833333 0.48435438
v 0.22222222 -0.40833333 0.48487991
v 0.22777778 -0.40833333 0.48492068
v 0.23333333 -0.40833333 0.48472559
v 0.23888889 -0.40833333 0.48250523
v 0.24444444 -0.40833333 0.48025929
v 0.33888889 -0.40833333 0.47446193
v 0.34444444 -0.40833333 0.48017550
v 0.35000000 -0.40833333 0.48418955
v 0.35555556 -0.40833333 0.48696982
v 0.36111111 -0.40833333 0.48974311
v 0.36666667 -0.40833333 0.49211147
v 0.37222222 -0.40833333 0.49407531
v 0.37777778 -0.40833333 0.49605796
v 0.38333333 -0.40833333 0.49784163
v 0.38888889 -0.40833333 0.49943182
v 0.39444444 -0.40833333 0.50080748
v 0.40000000 -0.40833333 0.50195432
v 0.40555556 -0.40833333 0.50299079
v 0.41111111 -0.40833333 0.50373598
v 0.41666667 -0.40833333 0.50447599
v 0.42222222 -0.40833333 0.50505824
v 0.42777778 -0.40833333 0.50553260
v 0.43333333 -0.40833333 0.50588661
v 0.43888889 -0.40833333 0.50613935
v 0.44444444 -0.40833333 0.50633340
v 0.45000000 -0.40833333 0.50638143
v 0.45555556 -0.40833333 0.50625912
v 0.46111111 -0.40833333 0.50599601
v 0.46666667 -0.40833333 0.50558370
v 0.47222222 -0.40833333 0.50467408
v 0.47777778 -0.40833333 0.50357970
v 0.48333333 -0.40833333 0.50244598
v 0.48888889 -0.40833333 0.50125222
v 0.49444444 -0.40833333 0.49983412
v 0.50000000 -0.40833333 0.49819890
v 0.50555556 -0.40833333 0.49589596
v 0.51111111 -0.40833333 0.49291581
v 0.51666667 -0.40833333 0.48875102
v 0.52222222 -0.40833333 0.48310940
v 0.52777778 -0.40833333 0.47541497
v 0.55555556 -0.40833333 0.50284874
v 0.56111111 -0.40833333 0.48972402
v 0.56666667 -0.40833333 0.49279232
v 0.57222222 -0.40833333 0.49454352
v 0.57777778 -0.40833333 0.49574794
v 0.58333333 -0.40833333 0.49611812
v 0.58888889 -0.40833333 0.49594002
v 0.59444444 -0.40833333 0.49508361
v 0.60000000 -0.40833333 0.49273567
v 0.60555556 -0.40833333 0.39044892
v 0.20555556 -0.41250000 0.51553009
v 0.21111111 -0.41250000 0.48342751
v 0.21666667 -0.41250000 0.48456641
v 0.22222222 -0.41250000 0.48517749
v 0.22777778 -0.41250000 0.48515947
v 0.23333333 -0.41250000 0.48493749
v 0.23888889 -0.41250000 0.48263533
v 0.24444444 -0.41250000 0.48024813
v 0.25000000 -0.41250000 0.37081940
v 0.33333333 -0.41250000 0.47880256
v 0.33888889 -0.41250000 0.47602129
v 0.34444444 -0.41250000 0.48120232
v 0.35000000 -0.41250000 0.48477938
v 0.35555556 -0.41250000 0.48759263
v 0.36111111 -0.41250000 0.49015127
v 0.36666667 -0.41250000 0.49234900
v 0.37222222 -0.41250000 0.49420592
v 0.37777778 -0.41250000 0.49601641
v 0.38333333 -0.41250000 0.49763564
v 0.38888889 -0.41250000 0.49917952
v 0.39444444 -0.41250000 0.50049984
v 0.40000000 -0.41250000 0.50159233
v 0.40555556 -0.41250000 0.50253868
v 0.41111111 -0.41250000 0.50330772
v 0.41666667 -0.41250000 0.50405155
v 0.42222222 -0.41250000 0.50461239
v 0.42777778 -0.41250000 0.50506282
v 0.43333333 -0.41250000 0.50542266
v 0.43888889 -0.41250000 0.50566306
v 0.44444444 -0.41250000 0.50583118
v 0.45000000 -0.41250000 0.50580815
v 0.45555556 -0.41250000 0.50567837
v 0.46111111 -0.41250000 0.50535275
v 0.46666667 -0.41250000 0.50485858
v 0.47222222 -0.41250000 0.50396293
v 0.47777778 -0.41250000 0.50289860
v 0.48333333 -0.41250000 0.50163667
v 0.48888889 -0.41250000 0.50044005
v 0.49444444 -0.41250000 0.49903672
v 0.50000000 -0.41250000 0.49722683
v 0.50555556 -0.41250000 0.49498651
v 0.51111111 -0.41250000 0.49200382
v 0.51666667 -0.41250000 0.48754359
v 0.52222222 -0.41250000 0.48194039
v 0.52777778 -0.41250000 0.48690813
v 0.55555556 -0.41250000 0.42453496
v 0.56111111 -0.41250000 0.49063665
v 0.56666667 -0.41250000 0.49394810
v 0.57222222 -0.41250000 0.49540122
v 0.57777778 -0.41250000 0.49637632
v 0.58333333 -0.41250000 0.49649574
v 0.58888889 -0.41250000 0.49629339
v 0.59444444 -0.41250000 0.49524715
v 0.60000000 -0.41250000 0.49292786
v 0.60555556 -0.41250000 0.36177803
v 0.20555556 -0.41666667 0.51646281
v 0.21111111 -0.41666667 0.48345684
v 0.21666667 -0.41666667 0.48475467
v 0.22222222 -0.41666667 0.48544743
v 0.22777778 -0.41666667 0.48541077
v 0.23333333 -0.41666667 0.48510293
v 0.23888889 -0.41666667 0.48284512
v 0.24444444 -0.41666667 0.48070521
v 0.25000000 -0.41666667 0.37241442
v 0.32777778 -0.41666667 0.45639929
v 0.33333333 -0.41666667 0.47186422
v 0.33888889 -0.41666667 0.47798960
v 0.34444444 -0.41666667 0.48218007
v 0.35000000 -0.41666667 0.48544908
v 0.35555556 -0.41666667 0.48828803
v 0.36111111 -0.41666667 0.49071583
v 0.36666667 -0.41666667 0.49265388
v 0.37222222 -0.41666667 0.49439600
v 0.37777778 -0.41666667 0.49604405
v 0.38333333 -0.41666667 0.49752098
v 0.38888889 -0.41666667 0.49899548
v 0.39444444 -0.41666667 0.50027508
v 0.40000000 -0.41666667 0.50128373
v 0.40555556 -0.41666667 0.50212888
v 0.41111111 -0.41666667 0.50283415
v 0.41666667 -0.41666667 0.50354751
v 0.42222222 -0.41666667 0.50406725
v 0.42777778 -0.41666667 0.50456350
v 0.43333333 -0.41666667 0.50494906
v 0.43888889 -0.41666667 0.50514561
v 0.44444444 -0.41666667 0.50528358
v 0.45000000 -0.41666667 0.50530787
v 0.45555556 -0.41666667 0.50511321
v 0.46111111 -0.41666667 0.50470798
v 0.46666667 -0.41666667 0.50419039
v 0.47222222 -0.41666667 0.50332743
v 0.47777778 -0.41666667 0.50220040
v 0.48333333 -0.41666667 0.50099187
v 0.48888889 -0.41666667 0.49964733
v 0.49444444 -0.41666667 0.49816378
v 0.50000000 -0.41666667 0.49636245
v 0.50555556 -0.41666667 0.49420778
v 0.51111111 -0.41666667 0.49107749
v 0.51666667 -0.41666667 0.48621486
v 0.52222222 -0.41666667 0.48036007
v 0.52777778 -0.41666667 0.40122603
v 0.56111111 -0.41666667 0.49215939
v 0.56666667 -0.41666667 0.49486392
v 0.57222222 -0.41666667 0.49619071
v 0.57777778 -0.41666667 0.49695214
v 0.58333333 -0.41666667 0.49696791
v 0.58888889 -0.41666667 0.49679779
v 0.59444444 -0.41666667 0.49561354
v 0.60000000 -0.41666667 0.49338999
v 0.60555556 -0.41666667 0.33236439
v 0.20555556 -0.42083333 0.38476778
v 0.21111111 -0.42083333 0.48225535
v 0.21666667 -0.42083333 0.48487240
v 0.22222222 -0.42083333 0.48553866
v 0.22777778 -0.42083333 0.48555497
v 0.23333333 -0.42083333 0.48522395
v 0.23888889 -0.42083333 0.48314173
v 0.24444444 -0.42083333 0.48112911
v 0.32222222 -0.42083333 0.41370660
v 0.32777778 -0.42083333 0.46941351
v 0.33333333 -0.42083333 0.47524492
v 0.33888889 -0.42083333 0.48000112
v 0.34444444 -0.42083333 0.48326197
v 0.35000000 -0.42083333 0.48612049
v 0.35555556 -0.42083333 0.48888538
v 0.36111111 -0.42083333 0.49114351
v 0.36666667 -0.42083333 0.49294900
v 0.37222222 -0.42083333 0.49456462
v 0.37777778 -0.42083333 0.49610177
v 0.38333333 -0.42083333 0.49757742
v 0.38888889 -0.42083333 0.49889460
v 0.39444444 -0.42083333 0.50001894
v 0.40000000 -0.42083333 0.50095925
v 0.40555556 -0.42083333 0.50171410
v 0.41111111 -0.42083333 0.50244942
v 0.41666667 -0.42083333 0.50305767
v 0.42222222 -0.42083333 0.50361732
v 0.42777778 -0.42083333 0.50402352
v 0.43333333 -0.42083333 0.50435425
v 0.43888889 -0.42083333 0.50464751
v 0.44444444 -0.42083333 0.50477021
v 0.45000000 -0.42083333 0.50474671
v 0.45555556 -0.42083333 0.50451669
v 0.46111111 -0.42083333 0.50409186
v 0.46666667 -0.42083333 0.50345353
v 0.47222222 -0.42083333 0.50249008
v 0.47777778 -0.42083333 0.50146544
v 0.48333333 -0.42083333 0.50023338
v 0.48888889 -0.42083333 0.49885762
v 0.49444444 -0.42083333 0.49735029
v 0.50000000 -0.42083333 0.49561708
v 0.50555556 -0.42083333 0.49345243
v 0.51111111 -0.42083333 0.49020714
v 0.51666667 -0.42083333 0.48540033
v 0.52222222 -0.42083333 0.47921609
v 0.56111111 -0.42083333 0.49279590
v 0.56666667 -0.42083333 0.49532247
v 0.57222222 -0.42083333 0.49682125
v 0.57777778 -0.42083333 0.49757509
v 0.58333333 -0.42083333 0.49751608
v 0.58888889 -0.42083333 0.49737818
v 0.59444444 -0.42083333 0.49633992
v 0.60000000 -0.42083333 0.49395937
v 0.60555556 -0.42083333 0.32451453
v 0.21111111 -0.42500000 0.48236400
v 0.21666667 -0.42500000 0.48487623
v 0.22222222 -0.42500000 0.48561534
v 0.22777778 -0.42500000 0.48558136
v 0.23333333 -0.42500000 0.48542672
v 0.23888889 -0.42500000 0.48360196
v 0.24444444 -0.42500000 0.48154825
v 0.25000000 -0.42500000 0.37502528
v 0.31666667 -0.42500000 0.26515088
v 0.32222222 -0.42500000 0.46669636
v 0.32777778 -0.42500000 0.47333432
v 0.33333333 -0.42500000 0.47787119
v 0.33888889 -0.42500000 0.48130095
v 0.34444444 -0.42500000 0.48434654
v 0.35000000 -0.42500000 0.48695562
v 0.35555556 -0.42500000 0.48940923
v 0.36111111 -0.42500000 0.49147214
v 0.36666667 -0.42500000 0.49317824
v 0.37222222 -0.42500000 0.49479411
v 0.37777778 -0.42500000 0.49616851
v 0.38333333 -0.42500000 0.49755228
v 0.38888889 -0.42500000 0.49875280
v 0.39444444 -0.42500000 0.49980826
v 0.40000000 -0.42500000 0.50064747
v 0.40555556 -0.42500000 0.50134059
v 0.41111111 -0.42500000 0.50200639
v 0.41666667 -0.42500000 0.50262126
v 0.42222222 -0.42500000 0.50311446
v 0.42777778 -0.42500000 0.50354022
v 0.43333333 -0.42500000 0.50385325
v 0.43888889 -0.42500000 0.50407655
v 0.44444444 -0.42500000 0.50421771
v 0.45000000 -0.42500000 0.50418631
v 0.45555556 -0.42500000 0.50393257
v 0.46111111 -0.42500000 0.50349072
v 0.46666667 -0.42500000 0.50280554
v 0.47222222 -0.42500000 0.50180272
v 0.47777778 -0.42500000 0.50069482
v 0.48333333 -0.42500000 0.49946251
v 0.48888889 -0.42500000 0.49807048
v 0.49444444 -0.42500000 0.49658192
v 0.50000000 -0.42500000 0.49466325
v 0.50555556 -0.42500000 0.49214855
v 0.51111111 -0.42500000 0.48875442
v 0.51666667 -0.42500000 0.48434855
v 0.52222222 -0.42500000 0.48626815
v 0.56111111 -0.42500000 0.49336789
v 0.56666667 -0.42500000 0.49613464
v 0.57222222 -0.42500000 0.49767405
v 0.57777778 -0.42500000 0.49838165
v 0.58333333 -0.42500000 0.49817079
v 0.58888889 -0.42500000 0.49802939
v 0.59444444 -0.42500000 0.49709162
v 0.60000000 -0.42500000 0.49461755
v 0.60555556 -0.42500000 0.40016491
v 0.21111111 -0.42916667 0.48265436
v 0.21666667 -0.42916667 0.48488438
v 0.22222222 -0.42916667 0.48543241
v 0.22777778 -0.42916667 0.48561022
v 0.23333333 -0.42916667 0.48553391
v 0.23888889 -0.42916667 0.48380742
v 0.24444444 -0.42916667 0.48175210
v 0.31666667 -0.42916667 0.46930379
v 0.32222222 -0.42916667 0.47227027
v 0.32777778 -0.42916667 0.47681980
v 0.33333333 -0.42916667 0.47992144
v 0.33888889 -0.42916667 0.48297905
v 0.34444444 -0.42916667 0.48549814
v 0.35000000 -0.42916667 0.48784826
v 0.35555556 -0.42916667 0.49002296
v 0.36111111 -0.42916667 0.49193723
v 0.36666667 -0.42916667 0.49350057
v 0.37222222 -0.42916667 0.49493465
v 0.37777778 -0.42916667 0.49634757
v 0.38333333 -0.42916667 0.49763242
v 0.38888889 -0.42916667 0.49869951
v 0.39444444 -0.42916667 0.49963024
v 0.40000000 -0.42916667 0.50038297
v 0.40555556 -0.42916667 0.50100467
v 0.41111111 -0.42916667 0.50156361
v 0.41666667 -0.42916667 0.50216957
v 0.42222222 -0.42916667 0.50262966
v 0.42777778 -0.42916667 0.50302116
v 0.43333333 -0.42916667 0.50330819
v 0.43888889 -0.42916667 0.50354247
v 0.44444444 -0.42916667 0.50364708
v 0.45000000 -0.42916667 0.50356761
v 0.45555556 -0.42916667 0.50331599
v 0.46111111 -0.42916667 0.50283870
v 0.46666667 -0.42916667 0.50209783
v 0.47222222 -0.42916667 0.50108349
v 0.47777778 -0.42916667 0.49992703
v 0.48333333 -0.42916667 0.49869329
v 0.48888889 -0.42916667 0.49731399
v 0.49444444 -0.42916667 0.49578724
v 0.50000000 -0.42916667 0.49383298
v 0.50555556 -0.42916667 0.49084868
v 0.51111111 -0.42916667 0.48761230
v 0.51666667 -0.42916667 0.48329376
v 0.52222222 -0.42916667 0.49684793
v 0.56111111 -0.42916667 0.49439278
v 0.56666667 -0.42916667 0.49720591
v 0.57222222 -0.42916667 0.49868821
v 0.57777778 -0.42916667 0.49940168
v 0.58333333 -0.42916667 0.49920888
v 0.58888889 -0.42916667 0.49905442
v 0.59444444 -0.42916667 0.49799477
v 0.60000000 -0.42916667 0.49542797
v 0.60555556 -0.42916667 0.46899487
v 0.21111111 -0.43333333 0.48269670
v 0.21666667 -0.43333333 0.48475828
v 0.22222222 -0.43333333 0.48521465
v 0.22777778 -0.43333333 0.48547611
v 0.23333333 -0.43333333 0.48531783
v 0.23888889 -0.43333333 0.48402375
v 0.24444444 -0.43333333 0.48167367
v 0.25000000 -0.43333333 0.37716980
v 0.31111111 -0.43333333 0.46596519
v 0.31666667 -0.43333333 0.47166914
v 0.32222222 -0.43333333 0.47587588
v 0.32777778 -0.43333333 0.47889254
v 0.33333333 -0.43333333 0.48195448
v 0.33888889 -0.43333333 0.48456041
v 0.34444444 -0.43333333 0.48681554
v 0.35000000 -0.43333333 0.48883728
v 0.35555556 -0.43333333 0.49077169
v 0.36111111 -0.43333333 0.49240834
v 0.36666667 -0.43333333 0.49393108
v 0.37222222 -0.43333333 0.49530358
v 0.37777778 -0.43333333 0.49662491
v 0.38333333 -0.43333333 0.49779149
v 0.38888889 -0.43333333 0.49871364
v 0.39444444 -0.43333333 0.49952903
v 0.40000000 -0.43333333 0.50022944
v 0.40555556 -0.43333333 0.50076220
v 0.41111111 -0.43333333 0.50127368
v 0.41666667 -0.43333333 0.50172780
v 0.42222222 -0.43333333 0.50222751
v 0.42777778 -0.43333333 0.50264364
v 0.43333333 -0.43333333 0.50290471
v 0.43888889 -0.43333333 0.50306586
v 0.44444444 -0.43333333 0.50310538
v 0.45000000 -0.43333333 0.50303947
v 0.45555556 -0.43333333 0.50274153
v 0.46111111 -0.43333333 0.50223391
v 0.46666667 -0.43333333 0.50145614
v 0.47222222 -0.43333333 0.50037192
v 0.47777778 -0.43333333 0.49920419
v 0.48333333 -0.43333333 0.49794019
v 0.48888889 -0.43333333 0.49651154
v 0.49444444 -0.43333333 0.49496123
v 0.50000000 -0.43333333 0.49297789
v 0.50555556 -0.43333333 0.49010932
v 0.51111111 -0.43333333 0.48697311
v 0.51666667 -0.43333333 0.48265976
v 0.52222222 -0.43333333 0.49618092
v 0.56111111 -0.43333333 0.49576457
v 0.56666667 -0.43333333 0.49860413
v 0.57222222 -0.43333333 0.49992088
v 0.57777778 -0.43333333 0.50057112
v 0.58333333 -0.43333333 0.50046208
v 0.58888889 -0.43333333 0.50025684
v 0.59444444 -0.43333333 0.49918367
v 0.60000000 -0.43333333 0.49659344
v 0.60555556 -0.43333333 0.50884087
v 0.21111111 -0.43750000 0.48221673
v 0.21666667 -0.43750000 0.48455322
v 0.22222222 -0.43750000 0.48485184
v 0.22777778 -0.43750000 0.48526708
v 0.23333333 -0.43750000 0.48509771
v 0.23888889 -0.43750000 0.48405322
v 0.24444444 -0.43750000 0.48199303
v 0.25000000 -0.43750000 0.37769340
v 0.30555556 -0.43750000 0.43223180
v 0.31111111 -0.43750000 0.46971906
v 0.31666667 -0.43750000 0.47466928
v 0.32222222 -0.43750000 0.47790638
v 0.32777778 -0.43750000 0.48090849
v 0.33333333 -0.43750000 0.48387412
v 0.33888889 -0.43750000 0.48617610
v 0.34444444 -0.43750000 0.48813050
v 0.35000000 -0.43750000 0.48994950
v 0.35555556 -0.43750000 0.49160610
v 0.36111111 -0.43750000 0.49311626
v 0.36666667 -0.43750000 0.49449066
v 0.37222222 -0.43750000 0.49577901
v 0.37777778 -0.43750000 0.49698451
v 0.38333333 -0.43750000 0.49810849
v 0.38888889 -0.43750000 0.49892288
v 0.39444444 -0.43750000 0.49953357
v 0.40000000 -0.43750000 0.50012981
v 0.40555556 -0.43750000 0.50057731
v 0.41111111 -0.43750000 0.50104959
v 0.41666667 -0.43750000 0.50147578
v 0.42222222 -0.43750000 0.50187067
v 0.42777778 -0.43750000 0.50219647
v 0.43333333 -0.43750000 0.50248593
v 0.43888889 -0.43750000 0.50266052
v 0.44444444 -0.43750000 0.50270197
v 0.45000000 -0.43750000 0.50263013
v 0.45555556 -0.43750000 0.50228026
v 0.46111111 -0.43750000 0.50172229
v 0.46666667 -0.43750000 0.50090822
v 0.47222222 -0.43750000 0.49981402
v 0.47777778 -0.43750000 0.49868613
v 0.48333333 -0.43750000 0.49727025
v 0.48888889 -0.43750000 0.49580573
v 0.49444444 -0.43750000 0.49422952
v 0.50000000 -0.43750000 0.49237504
v 0.50555556 -0.43750000 0.48955160
v 0.51111111 -0.43750000 0.48656105
v 0.51666667 -0.43750000 0.48206520
v 0.52222222 -0.43750000 0.48621790
v 0.56111111 -0.43750000 0.49692668
v 0.56666667 -0.43750000 0.50013124
v 0.57222222 -0.43750000 0.50124632
v 0.57777778 -0.43750000 0.50184867
v 0.58333333 -0.43750000 0.50173913
v 0.58888889 -0.43750000 0.50151025
v 0.59444444 -0.43750000 0.50037178
v 0.60000000 -0.43750000 0.49771718
v 0.60555556 -0.43750000 0.50959368
v 0.21111111 -0.44166667 0.48152815
v 0.21666667 -0.44166667 0.48404328
v 0.22222222 -0.44166667 0.48427824
v 0.22777778 -0.44166667 0.48490627
v 0.23333333 -0.44166667 0.48468997
v 0.23888889 -0.44166667 0.48377795
v 0.24444444 -0.44166667 0.48152279
v 0.25000000 -0.44166667 0.37897264
v 0.30555556 -0.44166667 0.46659290
v 0.31111111 -0.44166667 0.47244025
v 0.31666667 -0.44166667 0.47641268
v 0.32222222 -0.44166667 0.47960862
v 0.32777778 -0.44166667 0.48300977
v 0.33333333 -0.44166667 0.48557789
v 0.33888889 -0.44166667 0.48763318
v 0.34444444 -0.44166667 0.48943001
v 0.35000000 -0.44166667 0.49104345
v 0.35555556 -0.44166667 0.49257892
v 0.36111111 -0.44166667 0.49392865
v 0.36666667 -0.44166667 0.49518106
v 0.37222222 -0.44166667 0.49645318
v 0.37777778 -0.44166667 0.49756465
v 0.38333333 -0.44166667 0.49847438
v 0.38888889 -0.44166667 0.49923384
v 0.39444444 -0.44166667 0.49977754
v 0.40000000 -0.44166667 0.50021460
v 0.40555556 -0.44166667 0.50054229
v 0.41111111 -0.44166667 0.50082564
v 0.41666667 -0.44166667 0.50119100
v 0.42222222 -0.44166667 0.50145299
v 0.42777778 -0.44166667 0.50179524
v 0.43333333 -0.44166667 0.50207534
v 0.43888889 -0.44166667 0.50226080
v 0.44444444 -0.44166667 0.50231827
v 0.45000000 -0.44166667 0.50220337
v 0.45555556 -0.44166667 0.50183716
v 0.46111111 -0.44166667 0.50124038
v 0.46666667 -0.44166667 0.50032697
v 0.47222222 -0.44166667 0.49927111
v 0.47777778 -0.44166667 0.49813181
v 0.48333333 -0.44166667 0.49669987
v 0.48888889 -0.44166667 0.49518045
v 0.49444444 -0.44166667 0.49353426
v 0.50000000 -0.44166667 0.49169358
v 0.50555556 -0.44166667 0.48922870
v 0.51111111 -0.44166667 0.48614999
v 0.51666667 -0.44166667 0.48162854
v 0.52222222 -0.44166667 0.47623637
v 0.52777778 -0.44166667 0.24845018
v 0.56111111 -0.44166667 0.49836813
v 0.56666667 -0.44166667 0.50148565
v 0.57222222 -0.44166667 0.50259647
v 0.57777778 -0.44166667 0.50324585
v 0.58333333 -0.44166667 0.50294874
v 0.58888889 -0.44166667 0.50268531
v 0.59444444 -0.44166667 0.50148622
v 0.60000000 -0.44166667 0.49882582
v 0.60555556 -0.44166667 0.50528136
v 0.21111111 -0.44583333 0.48091950
v 0.21666667 -0.44583333 0.48343202
v 0.22222222 -0.44583333 0.48372127
v 0.22777778 -0.44583333 0.48450440
v 0.23333333 -0.44583333 0.48437666
v 0.23888889 -0.44583333 0.48346152
v 0.24444444 -0.44583333 0.48114799
v 0.25000000 -0.44583333 0.42101376
v 0.30000000 -0.44583333 0.47673458
v 0.30555556 -0.44583333 0.46959014
v 0.31111111 -0.44583333 0.47480249
v 0.31666667 -0.44583333 0.47807214
v 0.32222222 -0.44583333 0.48180099
v 0.32777778 -0.44583333 0.48478650
v 0.33333333 -0.44583333 0.48712935
v 0.33888889 -0.44583333 0.48904620
v 0.34444444 -0.44583333 0.49069884
v 0.35000000 -0.44583333 0.49214587
v 0.35555556 -0.44583333 0.49352295
v 0.36111111 -0.44583333 0.49481442
v 0.36666667 -0.44583333 0.49603411
v 0.37222222 -0.44583333 0.49718199
v 0.37777778 -0.44583333 0.49824482
v 0.38333333 -0.44583333 0.49913303
v 0.38888889 -0.44583333 0.49972179
v 0.39444444 -0.44583333 0.50022186
v 0.40000000 -0.44583333 0.50051104
v 0.40555556 -0.44583333 0.50065169
v 0.41111111 -0.44583333 0.50080265
v 0.41666667 -0.44583333 0.50095328
v 0.42222222 -0.44583333 0.50118899
v 0.42777778 -0.44583333 0.50142238
v 0.43333333 -0.44583333 0.50168964
v 0.43888889 -0.44583333 0.50194978
v 0.44444444 -0.44583333 0.50195818
v 0.45000000 -0.44583333 0.50181298
v 0.45555556 -0.44583333 0.50146919
v 0.46111111 -0.44583333 0.50086473
v 0.46666667 -0.44583333 0.49994713
v 0.47222222 -0.44583333 0.49884882
v 0.47777778 -0.44583333 0.49750868
v 0.48333333 -0.44583333 0.49611454
v 0.48888889 -0.44583333 0.49473420
v 0.49444444 -0.44583333 0.49302510
v 0.50000000 -0.44583333 0.49124744
v 0.50555556 -0.44583333 0.48895987
v 0.51111111 -0.44583333 0.48608315
v 0.51666667 -0.44583333 0.48200330
v 0.52222222 -0.44583333 0.47716105
v 0.52777778 -0.44583333 0.45820180
v 0.56111111 -0.44583333 0.49939234
v 0.56666667 -0.44583333 0.50260527
v 0.57222222 -0.44583333 0.50390139
v 0.57777778 -0.44583333 0.50454358
v 0.58333333 -0.44583333 0.50411099
v 0.58888889 -0.44583333 0.50396279
v 0.59444444 -0.44583333 0.50265166
v 0.60000000 -0.44583333 0.50003389
v 0.60555556 -0.44583333 0.47046611
v 0.21111111 -0.45000000 0.48417245
v 0.21666667 -0.45000000 0.48319827
v 0.22222222 -0.45000000 0.48356516
v 0.22777778 -0.45000000 0.48426661
v 0.23333333 -0.45000000 0.48424888
v 0.23888889 -0.45000000 0.48353480
v 0.24444444 -0.45000000 0.48178350
v 0.25000000 -0.45000000 0.49403683
v 0.29444444 -0.45000000 0.34385337
v 0.30000000 -0.45000000 0.46852112
v 0.30555556 -0.45000000 0.47377671
v 0.31111111 -0.45000000 0.47717006
v 0.31666667 -0.45000000 0.48052379
v 0.32222222 -0.45000000 0.48378485
v 0.32777778 -0.45000000 0.48639400
v 0.33333333 -0.45000000 0.48863343
v 0.33888889 -0.45000000 0.49038363
v 0.34444444 -0.45000000 0.49190197
v 0.35000000 -0.45000000 0.49326049
v 0.35555556 -0.45000000 0.49454083
v 0.36111111 -0.45000000 0.49578012
v 0.36666667 -0.45000000 0.49694914
v 0.37222222 -0.45000000 0.49800825
v 0.37777778 -0.45000000 0.49895797
v 0.38333333 -0.45000000 0.49980934
v 0.38888889 -0.45000000 0.50035111
v 0.39444444 -0.45000000 0.50078598
v 0.40000000 -0.45000000 0.50097098
v 0.40555556 -0.45000000 0.50105524
v 0.41111111 -0.45000000 0.50101093
v 0.41666667 -0.45000000 0.50094205
v 0.42222222 -0.45000000 0.50092968
v 0.42777778 -0.45000000 0.50114104
v 0.43333333 -0.45000000 0.50141623
v 0.43888889 -0.45000000 0.50165566
v 0.44444444 -0.45000000 0.50165198
v 0.45000000 -0.45000000 0.50152920
v 0.45555556 -0.45000000 0.50117437
v 0.46111111 -0.45000000 0.50057659
v 0.46666667 -0.45000000 0.49965695
v 0.47222222 -0.45000000 0.49840683
v 0.47777778 -0.45000000 0.49704659
v 0.48333333 -0.45000000 0.49568013
v 0.48888889 -0.45000000 0.49428145
v 0.49444444 -0.45000000 0.49268675
v 0.50000000 -0.45000000 0.49087440
v 0.50555556 -0.45000000 0.48876214
v 0.51111111 -0.45000000 0.48612038
v 0.51666667 -0.45000000 0.48249500
v 0.52222222 -0.45000000 0.47883518
v 0.52777778 -0.45000000 0.47909857
v 0.56111111 -0.45000000 0.50132650
v 0.56666667 -0.45000000 0.50393425
v 0.57222222 -0.45000000 0.50513474
v 0.57777778 -0.45000000 0.50587757
v 0.58333333 -0.45000000 0.50541476
v 0.58888889 -0.45000000 0.50526860
v 0.59444444 -0.45000000 0.50395321
v 0.60000000 -0.45000000 0.50151393
v 0.60555556 -0.45000000 0.40061016
v 0.21111111 -0.45416667 0.49932711
v 0.21666667 -0.45416667 0.48299958
v 0.22222222 -0.45416667 0.48351849
v 0.22777778 -0.45416667 0.48410686
v 0.23333333 -0.45416667 0.48434765
v 0.23888889 -0.45416667 0.48385348
v 0.24444444 -0.45416667 0.48242093
v 0.25000000 -0.45416667 0.48366408
v 0.29444444 -0.45416667 0.46709100
v 0.30000000 -0.45416667 0.47309915
v 0.30555556 -0.45416667 0.47662361
v 0.31111111 -0.45416667 0.47953298
v 0.31666667 -0.45416667 0.48274237
v 0.32222222 -0.45416667 0.48551066
v 0.32777778 -0.45416667 0.48787719
v 0.33333333 -0.45416667 0.48984500
v 0.33888889 -0.45416667 0.49153004
v 0.34444444 -0.45416667 0.49291502
v 0.35000000 -0.45416667 0.49423202
v 0.35555556 -0.45416667 0.49551855
v 0.36111111 -0.45416667 0.49666225
v 0.36666667 -0.45416667 0.49778785
v 0.37222222 -0.45416667 0.49880197
v 0.37777778 -0.45416667 0.49968721
v 0.38333333 -0.45416667 0.50047939
v 0.38888889 -0.45416667 0.50096573
v 0.39444444 -0.45416667 0.50129975
v 0.40000000 -0.45416667 0.50140958
v 0.40555556 -0.45416667 0.50142099
v 0.41111111 -0.45416667 0.50124071
v 0.41666667 -0.45416667 0.50097649
v 0.42222222 -0.45416667 0.50079088
v 0.42777778 -0.45416667 0.50091991
v 0.43333333 -0.45416667 0.50123044
v 0.43888889 -0.45416667 0.50146408
v 0.44444444 -0.45416667 0.50146755
v 0.45000000 -0.45416667 0.50134084
v 0.45555556 -0.45416667 0.50101422
v 0.46111111 -0.45416667 0.50036867
v 0.46666667 -0.45416667 0.49940064
v 0.47222222 -0.45416667 0.49814200
v 0.47777778 -0.45416667 0.49680505
v 0.48333333 -0.45416667 0.49554580
v 0.48888889 -0.45416667 0.49413654
v 0.49444444 -0.45416667 0.49253479
v 0.50000000 -0.45416667 0.49071972
v 0.50555556 -0.45416667 0.48861694
v 0.51111111 -0.45416667 0.48627344
v 0.51666667 -0.45416667 0.48313884
v 0.52222222 -0.45416667 0.47975056
v 0.52777778 -0.45416667 0.47568047
v 0.53333333 -0.45416667 0.32273591
v 0.56111111 -0.45416667 0.50334342
v 0.56666667 -0.45416667 0.50528927
v 0.57222222 -0.45416667 0.50633769
v 0.57777778 -0.45416667 0.50708975
v 0.58333333 -0.45416667 0.50679585
v 0.58888889 -0.45416667 0.50666399
v 0.59444444 -0.45416667 0.50538282
v 0.60000000 -0.45416667 0.50285414
v 0.60555556 -0.45416667 0.32360061
v 0.21111111 -0.45833333 0.50619696
v 0.21666667 -0.45833333 0.48289533
v 0.22222222 -0.45833333 0.48363347
v 0.22777778 -0.45833333 0.48414048
v 0.23333333 -0.45833333 0.48461119
v 0.23888889 -0.45833333 0.48445623
v 0.24444444 -0.45833333 0.48326529
v 0.25000000 -0.45833333 0.48073368
v 0.28888889 -0.45833333 0.36104679
v 0.29444444 -0.45833333 0.47181605
v 0.30000000 -0.45833333 0.47664585
v 0.30555556 -0.45833333 0.47909038
v 0.31111111 -0.45833333 0.48160290
v 0.31666667 -0.45833333 0.48449210
v 0.32222222 -0.45833333 0.48695523
v 0.32777778 -0.45833333 0.48909116
v 0.33333333 -0.45833333 0.49094535
v 0.33888889 -0.45833333 0.49254452
v 0.34444444 -0.45833333 0.49386127
v 0.35000000 -0.45833333 0.49511905
v 0.35555556 -0.45833333 0.49633487
v 0.36111111 -0.45833333 0.49746358
v 0.36666667 -0.45833333 0.49854348
v 0.37222222 -0.45833333 0.49950614
v 0.37777778 -0.45833333 0.50036273
v 0.38333333 -0.45833333 0.50106876
v 0.38888889 -0.45833333 0.50161514
v 0.39444444 -0.45833333 0.50188651
v 0.40000000 -0.45833333 0.50189191
v 0.40555556 -0.45833333 0.50183122
v 0.41111111 -0.45833333 0.50158639
v 0.41666667 -0.45833333 0.50113109
v 0.42222222 -0.45833333 0.50070373
v 0.42777778 -0.45833333 0.50077479
v 0.43333333 -0.45833333 0.50111303
v 0.43888889 -0.45833333 0.50138150
v 0.44444444 -0.45833333 0.50149326
v 0.45000000 -0.45833333 0.50130744
v 0.45555556 -0.45833333 0.50097638
v 0.46111111 -0.45833333 0.50035937
v 0.46666667 -0.45833333 0.49942088
v 0.47222222 -0.45833333 0.49809215
v 0.47777778 -0.45833333 0.49672247
v 0.48333333 -0.45833333 0.49539614
v 0.48888889 -0.45833333 0.49399012
v 0.49444444 -0.45833333 0.49241982
v 0.50000000 -0.45833333 0.49063447
v 0.50555556 -0.45833333 0.48861029
v 0.51111111 -0.45833333 0.48637244
v 0.51666667 -0.45833333 0.48364499
v 0.52222222 -0.45833333 0.48003216
v 0.52777778 -0.45833333 0.47622346
v 0.53333333 -0.45833333 0.46729989
v 0.56111111 -0.45833333 0.50501665
v 0.56666667 -0.45833333 0.50659307
v 0.57222222 -0.45833333 0.50747330
v 0.57777778 -0.45833333 0.50818498
v 0.58333333 -0.45833333 0.50800066
v 0.58888889 -0.45833333 0.50795234
v 0.59444444 -0.45833333 0.50664074
v 0.60000000 -0.45833333 0.50411063
v 0.60555556 -0.45833333 0.32476530
v 0.21111111 -0.46250000 0.48178042
v 0.21666667 -0.46250000 0.48103184
v 0.22222222 -0.46250000 0.48362306
v 0.22777778 -0.46250000 0.48427835
v 0.23333333 -0.46250000 0.48520396
v 0.23888889 -0.46250000 0.48530753
v 0.24444444 -0.46250000 0.48482072
v 0.25000000 -0.46250000 0.48395380
v 0.25555556 -0.46250000 0.48314724
v 0.26111111 -0.46250000 0.48272789
v 0.26666667 -0.46250000 0.49658260
v 0.27222222 -0.46250000 0.24330134
v 0.27777778 -0.46250000 0.21552866
v 0.28333333 -0.46250000 0.20301556
v 0.28888889 -0.46250000 0.48616580
v 0.29444444 -0.46250000 0.47633622
v 0.30000000 -0.46250000 0.47892705
v 0.30555556 -0.46250000 0.48083893
v 0.31111111 -0.46250000 0.48357532
v 0.31666667 -0.46250000 0.48586965
v 0.32222222 -0.46250000 0.48820435
v 0.32777778 -0.46250000 0.49015081
v 0.33333333 -0.46250000 0.49187025
v 0.33888889 -0.46250000 0.49345275
v 0.34444444 -0.46250000 0.49472458
v 0.35000000 -0.46250000 0.49596205
v 0.35555556 -0.46250000 0.49716815
v 0.36111111 -0.46250000 0.49823856
v 0.36666667 -0.46250000 0.49931374
v 0.37222222 -0.46250000 0.50020251
v 0.37777778 -0.46250000 0.50097188
v 0.38333333 -0.46250000 0.50168517
v 0.38888889 -0.46250000 0.50213882
v 0.39444444 -0.46250000 0.50240890
v 0.40000000 -0.46250000 0.50237314
v 0.40555556 -0.46250000 0.50221356
v 0.41111111 -0.46250000 0.50185919
v 0.41666667 -0.46250000 0.50149848
v 0.42222222 -0.46250000 0.50082664
v 0.42777778 -0.46250000 0.50080351
v 0.43333333 -0.46250000 0.50123684
v 0.43888889 -0.46250000 0.50161182
v 0.44444444 -0.46250000 0.50168463
v 0.45000000 -0.46250000 0.50139828
v 0.45555556 -0.46250000 0.50109680
v 0.46111111 -0.46250000 0.50050882
v 0.46666667 -0.46250000 0.49963585
v 0.47222222 -0.46250000 0.49828781
v 0.47777778 -0.46250000 0.49684052
v 0.48333333 -0.46250000 0.49538147
v 0.48888889 -0.46250000 0.49394331
v 0.49444444 -0.46250000 0.49237826
v 0.50000000 -0.46250000 0.49061948
v 0.50555556 -0.46250000 0.48871615
v 0.51111111 -0.46250000 0.48654724
v 0.51666667 -0.46250000 0.48393109
v 0.52222222 -0.46250000 0.48062950
v 0.52777778 -0.46250000 0.47758731
v 0.53333333 -0.46250000 0.47552476
v 0.56111111 -0.46250000 0.50633612
v 0.56666667 -0.46250000 0.50765773
v 0.57222222 -0.46250000 0.50849093
v 0.57777778 -0.46250000 0.50914139
v 0.58333333 -0.46250000 0.50890399
v 0.58888889 -0.46250000 0.50909482
v 0.59444444 -0.46250000 0.50785707
v 0.60000000 -0.46250000 0.50541641
v 0.21666667 -0.46666667 0.48149571
v 0.22222222 -0.46666667 0.48365958
v 0.22777778 -0.46666667 0.48472595
v 0.23333333 -0.46666667 0.48600941
v 0.23888889 -0.46666667 0.48640949
v 0.24444444 -0.46666667 0.48639529
v 0.25000000 -0.46666667 0.48636110
v 0.25555556 -0.46666667 0.48682562
v 0.26111111 -0.46666667 0.48706312
v 0.26666667 -0.46666667 0.48637733
v 0.27222222 -0.46666667 0.48510014
v 0.27777778 -0.46666667 0.48380796
v 0.28333333 -0.46666667 0.48196295
v 0.28888889 -0.46666667 0.48028135
v 0.29444444 -0.46666667 0.48044575
v 0.30000000 -0.46666667 0.48105551
v 0.30555556 -0.46666667 0.48276812
v 0.31111111 -0.46666667 0.48496338
v 0.31666667 -0.46666667 0.48707900
v 0.32222222 -0.46666667 0.48917452
v 0.32777778 -0.46666667 0.49107993
v 0.33333333 -0.46666667 0.49270102
v 0.33888889 -0.46666667 0.49423646
v 0.34444444 -0.46666667 0.49555038
v 0.35000000 -0.46666667 0.49670413
v 0.35555556 -0.46666667 0.49790515
v 0.36111111 -0.46666667 0.49899341
v 0.36666667 -0.46666667 0.50003268
v 0.37222222 -0.46666667 0.50093225
v 0.37777778 -0.46666667 0.50158700
v 0.38333333 -0.46666667 0.50226989
v 0.38888889 -0.46666667 0.50268931
v 0.39444444 -0.46666667 0.50297717
v 0.40000000 -0.46666667 0.50284206
v 0.40555556 -0.46666667 0.50272765
v 0.41111111 -0.46666667 0.50240672
v 0.41666667 -0.46666667 0.50203825
v 0.42222222 -0.46666667 0.50118238
v 0.42777778 -0.46666667 0.50099391
v 0.43333333 -0.46666667 0.50149237
v 0.43888889 -0.46666667 0.50192442
v 0.44444444 -0.46666667 0.50207834
v 0.45000000 -0.46666667 0.50171771
v 0.45555556 -0.46666667 0.50139138
v 0.46111111 -0.46666667 0.50077261
v 0.46666667 -0.46666667 0.49988297
v 0.47222222 -0.46666667 0.49858922
v 0.47777778 -0.46666667 0.49711769
v 0.48333333 -0.46666667 0.49562384
v 0.48888889 -0.46666667 0.49405289
v 0.49444444 -0.46666667 0.49246194
v 0.50000000 -0.46666667 0.49077888
v 0.50555556 -0.46666667 0.48895594
v 0.51111111 -0.46666667 0.48685141
v 0.51666667 -0.46666667 0.48424369
v 0.52222222 -0.46666667 0.48121430
v 0.52777778 -0.46666667 0.47877638
v 0.53333333 -0.46666667 0.47465869
v 0.56111111 -0.46666667 0.50751382
v 0.56666667 -0.46666667 0.50844798
v 0.57222222 -0.46666667 0.50925772
v 0.57777778 -0.46666667 0.50989054
v 0.58333333 -0.46666667 0.50968992
v 0.58888889 -0.46666667 0.51005802
v 0.59444444 -0.46666667 0.50891111
v 0.60000000 -0.46666667 0.50653510
v 0.21666667 -0.47083333 0.48064946
v 0.22222222 -0.47083333 0.48398520
v 0.22777778 -0.47083333 0.48527899
v 0.23333333 -0.47083333 0.48667320
v 0.23888889 -0.47083333 0.48737150
v 0.24444444 -0.47083333 0.48786371
v 0.25000000 -0.47083333 0.48831460
v 0.25555556 -0.47083333 0.48874279
v 0.26111111 -0.47083333 0.48924766
v 0.26666667 -0.47083333 0.48922727
v 0.27222222 -0.47083333 0.48862917
v 0.27777778 -0.47083333 0.48743709
v 0.28333333 -0.47083333 0.48593177
v 0.28888889 -0.47083333 0.48474215
v 0.29444444 -0.47083333 0.48373901
v 0.30000000 -0.47083333 0.48388696
v 0.30555556 -0.47083333 0.48485970
v 0.31111111 -0.47083333 0.48637898
v 0.31666667 -0.47083333 0.48826146
v 0.32222222 -0.47083333 0.49028177
v 0.32777778 -0.47083333 0.49207367
v 0.33333333 -0.47083333 0.49364562
v 0.33888889 -0.47083333 0.49509580
v 0.34444444 -0.47083333 0.49635472
v 0.35000000 -0.47083333 0.49751408
v 0.35555556 -0.47083333 0.49865102
v 0.36111111 -0.47083333 0.49975233
v 0.36666667 -0.47083333 0.50071567
v 0.37222222 -0.47083333 0.50159991
v 0.37777778 -0.47083333 0.50225948
v 0.38333333 -0.47083333 0.50286527
v 0.38888889 -0.47083333 0.50329435
v 0.39444444 -0.47083333 0.50348922
v 0.40000000 -0.47083333 0.50341179
v 0.40555556 -0.47083333 0.50325412
v 0.41111111 -0.47083333 0.50301433
v 0.41666667 -0.47083333 0.50254351
v 0.42222222 -0.47083333 0.50143640
v 0.42777778 -0.47083333 0.50120945
v 0.43333333 -0.47083333 0.50182014
v 0.43888889 -0.47083333 0.50227482
v 0.44444444 -0.47083333 0.50240307
v 0.45000000 -0.47083333 0.50207466
v 0.45555556 -0.47083333 0.50174217
v 0.46111111 -0.47083333 0.50113724
v 0.46666667 -0.47083333 0.50025004
v 0.47222222 -0.47083333 0.49899795
v 0.47777778 -0.47083333 0.49753404
v 0.48333333 -0.47083333 0.49594939
v 0.48888889 -0.47083333 0.49441738
v 0.49444444 -0.47083333 0.49283527
v 0.50000000 -0.47083333 0.49113379
v 0.50555556 -0.47083333 0.48924526
v 0.51111111 -0.47083333 0.48723192
v 0.51666667 -0.47083333 0.48478339
v 0.52222222 -0.47083333 0.48194379
v 0.52777778 -0.47083333 0.47962672
v 0.53333333 -0.47083333 0.47558341
v 0.56111111 -0.47083333 0.50888178
v 0.56666667 -0.47083333 0.50906389
v 0.57222222 -0.47083333 0.50974635
v 0.57777778 -0.47083333 0.51046232
v 0.58333333 -0.47083333 0.51034498
v 0.58888889 -0.47083333 0.51072496
v 0.59444444 -0.47083333 0.50838872
v 0.60000000 -0.47083333 0.50903832
v 0.21666667 -0.47500000 0.49110900
v 0.22222222 -0.47500000 0.48310565
v 0.22777778 -0.47500000 0.48546810
v 0.23333333 -0.47500000 0.48703777
v 0.23888889 -0.47500000 0.48827584
v 0.24444444 -0.47500000 0.48920095
v 0.25000000 -0.47500000 0.48990476
v 0.25555556 -0.47500000 0.49063414
v 0.26111111 -0.47500000 0.49120846
v 0.26666667 -0.47500000 0.49147915
v 0.27222222 -0.47500000 0.49149953
v 0.27777778 -0.47500000 0.49130641
v 0.28333333 -0.47500000 0.49004220
v 0.28888889 -0.47500000 0.48827730
v 0.29444444 -0.47500000 0.48686872
v 0.30000000 -0.47500000 0.48659613
v 0.30555556 -0.47500000 0.48719151
v 0.31111111 -0.47500000 0.48833349
v 0.31666667 -0.47500000 0.48987368
v 0.32222222 -0.47500000 0.49144657
v 0.32777778 -0.47500000 0.49300103
v 0.33333333 -0.47500000 0.49454559
v 0.33888889 -0.47500000 0.49586803
v 0.34444444 -0.47500000 0.49709530
v 0.35000000 -0.47500000 0.49817415
v 0.35555556 -0.47500000 0.49925852
v 0.36111111 -0.47500000 0.50027629
v 0.36666667 -0.47500000 0.50132550
v 0.37222222 -0.47500000 0.50215487
v 0.37777778 -0.47500000 0.50281091
v 0.38333333 -0.47500000 0.50343128
v 0.38888889 -0.47500000 0.50376134
v 0.39444444 -0.47500000 0.50401933
v 0.40000000 -0.47500000 0.50395446
v 0.40555556 -0.47500000 0.50377564
v 0.41111111 -0.47500000 0.50350996
v 0.41666667 -0.47500000 0.50296319
v 0.42222222 -0.47500000 0.50176617
v 0.42777778 -0.47500000 0.50166496
v 0.43333333 -0.47500000 0.50227178
v 0.43888889 -0.47500000 0.50265816
v 0.44444444 -0.47500000 0.50272951
v 0.45000000 -0.47500000 0.50252799
v 0.45555556 -0.47500000 0.50219014
v 0.46111111 -0.47500000 0.50152831
v 0.46666667 -0.47500000 0.50065949
v 0.47222222 -0.47500000 0.49941591
v 0.47777778 -0.47500000 0.49790611
v 0.48333333 -0.47500000 0.49634718
v 0.48888889 -0.47500000 0.49477866
v 0.49444444 -0.47500000 0.49318553
v 0.50000000 -0.47500000 0.49146327
v 0.50555556 -0.47500000 0.48960067
v 0.51111111 -0.47500000 0.48758826
v 0.51666667 -0.47500000 0.48516283
v 0.52222222 -0.47500000 0.48241489
v 0.52777778 -0.47500000 0.48002318
v 0.53333333 -0.47500000 0.47588975
v 0.56111111 -0.47500000 0.51023515
v 0.56666667 -0.47500000 0.50983368
v 0.57222222 -0.47500000 0.51031791
v 0.57777778 -0.47500000 0.51089079
v 0.58333333 -0.47500000 0.51091905
v 0.58888889 -0.47500000 0.51117089
v 0.59444444 -0.47500000 0.50920122
v 0.60000000 -0.47500000 0.54132718
v 0.21666667 -0.47916667 0.39043736
v 0.22222222 -0.47916667 0.48337662
v 0.22777778 -0.47916667 0.48557017
v 0.23333333 -0.47916667 0.48725199
v 0.23888889 -0.47916667 0.48895919
v 0.24444444 -0.47916667 0.49031392
v 0.25000000 -0.47916667 0.49131403
v 0.25555556 -0.47916667 0.49209048
v 0.26111111 -0.47916667 0.49255707
v 0.26666667 -0.47916667 0.49282154
v 0.27222222 -0.47916667 0.49318060
v 0.27777778 -0.47916667 0.49357334
v 0.28333333 -0.47916667 0.49361300
v 0.28888889 -0.47916667 0.49343945
v 0.29444444 -0.47916667 0.49119884
v 0.30000000 -0.47916667 0.48912828
v 0.30555556 -0.47916667 0.48940902
v 0.31111111 -0.47916667 0.49033628
v 0.31666667 -0.47916667 0.49134007
v 0.32222222 -0.47916667 0.49263994
v 0.32777778 -0.47916667 0.49403307
v 0.33333333 -0.47916667 0.49534596
v 0.33888889 -0.47916667 0.49663310
v 0.34444444 -0.47916667 0.49774894
v 0.35000000 -0.47916667 0.49875147
v 0.35555556 -0.47916667 0.49976832
v 0.36111111 -0.47916667 0.50072980
v 0.36666667 -0.47916667 0.50173309
v 0.37222222 -0.47916667 0.50253310
v 0.37777778 -0.47916667 0.50328294
v 0.38333333 -0.47916667 0.50388826
v 0.38888889 -0.47916667 0.50431330
v 0.39444444 -0.47916667 0.50452960
v 0.40000000 -0.47916667 0.50453489
v 0.40555556 -0.47916667 0.50431552
v 0.41111111 -0.47916667 0.50397112
v 0.41666667 -0.47916667 0.50337993
v 0.42222222 -0.47916667 0.50255860
v 0.42777778 -0.47916667 0.50254354
v 0.43333333 -0.47916667 0.50282235
v 0.43888889 -0.47916667 0.50310305
v 0.44444444 -0.47916667 0.50314261
v 0.45000000 -0.47916667 0.50299881
v 0.45555556 -0.47916667 0.50258739
v 0.46111111 -0.47916667 0.50189320
v 0.46666667 -0.47916667 0.50101100
v 0.47222222 -0.47916667 0.49976757
v 0.47777778 -0.47916667 0.49828795
v 0.48333333 -0.47916667 0.49673499
v 0.48888889 -0.47916667 0.49514290
v 0.49444444 -0.47916667 0.49357120
v 0.50000000 -0.47916667 0.49186170
v 0.50555556 -0.47916667 0.49005482
v 0.51111111 -0.47916667 0.48798763
v 0.51666667 -0.47916667 0.48549632
v 0.52222222 -0.47916667 0.48275192
v 0.52777778 -0.47916667 0.48013694
v 0.53333333 -0.47916667 0.47604028
v 0.56111111 -0.47916667 0.51123869
v 0.56666667 -0.47916667 0.51053281
v 0.57222222 -0.47916667 0.51085099
v 0.57777778 -0.47916667 0.51104865
v 0.58333333 -0.47916667 0.51135077
v 0.58888889 -0.47916667 0.51154550
v 0.59444444 -0.47916667 0.51001182
v 0.60000000 -0.47916667 0.51927706
v 0.22222222 -0.48333333 0.48249793
v 0.22777778 -0.48333333 0.48518865
v 0.23333333 -0.48333333 0.48740913
v 0.23888889 -0.48333333 0.48930545
v 0.24444444 -0.48333333 0.49105325
v 0.25000000 -0.48333333 0.49215481
v 0.25555556 -0.48333333 0.49280069
v 0.26111111 -0.48333333 0.49308654
v 0.26666667 -0.48333333 0.49322240
v 0.27222222 -0.48333333 0.49386817
v 0.27777778 -0.48333333 0.49486166
v 0.28333333 -0.48333333 0.49535176
v 0.28888889 -0.48333333 0.49584750
v 0.29444444 -0.48333333 0.49667698
v 0.30000000 -0.48333333 0.49478234
v 0.30555556 -0.48333333 0.49184639
v 0.31111111 -0.48333333 0.49192250
v 0.31666667 -0.48333333 0.49291981
v 0.32222222 -0.48333333 0.49390597
v 0.32777778 -0.48333333 0.49509766
v 0.33333333 -0.48333333 0.49624311
v 0.33888889 -0.48333333 0.49737221
v 0.34444444 -0.48333333 0.49836845
v 0.35000000 -0.48333333 0.49931427
v 0.35555556 -0.48333333 0.50024668
v 0.36111111 -0.48333333 0.50122293
v 0.36666667 -0.48333333 0.50210463
v 0.37222222 -0.48333333 0.50296329
v 0.37777778 -0.48333333 0.50364575
v 0.38333333 -0.48333333 0.50429900
v 0.38888889 -0.48333333 0.50469936
v 0.39444444 -0.48333333 0.50493801
v 0.40000000 -0.48333333 0.50495474
v 0.40555556 -0.48333333 0.50489734
v 0.41111111 -0.48333333 0.50465823
v 0.41666667 -0.48333333 0.50418928
v 0.42222222 -0.48333333 0.50378083
v 0.42777778 -0.48333333 0.50361621
v 0.43333333 -0.48333333 0.50366918
v 0.43888889 -0.48333333 0.50376484
v 0.44444444 -0.48333333 0.50374775
v 0.45000000 -0.48333333 0.50349702
v 0.45555556 -0.48333333 0.50303603
v 0.46111111 -0.48333333 0.50228305
v 0.46666667 -0.48333333 0.50136613
v 0.47222222 -0.48333333 0.50013964
v 0.47777778 -0.48333333 0.49874647
v 0.48333333 -0.48333333 0.49722648
v 0.48888889 -0.48333333 0.49559602
v 0.49444444 -0.48333333 0.49399066
v 0.50000000 -0.48333333 0.49236442
v 0.50555556 -0.48333333 0.49053469
v 0.51111111 -0.48333333 0.48841292
v 0.51666667 -0.48333333 0.48581468
v 0.52222222 -0.48333333 0.48309360
v 0.52777778 -0.48333333 0.48037137
v 0.53333333 -0.48333333 0.47599454
v 0.56111111 -0.48333333 0.51148396
v 0.56666667 -0.48333333 0.51110015
v 0.57222222 -0.48333333 0.51122364
v 0.57777778 -0.48333333 0.51131090
v 0.58333333 -0.48333333 0.51170504
v 0.58888889 -0.48333333 0.51182317
v 0.59444444 -0.48333333 0.51056811
v 0.60000000 -0.48333333 0.30955721
v 0.22222222 -0.48750000 0.48515085
v 0.22777778 -0.48750000 0.48463179
v 0.23333333 -0.48750000 0.48711866
v 0.23888889 -0.48750000 0.48927130
v 0.24444444 -0.48750000 0.49127115
v 0.25000000 -0.48750000 0.49264766
v 0.25555556 -0.48750000 0.49327580
v 0.26111111 -0.48750000 0.49317144
v 0.26666667 -0.48750000 0.49317523
v 0.27222222 -0.48750000 0.49372326
v 0.27777778 -0.48750000 0.49493140
v 0.28333333 -0.48750000 0.49608897
v 0.28888889 -0.48750000 0.49714193
v 0.29444444 -0.48750000 0.49802510
v 0.30000000 -0.48750000 0.49854062
v 0.30555556 -0.48750000 0.49635812
v 0.31111111 -0.48750000 0.49384482
v 0.31666667 -0.48750000 0.49419247
v 0.32222222 -0.48750000 0.49518954
v 0.32777778 -0.48750000 0.49621779
v 0.33333333 -0.48750000 0.49732751
v 0.33888889 -0.48750000 0.49824611
v 0.34444444 -0.48750000 0.49918903
v 0.35000000 -0.48750000 0.50004061
v 0.35555556 -0.48750000 0.50095825
v 0.36111111 -0.48750000 0.50177042
v 0.36666667 -0.48750000 0.50261657
v 0.37222222 -0.48750000 0.50339749
v 0.37777778 -0.48750000 0.50403031
v 0.38333333 -0.48750000 0.50463395
v 0.38888889 -0.48750000 0.50512909
v 0.39444444 -0.48750000 0.50536827
v 0.40000000 -0.48750000 0.50536891
v 0.40555556 -0.48750000 0.50540528
v 0.41111111 -0.48750000 0.50526695
v 0.41666667 -0.48750000 0.50509908
v 0.42222222 -0.48750000 0.50481799
v 0.42777778 -0.48750000 0.50464772
v 0.43333333 -0.48750000 0.50466624
v 0.43888889 -0.48750000 0.50460988
v 0.44444444 -0.48750000 0.50438765
v 0.45000000 -0.48750000 0.50404787
v 0.45555556 -0.48750000 0.50352259
v 0.46111111 -0.48750000 0.50275404
v 0.46666667 -0.48750000 0.50177314
v 0.47222222 -0.48750000 0.50069557
v 0.47777778 -0.48750000 0.49928391
v 0.48333333 -0.48750000 0.49776242
v 0.48888889 -0.48750000 0.49611443
v 0.49444444 -0.48750000 0.49454420
v 0.50000000 -0.48750000 0.49295197
v 0.50555556 -0.48750000 0.49113629
v 0.51111111 -0.48750000 0.48878800
v 0.51666667 -0.48750000 0.48613408
v 0.52222222 -0.48750000 0.48341800
v 0.52777778 -0.48750000 0.48067886
v 0.53333333 -0.48750000 0.47588181
v 0.56111111 -0.48750000 0.51163570
v 0.56666667 -0.48750000 0.51128136
v 0.57222222 -0.48750000 0.51156642
v 0.57777778 -0.48750000 0.51154314
v 0.58333333 -0.48750000 0.51205230
v 0.58888889 -0.48750000 0.51183035
v 0.59444444 -0.48750000 0.51120712
v 0.22777778 -0.49166667 0.48393728
v 0.23333333 -0.49166667 0.48655686
v 0.23888889 -0.49166667 0.48918400
v 0.24444444 -0.49166667 0.49090977
v 0.25000000 -0.49166667 0.49243580
v 0.25555556 -0.49166667 0.49353311
v 0.26111111 -0.49166667 0.49327358
v 0.26666667 -0.49166667 0.49330173
v 0.27222222 -0.49166667 0.49364594
v 0.27777778 -0.49166667 0.49543734
v 0.28333333 -0.49166667 0.49719486
v 0.28888889 -0.49166667 0.49829443
v 0.29444444 -0.49166667 0.49874353
v 0.30000000 -0.49166667 0.49966954
v 0.30555556 -0.49166667 0.50013524
v 0.31111111 -0.49166667 0.49748089
v 0.31666667 -0.49166667 0.49560796
v 0.32222222 -0.49166667 0.49616221
v 0.32777778 -0.49166667 0.49731263
v 0.33333333 -0.49166667 0.49819218
v 0.33888889 -0.49166667 0.49913270
v 0.34444444 -0.49166667 0.49992836
v 0.35000000 -0.49166667 0.50069758
v 0.35555556 -0.49166667 0.50158675
v 0.36111111 -0.49166667 0.50234628
v 0.36666667 -0.49166667 0.50303961
v 0.37222222 -0.49166667 0.50375165
v 0.37777778 -0.49166667 0.50439742
v 0.38333333 -0.49166667 0.50501397
v 0.38888889 -0.49166667 0.50547931
v 0.39444444 -0.49166667 0.50575286
v 0.40000000 -0.49166667 0.50586870
v 0.40555556 -0.49166667 0.50580983
v 0.41111111 -0.49166667 0.50580761
v 0.41666667 -0.49166667 0.50573698
v 0.42222222 -0.49166667 0.50557215
v 0.42777778 -0.49166667 0.50537052
v 0.43333333 -0.49166667 0.50524871
v 0.43888889 -0.49166667 0.50516288
v 0.44444444 -0.49166667 0.50489491
v 0.45000000 -0.49166667 0.50452402
v 0.45555556 -0.49166667 0.50395746
v 0.46111111 -0.49166667 0.50318195
v 0.46666667 -0.49166667 0.50224085
v 0.47222222 -0.49166667 0.50120970
v 0.47777778 -0.49166667 0.49978455
v 0.48333333 -0.49166667 0.49825816
v 0.48888889 -0.49166667 0.49667966
v 0.49444444 -0.49166667 0.49507145
v 0.50000000 -0.49166667 0.49345422
v 0.50555556 -0.49166667 0.49152889
v 0.51111111 -0.49166667 0.48916726
v 0.51666667 -0.49166667 0.48651674
v 0.52222222 -0.49166667 0.48385577
v 0.52777778 -0.49166667 0.48083782
v 0.53333333 -0.49166667 0.47523222
v 0.55555556 -0.49166667 0.39686430
v 0.56111111 -0.49166667 0.51175690
v 0.56666667 -0.49166667 0.51112272
v 0.57222222 -0.49166667 0.51162761
v 0.57777778 -0.49166667 0.51180539
v 0.58333333 -0.49166667 0.51247140
v 0.58888889 -0.49166667 0.51236973
v 0.59444444 -0.49166667 0.51196128
v 0.23333333 -0.49583333 0.48487476
v 0.23888889 -0.49583333 0.48897493
v 0.24444444 -0.49583333 0.49054531
v 0.25000000 -0.49583333 0.49144510
v 0.25555556 -0.49583333 0.49267398
v 0.26111111 -0.49583333 0.49264208
v 0.26666667 -0.49583333 0.49247671
v 0.27222222 -0.49583333 0.49495912
v 0.27777778 -0.49583333 0.49775198
v 0.28333333 -0.49583333 0.49894112
v 0.28888889 -0.49583333 0.49919193
v 0.29444444 -0.49583333 0.49869876
v 0.30000000 -0.49583333 0.49930376
v 0.30555556 -0.49583333 0.50007613
v 0.31111111 -0.49583333 0.50005124
v 0.31666667 -0.49583333 0.49696870
v 0.32222222 -0.49583333 0.49699888
v 0.32777778 -0.49583333 0.49802771
v 0.33333333 -0.49583333 0.49907484
v 0.33888889 -0.49583333 0.49991394
v 0.34444444 -0.49583333 0.50069404
v 0.35000000 -0.49583333 0.50143011
v 0.35555556 -0.49583333 0.50219636
v 0.36111111 -0.49583333 0.50283422
v 0.36666667 -0.49583333 0.50339388
v 0.37222222 -0.49583333 0.50412784
v 0.37777778 -0.49583333 0.50473981
v 0.38333333 -0.49583333 0.50531287
v 0.38888889 -0.49583333 0.50572178
v 0.39444444 -0.49583333 0.50609622
v 0.40000000 -0.49583333 0.50621574
v 0.40555556 -0.49583333 0.50621141
v 0.41111111 -0.49583333 0.50628791
v 0.41666667 -0.49583333 0.50625093
v 0.42222222 -0.49583333 0.50615523
v 0.42777778 -0.49583333 0.50597262
v 0.43333333 -0.49583333 0.50577879
v 0.43888889 -0.49583333 0.50568416
v 0.44444444 -0.49583333 0.50533029
v 0.45000000 -0.49583333 0.50492653
v 0.45555556 -0.49583333 0.50431577
v 0.46111111 -0.49583333 0.50351068
v 0.46666667 -0.49583333 0.50253532
v 0.47222222 -0.49583333 0.50149738
v 0.47777778 -0.49583333 0.50012587
v 0.48333333 -0.49583333 0.49866983
v 0.48888889 -0.49583333 0.49709394
v 0.49444444 -0.49583333 0.49551308
v 0.50000000 -0.49583333 0.49387243
v 0.50555556 -0.49583333 0.49195282
v 0.51111111 -0.49583333 0.48957810
v 0.51666667 -0.49583333 0.48710704
v 0.52222222 -0.49583333 0.48438023
v 0.52777778 -0.49583333 0.48118669
v 0.53333333 -0.49583333 0.47575475
v 0.55555556 -0.49583333 0.40079763
v 0.56111111 -0.49583333 0.51171902
v 0.56666667 -0.49583333 0.51100974
v 0.57222222 -0.49583333 0.51150395
v 0.57777778 -0.49583333 0.51179370
v 0.58333333 -0.49583333 0.51294705
v 0.58888889 -0.49583333 0.51291862
v 0.59444444 -0.49583333 0.52056777
v 0.23333333 -0.50000000 0.42512677
v 0.23888889 -0.50000000 0.48912789
v 0.24444444 -0.50000000 0.49023056
v 0.25000000 -0.50000000 0.49048587
v 0.25555556 -0.50000000 0.49093226
v 0.26111111 -0.50000000 0.49009137
v 0.26666667 -0.50000000 0.49299577
v 0.27222222 -0.50000000 0.49830587
v 0.27777778 -0.50000000 0.49931864
v 0.28333333 -0.50000000 0.50049226
v 0.28888889 -0.50000000 0.50067791
v 0.29444444 -0.50000000 0.50024900
v 0.30000000 -0.50000000 0.49920022
v 0.30555556 -0.50000000 0.49914465
v 0.31111111 -0.50000000 0.49940915
v 0.31666667 -0.50000000 0.49818513
v 0.32222222 -0.50000000 0.49779128
v 0.32777778 -0.50000000 0.49873595
v 0.33333333 -0.50000000 0.49972376
v 0.33888889 -0.50000000 0.50080580
v 0.34444444 -0.50000000 0.50166185
v 0.35000000 -0.50000000 0.50228215
v 0.35555556 -0.50000000 0.50290343
v 0.36111111 -0.50000000 0.50343894
v 0.36666667 -0.50000000 0.50390861
v 0.37222222 -0.50000000 0.50450313
v 0.37777778 -0.50000000 0.50502269
v 0.38333333 -0.50000000 0.50556489
v 0.38888889 -0.50000000 0.50599054
v 0.39444444 -0.50000000 0.50631384
v 0.40000000 -0.50000000 0.50649186
v 0.40555556 -0.50000000 0.50653263
v 0.41111111 -0.50000000 0.50661081
v 0.41666667 -0.50000000 0.50658667
v 0.42222222 -0.50000000 0.50652237
v 0.42777778 -0.50000000 0.50637807
v 0.43333333 -0.50000000 0.50620805
v 0.43888889 -0.50000000 0.50603478
v 0.44444444 -0.50000000 0.50570115
v 0.45000000 -0.50000000 0.50528680
v 0.45555556 -0.50000000 0.50467987
v 0.46111111 -0.50000000 0.50388329
v 0.46666667 -0.50000000 0.50293940
v 0.47222222 -0.50000000 0.50186026
v 0.47777778 -0.50000000 0.50054340
v 0.48333333 -0.50000000 0.49913492
v 0.48888889 -0.50000000 0.49762366
v 0.49444444 -0.50000000 0.49598233
v 0.50000000 -0.50000000 0.49435211
v 0.50555556 -0.50000000 0.49236885
v 0.51111111 -0.50000000 0.49012424
v 0.51666667 -0.50000000 0.48759238
v 0.52222222 -0.50000000 0.48537322
v 0.52777778 -0.50000000 0.48250408
v 0.53333333 -0.50000000 0.47793031
v 0.55555556 -0.50000000 0.42802534
v 0.56111111 -0.50000000 0.51197948
v 0.56666667 -0.50000000 0.51102340
v 0.57222222 -0.50000000 0.51125304
v 0.57777778 -0.50000000 0.51158842
v 0.58333333 -0.50000000 0.51301804
v 0.58888889 -0.50000000 0.51155566
v 0.59444444 -0.50000000 0.54100152
v 0.23888889 -0.50416667 0.48906913
v 0.24444444 -0.50416667 0.48987361
v 0.25000000 -0.50416667 0.48924712
v 0.25555556 -0.50416667 0.48958000
v 0.26111111 -0.50416667 0.49028531
v 0.26666667 -0.50416667 0.49469705
v 0.27222222 -0.50416667 0.49916772
v 0.27777778 -0.50416667 0.50099995
v 0.28333333 -0.50416667 0.50233891
v 0.28888889 -0.50416667 0.50249079
v 0.29444444 -0.50416667 0.50222572
v 0.30000000 -0.50416667 0.50156275
v 0.30555556 -0.50416667 0.50023445
v 0.31111111 -0.50416667 0.49984692
v 0.31666667 -0.50416667 0.50014018
v 0.32222222 -0.50416667 0.50102026
v 0.32777778 -0.50416667 0.50136266
v 0.33333333 -0.50416667 0.50125065
v 0.33888889 -0.50416667 0.50196623
v 0.34444444 -0.50416667 0.50272554
v 0.35000000 -0.50416667 0.50329531
v 0.35555556 -0.50416667 0.50370677
v 0.36111111 -0.50416667 0.50409744
v 0.36666667 -0.50416667 0.50450170
v 0.37222222 -0.50416667 0.50493375
v 0.37777778 -0.50416667 0.50538425
v 0.38333333 -0.50416667 0.50588268
v 0.38888889 -0.50416667 0.50624757
v 0.39444444 -0.50416667 0.50656868
v 0.40000000 -0.50416667 0.50673652
v 0.40555556 -0.50416667 0.50679259
v 0.41111111 -0.50416667 0.50684288
v 0.41666667 -0.50416667 0.50681258
v 0.42222222 -0.50416667 0.50677024
v 0.42777778 -0.50416667 0.50666867
v 0.43333333 -0.50416667 0.50648500
v 0.43888889 -0.50416667 0.50630422
v 0.44444444 -0.50416667 0.50602033
v 0.45000000 -0.50416667 0.50558124
v 0.45555556 -0.50416667 0.50501107
v 0.46111111 -0.50416667 0.50414593
v 0.46666667 -0.50416667 0.50322472
v 0.47222222 -0.50416667 0.50214550
v 0.47777778 -0.50416667 0.50094352
v 0.48333333 -0.50416667 0.49974310
v 0.48888889 -0.50416667 0.49836409
v 0.49444444 -0.50416667 0.49674003
v 0.50000000 -0.50416667 0.49496698
v 0.50555556 -0.50416667 0.49306215
v 0.51111111 -0.50416667 0.49096720
v 0.51666667 -0.50416667 0.48890802
v 0.52222222 -0.50416667 0.48706849
v 0.52777778 -0.50416667 0.48485577
v 0.53333333 -0.50416667 0.48063759
v 0.53888889 -0.50416667 0.47535324
v 0.55555556 -0.50416667 0.50488046
v 0.56111111 -0.50416667 0.51195781
v 0.56666667 -0.50416667 0.51101861
v 0.57222222 -0.50416667 0.51130729
v 0.57777778 -0.50416667 0.51168723
v 0.58333333 -0.50416667 0.51288800
v 0.58888889 -0.50416667 0.51167747
v 0.59444444 -0.50416667 0.48067095
v 0.23888889 -0.50833333 0.41107814
v 0.24444444 -0.50833333 0.48770907
v 0.25000000 -0.50833333 0.48931850
v 0.25555556 -0.50833333 0.48746817
v 0.26111111 -0.50833333 0.49101037
v 0.26666667 -0.50833333 0.49565778
v 0.27222222 -0.50833333 0.49983337
v 0.27777778 -0.50833333 0.50224450
v 0.28333333 -0.50833333 0.50385926
v 0.28888889 -0.50833333 0.50402706
v 0.29444444 -0.50833333 0.50359075
v 0.30000000 -0.50833333 0.50254508
v 0.30555556 -0.50833333 0.50130465
v 0.31111111 -0.50833333 0.50085551
v 0.31666667 -0.50833333 0.50111847
v 0.32222222 -0.50833333 0.50173066
v 0.32777778 -0.50833333 0.50259197
v 0.33333333 -0.50833333 0.50335747
v 0.33888889 -0.50833333 0.50380687
v 0.34444444 -0.50833333 0.50399916
v 0.35000000 -0.50833333 0.50425633
v 0.35555556 -0.50833333 0.50455645
v 0.36111111 -0.50833333 0.50488189
v 0.36666667 -0.50833333 0.50520669
v 0.37222222 -0.50833333 0.50558896
v 0.37777778 -0.50833333 0.50592992
v 0.38333333 -0.50833333 0.50633225
v 0.38888889 -0.50833333 0.50668437
v 0.39444444 -0.50833333 0.50689276
v 0.40000000 -0.50833333 0.50705988
v 0.40555556 -0.50833333 0.50715805
v 0.41111111 -0.50833333 0.50714647
v 0.41666667 -0.50833333 0.50708431
v 0.42222222 -0.50833333 0.50704147
v 0.42777778 -0.50833333 0.50692581
v 0.43333333 -0.50833333 0.50679663
v 0.43888889 -0.50833333 0.50656521
v 0.44444444 -0.50833333 0.50627689
v 0.45000000 -0.50833333 0.50588840
v 0.45555556 -0.50833333 0.50533923
v 0.46111111 -0.50833333 0.50451107
v 0.46666667 -0.50833333 0.50361704
v 0.47222222 -0.50833333 0.50264114
v 0.47777778 -0.50833333 0.50157838
v 0.48333333 -0.50833333 0.50049802
v 0.48888889 -0.50833333 0.49917358
v 0.49444444 -0.50833333 0.49773470
v 0.50000000 -0.50833333 0.49631445
v 0.50555556 -0.50833333 0.49461111
v 0.51111111 -0.50833333 0.49270638
v 0.51666667 -0.50833333 0.49059048
v 0.52222222 -0.50833333 0.48890322
v 0.52777778 -0.50833333 0.48728964
v 0.53333333 -0.50833333 0.48373604
v 0.53888889 -0.50833333 0.47850122
v 0.55555556 -0.50833333 0.52384926
v 0.56111111 -0.50833333 0.51175282
v 0.56666667 -0.50833333 0.51122965
v 0.57222222 -0.50833333 0.51158284
v 0.57777778 -0.50833333 0.51182352
v 0.58333333 -0.50833333 0.51265579
v 0.58888889 -0.50833333 0.51145828
v 0.24444444 -0.51250000 0.48705701
v 0.25000000 -0.51250000 0.49016887
v 0.25555556 -0.51250000 0.48456995
v 0.26111111 -0.51250000 0.49071862
v 0.26666667 -0.51250000 0.49639328
v 0.27222222 -0.51250000 0.50078566
v 0.27777778 -0.51250000 0.50365301
v 0.28333333 -0.51250000 0.50511668
v 0.28888889 -0.51250000 0.50556650
v 0.29444444 -0.51250000 0.50540360
v 0.30000000 -0.51250000 0.50479960
v 0.30555556 -0.51250000 0.50297270
v 0.31111111 -0.51250000 0.50211818
v 0.31666667 -0.51250000 0.50186645
v 0.32222222 -0.51250000 0.50242878
v 0.32777778 -0.51250000 0.50326002
v 0.33333333 -0.51250000 0.50402784
v 0.33888889 -0.51250000 0.50477142
v 0.34444444 -0.51250000 0.50529531
v 0.35000000 -0.51250000 0.50548246
v 0.35555556 -0.51250000 0.50543640
v 0.36111111 -0.51250000 0.50553489
v 0.36666667 -0.51250000 0.50578036
v 0.37222222 -0.51250000 0.50608066
v 0.37777778 -0.51250000 0.50642660
v 0.38333333 -0.51250000 0.50680829
v 0.38888889 -0.51250000 0.50709629
v 0.39444444 -0.51250000 0.50719564
v 0.40000000 -0.51250000 0.50735732
v 0.40555556 -0.51250000 0.50745889
v 0.41111111 -0.51250000 0.50743529
v 0.41666667 -0.51250000 0.50731763
v 0.42222222 -0.51250000 0.50722032
v 0.42777778 -0.51250000 0.50714389
v 0.43333333 -0.51250000 0.50702255
v 0.43888889 -0.51250000 0.50682067
v 0.44444444 -0.51250000 0.50652069
v 0.45000000 -0.51250000 0.50606400
v 0.45555556 -0.51250000 0.50553328
v 0.46111111 -0.51250000 0.50475987
v 0.46666667 -0.51250000 0.50383387
v 0.47222222 -0.51250000 0.50294809
v 0.47777778 -0.51250000 0.50196186
v 0.48333333 -0.51250000 0.50093400
v 0.48888889 -0.51250000 0.49981810
v 0.49444444 -0.51250000 0.49873241
v 0.50000000 -0.51250000 0.49755878
v 0.50555556 -0.51250000 0.49622047
v 0.51111111 -0.51250000 0.49469343
v 0.51666667 -0.51250000 0.49337558
v 0.52222222 -0.51250000 0.49241703
v 0.52777778 -0.51250000 0.49021908
v 0.53333333 -0.51250000 0.48645744
v 0.53888889 -0.51250000 0.48016949
v 0.55555556 -0.51250000 0.52853501
v 0.56111111 -0.51250000 0.51184841
v 0.56666667 -0.51250000 0.51165437
v 0.57222222 -0.51250000 0.51193310
v 0.57777778 -0.51250000 0.51195370
v 0.58333333 -0.51250000 0.51256149
v 0.58888889 -0.51250000 0.51153667
v 0.24444444 -0.51666667 0.47272042
v 0.25000000 -0.51666667 0.48890891
v 0.25555556 -0.51666667 0.48834468
v 0.26111111 -0.51666667 0.44038278
v 0.26666667 -0.51666667 0.49705857
v 0.27222222 -0.51666667 0.50239785
v 0.27777778 -0.51666667 0.50483848
v 0.28333333 -0.51666667 0.50631205
v 0.28888889 -0.51666667 0.50666356
v 0.29444444 -0.51666667 0.50672357
v 0.30000000 -0.51666667 0.50641344
v 0.30555556 -0.51666667 0.50529499
v 0.31111111 -0.51666667 0.50461257
v 0.31666667 -0.51666667 0.50398393
v 0.32222222 -0.51666667 0.50397223
v 0.32777778 -0.51666667 0.50423856
v 0.33333333 -0.51666667 0.50472887
v 0.33888889 -0.51666667 0.50529653
v 0.34444444 -0.51666667 0.50594773
v 0.35000000 -0.51666667 0.50654247
v 0.35555556 -0.51666667 0.50682882
v 0.36111111 -0.51666667 0.50670515
v 0.36666667 -0.51666667 0.50651203
v 0.37222222 -0.51666667 0.50659797
v 0.37777778 -0.51666667 0.50670941
v 0.38333333 -0.51666667 0.50691068
v 0.38888889 -0.51666667 0.50717572
v 0.39444444 -0.51666667 0.50736297
v 0.40000000 -0.51666667 0.50756185
v 0.40555556 -0.51666667 0.50754132
v 0.41111111 -0.51666667 0.50749240
v 0.41666667 -0.51666667 0.50746000
v 0.42222222 -0.51666667 0.50738626
v 0.42777778 -0.51666667 0.50728354
v 0.43333333 -0.51666667 0.50715766
v 0.43888889 -0.51666667 0.50700349
v 0.44444444 -0.51666667 0.50667729
v 0.45000000 -0.51666667 0.50630068
v 0.45555556 -0.51666667 0.50580311
v 0.46111111 -0.51666667 0.50507723
v 0.46666667 -0.51666667 0.50417826
v 0.47222222 -0.51666667 0.50322819
v 0.47777778 -0.51666667 0.50230497
v 0.48333333 -0.51666667 0.50141269
v 0.48888889 -0.51666667 0.50080619
v 0.49444444 -0.51666667 0.50034506
v 0.50000000 -0.51666667 0.49972826
v 0.50555556 -0.51666667 0.49874754
v 0.51111111 -0.51666667 0.49748830
v 0.51666667 -0.51666667 0.49662434
v 0.52222222 -0.51666667 0.49516021
v 0.52777778 -0.51666667 0.49241685
v 0.53333333 -0.51666667 0.48943037
v 0.53888889 -0.51666667 0.48166709
v 0.55555556 -0.51666667 0.52068640
v 0.56111111 -0.51666667 0.51291862
v 0.56666667 -0.51666667 0.51223916
v 0.57222222 -0.51666667 0.51215705
v 0.57777778 -0.51666667 0.51201067
v 0.58333333 -0.51666667 0.51220872
v 0.58888889 -0.51666667 0.51072553
v 0.25000000 -0.52083333 0.50999511
v 0.25555556 -0.52083333 0.49132082
v 0.26111111 -0.52083333 0.48911977
v 0.26666667 -0.52083333 0.49788980
v 0.27222222 -0.52083333 0.50368227
v 0.27777778 -0.52083333 0.50589774
v 0.28333333 -0.52083333 0.50723573
v 0.28888889 -0.52083333 0.50765215
v 0.29444444 -0.52083333 0.50784209
v 0.30000000 -0.52083333 0.50793439
v 0.30555556 -0.52083333 0.50737306
v 0.31111111 -0.52083333 0.50683640
v 0.31666667 -0.52083333 0.50626202
v 0.32222222 -0.52083333 0.50566245
v 0.32777778 -0.52083333 0.50536630
v 0.33333333 -0.52083333 0.50574503
v 0.33888889 -0.52083333 0.50618291
v 0.34444444 -0.52083333 0.50656382
v 0.35000000 -0.52083333 0.50704190
v 0.35555556 -0.52083333 0.50759529
v 0.36111111 -0.52083333 0.50799873
v 0.36666667 -0.52083333 0.50827671
v 0.37222222 -0.52083333 0.50868645
v 0.37777778 -0.52083333 0.50878791
v 0.38333333 -0.52083333 0.50845799
v 0.38888889 -0.52083333 0.50799744
v 0.39444444 -0.52083333 0.50782253
v 0.40000000 -0.52083333 0.50772579
v 0.40555556 -0.52083333 0.50754594
v 0.41111111 -0.52083333 0.50735343
v 0.41666667 -0.52083333 0.50727149
v 0.42222222 -0.52083333 0.50718108
v 0.42777778 -0.52083333 0.50709318
v 0.43333333 -0.52083333 0.50694891
v 0.43888889 -0.52083333 0.50681162
v 0.44444444 -0.52083333 0.50658506
v 0.45000000 -0.52083333 0.50638915
v 0.45555556 -0.52083333 0.50599126
v 0.46111111 -0.52083333 0.50542824
v 0.46666667 -0.52083333 0.50476116
v 0.47222222 -0.52083333 0.50445077
v 0.47777778 -0.52083333 0.50472150
v 0.48333333 -0.52083333 0.50460384
v 0.48888889 -0.52083333 0.50406518
v 0.49444444 -0.52083333 0.50310978
v 0.50000000 -0.52083333 0.50201873
v 0.50555556 -0.52083333 0.50088165
v 0.51111111 -0.52083333 0.49953192
v 0.51666667 -0.52083333 0.49847070
v 0.52222222 -0.52083333 0.49664522
v 0.52777778 -0.52083333 0.49463625
v 0.53333333 -0.52083333 0.49165682
v 0.53888889 -0.52083333 0.48365282
v 0.55555556 -0.52083333 0.51622603
v 0.56111111 -0.52083333 0.51434036
v 0.56666667 -0.52083333 0.51374002
v 0.57222222 -0.52083333 0.51345881
v 0.57777778 -0.52083333 0.51294068
v 0.58333333 -0.52083333 0.51243045
v 0.58888889 -0.52083333 0.51097512
v 0.25555556 -0.52500000 0.49351255
v 0.26111111 -0.52500000 0.49660292
v 0.26666667 -0.52500000 0.50193983
v 0.27222222 -0.52500000 0.50517976
v 0.27777778 -0.52500000 0.50711221
v 0.28333333 -0.52500000 0.50828948
v 0.28888889 -0.52500000 0.50870061
v 0.29444444 -0.52500000 0.50937438
v 0.30000000 -0.52500000 0.50989906
v 0.30555556 -0.52500000 0.50968813
v 0.31111111 -0.52500000 0.50915226
v 0.31666667 -0.52500000 0.50845406
v 0.32222222 -0.52500000 0.50775329
v 0.32777778 -0.52500000 0.50717611
v 0.33333333 -0.52500000 0.50661131
v 0.33888889 -0.52500000 0.50668817
v 0.34444444 -0.52500000 0.50726738
v 0.35000000 -0.52500000 0.50751733
v 0.35555556 -0.52500000 0.50800982
v 0.36111111 -0.52500000 0.50848857
v 0.36666667 -0.52500000 0.50902780
v 0.37222222 -0.52500000 0.50949079
v 0.37777778 -0.52500000 0.50969650
v 0.38333333 -0.52500000 0.50985568
v 0.38888889 -0.52500000 0.50986912
v 0.39444444 -0.52500000 0.51005158
v 0.40000000 -0.52500000 0.50996171
v 0.40555556 -0.52500000 0.50918730
v 0.41111111 -0.52500000 0.50829338
v 0.41666667 -0.52500000 0.50768040
v 0.42222222 -0.52500000 0.50740610
v 0.42777778 -0.52500000 0.50718734
v 0.43333333 -0.52500000 0.50711249
v 0.43888889 -0.52500000 0.50712365
v 0.44444444 -0.52500000 0.50721484
v 0.45000000 -0.52500000 0.50741651
v 0.45555556 -0.52500000 0.50743754
v 0.46111111 -0.52500000 0.50735908
v 0.46666667 -0.52500000 0.50693665
v 0.47222222 -0.52500000 0.50651572
v 0.47777778 -0.52500000 0.50615619
v 0.48333333 -0.52500000 0.50577461
v 0.48888889 -0.52500000 0.50508091
v 0.49444444 -0.52500000 0.50423480
v 0.50000000 -0.52500000 0.50320605
v 0.50555556 -0.52500000 0.50214486
v 0.51111111 -0.52500000 0.50110159
v 0.51666667 -0.52500000 0.50006722
v 0.52222222 -0.52500000 0.49856243
v 0.52777778 -0.52500000 0.49658672
v 0.53333333 -0.52500000 0.49343884
v 0.53888889 -0.52500000 0.48697590
v 0.55555556 -0.52500000 0.51711935
v 0.56111111 -0.52500000 0.51552740
v 0.56666667 -0.52500000 0.51582853
v 0.57222222 -0.52500000 0.51471555
v 0.57777778 -0.52500000 0.51428279
v 0.58333333 -0.52500000 0.51316391
v 0.58888889 -0.52500000 0.51210179
v 0.26111111 -0.52916667 0.49988977
v 0.26666667 -0.52916667 0.50514708
v 0.27222222 -0.52916667 0.50822307
v 0.27777778 -0.52916667 0.51008831
v 0.28333333 -0.52916667 0.51085535
v 0.28888889 -0.52916667 0.51178486
v 0.29444444 -0.52916667 0.51240939
v 0.30000000 -0.52916667 0.51270672
v 0.30555556 -0.52916667 0.51255705
v 0.31111111 -0.52916667 0.51193950
v 0.31666667 -0.52916667 0.51119524
v 0.32222222 -0.52916667 0.51031820
v 0.32777778 -0.52916667 0.50939738
v 0.33333333 -0.52916667 0.50873652
v 0.33888889 -0.52916667 0.50772847
v 0.34444444 -0.52916667 0.50755674
v 0.35000000 -0.52916667 0.50815305
v 0.35555556 -0.52916667 0.50840374
v 0.36111111 -0.52916667 0.50887234
v 0.36666667 -0.52916667 0.50928308
v 0.37222222 -0.52916667 0.50972242
v 0.37777778 -0.52916667 0.50996411
v 0.38333333 -0.52916667 0.51013001
v 0.38888889 -0.52916667 0.51026262
v 0.39444444 -0.52916667 0.51056457
v 0.40000000 -0.52916667 0.51067221
v 0.40555556 -0.52916667 0.51066645
v 0.41111111 -0.52916667 0.51050942
v 0.41666667 -0.52916667 0.51039133
v 0.42222222 -0.52916667 0.51044151
v 0.42777778 -0.52916667 0.51035782
v 0.43333333 -0.52916667 0.51027603
v 0.43888889 -0.52916667 0.51007222
v 0.44444444 -0.52916667 0.50966048
v 0.45000000 -0.52916667 0.50930879
v 0.45555556 -0.52916667 0.50880944
v 0.46111111 -0.52916667 0.50813799
v 0.46666667 -0.52916667 0.50747048
v 0.47222222 -0.52916667 0.50688522
v 0.47777778 -0.52916667 0.50634853
v 0.48333333 -0.52916667 0.50580672
v 0.48888889 -0.52916667 0.50534896
v 0.49444444 -0.52916667 0.50455602
v 0.50000000 -0.52916667 0.50412537
v 0.50555556 -0.52916667 0.50345911
v 0.51111111 -0.52916667 0.50250632
v 0.51666667 -0.52916667 0.50156997
v 0.52222222 -0.52916667 0.50013639
v 0.52777778 -0.52916667 0.49842135
v 0.53333333 -0.52916667 0.49535937
v 0.53888889 -0.52916667 0.48740466
v 0.55000000 -0.52916667 0.49737296
v 0.55555556 -0.52916667 0.51746199
v 0.56111111 -0.52916667 0.51713001
v 0.56666667 -0.52916667 0.51728532
v 0.57222222 -0.52916667 0.51643031
v 0.57777778 -0.52916667 0.51576701
v 0.58333333 -0.52916667 0.51445770
v 0.58888889 -0.52916667 0.51249236
v 0.59444444 -0.52916667 0.27260889
v 0.26111111 -0.53333333 0.51539690
v 0.26666667 -0.53333333 0.50746990
v 0.27222222 -0.53333333 0.51156574
v 0.27777778 -0.53333333 0.51336797
v 0.28333333 -0.53333333 0.51460193
v 0.28888889 -0.53333333 0.51531690
v 0.29444444 -0.53333333 0.51571698
v 0.30000000 -0.53333333 0.51600401
v 0.30555556 -0.53333333 0.51585746
v 0.31111111 -0.53333333 0.51516906
v 0.31666667 -0.53333333 0.51444858
v 0.32222222 -0.53333333 0.51347129
v 0.32777778 -0.53333333 0.51239923
v 0.33333333 -0.53333333 0.51115894
v 0.33888889 -0.53333333 0.51002412
v 0.34444444 -0.53333333 0.50855373
v 0.35000000 -0.53333333 0.50836737
v 0.35555556 -0.53333333 0.50895864
v 0.36111111 -0.53333333 0.50913180
v 0.36666667 -0.53333333 0.50936387
v 0.37222222 -0.53333333 0.50963076
v 0.37777778 -0.53333333 0.50991583
v 0.38333333 -0.53333333 0.51005770
v 0.38888889 -0.53333333 0.51038396
v 0.39444444 -0.53333333 0.51052601
v 0.40000000 -0.53333333 0.51062551
v 0.40555556 -0.53333333 0.51064864
v 0.41111111 -0.53333333 0.51055366
v 0.41666667 -0.53333333 0.51058273
v 0.42222222 -0.53333333 0.51064711
v 0.42777778 -0.53333333 0.51066778
v 0.43333333 -0.53333333 0.51054575
v 0.43888889 -0.53333333 0.51033518
v 0.44444444 -0.53333333 0.50997194
v 0.45000000 -0.53333333 0.50961485
v 0.45555556 -0.53333333 0.50904275
v 0.46111111 -0.53333333 0.50826670
v 0.46666667 -0.53333333 0.50745957
v 0.47222222 -0.53333333 0.50677060
v 0.47777778 -0.53333333 0.50611410
v 0.48333333 -0.53333333 0.50562011
v 0.48888889 -0.53333333 0.50527589
v 0.49444444 -0.53333333 0.50533065
v 0.50000000 -0.53333333 0.50519532
v 0.50555556 -0.53333333 0.50470830
v 0.51111111 -0.53333333 0.50383430
v 0.51666667 -0.53333333 0.50300013
v 0.52222222 -0.53333333 0.50158550
v 0.52777778 -0.53333333 0.49998658
v 0.53333333 -0.53333333 0.49696702
v 0.53888889 -0.53333333 0.48604406
v 0.55000000 -0.53333333 0.51770511
v 0.55555556 -0.53333333 0.51843363
v 0.56111111 -0.53333333 0.51844811
v 0.56666667 -0.53333333 0.51858194
v 0.57222222 -0.53333333 0.51790076
v 0.57777778 -0.53333333 0.51719942
v 0.58333333 -0.53333333 0.51577288
v 0.58888889 -0.53333333 0.51294962
v 0.59444444 -0.53333333 0.51492058
v 0.26111111 -0.53750000 0.50661160
v 0.26666667 -0.53750000 0.51009135
v 0.27222222 -0.53750000 0.51376340
v 0.27777778 -0.53750000 0.51592745
v 0.28333333 -0.53750000 0.51755505
v 0.28888889 -0.53750000 0.51830353
v 0.29444444 -0.53750000 0.51885080
v 0.30000000 -0.53750000 0.51921000
v 0.30555556 -0.53750000 0.51905708
v 0.31111111 -0.53750000 0.51839665
v 0.31666667 -0.53750000 0.51761127
v 0.32222222 -0.53750000 0.51658791
v 0.32777778 -0.53750000 0.51552311
v 0.33333333 -0.53750000 0.51403577
v 0.33888889 -0.53750000 0.51238772
v 0.34444444 -0.53750000 0.51109715
v 0.35000000 -0.53750000 0.50949562
v 0.35555556 -0.53750000 0.50878780
v 0.36111111 -0.53750000 0.50923301
v 0.36666667 -0.53750000 0.50934702
v 0.37222222 -0.53750000 0.50955631
v 0.37777778 -0.53750000 0.50965805
v 0.38333333 -0.53750000 0.50988879
v 0.38888889 -0.53750000 0.51010205
v 0.39444444 -0.53750000 0.51031705
v 0.40000000 -0.53750000 0.51041640
v 0.40555556 -0.53750000 0.51044555
v 0.41111111 -0.53750000 0.51039662
v 0.41666667 -0.53750000 0.51042513
v 0.42222222 -0.53750000 0.51040174
v 0.42777778 -0.53750000 0.51045513
v 0.43333333 -0.53750000 0.51031669
v 0.43888889 -0.53750000 0.51010423
v 0.44444444 -0.53750000 0.50971245
v 0.45000000 -0.53750000 0.50929416
v 0.45555556 -0.53750000 0.50883983
v 0.46111111 -0.53750000 0.50819782
v 0.46666667 -0.53750000 0.50725583
v 0.47222222 -0.53750000 0.50627918
v 0.47777778 -0.53750000 0.50564997
v 0.48333333 -0.53750000 0.50558932
v 0.48888889 -0.53750000 0.50584388
v 0.49444444 -0.53750000 0.50621874
v 0.50000000 -0.53750000 0.50631777
v 0.50555556 -0.53750000 0.50595249
v 0.51111111 -0.53750000 0.50522361
v 0.51666667 -0.53750000 0.50429653
v 0.52222222 -0.53750000 0.50274718
v 0.52777778 -0.53750000 0.50106204
v 0.53333333 -0.53750000 0.49682325
v 0.53888889 -0.53750000 0.48063390
v 0.54444444 -0.53750000 0.28540415
v 0.55000000 -0.53750000 0.51986271
v 0.55555556 -0.53750000 0.51932362
v 0.56111111 -0.53750000 0.52004542
v 0.56666667 -0.53750000 0.51983718
v 0.57222222 -0.53750000 0.51965446
v 0.57777778 -0.53750000 0.51864939
v 0.58333333 -0.53750000 0.51668723
v 0.58888889 -0.53750000 0.51350284
v 0.59444444 -0.53750000 0.32781626
v 0.26111111 -0.54166667 0.50603753
v 0.26666667 -0.54166667 0.51194934
v 0.27222222 -0.54166667 0.51563523
v 0.27777778 -0.54166667 0.51790720
v 0.28333333 -0.54166667 0.51980238
v 0.28888889 -0.54166667 0.52076830
v 0.29444444 -0.54166667 0.52135659
v 0.30000000 -0.54166667 0.52182473
v 0.30555556 -0.54166667 0.52175946
v 0.31111111 -0.54166667 0.52120442
v 0.31666667 -0.54166667 0.52040151
v 0.32222222 -0.54166667 0.51942698
v 0.32777778 -0.54166667 0.51836289
v 0.33333333 -0.54166667 0.51691396
v 0.33888889 -0.54166667 0.51531075
v 0.34444444 -0.54166667 0.51350605
v 0.35000000 -0.54166667 0.51197587
v 0.35555556 -0.54166667 0.51007551
v 0.36111111 -0.54166667 0.50910691
v 0.36666667 -0.54166667 0.50911539
v 0.37222222 -0.54166667 0.50926205
v 0.37777778 -0.54166667 0.50922343
v 0.38333333 -0.54166667 0.50931966
v 0.38888889 -0.54166667 0.50952845
v 0.39444444 -0.54166667 0.50966545
v 0.40000000 -0.54166667 0.50996093
v 0.40555556 -0.54166667 0.51007941
v 0.41111111 -0.54166667 0.51005720
v 0.41666667 -0.54166667 0.51012912
v 0.42222222 -0.54166667 0.51010004
v 0.42777778 -0.54166667 0.51006210
v 0.43333333 -0.54166667 0.50993468
v 0.43888889 -0.54166667 0.50980643
v 0.44444444 -0.54166667 0.50944008
v 0.45000000 -0.54166667 0.50908892
v 0.45555556 -0.54166667 0.50864503
v 0.46111111 -0.54166667 0.50808381
v 0.46666667 -0.54166667 0.50721359
v 0.47222222 -0.54166667 0.50601608
v 0.47777778 -0.54166667 0.50573176
v 0.48333333 -0.54166667 0.50626359
v 0.48888889 -0.54166667 0.50689813
v 0.49444444 -0.54166667 0.50739638
v 0.50000000 -0.54166667 0.50751364
v 0.50555556 -0.54166667 0.50714046
v 0.51111111 -0.54166667 0.50655152
v 0.51666667 -0.54166667 0.50550227
v 0.52222222 -0.54166667 0.50385922
v 0.52777778 -0.54166667 0.50217236
v 0.53333333 -0.54166667 0.49712570
v 0.53888889 -0.54166667 0.46780615
v 0.54444444 -0.54166667 0.52048059
v 0.55000000 -0.54166667 0.51991235
v 0.55555556 -0.54166667 0.52113851
v 0.56111111 -0.54166667 0.52197994
v 0.56666667 -0.54166667 0.52198488
v 0.57222222 -0.54166667 0.52138406
v 0.57777778 -0.54166667 0.52006963
v 0.58333333 -0.54166667 0.51738378
v 0.58888889 -0.54166667 0.51626226
v 0.26111111 -0.54583333 0.50754576
v 0.26666667 -0.54583333 0.51370111
v 0.27222222 -0.54583333 0.51752107
v 0.27777778 -0.54583333 0.51974105
v 0.28333333 -0.54583333 0.52164928
v 0.28888889 -0.54583333 0.52257682
v 0.29444444 -0.54583333 0.52318994
v 0.30000000 -0.54583333 0.52376221
v 0.30555556 -0.54583333 0.52386850
v 0.31111111 -0.54583333 0.52343005
v 0.31666667 -0.54583333 0.52278335
v 0.32222222 -0.54583333 0.52189132
v 0.32777778 -0.54583333 0.52081068
v 0.33333333 -0.54583333 0.51945806
v 0.33888889 -0.54583333 0.51792737
v 0.34444444 -0.54583333 0.51603348
v 0.35000000 -0.54583333 0.51425511
v 0.35555556 -0.54583333 0.51253803
v 0.36111111 -0.54583333 0.51066327
v 0.36666667 -0.54583333 0.50912476
v 0.37222222 -0.54583333 0.50884341
v 0.37777778 -0.54583333 0.50873548
v 0.38333333 -0.54583333 0.50863048
v 0.38888889 -0.54583333 0.50875193
v 0.39444444 -0.54583333 0.50887123
v 0.40000000 -0.54583333 0.50905294
v 0.40555556 -0.54583333 0.50929134
v 0.41111111 -0.54583333 0.50937660
v 0.41666667 -0.54583333 0.50947394
v 0.42222222 -0.54583333 0.50941586
v 0.42777778 -0.54583333 0.50933093
v 0.43333333 -0.54583333 0.50919167
v 0.43888889 -0.54583333 0.50904533
v 0.44444444 -0.54583333 0.50881909
v 0.45000000 -0.54583333 0.50853313
v 0.45555556 -0.54583333 0.50806736
v 0.46111111 -0.54583333 0.50742459
v 0.46666667 -0.54583333 0.50574557
v 0.47222222 -0.54583333 0.50573663
v 0.47777778 -0.54583333 0.50653006
v 0.48333333 -0.54583333 0.50741383
v 0.48888889 -0.54583333 0.50818591
v 0.49444444 -0.54583333 0.50872900
v 0.50000000 -0.54583333 0.50881172
v 0.50555556 -0.54583333 0.50848889
v 0.51111111 -0.54583333 0.50785682
v 0.51666667 -0.54583333 0.50671231
v 0.52222222 -0.54583333 0.50486838
v 0.52777778 -0.54583333 0.50336280
v 0.53333333 -0.54583333 0.49818220
v 0.53888889 -0.54583333 0.50662830
v 0.54444444 -0.54583333 0.52100608
v 0.55000000 -0.54583333 0.52203966
v 0.55555556 -0.54583333 0.52325603
v 0.56111111 -0.54583333 0.52386246
v 0.56666667 -0.54583333 0.52367295
v 0.57222222 -0.54583333 0.52269498
v 0.57777778 -0.54583333 0.52101803
v 0.58333333 -0.54583333 0.51961963
v 0.26111111 -0.55000000 0.50939333
v 0.26666667 -0.55000000 0.51536390
v 0.27222222 -0.55000000 0.51942930
v 0.27777778 -0.55000000 0.52165471
v 0.28333333 -0.55000000 0.52343742
v 0.28888889 -0.55000000 0.52422763
v 0.29444444 -0.55000000 0.52485298
v 0.30000000 -0.55000000 0.52548802
v 0.30555556 -0.55000000 0.52574154
v 0.31111111 -0.55000000 0.52543777
v 0.31666667 -0.55000000 0.52486181
v 0.32222222 -0.55000000 0.52403265
v 0.32777778 -0.55000000 0.52295401
v 0.33333333 -0.55000000 0.52168404
v 0.33888889 -0.55000000 0.52019202
v 0.34444444 -0.55000000 0.51845874
v 0.35000000 -0.55000000 0.51655104
v 0.35555556 -0.55000000 0.51474602
v 0.36111111 -0.55000000 0.51304250
v 0.36666667 -0.55000000 0.51083869
v 0.37222222 -0.55000000 0.50878029
v 0.37777778 -0.55000000 0.50821527
v 0.38333333 -0.55000000 0.50802534
v 0.38888889 -0.55000000 0.50794823
v 0.39444444 -0.55000000 0.50812805
v 0.40000000 -0.55000000 0.50841258
v 0.40555556 -0.55000000 0.50854454
v 0.41111111 -0.55000000 0.50854737
v 0.41666667 -0.55000000 0.50859182
v 0.42222222 -0.55000000 0.50845832
v 0.42777778 -0.55000000 0.50839040
v 0.43333333 -0.55000000 0.50825329
v 0.43888889 -0.55000000 0.50810101
v 0.44444444 -0.55000000 0.50786186
v 0.45000000 -0.55000000 0.50753303
v 0.45555556 -0.55000000 0.50720962
v 0.46111111 -0.55000000 0.50567622
v 0.46666667 -0.55000000 0.50571545
v 0.47222222 -0.55000000 0.50665015
v 0.47777778 -0.55000000 0.50769081
v 0.48333333 -0.55000000 0.50867150
v 0.48888889 -0.55000000 0.50949515
v 0.49444444 -0.55000000 0.51004318
v 0.50000000 -0.55000000 0.51013194
v 0.50555556 -0.55000000 0.50980668
v 0.51111111 -0.55000000 0.50913649
v 0.51666667 -0.55000000 0.50785475
v 0.52222222 -0.55000000 0.50601207
v 0.52777778 -0.55000000 0.50541708
v 0.53333333 -0.55000000 0.50413452
v 0.53888889 -0.55000000 0.52106169
v 0.54444444 -0.55000000 0.52316258
v 0.55000000 -0.55000000 0.52416548
v 0.55555556 -0.55000000 0.52506044
v 0.56111111 -0.55000000 0.52538223
v 0.56666667 -0.55000000 0.52488660
v 0.57222222 -0.55000000 0.52337043
v 0.57777778 -0.55000000 0.52172091
v 0.58333333 -0.55000000 0.51995627
v 0.26111111 -0.55416667 0.51094562
v 0.26666667 -0.55416667 0.51708795
v 0.27222222 -0.55416667 0.52100226
v 0.27777778 -0.55416667 0.52327734
v 0.28333333 -0.55416667 0.52495676
v 0.28888889 -0.55416667 0.52578367
v 0.29444444 -0.55416667 0.52650400
v 0.30000000 -0.55416667 0.52712431
v 0.30555556 -0.55416667 0.52726679
v 0.31111111 -0.55416667 0.52709574
v 0.31666667 -0.55416667 0.52666612
v 0.32222222 -0.55416667 0.52593409
v 0.32777778 -0.55416667 0.52496327
v 0.33333333 -0.55416667 0.52369055
v 0.33888889 -0.55416667 0.52220249
v 0.34444444 -0.55416667 0.52053906
v 0.35000000 -0.55416667 0.51883417
v 0.35555556 -0.55416667 0.51695706
v 0.36111111 -0.55416667 0.51495466
v 0.36666667 -0.55416667 0.51293145
v 0.37222222 -0.55416667 0.51052673
v 0.37777778 -0.55416667 0.50801475
v 0.38333333 -0.55416667 0.50739548
v 0.38888889 -0.55416667 0.50738643
v 0.39444444 -0.55416667 0.50752666
v 0.40000000 -0.55416667 0.50753242
v 0.40555556 -0.55416667 0.50766878
v 0.41111111 -0.55416667 0.50767272
v 0.41666667 -0.55416667 0.50765183
v 0.42222222 -0.55416667 0.50756593
v 0.42777778 -0.55416667 0.50742570
v 0.43333333 -0.55416667 0.50732156
v 0.43888889 -0.55416667 0.50717808
v 0.44444444 -0.55416667 0.50689684
v 0.45000000 -0.55416667 0.50637531
v 0.45555556 -0.55416667 0.50544816
v 0.46111111 -0.55416667 0.50583007
v 0.46666667 -0.55416667 0.50686054
v 0.47222222 -0.55416667 0.50787817
v 0.47777778 -0.55416667 0.50885975
v 0.48333333 -0.55416667 0.50993067
v 0.48888889 -0.55416667 0.51078597
v 0.49444444 -0.55416667 0.51135467
v 0.50000000 -0.55416667 0.51136404
v 0.50555556 -0.55416667 0.51113377
v 0.51111111 -0.55416667 0.51033626
v 0.51666667 -0.55416667 0.50911056
v 0.52222222 -0.55416667 0.50736727
v 0.52777778 -0.55416667 0.50676033
v 0.53333333 -0.55416667 0.51737741
v 0.53888889 -0.55416667 0.52353240
v 0.54444444 -0.55416667 0.52522963
v 0.55000000 -0.55416667 0.52597800
v 0.55555556 -0.55416667 0.52661755
v 0.56111111 -0.55416667 0.52691592
v 0.56666667 -0.55416667 0.52621028
v 0.57222222 -0.55416667 0.52407049
v 0.57777778 -0.55416667 0.52212889
v 0.58333333 -0.55416667 0.51959088
v 0.26111111 -0.55833333 0.51213945
v 0.26666667 -0.55833333 0.51842934
v 0.27222222 -0.55833333 0.52217424
v 0.27777778 -0.55833333 0.52475653
v 0.28333333 -0.55833333 0.52625427
v 0.28888889 -0.55833333 0.52715435
v 0.29444444 -0.55833333 0.52783642
v 0.30000000 -0.55833333 0.52841102
v 0.30555556 -0.55833333 0.52862577
v 0.31111111 -0.55833333 0.52851055
v 0.31666667 -0.55833333 0.52815295
v 0.32222222 -0.55833333 0.52760432
v 0.32777778 -0.55833333 0.52675427
v 0.33333333 -0.55833333 0.52555035
v 0.33888889 -0.55833333 0.52406548
v 0.34444444 -0.55833333 0.52249922
v 0.35000000 -0.55833333 0.52089636
v 0.35555556 -0.55833333 0.51910011
v 0.36111111 -0.55833333 0.51698914
v 0.36666667 -0.55833333 0.51466091
v 0.37222222 -0.55833333 0.51254550
v 0.37777778 -0.55833333 0.51024363
v 0.38333333 -0.55833333 0.50730890
v 0.38888889 -0.55833333 0.50649329
v 0.39444444 -0.55833333 0.50642070
v 0.40000000 -0.55833333 0.50636483
v 0.40555556 -0.55833333 0.50626491
v 0.41111111 -0.55833333 0.50635958
v 0.41666667 -0.55833333 0.50638794
v 0.42222222 -0.55833333 0.50647277
v 0.42777778 -0.55833333 0.50646093
v 0.43333333 -0.55833333 0.50641880
v 0.43888889 -0.55833333 0.50633901
v 0.44444444 -0.55833333 0.50588540
v 0.45000000 -0.55833333 0.50477972
v 0.45555556 -0.55833333 0.50556225
v 0.46111111 -0.55833333 0.50691376
v 0.46666667 -0.55833333 0.50808188
v 0.47222222 -0.55833333 0.50915748
v 0.47777778 -0.55833333 0.51017625
v 0.48333333 -0.55833333 0.51125371
v 0.48888889 -0.55833333 0.51206717
v 0.49444444 -0.55833333 0.51261710
v 0.50000000 -0.55833333 0.51268594
v 0.50555556 -0.55833333 0.51239723
v 0.51111111 -0.55833333 0.51175454
v 0.51666667 -0.55833333 0.51072206
v 0.52222222 -0.55833333 0.50964267
v 0.52777778 -0.55833333 0.51171219
v 0.53333333 -0.55833333 0.52240670
v 0.53888889 -0.55833333 0.52426014
v 0.54444444 -0.55833333 0.52604456
v 0.55000000 -0.55833333 0.52720023
v 0.55555556 -0.55833333 0.52761283
v 0.56111111 -0.55833333 0.52782726
v 0.56666667 -0.55833333 0.52722073
v 0.57222222 -0.55833333 0.52493552
v 0.57777778 -0.55833333 0.52239579
v 0.58333333 -0.55833333 0.51940602
v 0.26111111 -0.56250000 0.51306056
v 0.26666667 -0.56250000 0.51937258
v 0.27222222 -0.56250000 0.52313097
v 0.27777778 -0.56250000 0.52586700
v 0.28333333 -0.56250000 0.52733681
v 0.28888889 -0.56250000 0.52823961
v 0.29444444 -0.56250000 0.52891359
v 0.30000000 -0.56250000 0.52950529
v 0.30555556 -0.56250000 0.52983924
v 0.31111111 -0.56250000 0.52980473
v 0.31666667 -0.56250000 0.52952428
v 0.32222222 -0.56250000 0.52915149
v 0.32777778 -0.56250000 0.52848287
v 0.33333333 -0.56250000 0.52732716
v 0.33888889 -0.56250000 0.52591506
v 0.34444444 -0.56250000 0.52438370
v 0.35000000 -0.56250000 0.52268804
v 0.35555556 -0.56250000 0.52098362
v 0.36111111 -0.56250000 0.51892669
v 0.36666667 -0.56250000 0.51655215
v 0.37222222 -0.56250000 0.51415039
v 0.37777778 -0.56250000 0.51177088
v 0.38333333 -0.56250000 0.50903056
v 0.38888889 -0.56250000 0.50583487
v 0.39444444 -0.56250000 0.50541630
v 0.40000000 -0.56250000 0.50534527
v 0.40555556 -0.56250000 0.50533690
v 0.41111111 -0.56250000 0.50537027
v 0.41666667 -0.56250000 0.50552115
v 0.42222222 -0.56250000 0.50533075
v 0.42777778 -0.56250000 0.50522314
v 0.43333333 -0.56250000 0.50534238
v 0.43888889 -0.56250000 0.50477704
v 0.44444444 -0.56250000 0.50378104
v 0.45000000 -0.56250000 0.50496093
v 0.45555556 -0.56250000 0.50655005
v 0.46111111 -0.56250000 0.50811650
v 0.46666667 -0.56250000 0.50932821
v 0.47222222 -0.56250000 0.51042992
v 0.47777778 -0.56250000 0.51143557
v 0.48333333 -0.56250000 0.51246425
v 0.48888889 -0.56250000 0.51325432
v 0.49444444 -0.56250000 0.51380911
v 0.50000000 -0.56250000 0.51393971
v 0.50555556 -0.56250000 0.51371799
v 0.51111111 -0.56250000 0.51327435
v 0.51666667 -0.56250000 0.51240395
v 0.52222222 -0.56250000 0.51179867
v 0.52777778 -0.56250000 0.51547583
v 0.53333333 -0.56250000 0.52440255
v 0.53888889 -0.56250000 0.52585663
v 0.54444444 -0.56250000 0.52674190
v 0.55000000 -0.56250000 0.52786553
v 0.55555556 -0.56250000 0.52817684
v 0.56111111 -0.56250000 0.52842396
v 0.56666667 -0.56250000 0.52784221
v 0.57222222 -0.56250000 0.52538502
v 0.57777778 -0.56250000 0.52283027
v 0.58333333 -0.56250000 0.51872295
v 0.26111111 -0.56666667 0.52673006
v 0.26666667 -0.56666667 0.52007868
v 0.27222222 -0.56666667 0.52384211
v 0.27777778 -0.56666667 0.52685648
v 0.28333333 -0.56666667 0.52831807
v 0.28888889 -0.56666667 0.52910900
v 0.29444444 -0.56666667 0.52984754
v 0.30000000 -0.56666667 0.53045436
v 0.30555556 -0.56666667 0.53087457
v 0.31111111 -0.56666667 0.53090029
v 0.31666667 -0.56666667 0.53072805
v 0.32222222 -0.56666667 0.53041041
v 0.32777778 -0.56666667 0.52990755
v 0.33333333 -0.56666667 0.52887540
v 0.33888889 -0.56666667 0.52751452
v 0.34444444 -0.56666667 0.52608883
v 0.35000000 -0.56666667 0.52440602
v 0.35555556 -0.56666667 0.52266927
v 0.36111111 -0.56666667 0.52060171
v 0.36666667 -0.56666667 0.51837090
v 0.37222222 -0.56666667 0.51588449
v 0.37777778 -0.56666667 0.51338507
v 0.38333333 -0.56666667 0.51067868
v 0.38888889 -0.56666667 0.50774825
v 0.39444444 -0.56666667 0.50471992
v 0.40000000 -0.56666667 0.50427479
v 0.40555556 -0.56666667 0.50404215
v 0.41111111 -0.56666667 0.50426002
v 0.41666667 -0.56666667 0.50431066
v 0.42222222 -0.56666667 0.50376570
v 0.42777778 -0.56666667 0.50370058
v 0.43333333 -0.56666667 0.50253829
v 0.43888889 -0.56666667 0.50202452
v 0.44444444 -0.56666667 0.50360928
v 0.45000000 -0.56666667 0.50565015
v 0.45555556 -0.56666667 0.50748968
v 0.46111111 -0.56666667 0.50916395
v 0.46666667 -0.56666667 0.51051461
v 0.47222222 -0.56666667 0.51162386
v 0.47777778 -0.56666667 0.51267364
v 0.48333333 -0.56666667 0.51360826
v 0.48888889 -0.56666667 0.51455780
v 0.49444444 -0.56666667 0.51506038
v 0.50000000 -0.56666667 0.51512303
v 0.50555556 -0.56666667 0.51487441
v 0.51111111 -0.56666667 0.51445431
v 0.51666667 -0.56666667 0.51337141
v 0.52222222 -0.56666667 0.51287041
v 0.52777778 -0.56666667 0.51974409
v 0.53333333 -0.56666667 0.52524515
v 0.53888889 -0.56666667 0.52645104
v 0.54444444 -0.56666667 0.52744521
v 0.55000000 -0.56666667 0.52849571
v 0.55555556 -0.56666667 0.52876117
v 0.56111111 -0.56666667 0.52884139
v 0.56666667 -0.56666667 0.52830892
v 0.57222222 -0.56666667 0.52584851
v 0.57777778 -0.56666667 0.52332584
v 0.58333333 -0.56666667 0.51830009
v 0.26111111 -0.57083333 0.52684743
v 0.26666667 -0.57083333 0.52054857
v 0.27222222 -0.57083333 0.52460697
v 0.27777778 -0.57083333 0.52760453
v 0.28333333 -0.57083333 0.52920073
v 0.28888889 -0.57083333 0.53011554
v 0.29444444 -0.57083333 0.53085212
v 0.30000000 -0.57083333 0.53141692
v 0.30555556 -0.57083333 0.53188995
v 0.31111111 -0.57083333 0.53191566
v 0.31666667 -0.57083333 0.53181131
v 0.32222222 -0.57083333 0.53156329
v 0.32777778 -0.57083333 0.53109019
v 0.33333333 -0.57083333 0.53021904
v 0.33888889 -0.57083333 0.52904295
v 0.34444444 -0.57083333 0.52761676
v 0.35000000 -0.57083333 0.52601048
v 0.35555556 -0.57083333 0.52415028
v 0.36111111 -0.57083333 0.52207299
v 0.36666667 -0.57083333 0.51988059
v 0.37222222 -0.57083333 0.51746961
v 0.37777778 -0.57083333 0.51482742
v 0.38333333 -0.57083333 0.51219431
v 0.38888889 -0.57083333 0.50937055
v 0.39444444 -0.57083333 0.50574546
v 0.40000000 -0.57083333 0.50241576
v 0.40555556 -0.57083333 0.50195872
v 0.41111111 -0.57083333 0.50143200
v 0.41666667 -0.57083333 0.50141673
v 0.42222222 -0.57083333 0.50117884
v 0.42777778 -0.57083333 0.49999259
v 0.43333333 -0.57083333 0.50006196
v 0.43888889 -0.57083333 0.50211650
v 0.44444444 -0.57083333 0.50444180
v 0.45000000 -0.57083333 0.50650030
v 0.45555556 -0.57083333 0.50847552
v 0.46111111 -0.57083333 0.51022367
v 0.46666667 -0.57083333 0.51164396
v 0.47222222 -0.57083333 0.51282252
v 0.47777778 -0.57083333 0.51376491
v 0.48333333 -0.57083333 0.51481644
v 0.48888889 -0.57083333 0.51569935
v 0.49444444 -0.57083333 0.51615933
v 0.50000000 -0.57083333 0.51625131
v 0.50555556 -0.57083333 0.51602168
v 0.51111111 -0.57083333 0.51528797
v 0.51666667 -0.57083333 0.51441286
v 0.52222222 -0.57083333 0.51424659
v 0.52777778 -0.57083333 0.52239890
v 0.53333333 -0.57083333 0.52528828
v 0.53888889 -0.57083333 0.52683406
v 0.54444444 -0.57083333 0.52801380
v 0.55000000 -0.57083333 0.52877269
v 0.55555556 -0.57083333 0.52908243
v 0.56111111 -0.57083333 0.52906655
v 0.56666667 -0.57083333 0.52856512
v 0.57222222 -0.57083333 0.52629533
v 0.57777778 -0.57083333 0.52356044
v 0.58333333 -0.57083333 0.51631304
v 0.26666667 -0.57500000 0.52135298
v 0.27222222 -0.57500000 0.52528517
v 0.27777778 -0.57500000 0.52826600
v 0.28333333 -0.57500000 0.52989081
v 0.28888889 -0.57500000 0.53099713
v 0.29444444 -0.57500000 0.53176743
v 0.30000000 -0.57500000 0.53237904
v 0.30555556 -0.57500000 0.53275838
v 0.31111111 -0.57500000 0.53289832
v 0.31666667 -0.57500000 0.53284904
v 0.32222222 -0.57500000 0.53255793
v 0.32777778 -0.57500000 0.53216561
v 0.33333333 -0.57500000 0.53136452
v 0.33888889 -0.57500000 0.53024780
v 0.34444444 -0.57500000 0.52890319
v 0.35000000 -0.57500000 0.52728077
v 0.35555556 -0.57500000 0.52549499
v 0.36111111 -0.57500000 0.52344782
v 0.36666667 -0.57500000 0.52111323
v 0.37222222 -0.57500000 0.51873665
v 0.37777778 -0.57500000 0.51613619
v 0.38333333 -0.57500000 0.51336029
v 0.38888889 -0.57500000 0.51038053
v 0.39444444 -0.57500000 0.50682299
v 0.40000000 -0.57500000 0.50177042
v 0.40555556 -0.57500000 0.49763879
v 0.41111111 -0.57500000 0.49725237
v 0.41666667 -0.57500000 0.49735798
v 0.42222222 -0.57500000 0.49771507
v 0.42777778 -0.57500000 0.49838737
v 0.43333333 -0.57500000 0.50015759
v 0.43888889 -0.57500000 0.50299991
v 0.44444444 -0.57500000 0.50515115
v 0.45000000 -0.57500000 0.50738111
v 0.45555556 -0.57500000 0.50944659
v 0.46111111 -0.57500000 0.51118762
v 0.46666667 -0.57500000 0.51264642
v 0.47222222 -0.57500000 0.51383632
v 0.47777778 -0.57500000 0.51489333
v 0.48333333 -0.57500000 0.51593328
v 0.48888889 -0.57500000 0.51673172
v 0.49444444 -0.57500000 0.51718029
v 0.50000000 -0.57500000 0.51731182
v 0.50555556 -0.57500000 0.51712157
v 0.51111111 -0.57500000 0.51643986
v 0.51666667 -0.57500000 0.51493438
v 0.52222222 -0.57500000 0.51629173
v 0.52777778 -0.57500000 0.52323078
v 0.53333333 -0.57500000 0.52537265
v 0.53888889 -0.57500000 0.52707059
v 0.54444444 -0.57500000 0.52816418
v 0.55000000 -0.57500000 0.52894396
v 0.55555556 -0.57500000 0.52902946
v 0.56111111 -0.57500000 0.52881099
v 0.56666667 -0.57500000 0.52816633
v 0.57222222 -0.57500000 0.52614856
v 0.57777778 -0.57500000 0.52347658
v 0.58333333 -0.57500000 0.51369939
v 0.26666667 -0.57916667 0.52140216
v 0.27222222 -0.57916667 0.52552443
v 0.27777778 -0.57916667 0.52861784
v 0.28333333 -0.57916667 0.53033928
v 0.28888889 -0.57916667 0.53158933
v 0.29444444 -0.57916667 0.53242697
v 0.30000000 -0.57916667 0.53297714
v 0.30555556 -0.57916667 0.53331453
v 0.31111111 -0.57916667 0.53358897
v 0.31666667 -0.57916667 0.53357824
v 0.32222222 -0.57916667 0.53342292
v 0.32777778 -0.57916667 0.53305374
v 0.33333333 -0.57916667 0.53229547
v 0.33888889 -0.57916667 0.53127791
v 0.34444444 -0.57916667 0.52993548
v 0.35000000 -0.57916667 0.52846241
v 0.35555556 -0.57916667 0.52661752
v 0.36111111 -0.57916667 0.52456369
v 0.36666667 -0.57916667 0.52211387
v 0.37222222 -0.57916667 0.51962986
v 0.37777778 -0.57916667 0.51713694
v 0.38333333 -0.57916667 0.51420000
v 0.38888889 -0.57916667 0.51095456
v 0.39444444 -0.57916667 0.50741619
v 0.40000000 -0.57916667 0.50243862
v 0.40555556 -0.57916667 0.49597789
v 0.41111111 -0.57916667 0.49363500
v 0.41666667 -0.57916667 0.49565463
v 0.42222222 -0.57916667 0.49710950
v 0.42777778 -0.57916667 0.49903361
v 0.43333333 -0.57916667 0.50146834
v 0.43888889 -0.57916667 0.50393579
v 0.44444444 -0.57916667 0.50615058
v 0.45000000 -0.57916667 0.50839169
v 0.45555556 -0.57916667 0.51030675
v 0.46111111 -0.57916667 0.51204540
v 0.46666667 -0.57916667 0.51356435
v 0.47222222 -0.57916667 0.51474813
v 0.47777778 -0.57916667 0.51587130
v 0.48333333 -0.57916667 0.51682770
v 0.48888889 -0.57916667 0.51759585
v 0.49444444 -0.57916667 0.51809392
v 0.50000000 -0.57916667 0.51826748
v 0.50555556 -0.57916667 0.51824960
v 0.51111111 -0.57916667 0.51756252
v 0.51666667 -0.57916667 0.51645463
v 0.52222222 -0.57916667 0.51873604
v 0.52777778 -0.57916667 0.52399614
v 0.53333333 -0.57916667 0.52525721
v 0.53888889 -0.57916667 0.52695576
v 0.54444444 -0.57916667 0.52785058
v 0.55000000 -0.57916667 0.52840018
v 0.55555556 -0.57916667 0.52846252
v 0.56111111 -0.57916667 0.52835158
v 0.56666667 -0.57916667 0.52768675
v 0.57222222 -0.57916667 0.52566905
v 0.57777778 -0.57916667 0.52298809
v 0.58333333 -0.57916667 0.51245141
v 0.26666667 -0.58333333 0.52091825
v 0.27222222 -0.58333333 0.52549764
v 0.27777778 -0.58333333 0.52842529
v 0.28333333 -0.58333333 0.53035412
v 0.28888889 -0.58333333 0.53182708
v 0.29444444 -0.58333333 0.53278474
v 0.30000000 -0.58333333 0.53337797
v 0.30555556 -0.58333333 0.53386148
v 0.31111111 -0.58333333 0.53412280
v 0.31666667 -0.58333333 0.53418438
v 0.32222222 -0.58333333 0.53403722
v 0.32777778 -0.58333333 0.53373742
v 0.33333333 -0.58333333 0.53311654
v 0.33888889 -0.58333333 0.53205711
v 0.34444444 -0.58333333 0.53079693
v 0.35000000 -0.58333333 0.52929178
v 0.35555556 -0.58333333 0.52751323
v 0.36111111 -0.58333333 0.52543398
v 0.36666667 -0.58333333 0.52309442
v 0.37222222 -0.58333333 0.52040141
v 0.37777778 -0.58333333 0.51785917
v 0.38333333 -0.58333333 0.51480249
v 0.38888889 -0.58333333 0.51158084
v 0.39444444 -0.58333333 0.50825822
v 0.40000000 -0.58333333 0.50382081
v 0.40555556 -0.58333333 0.49917676
v 0.41111111 -0.58333333 0.49073693
v 0.41666667 -0.58333333 0.49584203
v 0.42222222 -0.58333333 0.49743215
v 0.42777778 -0.58333333 0.50013939
v 0.43333333 -0.58333333 0.50274571
v 0.43888889 -0.58333333 0.50514514
v 0.44444444 -0.58333333 0.50731187
v 0.45000000 -0.58333333 0.50943686
v 0.45555556 -0.58333333 0.51129277
v 0.46111111 -0.58333333 0.51297408
v 0.46666667 -0.58333333 0.51446368
v 0.47222222 -0.58333333 0.51568891
v 0.47777778 -0.58333333 0.51682699
v 0.48333333 -0.58333333 0.51776447
v 0.48888889 -0.58333333 0.51853269
v 0.49444444 -0.58333333 0.51909381
v 0.50000000 -0.58333333 0.51922245
v 0.50555556 -0.58333333 0.51918865
v 0.51111111 -0.58333333 0.51875392
v 0.51666667 -0.58333333 0.51821580
v 0.52222222 -0.58333333 0.51932051
v 0.52777778 -0.58333333 0.52359831
v 0.53333333 -0.58333333 0.52466737
v 0.53888889 -0.58333333 0.52635180
v 0.54444444 -0.58333333 0.52762681
v 0.55000000 -0.58333333 0.52786646
v 0.55555556 -0.58333333 0.52752274
v 0.56111111 -0.58333333 0.52794682
v 0.56666667 -0.58333333 0.52691181
v 0.57222222 -0.58333333 0.52495215
v 0.57777778 -0.58333333 0.52260547
v 0.58333333 -0.58333333 0.50111682
v 0.26666667 -0.58750000 0.51709160
v 0.27222222 -0.58750000 0.52542758
v 0.27777778 -0.58750000 0.52817237
v 0.28333333 -0.58750000 0.53030362
v 0.28888889 -0.58750000 0.53199087
v 0.29444444 -0.58750000 0.53300571
v 0.30000000 -0.58750000 0.53373456
v 0.30555556 -0.58750000 0.53428684
v 0.31111111 -0.58750000 0.53456143
v 0.31666667 -0.58750000 0.53461025
v 0.32222222 -0.58750000 0.53443608
v 0.32777778 -0.58750000 0.53418907
v 0.33333333 -0.58750000 0.53359573
v 0.33888889 -0.58750000 0.53262960
v 0.34444444 -0.58750000 0.53144617
v 0.35000000 -0.58750000 0.53003336
v 0.35555556 -0.58750000 0.52823224
v 0.36111111 -0.58750000 0.52622119
v 0.36666667 -0.58750000 0.52385713
v 0.37222222 -0.58750000 0.52121880
v 0.37777778 -0.58750000 0.51853023
v 0.38333333 -0.58750000 0.51550212
v 0.38888889 -0.58750000 0.51225936
v 0.39444444 -0.58750000 0.50899090
v 0.40000000 -0.58750000 0.50474406
v 0.40555556 -0.58750000 0.50022923
v 0.41666667 -0.58750000 0.49716393
v 0.42222222 -0.58750000 0.49892403
v 0.42777778 -0.58750000 0.50173981
v 0.43333333 -0.58750000 0.50386863
v 0.43888889 -0.58750000 0.50614125
v 0.44444444 -0.58750000 0.50822682
v 0.45000000 -0.58750000 0.51030189
v 0.45555556 -0.58750000 0.51220293
v 0.46111111 -0.58750000 0.51381937
v 0.46666667 -0.58750000 0.51531165
v 0.47222222 -0.58750000 0.51657543
v 0.47777778 -0.58750000 0.51774073
v 0.48333333 -0.58750000 0.51868279
v 0.48888889 -0.58750000 0.51946099
v 0.49444444 -0.58750000 0.51996735
v 0.50000000 -0.58750000 0.52016584
v 0.50555556 -0.58750000 0.52016709
v 0.51111111 -0.58750000 0.51996185
v 0.51666667 -0.58750000 0.51995358
v 0.52222222 -0.58750000 0.52077144
v 0.52777778 -0.58750000 0.52179458
v 0.53333333 -0.58750000 0.52392322
v 0.53888889 -0.58750000 0.52656523
v 0.54444444 -0.58750000 0.52767427
v 0.55000000 -0.58750000 0.52667838
v 0.55555556 -0.58750000 0.52650926
v 0.56111111 -0.58750000 0.52722101
v 0.56666667 -0.58750000 0.52585151
v 0.57222222 -0.58750000 0.52362782
v 0.57777778 -0.58750000 0.52168683
v 0.27222222 -0.59166667 0.52303548
v 0.27777778 -0.59166667 0.52724043
v 0.28333333 -0.59166667 0.53005757
v 0.28888889 -0.59166667 0.53200060
v 0.29444444 -0.59166667 0.53317587
v 0.30000000 -0.59166667 0.53396305
v 0.30555556 -0.59166667 0.53458968
v 0.31111111 -0.59166667 0.53485276
v 0.31666667 -0.59166667 0.53490751
v 0.32222222 -0.59166667 0.53479997
v 0.32777778 -0.59166667 0.53462212
v 0.33333333 -0.59166667 0.53401573
v 0.33888889 -0.59166667 0.53312513
v 0.34444444 -0.59166667 0.53195390
v 0.35000000 -0.59166667 0.53052249
v 0.35555556 -0.59166667 0.52885551
v 0.36111111 -0.59166667 0.52694778
v 0.36666667 -0.59166667 0.52464176
v 0.37222222 -0.59166667 0.52198405
v 0.37777778 -0.59166667 0.51915311
v 0.38333333 -0.59166667 0.51604292
v 0.38888889 -0.59166667 0.51286705
v 0.39444444 -0.59166667 0.50969782
v 0.40000000 -0.59166667 0.50569500
v 0.40555556 -0.59166667 0.50099891
v 0.41666667 -0.59166667 0.49868481
v 0.42222222 -0.59166667 0.50045675
v 0.42777778 -0.59166667 0.50317880
v 0.43333333 -0.59166667 0.50495496
v 0.43888889 -0.59166667 0.50710870
v 0.44444444 -0.59166667 0.50927160
v 0.45000000 -0.59166667 0.51112128
v 0.45555556 -0.59166667 0.51308270
v 0.46111111 -0.59166667 0.51466752
v 0.46666667 -0.59166667 0.51614993
v 0.47222222 -0.59166667 0.51743538
v 0.47777778 -0.59166667 0.51857446
v 0.48333333 -0.59166667 0.51957142
v 0.48888889 -0.59166667 0.52037727
v 0.49444444 -0.59166667 0.52090073
v 0.50000000 -0.59166667 0.52121633
v 0.50555556 -0.59166667 0.52123024
v 0.51111111 -0.59166667 0.52111180
v 0.51666667 -0.59166667 0.52136629
v 0.52222222 -0.59166667 0.52101578
v 0.52777778 -0.59166667 0.51936868
v 0.53333333 -0.59166667 0.52505540
v 0.53888889 -0.59166667 0.52656816
v 0.54444444 -0.59166667 0.52669001
v 0.55000000 -0.59166667 0.52578871
v 0.55555556 -0.59166667 0.52568400
v 0.56111111 -0.59166667 0.52591281
v 0.56666667 -0.59166667 0.52426404
v 0.57222222 -0.59166667 0.52130452
v 0.57777778 -0.59166667 0.52267746
v 0.27222222 -0.59583333 0.52377352
v 0.27777778 -0.59583333 0.52643906
v 0.28333333 -0.59583333 0.52954584
v 0.28888889 -0.59583333 0.53175756
v 0.29444444 -0.59583333 0.53324915
v 0.30000000 -0.59583333 0.53415141
v 0.30555556 -0.59583333 0.53483666
v 0.31111111 -0.59583333 0.53521550
v 0.31666667 -0.59583333 0.53536767
v 0.32222222 -0.59583333 0.53529561
v 0.32777778 -0.59583333 0.53509079
v 0.33333333 -0.59583333 0.53454044
v 0.33888889 -0.59583333 0.53360807
v 0.34444444 -0.59583333 0.53239224
v 0.35000000 -0.59583333 0.53097857
v 0.35555556 -0.59583333 0.52934175
v 0.36111111 -0.59583333 0.52742107
v 0.36666667 -0.59583333 0.52515564
v 0.37222222 -0.59583333 0.52260815
v 0.37777778 -0.59583333 0.51972452
v 0.38333333 -0.59583333 0.51655988
v 0.38888889 -0.59583333 0.51330360
v 0.39444444 -0.59583333 0.51039916
v 0.40000000 -0.59583333 0.50658578
v 0.40555556 -0.59583333 0.50179110
v 0.41666667 -0.59583333 0.49946837
v 0.42222222 -0.59583333 0.50176220
v 0.42777778 -0.59583333 0.50429657
v 0.43333333 -0.59583333 0.50590571
v 0.43888889 -0.59583333 0.50783722
v 0.44444444 -0.59583333 0.50977739
v 0.45000000 -0.59583333 0.51174095
v 0.45555556 -0.59583333 0.51378819
v 0.46111111 -0.59583333 0.51554511
v 0.46666667 -0.59583333 0.51695967
v 0.47222222 -0.59583333 0.51826530
v 0.47777778 -0.59583333 0.51936722
v 0.48333333 -0.59583333 0.52042140
v 0.48888889 -0.59583333 0.52129147
v 0.49444444 -0.59583333 0.52188081
v 0.50000000 -0.59583333 0.52222105
v 0.50555556 -0.59583333 0.52232101
v 0.51111111 -0.59583333 0.52233124
v 0.51666667 -0.59583333 0.52255812
v 0.52222222 -0.59583333 0.52145827
v 0.52777778 -0.59583333 0.51825206
v 0.53333333 -0.59583333 0.52473121
v 0.53888889 -0.59583333 0.52530034
v 0.54444444 -0.59583333 0.52512774
v 0.55000000 -0.59583333 0.52473071
v 0.55555556 -0.59583333 0.52460271
v 0.56111111 -0.59583333 0.52415814
v 0.56666667 -0.59583333 0.52290394
v 0.57222222 -0.59583333 0.52869294
v 0.27222222 -0.60000000 0.50210831
v 0.27777778 -0.60000000 0.52564427
v 0.28333333 -0.60000000 0.52895182
v 0.28888889 -0.60000000 0.53128653
v 0.29444444 -0.60000000 0.53315499
v 0.30000000 -0.60000000 0.53408993
v 0.30555556 -0.60000000 0.53486792
v 0.31111111 -0.60000000 0.53545361
v 0.31666667 -0.60000000 0.53566593
v 0.32222222 -0.60000000 0.53559494
v 0.32777778 -0.60000000 0.53534603
v 0.33333333 -0.60000000 0.53473663
v 0.33888889 -0.60000000 0.53386413
v 0.34444444 -0.60000000 0.53280194
v 0.35000000 -0.60000000 0.53133602
v 0.35555556 -0.60000000 0.52966729
v 0.36111111 -0.60000000 0.52779304
v 0.36666667 -0.60000000 0.52559967
v 0.37222222 -0.60000000 0.52309384
v 0.37777778 -0.60000000 0.52040684
v 0.38333333 -0.60000000 0.51720421
v 0.38888889 -0.60000000 0.51396378
v 0.39444444 -0.60000000 0.51120318
v 0.40000000 -0.60000000 0.50750488
v 0.40555556 -0.60000000 0.50331792
v 0.41666667 -0.60000000 0.50154634
v 0.42222222 -0.60000000 0.50290246
v 0.42777778 -0.60000000 0.50517533
v 0.43333333 -0.60000000 0.50664010
v 0.43888889 -0.60000000 0.50830822
v 0.44444444 -0.60000000 0.51027993
v 0.45000000 -0.60000000 0.51236329
v 0.45555556 -0.60000000 0.51449332
v 0.46111111 -0.60000000 0.51625174
v 0.46666667 -0.60000000 0.51777270
v 0.47222222 -0.60000000 0.51903412
v 0.47777778 -0.60000000 0.52022027
v 0.48333333 -0.60000000 0.52128857
v 0.48888889 -0.60000000 0.52220711
v 0.49444444 -0.60000000 0.52278850
v 0.50000000 -0.60000000 0.52319140
v 0.50555556 -0.60000000 0.52343888
v 0.51111111 -0.60000000 0.52358837
v 0.51666667 -0.60000000 0.52327473
v 0.52222222 -0.60000000 0.52208387
v 0.52777778 -0.60000000 0.52081214
v 0.53333333 -0.60000000 0.52396023
v 0.53888889 -0.60000000 0.52407925
v 0.54444444 -0.60000000 0.52342751
v 0.55000000 -0.60000000 0.52304964
v 0.55555556 -0.60000000 0.52262900
v 0.56111111 -0.60000000 0.52082784
v 0.56666667 -0.60000000 0.49527801
v 0.27777778 -0.60416667 0.52368640
v 0.28333333 -0.60416667 0.52787329
v 0.28888889 -0.60416667 0.53081499
v 0.29444444 -0.60416667 0.53285487
v 0.30000000 -0.60416667 0.53390948
v 0.30555556 -0.60416667 0.53478069
v 0.31111111 -0.60416667 0.53537832
v 0.31666667 -0.60416667 0.53568420
v 0.32222222 -0.60416667 0.53557459
v 0.32777778 -0.60416667 0.53532422
v 0.33333333 -0.60416667 0.53482622
v 0.33888889 -0.60416667 0.53404194
v 0.34444444 -0.60416667 0.53299552
v 0.35000000 -0.60416667 0.53155879
v 0.35555556 -0.60416667 0.52993634
v 0.36111111 -0.60416667 0.52810764
v 0.36666667 -0.60416667 0.52606051
v 0.37222222 -0.60416667 0.52349088
v 0.37777778 -0.60416667 0.52087322
v 0.38333333 -0.60416667 0.51785996
v 0.38888889 -0.60416667 0.51489333
v 0.39444444 -0.60416667 0.51223580
v 0.40000000 -0.60416667 0.50838937
v 0.41666667 -0.60416667 0.50271460
v 0.42222222 -0.60416667 0.50346014
v 0.42777778 -0.60416667 0.50544176
v 0.43333333 -0.60416667 0.50686734
v 0.43888889 -0.60416667 0.50850123
v 0.44444444 -0.60416667 0.51056507
v 0.45000000 -0.60416667 0.51298610
v 0.45555556 -0.60416667 0.51514217
v 0.46111111 -0.60416667 0.51702726
v 0.46666667 -0.60416667 0.51857564
v 0.47222222 -0.60416667 0.51986350
v 0.47777778 -0.60416667 0.52113723
v 0.48333333 -0.60416667 0.52219001
v 0.48888889 -0.60416667 0.52307407
v 0.49444444 -0.60416667 0.52377945
v 0.50000000 -0.60416667 0.52427981
v 0.50555556 -0.60416667 0.52452003
v 0.51111111 -0.60416667 0.52448223
v 0.51666667 -0.60416667 0.52397500
v 0.52222222 -0.60416667 0.52237129
v 0.52777778 -0.60416667 0.52116884
v 0.53333333 -0.60416667 0.52300014
v 0.53888889 -0.60416667 0.52267692
v 0.54444444 -0.60416667 0.52168672
v 0.55000000 -0.60416667 0.52043517
v 0.55555556 -0.60416667 0.48086590
v 0.27777778 -0.60833333 0.52026061
v 0.28333333 -0.60833333 0.52693459
v 0.28888889 -0.60833333 0.53009759
v 0.29444444 -0.60833333 0.53245972
v 0.30000000 -0.60833333 0.53379264
v 0.30555556 -0.60833333 0.53472916
v 0.31111111 -0.60833333 0.53531739
v 0.31666667 -0.60833333 0.53547928
v 0.32222222 -0.60833333 0.53544635
v 0.32777778 -0.60833333 0.53531184
v 0.33333333 -0.60833333 0.53485293
v 0.33888889 -0.60833333 0.53418124
v 0.34444444 -0.60833333 0.53312416
v 0.35000000 -0.60833333 0.53170652
v 0.35555556 -0.60833333 0.53009269
v 0.36111111 -0.60833333 0.52838230
v 0.36666667 -0.60833333 0.52644221
v 0.37222222 -0.60833333 0.52401241
v 0.37777778 -0.60833333 0.52124326
v 0.38333333 -0.60833333 0.51851524
v 0.38888889 -0.60833333 0.51588120
v 0.39444444 -0.60833333 0.51322449
v 0.40000000 -0.60833333 0.50945570
v 0.41666667 -0.60833333 0.50248586
v 0.42222222 -0.60833333 0.50271535
v 0.42777778 -0.60833333 0.50538250
v 0.43333333 -0.60833333 0.50716170
v 0.43888889 -0.60833333 0.50922089
v 0.44444444 -0.60833333 0.51128036
v 0.45000000 -0.60833333 0.51365254
v 0.45555556 -0.60833333 0.51588897
v 0.46111111 -0.60833333 0.51780006
v 0.46666667 -0.60833333 0.51933804
v 0.47222222 -0.60833333 0.52069495
v 0.47777778 -0.60833333 0.52191188
v 0.48333333 -0.60833333 0.52304113
v 0.48888889 -0.60833333 0.52401892
v 0.49444444 -0.60833333 0.52477956
v 0.50000000 -0.60833333 0.52529297
v 0.50555556 -0.60833333 0.52548316
v 0.51111111 -0.60833333 0.52523471
v 0.51666667 -0.60833333 0.52457875
v 0.52222222 -0.60833333 0.52237376
v 0.52777778 -0.60833333 0.51977828
v 0.53333333 -0.60833333 0.51872474
v 0.53888889 -0.60833333 0.51494426
v 0.54444444 -0.60833333 0.51159704
v 0.55000000 -0.60833333 0.39143397
v 0.27777778 -0.61250000 0.43656757
v 0.28333333 -0.61250000 0.52601620
v 0.28888889 -0.61250000 0.52973410
v 0.29444444 -0.61250000 0.53195186
v 0.30000000 -0.61250000 0.53373109
v 0.30555556 -0.61250000 0.53469955
v 0.31111111 -0.61250000 0.53533577
v 0.31666667 -0.61250000 0.53547610
v 0.32222222 -0.61250000 0.53553182
v 0.32777778 -0.61250000 0.53541541
v 0.33333333 -0.61250000 0.53499824
v 0.33888889 -0.61250000 0.53423041
v 0.34444444 -0.61250000 0.53310496
v 0.35000000 -0.61250000 0.53169723
v 0.35555556 -0.61250000 0.53022902
v 0.36111111 -0.61250000 0.52861247
v 0.36666667 -0.61250000 0.52671862
v 0.37222222 -0.61250000 0.52447261
v 0.37777778 -0.61250000 0.52175331
v 0.38333333 -0.61250000 0.51918243
v 0.38888889 -0.61250000 0.51665686
v 0.39444444 -0.61250000 0.51372228
v 0.40000000 -0.61250000 0.50982431
v 0.41666667 -0.61250000 0.50785335
v 0.42222222 -0.61250000 0.50353982
v 0.42777778 -0.61250000 0.50582124
v 0.43333333 -0.61250000 0.50747305
v 0.43888889 -0.61250000 0.51002891
v 0.44444444 -0.61250000 0.51204783
v 0.45000000 -0.61250000 0.51427306
v 0.45555556 -0.61250000 0.51651989
v 0.46111111 -0.61250000 0.51859642
v 0.46666667 -0.61250000 0.52025728
v 0.47222222 -0.61250000 0.52156148
v 0.47777778 -0.61250000 0.52274988
v 0.48333333 -0.61250000 0.52385141
v 0.48888889 -0.61250000 0.52489847
v 0.49444444 -0.61250000 0.52563415
v 0.50000000 -0.61250000 0.52615821
v 0.50555556 -0.61250000 0.52645465
v 0.51111111 -0.61250000 0.52600311
v 0.51666667 -0.61250000 0.52511755
v 0.52222222 -0.61250000 0.52242751
v 0.52777778 -0.61250000 0.51850355
v 0.53333333 -0.61250000 0.51324449
v 0.53888889 -0.61250000 0.50774928
v 0.54444444 -0.61250000 0.50817246
v 0.55000000 -0.61250000 0.40234659
v 0.28333333 -0.61666667 0.52584522
v 0.28888889 -0.61666667 0.52959523
v 0.29444444 -0.61666667 0.53196073
v 0.30000000 -0.61666667 0.53364158
v 0.30555556 -0.61666667 0.53466082
v 0.31111111 -0.61666667 0.53530033
v 0.31666667 -0.61666667 0.53547328
v 0.32222222 -0.61666667 0.53551573
v 0.32777778 -0.61666667 0.53547438
v 0.33333333 -0.61666667 0.53504326
v 0.33888889 -0.61666667 0.53419887
v 0.34444444 -0.61666667 0.53307534
v 0.35000000 -0.61666667 0.53170928
v 0.35555556 -0.61666667 0.53037064
v 0.36111111 -0.61666667 0.52880512
v 0.36666667 -0.61666667 0.52709588
v 0.37222222 -0.61666667 0.52496982
v 0.37777778 -0.61666667 0.52242966
v 0.38333333 -0.61666667 0.51999110
v 0.38888889 -0.61666667 0.51736196
v 0.39444444 -0.61666667 0.51416327
v 0.40000000 -0.61666667 0.51133322
v 0.42222222 -0.61666667 0.50363935
v 0.42777778 -0.61666667 0.50626717
v 0.43333333 -0.61666667 0.50787842
v 0.43888889 -0.61666667 0.51058892
v 0.44444444 -0.61666667 0.51271169
v 0.45000000 -0.61666667 0.51487656
v 0.45555556 -0.61666667 0.51717675
v 0.46111111 -0.61666667 0.51937716
v 0.46666667 -0.61666667 0.52113723
v 0.47222222 -0.61666667 0.52248073
v 0.47777778 -0.61666667 0.52362674
v 0.48333333 -0.61666667 0.52465038
v 0.48888889 -0.61666667 0.52571722
v 0.49444444 -0.61666667 0.52645340
v 0.50000000 -0.61666667 0.52699045
v 0.50555556 -0.61666667 0.52728288
v 0.51111111 -0.61666667 0.52699438
v 0.51666667 -0.61666667 0.52611752
v 0.52222222 -0.61666667 0.52334290
v 0.52777778 -0.61666667 0.51964048
v 0.53333333 -0.61666667 0.51439701
v 0.53888889 -0.61666667 0.51042881
v 0.54444444 -0.61666667 0.50876352
v 0.55000000 -0.61666667 0.47093961
v 0.28333333 -0.62083333 0.52904731
v 0.28888889 -0.62083333 0.52874569
v 0.29444444 -0.62083333 0.53158743
v 0.30000000 -0.62083333 0.53335848
v 0.30555556 -0.62083333 0.53450446
v 0.31111111 -0.62083333 0.53523395
v 0.31666667 -0.62083333 0.53547685
v 0.32222222 -0.62083333 0.53541563
v 0.32777778 -0.62083333 0.53536971
v 0.33333333 -0.62083333 0.53500303
v 0.33888889 -0.62083333 0.53423556
v 0.34444444 -0.62083333 0.53316400
v 0.35000000 -0.62083333 0.53185937
v 0.35555556 -0.62083333 0.53056898
v 0.36111111 -0.62083333 0.52913250
v 0.36666667 -0.62083333 0.52740154
v 0.37222222 -0.62083333 0.52538681
v 0.37777778 -0.62083333 0.52315410
v 0.38333333 -0.62083333 0.52099299
v 0.38888889 -0.62083333 0.51833417
v 0.39444444 -0.62083333 0.51500437
v 0.40000000 -0.62083333 0.50322518
v 0.42222222 -0.62083333 0.50112998
v 0.42777778 -0.62083333 0.50651997
v 0.43333333 -0.62083333 0.50820633
v 0.43888889 -0.62083333 0.51075411
v 0.44444444 -0.62083333 0.51326451
v 0.45000000 -0.62083333 0.51535767
v 0.45555556 -0.62083333 0.51770368
v 0.46111111 -0.62083333 0.51999983
v 0.46666667 -0.62083333 0.52192050
v 0.47222222 -0.62083333 0.52335008
v 0.47777778 -0.62083333 0.52449857
v 0.48333333 -0.62083333 0.52544614
v 0.48888889 -0.62083333 0.52643023
v 0.49444444 -0.62083333 0.52713107
v 0.50000000 -0.62083333 0.52773482
v 0.50555556 -0.62083333 0.52816397
v 0.51111111 -0.62083333 0.52779826
v 0.51666667 -0.62083333 0.52665117
v 0.52222222 -0.62083333 0.52483631
v 0.52777778 -0.62083333 0.52064921
v 0.53333333 -0.62083333 0.51570868
v 0.53888889 -0.62083333 0.51255959
v 0.54444444 -0.62083333 0.50985024
v 0.55000000 -0.62083333 0.36331286
v 0.28888889 -0.62500000 0.52740970
v 0.29444444 -0.62500000 0.53102106
v 0.30000000 -0.62500000 0.53251812
v 0.30555556 -0.62500000 0.53418660
v 0.31111111 -0.62500000 0.53501730
v 0.31666667 -0.62500000 0.53531785
v 0.32222222 -0.62500000 0.53533766
v 0.32777778 -0.62500000 0.53526367
v 0.33333333 -0.62500000 0.53488011
v 0.33888889 -0.62500000 0.53421199
v 0.34444444 -0.62500000 0.53318850
v 0.35000000 -0.62500000 0.53197464
v 0.35555556 -0.62500000 0.53072419
v 0.36111111 -0.62500000 0.52930387
v 0.36666667 -0.62500000 0.52776532
v 0.37222222 -0.62500000 0.52579633
v 0.37777778 -0.62500000 0.52374877
v 0.38333333 -0.62500000 0.52163190
v 0.38888889 -0.62500000 0.51921483
v 0.39444444 -0.62500000 0.51597944
v 0.40000000 -0.62500000 0.49726110
v 0.42222222 -0.62500000 0.46586452
v 0.42777778 -0.62500000 0.50591365
v 0.43333333 -0.62500000 0.50811034
v 0.43888889 -0.62500000 0.51052680
v 0.44444444 -0.62500000 0.51365018
v 0.45000000 -0.62500000 0.51585431
v 0.45555556 -0.62500000 0.51822213
v 0.46111111 -0.62500000 0.52067503
v 0.46666667 -0.62500000 0.52276061
v 0.47222222 -0.62500000 0.52420614
v 0.47777778 -0.62500000 0.52535709
v 0.48333333 -0.62500000 0.52634096
v 0.48888889 -0.62500000 0.52720352
v 0.49444444 -0.62500000 0.52790211
v 0.50000000 -0.62500000 0.52851194
v 0.50555556 -0.62500000 0.52886220
v 0.51111111 -0.62500000 0.52868038
v 0.51666667 -0.62500000 0.52741005
v 0.52222222 -0.62500000 0.52600386
v 0.52777778 -0.62500000 0.52173522
v 0.53333333 -0.62500000 0.51782455
v 0.53888889 -0.62500000 0.51514517
v 0.54444444 -0.62500000 0.51231791
v 0.55000000 -0.62500000 0.33241299
v 0.28888889 -0.62916667 0.53193902
v 0.29444444 -0.62916667 0.53000171
v 0.30000000 -0.62916667 0.53160632
v 0.30555556 -0.62916667 0.53374214
v 0.31111111 -0.62916667 0.53479958
v 0.31666667 -0.62916667 0.53520470
v 0.32222222 -0.62916667 0.53525341
v 0.32777778 -0.62916667 0.53513864
v 0.33333333 -0.62916667 0.53473932
v 0.33888889 -0.62916667 0.53400736
v 0.34444444 -0.62916667 0.53315831
v 0.35000000 -0.62916667 0.53209409
v 0.35555556 -0.62916667 0.53101748
v 0.36111111 -0.62916667 0.52968889
v 0.36666667 -0.62916667 0.52806298
v 0.37222222 -0.62916667 0.52609656
v 0.37777778 -0.62916667 0.52405082
v 0.38333333 -0.62916667 0.52174820
v 0.38888889 -0.62916667 0.51956162
v 0.39444444 -0.62916667 0.51682055
v 0.42777778 -0.62916667 0.50454358
v 0.43333333 -0.62916667 0.50783519
v 0.43888889 -0.62916667 0.51060752
v 0.44444444 -0.62916667 0.51394773
v 0.45000000 -0.62916667 0.51662525
v 0.45555556 -0.62916667 0.51892623
v 0.46111111 -0.62916667 0.52143023
v 0.46666667 -0.62916667 0.52364101
v 0.47222222 -0.62916667 0.52513640
v 0.47777778 -0.62916667 0.52627988
v 0.48333333 -0.62916667 0.52713761
v 0.48888889 -0.62916667 0.52800797
v 0.49444444 -0.62916667 0.52870599
v 0.50000000 -0.62916667 0.52924497
v 0.50555556 -0.62916667 0.52972341
v 0.51111111 -0.62916667 0.52963926
v 0.51666667 -0.62916667 0.52852668
v 0.52222222 -0.62916667 0.52701205
v 0.52777778 -0.62916667 0.52355597
v 0.53333333 -0.62916667 0.52048273
v 0.53888889 -0.62916667 0.51795774
v 0.54444444 -0.62916667 0.51471384
v 0.28888889 -0.63333333 0.54418491
v 0.29444444 -0.63333333 0.52891842
v 0.30000000 -0.63333333 0.53142107
v 0.30555556 -0.63333333 0.53346480
v 0.31111111 -0.63333333 0.53458636
v 0.31666667 -0.63333333 0.53505131
v 0.32222222 -0.63333333 0.53517709
v 0.32777778 -0.63333333 0.53510699
v 0.33333333 -0.63333333 0.53475713
v 0.33888889 -0.63333333 0.53408926
v 0.34444444 -0.63333333 0.53325677
v 0.35000000 -0.63333333 0.53235687
v 0.35555556 -0.63333333 0.53137307
v 0.36111111 -0.63333333 0.53003558
v 0.36666667 -0.63333333 0.52839904
v 0.37222222 -0.63333333 0.52622434
v 0.37777778 -0.63333333 0.52401845
v 0.38333333 -0.63333333 0.52161856
v 0.38888889 -0.63333333 0.51935138
v 0.39444444 -0.63333333 0.51725060
v 0.42777778 -0.63333333 0.52895361
v 0.43333333 -0.63333333 0.50852029
v 0.43888889 -0.63333333 0.51171802
v 0.44444444 -0.63333333 0.51460011
v 0.45000000 -0.63333333 0.51749339
v 0.45555556 -0.63333333 0.51989708
v 0.46111111 -0.63333333 0.52233800
v 0.46666667 -0.63333333 0.52455472
v 0.47222222 -0.63333333 0.52614040
v 0.47777778 -0.63333333 0.52716726
v 0.48333333 -0.63333333 0.52803172
v 0.48888889 -0.63333333 0.52890072
v 0.49444444 -0.63333333 0.52960532
v 0.50000000 -0.63333333 0.53020148
v 0.50555556 -0.63333333 0.53060160
v 0.51111111 -0.63333333 0.53049903
v 0.51666667 -0.63333333 0.52949713
v 0.52222222 -0.63333333 0.52818643
v 0.52777778 -0.63333333 0.52559799
v 0.53333333 -0.63333333 0.52285670
v 0.53888889 -0.63333333 0.52025993
v 0.54444444 -0.63333333 0.51660522
v 0.28888889 -0.63750000 0.41117073
v 0.29444444 -0.63750000 0.52898741
v 0.30000000 -0.63750000 0.53193880
v 0.30555556 -0.63750000 0.53338391
v 0.31111111 -0.63750000 0.53458368
v 0.31666667 -0.63750000 0.53513585
v 0.32222222 -0.63750000 0.53532940
v 0.32777778 -0.63750000 0.53526882
v 0.33333333 -0.63750000 0.53494549
v 0.33888889 -0.63750000 0.53435340
v 0.34444444 -0.63750000 0.53350303
v 0.35000000 -0.63750000 0.53251734
v 0.35555556 -0.63750000 0.53159165
v 0.36111111 -0.63750000 0.53030992
v 0.36666667 -0.63750000 0.52869827
v 0.37222222 -0.63750000 0.52653193
v 0.37777778 -0.63750000 0.52409542
v 0.38333333 -0.63750000 0.52166151
v 0.38888889 -0.63750000 0.51895437
v 0.39444444 -0.63750000 0.51925786
v 0.43333333 -0.63750000 0.50923183
v 0.43888889 -0.63750000 0.51269724
v 0.44444444 -0.63750000 0.51538256
v 0.45000000 -0.63750000 0.51853441
v 0.45555556 -0.63750000 0.52088091
v 0.46111111 -0.63750000 0.52325513
v 0.46666667 -0.63750000 0.52540226
v 0.47222222 -0.63750000 0.52699184
v 0.47777778 -0.63750000 0.52805965
v 0.48333333 -0.63750000 0.52896488
v 0.48888889 -0.63750000 0.52977144
v 0.49444444 -0.63750000 0.53049781
v 0.50000000 -0.63750000 0.53105611
v 0.50555556 -0.63750000 0.53151698
v 0.51111111 -0.63750000 0.53140461
v 0.51666667 -0.63750000 0.53055110
v 0.52222222 -0.63750000 0.52945840
v 0.52777778 -0.63750000 0.52745047
v 0.53333333 -0.63750000 0.52484797
v 0.53888889 -0.63750000 0.52212739
v 0.54444444 -0.63750000 0.51817675
v 0.29444444 -0.64166667 0.52863200
v 0.30000000 -0.64166667 0.53219565
v 0.30555556 -0.64166667 0.53343608
v 0.31111111 -0.64166667 0.53456737
v 0.31666667 -0.64166667 0.53519046
v 0.32222222 -0.64166667 0.53542614
v 0.32777778 -0.64166667 0.53539431
v 0.33333333 -0.64166667 0.53515931
v 0.33888889 -0.64166667 0.53462380
v 0.34444444 -0.64166667 0.53377740
v 0.35000000 -0.64166667 0.53290122
v 0.35555556 -0.64166667 0.53195872
v 0.36111111 -0.64166667 0.53061647
v 0.36666667 -0.64166667 0.52901584
v 0.37222222 -0.64166667 0.52682712
v 0.37777778 -0.64166667 0.52451921
v 0.38333333 -0.64166667 0.52208208
v 0.38888889 -0.64166667 0.51937748
v 0.39444444 -0.64166667 0.52111334
v 0.43333333 -0.64166667 0.51059400
v 0.43888889 -0.64166667 0.51323022
v 0.44444444 -0.64166667 0.51669059
v 0.45000000 -0.64166667 0.51962221
v 0.45555556 -0.64166667 0.52195687
v 0.46111111 -0.64166667 0.52406001
v 0.46666667 -0.64166667 0.52616791
v 0.47222222 -0.64166667 0.52785133
v 0.47777778 -0.64166667 0.52896498
v 0.48333333 -0.64166667 0.52986052
v 0.48888889 -0.64166667 0.53066028
v 0.49444444 -0.64166667 0.53134325
v 0.50000000 -0.64166667 0.53200629
v 0.50555556 -0.64166667 0.53250740
v 0.51111111 -0.64166667 0.53239993
v 0.51666667 -0.64166667 0.53168414
v 0.52222222 -0.64166667 0.53045611
v 0.52777778 -0.64166667 0.52873753
v 0.53333333 -0.64166667 0.52636778
v 0.53888889 -0.64166667 0.52364917
v 0.54444444 -0.64166667 0.51976565
v 0.29444444 -0.64583333 0.52809895
v 0.30000000 -0.64583333 0.53190476
v 0.30555556 -0.64583333 0.53319980
v 0.31111111 -0.64583333 0.53447964
v 0.31666667 -0.64583333 0.53518467
v 0.32222222 -0.64583333 0.53551247
v 0.32777778 -0.64583333 0.53551730
v 0.33333333 -0.64583333 0.53525205
v 0.33888889 -0.64583333 0.53477218
v 0.34444444 -0.64583333 0.53398011
v 0.35000000 -0.64583333 0.53312727
v 0.35555556 -0.64583333 0.53227487
v 0.36111111 -0.64583333 0.53091609
v 0.36666667 -0.64583333 0.52928567
v 0.37222222 -0.64583333 0.52721250
v 0.37777778 -0.64583333 0.52502546
v 0.38333333 -0.64583333 0.52254027
v 0.38888889 -0.64583333 0.51958044
v 0.39444444 -0.64583333 0.51266316
v 0.43333333 -0.64583333 0.52269548
v 0.43888889 -0.64583333 0.51455072
v 0.44444444 -0.64583333 0.51754106
v 0.45000000 -0.64583333 0.52007557
v 0.45555556 -0.64583333 0.52297254
v 0.46111111 -0.64583333 0.52500257
v 0.46666667 -0.64583333 0.52700990
v 0.47222222 -0.64583333 0.52880588
v 0.47777778 -0.64583333 0.52993591
v 0.48333333 -0.64583333 0.53074543
v 0.48888889 -0.64583333 0.53147142
v 0.49444444 -0.64583333 0.53217055
v 0.50000000 -0.64583333 0.53292003
v 0.50555556 -0.64583333 0.53353440
v 0.51111111 -0.64583333 0.53346426
v 0.51666667 -0.64583333 0.53279175
v 0.52222222 -0.64583333 0.53144492
v 0.52777778 -0.64583333 0.52987522
v 0.53333333 -0.64583333 0.52784507
v 0.53888889 -0.64583333 0.52517216
v 0.54444444 -0.64583333 0.52157500
v 0.29444444 -0.65000000 0.54111614
v 0.30000000 -0.65000000 0.53101337
v 0.30555556 -0.65000000 0.53282490
v 0.31111111 -0.65000000 0.53431231
v 0.31666667 -0.65000000 0.53505263
v 0.32222222 -0.65000000 0.53551605
v 0.32777778 -0.65000000 0.53556983
v 0.33333333 -0.65000000 0.53536159
v 0.33888889 -0.65000000 0.53495679
v 0.34444444 -0.65000000 0.53421718
v 0.35000000 -0.65000000 0.53343927
v 0.35555556 -0.65000000 0.53249120
v 0.36111111 -0.65000000 0.53114272
v 0.36666667 -0.65000000 0.52947189
v 0.37222222 -0.65000000 0.52745208
v 0.37777778 -0.65000000 0.52535856
v 0.38333333 -0.65000000 0.52282212
v 0.38888889 -0.65000000 0.51970736
v 0.39444444 -0.65000000 0.47945151
v 0.43888889 -0.65000000 0.51501328
v 0.44444444 -0.65000000 0.51826837
v 0.45000000 -0.65000000 0.52067893
v 0.45555556 -0.65000000 0.52384071
v 0.46111111 -0.65000000 0.52592322
v 0.46666667 -0.65000000 0.52800239
v 0.47222222 -0.65000000 0.52980645
v 0.47777778 -0.65000000 0.53097367
v 0.48333333 -0.65000000 0.53170474
v 0.48888889 -0.65000000 0.53241652
v 0.49444444 -0.65000000 0.53311858
v 0.50000000 -0.65000000 0.53392578
v 0.50555556 -0.65000000 0.53454287
v 0.51111111 -0.65000000 0.53457899
v 0.51666667 -0.65000000 0.53392335
v 0.52222222 -0.65000000 0.53266239
v 0.52777778 -0.65000000 0.53123589
v 0.53333333 -0.65000000 0.52910932
v 0.53888889 -0.65000000 0.52654992
v 0.54444444 -0.65000000 0.52320642
v 0.29444444 -0.65416667 0.54814017
v 0.30000000 -0.65416667 0.53017870
v 0.30555556 -0.65416667 0.53251044
v 0.31111111 -0.65416667 0.53413460
v 0.31666667 -0.65416667 0.53493998
v 0.32222222 -0.65416667 0.53545686
v 0.32777778 -0.65416667 0.53562695
v 0.33333333 -0.65416667 0.53556569
v 0.33888889 -0.65416667 0.53520659
v 0.34444444 -0.65416667 0.53449377
v 0.35000000 -0.65416667 0.53369029
v 0.35555556 -0.65416667 0.53274382
v 0.36111111 -0.65416667 0.53131256
v 0.36666667 -0.65416667 0.52958254
v 0.37222222 -0.65416667 0.52760682
v 0.37777778 -0.65416667 0.52550615
v 0.38333333 -0.65416667 0.52274491
v 0.38888889 -0.65416667 0.51972635
v 0.39444444 -0.65416667 0.47752683
v 0.43888889 -0.65416667 0.52822580
v 0.44444444 -0.65416667 0.51833893
v 0.45000000 -0.65416667 0.52172631
v 0.45555556 -0.65416667 0.52480953
v 0.46111111 -0.65416667 0.52698458
v 0.46666667 -0.65416667 0.52904534
v 0.47222222 -0.65416667 0.53081650
v 0.47777778 -0.65416667 0.53198934
v 0.48333333 -0.65416667 0.53281746
v 0.48888889 -0.65416667 0.53357999
v 0.49444444 -0.65416667 0.53433734
v 0.50000000 -0.65416667 0.53515753
v 0.50555556 -0.65416667 0.53576442
v 0.51111111 -0.65416667 0.53586788
v 0.51666667 -0.65416667 0.53521610
v 0.52222222 -0.65416667 0.53398279
v 0.52777778 -0.65416667 0.53253422
v 0.53333333 -0.65416667 0.53052599
v 0.53888889 -0.65416667 0.52794793
v 0.54444444 -0.65416667 0.52455611
v 0.29444444 -0.65833333 0.39963942
v 0.30000000 -0.65833333 0.52945511
v 0.30555556 -0.65833333 0.53225781
v 0.31111111 -0.65833333 0.53403600
v 0.31666667 -0.65833333 0.53491158
v 0.32222222 -0.65833333 0.53539946
v 0.32777778 -0.65833333 0.53566185
v 0.33333333 -0.65833333 0.53572927
v 0.33888889 -0.65833333 0.53546401
v 0.34444444 -0.65833333 0.53480294
v 0.35000000 -0.65833333 0.53403196
v 0.35555556 -0.65833333 0.53301412
v 0.36111111 -0.65833333 0.53145436
v 0.36666667 -0.65833333 0.52968564
v 0.37222222 -0.65833333 0.52750576
v 0.37777778 -0.65833333 0.52540673
v 0.38333333 -0.65833333 0.52251245
v 0.38888889 -0.65833333 0.51939000
v 0.39444444 -0.65833333 0.45867151
v 0.43888889 -0.65833333 0.47320697
v 0.44444444 -0.65833333 0.51963215
v 0.45000000 -0.65833333 0.52269409
v 0.45555556 -0.65833333 0.52542583
v 0.46111111 -0.65833333 0.52782691
v 0.46666667 -0.65833333 0.52981825
v 0.47222222 -0.65833333 0.53164884
v 0.47777778 -0.65833333 0.53297600
v 0.48333333 -0.65833333 0.53390064
v 0.48888889 -0.65833333 0.53477118
v 0.49444444 -0.65833333 0.53553497
v 0.50000000 -0.65833333 0.53639785
v 0.50555556 -0.65833333 0.53704487
v 0.51111111 -0.65833333 0.53717194
v 0.51666667 -0.65833333 0.53657917
v 0.52222222 -0.65833333 0.53535987
v 0.52777778 -0.65833333 0.53385876
v 0.53333333 -0.65833333 0.53177590
v 0.53888889 -0.65833333 0.52933753
v 0.54444444 -0.65833333 0.52544975
v 0.30000000 -0.66250000 0.52950261
v 0.30555556 -0.66250000 0.53258067
v 0.31111111 -0.66250000 0.53416747
v 0.31666667 -0.66250000 0.53508800
v 0.32222222 -0.66250000 0.53546991
v 0.32777778 -0.66250000 0.53571235
v 0.33333333 -0.66250000 0.53590118
v 0.33888889 -0.66250000 0.53570513
v 0.34444444 -0.66250000 0.53508332
v 0.35000000 -0.66250000 0.53429697
v 0.35555556 -0.66250000 0.53309373
v 0.36111111 -0.66250000 0.53159076
v 0.36666667 -0.66250000 0.52974712
v 0.37222222 -0.66250000 0.52762095
v 0.37777778 -0.66250000 0.52515299
v 0.38333333 -0.66250000 0.52238960
v 0.38888889 -0.66250000 0.51894654
v 0.44444444 -0.66250000 0.51960998
v 0.45000000 -0.66250000 0.52331747
v 0.45555556 -0.66250000 0.52570817
v 0.46111111 -0.66250000 0.52843612
v 0.46666667 -0.66250000 0.53051448
v 0.47222222 -0.66250000 0.53242339
v 0.47777778 -0.66250000 0.53389041
v 0.48333333 -0.66250000 0.53490651
v 0.48888889 -0.66250000 0.53585236
v 0.49444444 -0.66250000 0.53669862
v 0.50000000 -0.66250000 0.53761840
v 0.50555556 -0.66250000 0.53830701
v 0.51111111 -0.66250000 0.53848128
v 0.51666667 -0.66250000 0.53797528
v 0.52222222 -0.66250000 0.53676413
v 0.52777778 -0.66250000 0.53530469
v 0.53333333 -0.66250000 0.53310875
v 0.53888889 -0.66250000 0.52997757
v 0.54444444 -0.66250000 0.52662935
v 0.30000000 -0.66666667 0.52976997
v 0.30555556 -0.66666667 0.53297689
v 0.31111111 -0.66666667 0.53430147
v 0.31666667 -0.66666667 0.53512602
v 0.32222222 -0.66666667 0.53562133
v 0.32777778 -0.66666667 0.53592256
v 0.33333333 -0.66666667 0.53602488
v 0.33888889 -0.66666667 0.53585562
v 0.34444444 -0.66666667 0.53524661
v 0.35000000 -0.66666667 0.53436763
v 0.35555556 -0.66666667 0.53316607
v 0.36111111 -0.66666667 0.53159312
v 0.36666667 -0.66666667 0.52963647
v 0.37222222 -0.66666667 0.52754488
v 0.37777778 -0.66666667 0.52486238
v 0.38333333 -0.66666667 0.52199299
v 0.38888889 -0.66666667 0.51800834
v 0.44444444 -0.66666667 0.51920911
v 0.45000000 -0.66666667 0.52318479
v 0.45555556 -0.66666667 0.52558064
v 0.46111111 -0.66666667 0.52877494
v 0.46666667 -0.66666667 0.53103021
v 0.47222222 -0.66666667 0.53305786
v 0.47777778 -0.66666667 0.53474100
v 0.48333333 -0.66666667 0.53576757
v 0.48888889 -0.66666667 0.53677808
v 0.49444444 -0.66666667 0.53771034
v 0.50000000 -0.66666667 0.53872218
v 0.50555556 -0.66666667 0.53949938
v 0.51111111 -0.66666667 0.53976656
v 0.51666667 -0.66666667 0.53921818
v 0.52222222 -0.66666667 0.53820866
v 0.52777778 -0.66666667 0.53676399
v 0.53333333 -0.66666667 0.53452191
v 0.53888889 -0.66666667 0.53113858
v 0.54444444 -0.66666667 0.53288977
v 0.30000000 -0.67083333 0.54953570
v 0.30555556 -0.67083333 0.53282604
v 0.31111111 -0.67083333 0.53433148
v 0.31666667 -0.67083333 0.53513260
v 0.32222222 -0.67083333 0.53573838
v 0.32777778 -0.67083333 0.53601683
v 0.33333333 -0.67083333 0.53618792
v 0.33888889 -0.67083333 0.53600078
v 0.34444444 -0.67083333 0.53539470
v 0.35000000 -0.67083333 0.53442657
v 0.35555556 -0.67083333 0.53318664
v 0.36111111 -0.67083333 0.53151895
v 0.36666667 -0.67083333 0.52948980
v 0.37222222 -0.67083333 0.52731721
v 0.37777778 -0.67083333 0.52446485
v 0.38333333 -0.67083333 0.52139565
v 0.38888889 -0.67083333 0.51669685
v 0.44444444 -0.67083333 0.52846842
v 0.45000000 -0.67083333 0.52181246
v 0.45555556 -0.67083333 0.52609627
v 0.46111111 -0.67083333 0.52927895
v 0.46666667 -0.67083333 0.53163900
v 0.47222222 -0.67083333 0.53374940
v 0.47777778 -0.67083333 0.53555764
v 0.48333333 -0.67083333 0.53657906
v 0.48888889 -0.67083333 0.53770666
v 0.49444444 -0.67083333 0.53871803
v 0.50000000 -0.67083333 0.53972225
v 0.50555556 -0.67083333 0.54056075
v 0.51111111 -0.67083333 0.54087410
v 0.51666667 -0.67083333 0.54043779
v 0.52222222 -0.67083333 0.53940529
v 0.52777778 -0.67083333 0.53814601
v 0.53333333 -0.67083333 0.53571024
v 0.53888889 -0.67083333 0.53223463
v 0.54444444 -0.67083333 0.54070966
v 0.30000000 -0.67500000 0.54789895
v 0.30555556 -0.67500000 0.53145583
v 0.31111111 -0.67500000 0.53442181
v 0.31666667 -0.67500000 0.53513660
v 0.32222222 -0.67500000 0.53582658
v 0.32777778 -0.67500000 0.53623695
v 0.33333333 -0.67500000 0.53631660
v 0.33888889 -0.67500000 0.53616521
v 0.34444444 -0.67500000 0.53552302
v 0.35000000 -0.67500000 0.53445919
v 0.35555556 -0.67500000 0.53319712
v 0.36111111 -0.67500000 0.53135287
v 0.36666667 -0.67500000 0.52918453
v 0.37222222 -0.67500000 0.52701452
v 0.37777778 -0.67500000 0.52403390
v 0.38333333 -0.67500000 0.52073064
v 0.38888889 -0.67500000 0.51679037
v 0.45000000 -0.67500000 0.52364184
v 0.45555556 -0.67500000 0.52725044
v 0.46111111 -0.67500000 0.52991012
v 0.46666667 -0.67500000 0.53240515
v 0.47222222 -0.67500000 0.53450146
v 0.47777778 -0.67500000 0.53624457
v 0.48333333 -0.67500000 0.53747492
v 0.48888889 -0.67500000 0.53867959
v 0.49444444 -0.67500000 0.53973974
v 0.50000000 -0.67500000 0.54075859
v 0.50555556 -0.67500000 0.54156228
v 0.51111111 -0.67500000 0.54191923
v 0.51666667 -0.67500000 0.54160531
v 0.52222222 -0.67500000 0.54072347
v 0.52777778 -0.67500000 0.53942263
v 0.53333333 -0.67500000 0.53703039
v 0.53888889 -0.67500000 0.53362448
v 0.54444444 -0.67500000 0.54170319
v 0.30000000 -0.67916667 0.46547735
v 0.30555556 -0.67916667 0.53150797
v 0.31111111 -0.67916667 0.53432579
v 0.31666667 -0.67916667 0.53509955
v 0.32222222 -0.67916667 0.53575913
v 0.32777778 -0.67916667 0.53616196
v 0.33333333 -0.67916667 0.53638855
v 0.33888889 -0.67916667 0.53616514
v 0.34444444 -0.67916667 0.53555768
v 0.35000000 -0.67916667 0.53450818
v 0.35555556 -0.67916667 0.53309104
v 0.36111111 -0.67916667 0.53118138
v 0.36666667 -0.67916667 0.52899216
v 0.37222222 -0.67916667 0.52647665
v 0.37777778 -0.67916667 0.52352525
v 0.38333333 -0.67916667 0.52000619
v 0.38888889 -0.67916667 0.51727939
v 0.45000000 -0.67916667 0.52401266
v 0.45555556 -0.67916667 0.52823167
v 0.46111111 -0.67916667 0.53059466
v 0.46666667 -0.67916667 0.53313553
v 0.47222222 -0.67916667 0.53519533
v 0.47777778 -0.67916667 0.53702592
v 0.48333333 -0.67916667 0.53828745
v 0.48888889 -0.67916667 0.53966643
v 0.49444444 -0.67916667 0.54081066
v 0.50000000 -0.67916667 0.54185675
v 0.50555556 -0.67916667 0.54268345
v 0.51111111 -0.67916667 0.54298840
v 0.51666667 -0.67916667 0.54280114
v 0.52222222 -0.67916667 0.54209744
v 0.52777778 -0.67916667 0.54081548
v 0.53333333 -0.67916667 0.53843036
v 0.53888889 -0.67916667 0.53509505
v 0.54444444 -0.67916667 0.54218134
v 0.30000000 -0.68333333 0.38488981
v 0.30555556 -0.68333333 0.53157055
v 0.31111111 -0.68333333 0.53415484
v 0.31666667 -0.68333333 0.53508729
v 0.32222222 -0.68333333 0.53564075
v 0.32777778 -0.68333333 0.53602620
v 0.33333333 -0.68333333 0.53619894
v 0.33888889 -0.68333333 0.53610542
v 0.34444444 -0.68333333 0.53547320
v 0.35000000 -0.68333333 0.53426929
v 0.35555556 -0.68333333 0.53285891
v 0.36111111 -0.68333333 0.53102124
v 0.36666667 -0.68333333 0.52870342
v 0.37222222 -0.68333333 0.52611555
v 0.37777778 -0.68333333 0.52311713
v 0.38333333 -0.68333333 0.51932745
v 0.38888889 -0.68333333 0.51719627
v 0.45000000 -0.68333333 0.52446560
v 0.45555556 -0.68333333 0.52886499
v 0.46111111 -0.68333333 0.53098866
v 0.46666667 -0.68333333 0.53379360
v 0.47222222 -0.68333333 0.53586456
v 0.47777778 -0.68333333 0.53768892
v 0.48333333 -0.68333333 0.53922654
v 0.48888889 -0.68333333 0.54067669
v 0.49444444 -0.68333333 0.54189799
v 0.50000000 -0.68333333 0.54300971
v 0.50555556 -0.68333333 0.54381498
v 0.51111111 -0.68333333 0.54410648
v 0.51666667 -0.68333333 0.54390110
v 0.52222222 -0.68333333 0.54329785
v 0.52777778 -0.68333333 0.54215881
v 0.53333333 -0.68333333 0.53960731
v 0.53888889 -0.68333333 0.53614229
v 0.54444444 -0.68333333 0.52886009
v 0.30555556 -0.68750000 0.53129232
v 0.31111111 -0.68750000 0.53408482
v 0.31666667 -0.68750000 0.53498189
v 0.32222222 -0.68750000 0.53545114
v 0.32777778 -0.68750000 0.53579296
v 0.33333333 -0.68750000 0.53588744
v 0.33888889 -0.68750000 0.53583205
v 0.34444444 -0.68750000 0.53519264
v 0.35000000 -0.68750000 0.53396534
v 0.35555556 -0.68750000 0.53247485
v 0.36111111 -0.68750000 0.53062280
v 0.36666667 -0.68750000 0.52832690
v 0.37222222 -0.68750000 0.52599560
v 0.37777778 -0.68750000 0.52286249
v 0.38333333 -0.68750000 0.51800534
v 0.38888889 -0.68750000 0.51667678
v 0.45000000 -0.68750000 0.52340233
v 0.45555556 -0.68750000 0.52912316
v 0.46111111 -0.68750000 0.53121142
v 0.46666667 -0.68750000 0.53426346
v 0.47222222 -0.68750000 0.53647739
v 0.47777778 -0.68750000 0.53833809
v 0.48333333 -0.68750000 0.53992707
v 0.48888889 -0.68750000 0.54156604
v 0.49444444 -0.68750000 0.54290131
v 0.50000000 -0.68750000 0.54402112
v 0.50555556 -0.68750000 0.54481645
v 0.51111111 -0.68750000 0.54517533
v 0.51666667 -0.68750000 0.54492331
v 0.52222222 -0.68750000 0.54432210
v 0.52777778 -0.68750000 0.54319968
v 0.53333333 -0.68750000 0.54069446
v 0.53888889 -0.68750000 0.53725204
v 0.54444444 -0.68750000 0.46608406
v 0.30555556 -0.69166667 0.53056787
v 0.31111111 -0.69166667 0.53383598
v 0.31666667 -0.69166667 0.53473763
v 0.32222222 -0.69166667 0.53530276
v 0.32777778 -0.69166667 0.53561182
v 0.33333333 -0.69166667 0.53574167
v 0.33888889 -0.69166667 0.53560174
v 0.34444444 -0.69166667 0.53489453
v 0.35000000 -0.69166667 0.53366640
v 0.35555556 -0.69166667 0.53209523
v 0.36111111 -0.69166667 0.53004674
v 0.36666667 -0.69166667 0.52768536
v 0.37222222 -0.69166667 0.52566690
v 0.37777778 -0.69166667 0.52186818
v 0.38333333 -0.69166667 0.51663269
v 0.38888889 -0.69166667 0.51735520
v 0.45000000 -0.69166667 0.51486690
v 0.45555556 -0.69166667 0.52896245
v 0.46111111 -0.69166667 0.53162495
v 0.46666667 -0.69166667 0.53488179
v 0.47222222 -0.69166667 0.53711815
v 0.47777778 -0.69166667 0.53889138
v 0.48333333 -0.69166667 0.54055581
v 0.48888889 -0.69166667 0.54228101
v 0.49444444 -0.69166667 0.54373162
v 0.50000000 -0.69166667 0.54485228
v 0.50555556 -0.69166667 0.54566456
v 0.51111111 -0.69166667 0.54603918
v 0.51666667 -0.69166667 0.54587978
v 0.52222222 -0.69166667 0.54525086
v 0.52777778 -0.69166667 0.54415594
v 0.53333333 -0.69166667 0.54182875
v 0.53888889 -0.69166667 0.53844126
v 0.54444444 -0.69166667 0.44369001
v 0.30555556 -0.69583333 0.52979321
v 0.31111111 -0.69583333 0.53321375
v 0.31666667 -0.69583333 0.53433398
v 0.32222222 -0.69583333 0.53496455
v 0.32777778 -0.69583333 0.53530594
v 0.33333333 -0.69583333 0.53537124
v 0.33888889 -0.69583333 0.53516275
v 0.34444444 -0.69583333 0.53447911
v 0.35000000 -0.69583333 0.53312691
v 0.35555556 -0.69583333 0.53145665
v 0.36111111 -0.69583333 0.52927880
v 0.36666667 -0.69583333 0.52671071
v 0.37222222 -0.69583333 0.52457600
v 0.37777778 -0.69583333 0.52052393
v 0.38333333 -0.69583333 0.51518426
v 0.38888889 -0.69583333 0.51486282
v 0.45555556 -0.69583333 0.52943684
v 0.46111111 -0.69583333 0.53224561
v 0.46666667 -0.69583333 0.53533527
v 0.47222222 -0.69583333 0.53768424
v 0.47777778 -0.69583333 0.53937546
v 0.48333333 -0.69583333 0.54116782
v 0.48888889 -0.69583333 0.54295700
v 0.49444444 -0.69583333 0.54448711
v 0.50000000 -0.69583333 0.54558263
v 0.50555556 -0.69583333 0.54635257
v 0.51111111 -0.69583333 0.54677639
v 0.51666667 -0.69583333 0.54664285
v 0.52222222 -0.69583333 0.54607240
v 0.52777778 -0.69583333 0.54505463
v 0.53333333 -0.69583333 0.54281108
v 0.53888889 -0.69583333 0.53950957
v 0.54444444 -0.69583333 0.46392968
v 0.30555556 -0.70000000 0.52901258
v 0.31111111 -0.70000000 0.53252124
v 0.31666667 -0.70000000 0.53376675
v 0.32222222 -0.70000000 0.53445239
v 0.32777778 -0.70000000 0.53475834
v 0.33333333 -0.70000000 0.53480480
v 0.33888889 -0.70000000 0.53455632
v 0.34444444 -0.70000000 0.53376271
v 0.35000000 -0.70000000 0.53232751
v 0.35555556 -0.70000000 0.53053794
v 0.36111111 -0.70000000 0.52826654
v 0.36666667 -0.70000000 0.52587597
v 0.37222222 -0.70000000 0.52292383
v 0.37777778 -0.70000000 0.51860350
v 0.38333333 -0.70000000 0.51339430
v 0.38888889 -0.70000000 0.49829443
v 0.45555556 -0.70000000 0.53025069
v 0.46111111 -0.70000000 0.53296648
v 0.46666667 -0.70000000 0.53556122
v 0.47222222 -0.70000000 0.53804044
v 0.47777778 -0.70000000 0.53986441
v 0.48333333 -0.70000000 0.54171220
v 0.48888889 -0.70000000 0.54357541
v 0.49444444 -0.70000000 0.54508102
v 0.50000000 -0.70000000 0.54622357
v 0.50555556 -0.70000000 0.54702487
v 0.51111111 -0.70000000 0.54747541
v 0.51666667 -0.70000000 0.54733508
v 0.52222222 -0.70000000 0.54686719
v 0.52777778 -0.70000000 0.54592634
v 0.53333333 -0.70000000 0.54365541
v 0.53888889 -0.70000000 0.54038841
v 0.54444444 -0.70000000 0.50570090
v 0.30555556 -0.70416667 0.52887125
v 0.31111111 -0.70416667 0.53211969
v 0.31666667 -0.70416667 0.53338426
v 0.32222222 -0.70416667 0.53389252
v 0.32777778 -0.70416667 0.53413085
v 0.33333333 -0.70416667 0.53422455
v 0.33888889 -0.70416667 0.53385354
v 0.34444444 -0.70416667 0.53291144
v 0.35000000 -0.70416667 0.53126832
v 0.35555556 -0.70416667 0.52931138
v 0.36111111 -0.70416667 0.52699975
v 0.36666667 -0.70416667 0.52448602
v 0.37222222 -0.70416667 0.52115983
v 0.37777778 -0.70416667 0.51698399
v 0.38333333 -0.70416667 0.51170897
v 0.45555556 -0.70416667 0.53063096
v 0.46111111 -0.70416667 0.53346730
v 0.46666667 -0.70416667 0.53566732
v 0.47222222 -0.70416667 0.53828126
v 0.47777778 -0.70416667 0.54012315
v 0.48333333 -0.70416667 0.54204698
v 0.48888889 -0.70416667 0.54397920
v 0.49444444 -0.70416667 0.54556303
v 0.50000000 -0.70416667 0.54675146
v 0.50555556 -0.70416667 0.54756678
v 0.51111111 -0.70416667 0.54801239
v 0.51666667 -0.70416667 0.54795334
v 0.52222222 -0.70416667 0.54747137
v 0.52777778 -0.70416667 0.54663341
v 0.53333333 -0.70416667 0.54441193
v 0.53888889 -0.70416667 0.54131881
v 0.54444444 -0.70416667 0.52214191
v 0.30555556 -0.70833333 0.52896545
v 0.31111111 -0.70833333 0.53157291
v 0.31666667 -0.70833333 0.53277766
v 0.32222222 -0.70833333 0.53330305
v 0.32777778 -0.70833333 0.53336023
v 0.33333333 -0.70833333 0.53341513
v 0.33888889 -0.70833333 0.53300135
v 0.34444444 -0.70833333 0.53191924
v 0.35000000 -0.70833333 0.53018396
v 0.35555556 -0.70833333 0.52817359
v 0.36111111 -0.70833333 0.52592643
v 0.36666667 -0.70833333 0.52288671
v 0.37222222 -0.70833333 0.51949629
v 0.37777778 -0.70833333 0.51581197
v 0.38333333 -0.70833333 0.51042137
v 0.45555556 -0.70833333 0.53193791
v 0.46111111 -0.70833333 0.53337833
v 0.46666667 -0.70833333 0.53546516
v 0.47222222 -0.70833333 0.53834378
v 0.47777778 -0.70833333 0.54033165
v 0.48333333 -0.70833333 0.54234674
v 0.48888889 -0.70833333 0.54420644
v 0.49444444 -0.70833333 0.54585396
v 0.50000000 -0.70833333 0.54710966
v 0.50555556 -0.70833333 0.54797369
v 0.51111111 -0.70833333 0.54851446
v 0.51666667 -0.70833333 0.54853646
v 0.52222222 -0.70833333 0.54806042
v 0.52777778 -0.70833333 0.54730200
v 0.53333333 -0.70833333 0.54513398
v 0.53888889 -0.70833333 0.54234982
v 0.54444444 -0.70833333 0.52412549
v 0.30555556 -0.71250000 0.52846845
v 0.31111111 -0.71250000 0.53070531
v 0.31666667 -0.71250000 0.53191466
v 0.32222222 -0.71250000 0.53241119
v 0.32777778 -0.71250000 0.53249373
v 0.33333333 -0.71250000 0.53257120
v 0.33888889 -0.71250000 0.53206526
v 0.34444444 -0.71250000 0.53097088
v 0.35000000 -0.71250000 0.52917466
v 0.35555556 -0.71250000 0.52706358
v 0.36111111 -0.71250000 0.52480187
v 0.36666667 -0.71250000 0.52188227
v 0.37222222 -0.71250000 0.51811491
v 0.37777778 -0.71250000 0.51452036
v 0.38333333 -0.71250000 0.52921625
v 0.45555556 -0.71250000 0.52341242
v 0.46111111 -0.71250000 0.53221947
v 0.46666667 -0.71250000 0.53496759
v 0.47222222 -0.71250000 0.53813592
v 0.47777778 -0.71250000 0.54042760
v 0.48333333 -0.71250000 0.54235289
v 0.48888889 -0.71250000 0.54427028
v 0.49444444 -0.71250000 0.54596754
v 0.50000000 -0.71250000 0.54738886
v 0.50555556 -0.71250000 0.54827614
v 0.51111111 -0.71250000 0.54880732
v 0.51666667 -0.71250000 0.54887209
v 0.52222222 -0.71250000 0.54855019
v 0.52777778 -0.71250000 0.54777625
v 0.53333333 -0.71250000 0.54594519
v 0.53888889 -0.71250000 0.54353696
v 0.54444444 -0.71250000 0.54029199
v 0.30555556 -0.71666667 0.52712781
v 0.31111111 -0.71666667 0.52951970
v 0.31666667 -0.71666667 0.53075087
v 0.32222222 -0.71666667 0.53123928
v 0.32777778 -0.71666667 0.53143727
v 0.33333333 -0.71666667 0.53157771
v 0.33888889 -0.71666667 0.53097392
v 0.34444444 -0.71666667 0.52976854
v 0.35000000 -0.71666667 0.52790945
v 0.35555556 -0.71666667 0.52580670
v 0.36111111 -0.71666667 0.52373754
v 0.36666667 -0.71666667 0.52084819
v 0.37222222 -0.71666667 0.51673236
v 0.37777778 -0.71666667 0.51210183
v 0.45555556 -0.71666667 0.49612652
v 0.46111111 -0.71666667 0.53084664
v 0.46666667 -0.71666667 0.53428198
v 0.47222222 -0.71666667 0.53748697
v 0.47777778 -0.71666667 0.54013528
v 0.48333333 -0.71666667 0.54226581
v 0.48888889 -0.71666667 0.54427553
v 0.49444444 -0.71666667 0.54601203
v 0.50000000 -0.71666667 0.54741411
v 0.50555556 -0.71666667 0.54839265
v 0.51111111 -0.71666667 0.54899679
v 0.51666667 -0.71666667 0.54912018
v 0.52222222 -0.71666667 0.54889659
v 0.52777778 -0.71666667 0.54819267
v 0.53333333 -0.71666667 0.54670161
v 0.53888889 -0.71666667 0.54478501
v 0.54444444 -0.71666667 0.54964696
v 0.30555556 -0.72083333 0.52547107
v 0.31111111 -0.72083333 0.52828960
v 0.31666667 -0.72083333 0.52957209
v 0.32222222 -0.72083333 0.53012241
v 0.32777778 -0.72083333 0.53041427
v 0.33333333 -0.72083333 0.53049152
v 0.33888889 -0.72083333 0.52987815
v 0.34444444 -0.72083333 0.52856823
v 0.35000000 -0.72083333 0.52676489
v 0.35555556 -0.72083333 0.52455887
v 0.36111111 -0.72083333 0.52257257
v 0.36666667 -0.72083333 0.51994132
v 0.37222222 -0.72083333 0.51572009
v 0.37777778 -0.72083333 0.50994734
v 0.46111111 -0.72083333 0.52890587
v 0.46666667 -0.72083333 0.53379332
v 0.47222222 -0.72083333 0.53679821
v 0.47777778 -0.72083333 0.53984170
v 0.48333333 -0.72083333 0.54198428
v 0.48888889 -0.72083333 0.54408177
v 0.49444444 -0.72083333 0.54583951
v 0.50000000 -0.72083333 0.54730632
v 0.50555556 -0.72083333 0.54840331
v 0.51111111 -0.72083333 0.54911356
v 0.51666667 -0.72083333 0.54938897
v 0.52222222 -0.72083333 0.54918451
v 0.52777778 -0.72083333 0.54862007
v 0.53333333 -0.72083333 0.54717793
v 0.53888889 -0.72083333 0.54542420
v 0.54444444 -0.72083333 0.55080013
v 0.30000000 -0.72500000 0.40304003
v 0.30555556 -0.72500000 0.52472413
v 0.31111111 -0.72500000 0.52727462
v 0.31666667 -0.72500000 0.52865267
v 0.32222222 -0.72500000 0.52910686
v 0.32777778 -0.72500000 0.52936574
v 0.33333333 -0.72500000 0.52938530
v 0.33888889 -0.72500000 0.52865067
v 0.34444444 -0.72500000 0.52729987
v 0.35000000 -0.72500000 0.52549442
v 0.35555556 -0.72500000 0.52356591
v 0.36111111 -0.72500000 0.52159556
v 0.36666667 -0.72500000 0.51878972
v 0.37222222 -0.72500000 0.51418158
v 0.37777778 -0.72500000 0.51907293
v 0.46111111 -0.72500000 0.52862953
v 0.46666667 -0.72500000 0.53388458
v 0.47222222 -0.72500000 0.53664615
v 0.47777778 -0.72500000 0.53952384
v 0.48333333 -0.72500000 0.54180268
v 0.48888889 -0.72500000 0.54386569
v 0.49444444 -0.72500000 0.54561342
v 0.50000000 -0.72500000 0.54709618
v 0.50555556 -0.72500000 0.54821495
v 0.51111111 -0.72500000 0.54898943
v 0.51666667 -0.72500000 0.54927950
v 0.52222222 -0.72500000 0.54921595
v 0.52777778 -0.72500000 0.54878608
v 0.53333333 -0.72500000 0.54761807
v 0.53888889 -0.72500000 0.54592559
v 0.54444444 -0.72500000 0.55200970
v 0.30000000 -0.72916667 0.40959399
v 0.30555556 -0.72916667 0.52382784
v 0.31111111 -0.72916667 0.52662892
v 0.31666667 -0.72916667 0.52775023
v 0.32222222 -0.72916667 0.52830641
v 0.32777778 -0.72916667 0.52846127
v 0.33333333 -0.72916667 0.52831675
v 0.33888889 -0.72916667 0.52760800
v 0.34444444 -0.72916667 0.52623339
v 0.35000000 -0.72916667 0.52446098
v 0.35555556 -0.72916667 0.52271576
v 0.36111111 -0.72916667 0.52047472
v 0.36666667 -0.72916667 0.51716934
v 0.37222222 -0.72916667 0.51262683
v 0.46111111 -0.72916667 0.53536445
v 0.46666667 -0.72916667 0.53345243
v 0.47222222 -0.72916667 0.53634603
v 0.47777778 -0.72916667 0.53920788
v 0.48333333 -0.72916667 0.54162748
v 0.48888889 -0.72916667 0.54352212
v 0.49444444 -0.72916667 0.54518802
v 0.50000000 -0.72916667 0.54664028
v 0.50555556 -0.72916667 0.54786222
v 0.51111111 -0.72916667 0.54871470
v 0.51666667 -0.72916667 0.54907204
v 0.52222222 -0.72916667 0.54913212
v 0.52777778 -0.72916667 0.54884051
v 0.53333333 -0.72916667 0.54784902
v 0.53888889 -0.72916667 0.54629610
v 0.54444444 -0.72916667 0.55284473
v 0.30000000 -0.73333333 0.51469599
v 0.30555556 -0.73333333 0.52250851
v 0.31111111 -0.73333333 0.52578839
v 0.31666667 -0.73333333 0.52699707
v 0.32222222 -0.73333333 0.52754860
v 0.32777778 -0.73333333 0.52765743
v 0.33333333 -0.73333333 0.52750704
v 0.33888889 -0.73333333 0.52683241
v 0.34444444 -0.73333333 0.52547454
v 0.35000000 -0.73333333 0.52365965
v 0.35555556 -0.73333333 0.52167739
v 0.36111111 -0.73333333 0.51927277
v 0.36666667 -0.73333333 0.51594368
v 0.37222222 -0.73333333 0.51062372
v 0.46111111 -0.73333333 0.48091550
v 0.46666667 -0.73333333 0.53212867
v 0.47222222 -0.73333333 0.53600303
v 0.47777778 -0.73333333 0.53874296
v 0.48333333 -0.73333333 0.54140285
v 0.48888889 -0.73333333 0.54327954
v 0.49444444 -0.73333333 0.54493997
v 0.50000000 -0.73333333 0.54632989
v 0.50555556 -0.73333333 0.54748900
v 0.51111111 -0.73333333 0.54843646
v 0.51666667 -0.73333333 0.54872561
v 0.52222222 -0.73333333 0.54877928
v 0.52777778 -0.73333333 0.54854786
v 0.53333333 -0.73333333 0.54789423
v 0.53888889 -0.73333333 0.54617271
v 0.54444444 -0.73333333 0.54470648
v 0.30000000 -0.73750000 0.53176564
v 0.30555556 -0.73750000 0.52181178
v 0.31111111 -0.73750000 0.52515074
v 0.31666667 -0.73750000 0.52631013
v 0.32222222 -0.73750000 0.52678463
v 0.32777778 -0.73750000 0.52686810
v 0.33333333 -0.73750000 0.52668750
v 0.33888889 -0.73750000 0.52598101
v 0.34444444 -0.73750000 0.52471712
v 0.35000000 -0.73750000 0.52280470
v 0.35555556 -0.73750000 0.52072753
v 0.36111111 -0.73750000 0.51832620
v 0.36666667 -0.73750000 0.51500098
v 0.37222222 -0.73750000 0.51228175
v 0.46666667 -0.73750000 0.53078649
v 0.47222222 -0.73750000 0.53522075
v 0.47777778 -0.73750000 0.53838322
v 0.48333333 -0.73750000 0.54096733
v 0.48888889 -0.73750000 0.54286680
v 0.49444444 -0.73750000 0.54444054
v 0.50000000 -0.73750000 0.54589140
v 0.50555556 -0.73750000 0.54717861
v 0.51111111 -0.73750000 0.54809246
v 0.51666667 -0.73750000 0.54846590
v 0.52222222 -0.73750000 0.54837048
v 0.52777778 -0.73750000 0.54821781
v 0.53333333 -0.73750000 0.54768040
v 0.53888889 -0.73750000 0.54590682
v 0.54444444 -0.73750000 0.54232149
v 0.30000000 -0.74166667 0.52813933
v 0.30555556 -0.74166667 0.52257911
v 0.31111111 -0.74166667 0.52446395
v 0.31666667 -0.74166667 0.52554249
v 0.32222222 -0.74166667 0.52601784
v 0.32777778 -0.74166667 0.52599024
v 0.33333333 -0.74166667 0.52578356
v 0.33888889 -0.74166667 0.52514566
v 0.34444444 -0.74166667 0.52381196
v 0.35000000 -0.74166667 0.52198595
v 0.35555556 -0.74166667 0.52002640
v 0.36111111 -0.74166667 0.51744432
v 0.36666667 -0.74166667 0.51356775
v 0.37222222 -0.74166667 0.52426289
v 0.46666667 -0.74166667 0.54940917
v 0.47222222 -0.74166667 0.53356261
v 0.47777778 -0.74166667 0.53790100
v 0.48333333 -0.74166667 0.54036269
v 0.48888889 -0.74166667 0.54229589
v 0.49444444 -0.74166667 0.54379635
v 0.50000000 -0.74166667 0.54532424
v 0.50555556 -0.74166667 0.54664596
v 0.51111111 -0.74166667 0.54759303
v 0.51666667 -0.74166667 0.54790070
v 0.52222222 -0.74166667 0.54772679
v 0.52777778 -0.74166667 0.54757272
v 0.53333333 -0.74166667 0.54721037
v 0.53888889 -0.74166667 0.54583182
v 0.54444444 -0.74166667 0.54227675
v 0.30000000 -0.74583333 0.51893592
v 0.30555556 -0.74583333 0.52257664
v 0.31111111 -0.74583333 0.52390852
v 0.31666667 -0.74583333 0.52489586
v 0.32222222 -0.74583333 0.52527455
v 0.32777778 -0.74583333 0.52531890
v 0.33333333 -0.74583333 0.52515196
v 0.33888889 -0.74583333 0.52446849
v 0.34444444 -0.74583333 0.52313243
v 0.35000000 -0.74583333 0.52129043
v 0.35555556 -0.74583333 0.51943738
v 0.36111111 -0.74583333 0.51676544
v 0.36666667 -0.74583333 0.51310294
v 0.37222222 -0.74583333 0.52272853
v 0.47222222 -0.74583333 0.53232104
v 0.47777778 -0.74583333 0.53714833
v 0.48333333 -0.74583333 0.53992217
v 0.48888889 -0.74583333 0.54186684
v 0.49444444 -0.74583333 0.54343486
v 0.50000000 -0.74583333 0.54495410
v 0.50555556 -0.74583333 0.54626656
v 0.51111111 -0.74583333 0.54716989
v 0.51666667 -0.74583333 0.54745917
v 0.52222222 -0.74583333 0.54725418
v 0.52777778 -0.74583333 0.54711893
v 0.53333333 -0.74583333 0.54673440
v 0.53888889 -0.74583333 0.54493006
v 0.54444444 -0.74583333 0.54159365
v 0.55000000 -0.74583333 0.37557056
v 0.30000000 -0.75000000 0.51889862
v 0.30555556 -0.75000000 0.52221823
v 0.31111111 -0.75000000 0.52343173
v 0.31666667 -0.75000000 0.52422870
v 0.32222222 -0.75000000 0.52455543
v 0.32777778 -0.75000000 0.52460750
v 0.33333333 -0.75000000 0.52439075
v 0.33888889 -0.75000000 0.52365178
v 0.34444444 -0.75000000 0.52245229
v 0.35000000 -0.75000000 0.52067428
v 0.35555556 -0.75000000 0.51873575
v 0.36111111 -0.75000000 0.51627620
v 0.36666667 -0.75000000 0.51276730
v 0.37222222 -0.75000000 0.51914635
v 0.47222222 -0.75000000 0.55098016
v 0.47777778 -0.75000000 0.53580358
v 0.48333333 -0.75000000 0.53916042
v 0.48888889 -0.75000000 0.54129163
v 0.49444444 -0.75000000 0.54297931
v 0.50000000 -0.75000000 0.54456829
v 0.50555556 -0.75000000 0.54575615
v 0.51111111 -0.75000000 0.54660823
v 0.51666667 -0.75000000 0.54692234
v 0.52222222 -0.75000000 0.54680039
v 0.52777778 -0.75000000 0.54665190
v 0.53333333 -0.75000000 0.54633129
v 0.53888889 -0.75000000 0.54424725
v 0.54444444 -0.75000000 0.54085110
v 0.55000000 -0.75000000 0.40262514
v 0.30000000 -0.75416667 0.51930785
v 0.30555556 -0.75416667 0.52161916
v 0.31111111 -0.75416667 0.52305411
v 0.31666667 -0.75416667 0.52372988
v 0.32222222 -0.75416667 0.52402325
v 0.32777778 -0.75416667 0.52405876
v 0.33333333 -0.75416667 0.52383127
v 0.33888889 -0.75416667 0.52307668
v 0.34444444 -0.75416667 0.52178342
v 0.35000000 -0.75416667 0.52002475
v 0.35555556 -0.75416667 0.51814209
v 0.36111111 -0.75416667 0.51573640
v 0.36666667 -0.75416667 0.51261635
v 0.37222222 -0.75416667 0.50599154
v 0.47777778 -0.75416667 0.53461429
v 0.48333333 -0.75416667 0.53866639
v 0.48888889 -0.75416667 0.54082822
v 0.49444444 -0.75416667 0.54262458
v 0.50000000 -0.75416667 0.54420683
v 0.50555556 -0.75416667 0.54528480
v 0.51111111 -0.75416667 0.54608356
v 0.51666667 -0.75416667 0.54642588
v 0.52222222 -0.75416667 0.54635593
v 0.52777778 -0.75416667 0.54623698
v 0.53333333 -0.75416667 0.54612064
v 0.53888889 -0.75416667 0.54382871
v 0.54444444 -0.75416667 0.54022872
v 0.55000000 -0.75416667 0.40596993
v 0.30000000 -0.75833333 0.51897247
v 0.30555556 -0.75833333 0.52110060
v 0.31111111 -0.75833333 0.52262281
v 0.31666667 -0.75833333 0.52324762
v 0.32222222 -0.75833333 0.52349153
v 0.32777778 -0.75833333 0.52356942
v 0.33333333 -0.75833333 0.52331132
v 0.33888889 -0.75833333 0.52245519
v 0.34444444 -0.75833333 0.52111369
v 0.35000000 -0.75833333 0.51940109
v 0.35555556 -0.75833333 0.51756442
v 0.36111111 -0.75833333 0.51526372
v 0.36666667 -0.75833333 0.51243163
v 0.37222222 -0.75833333 0.47476931
v 0.47777778 -0.75833333 0.53503064
v 0.48333333 -0.75833333 0.53823674
v 0.48888889 -0.75833333 0.54032954
v 0.49444444 -0.75833333 0.54210552
v 0.50000000 -0.75833333 0.54369060
v 0.50555556 -0.75833333 0.54469832
v 0.51111111 -0.75833333 0.54551443
v 0.51666667 -0.75833333 0.54588937
v 0.52222222 -0.75833333 0.54588175
v 0.52777778 -0.75833333 0.54573458
v 0.53333333 -0.75833333 0.54552956
v 0.53888889 -0.75833333 0.54363974
v 0.54444444 -0.75833333 0.54024135
v 0.55000000 -0.75833333 0.41274394
v 0.30000000 -0.76250000 0.51878060
v 0.30555556 -0.76250000 0.52096152
v 0.31111111 -0.76250000 0.52236450
v 0.31666667 -0.76250000 0.52298237
v 0.32222222 -0.76250000 0.52315679
v 0.32777778 -0.76250000 0.52321061
v 0.33333333 -0.76250000 0.52281947
v 0.33888889 -0.76250000 0.52197264
v 0.34444444 -0.76250000 0.52060250
v 0.35000000 -0.76250000 0.51880488
v 0.35555556 -0.76250000 0.51701878
v 0.36111111 -0.76250000 0.51486071
v 0.36666667 -0.76250000 0.51201257
v 0.37222222 -0.76250000 0.42995167
v 0.47777778 -0.76250000 0.53487318
v 0.48333333 -0.76250000 0.53762777
v 0.48888889 -0.76250000 0.53985186
v 0.49444444 -0.76250000 0.54157287
v 0.50000000 -0.76250000 0.54314747
v 0.50555556 -0.76250000 0.54421263
v 0.51111111 -0.76250000 0.54503968
v 0.51666667 -0.76250000 0.54548110
v 0.52222222 -0.76250000 0.54547641
v 0.52777778 -0.76250000 0.54537224
v 0.53333333 -0.76250000 0.54494298
v 0.53888889 -0.76250000 0.54347777
v 0.54444444 -0.76250000 0.54050517
v 0.55000000 -0.76250000 0.51381837
v 0.30000000 -0.76666667 0.51873597
v 0.30555556 -0.76666667 0.52085860
v 0.31111111 -0.76666667 0.52213140
v 0.31666667 -0.76666667 0.52259320
v 0.32222222 -0.76666667 0.52276561
v 0.32777778 -0.76666667 0.52280370
v 0.33333333 -0.76666667 0.52243423
v 0.33888889 -0.76666667 0.52142304
v 0.34444444 -0.76666667 0.52000823
v 0.35000000 -0.76666667 0.51825364
v 0.35555556 -0.76666667 0.51644769
v 0.36111111 -0.76666667 0.51428998
v 0.36666667 -0.76666667 0.51150684
v 0.37222222 -0.76666667 0.41351377
v 0.47777778 -0.76666667 0.53438859
v 0.48333333 -0.76666667 0.53719883
v 0.48888889 -0.76666667 0.53945432
v 0.49444444 -0.76666667 0.54115030
v 0.50000000 -0.76666667 0.54257383
v 0.50555556 -0.76666667 0.54354583
v 0.51111111 -0.76666667 0.54443507
v 0.51666667 -0.76666667 0.54490063
v 0.52222222 -0.76666667 0.54501071
v 0.52777778 -0.76666667 0.54488622
v 0.53333333 -0.76666667 0.54440360
v 0.53888889 -0.76666667 0.54311174
v 0.54444444 -0.76666667 0.54027275
v 0.55000000 -0.76666667 0.54856042
v 0.30000000 -0.77083333 0.51858834
v 0.30555556 -0.77083333 0.52053208
v 0.31111111 -0.77083333 0.52171043
v 0.31666667 -0.77083333 0.52218561
v 0.32222222 -0.77083333 0.52234883
v 0.32777778 -0.77083333 0.52234683
v 0.33333333 -0.77083333 0.52188660
v 0.33888889 -0.77083333 0.52090337
v 0.34444444 -0.77083333 0.51944454
v 0.35000000 -0.77083333 0.51767428
v 0.35555556 -0.77083333 0.51581966
v 0.36111111 -0.77083333 0.51365250
v 0.36666667 -0.77083333 0.51109225
v 0.37222222 -0.77083333 0.41445136
v 0.47777778 -0.77083333 0.53375026
v 0.48333333 -0.77083333 0.53660738
v 0.48888889 -0.77083333 0.53861947
v 0.49444444 -0.77083333 0.54030865
v 0.50000000 -0.77083333 0.54180390
v 0.50555556 -0.77083333 0.54280708
v 0.51111111 -0.77083333 0.54374042
v 0.51666667 -0.77083333 0.54446815
v 0.52222222 -0.77083333 0.54462433
v 0.52777778 -0.77083333 0.54444448
v 0.53333333 -0.77083333 0.54391941
v 0.53888889 -0.77083333 0.54287463
v 0.54444444 -0.77083333 0.54014840
v 0.55000000 -0.77083333 0.54881058
v 0.30000000 -0.77500000 0.51824888
v 0.30555556 -0.77500000 0.52023093
v 0.31111111 -0.77500000 0.52131522
v 0.31666667 -0.77500000 0.52178632
v 0.32222222 -0.77500000 0.52190920
v 0.32777778 -0.77500000 0.52191288
v 0.33333333 -0.77500000 0.52147290
v 0.33888889 -0.77500000 0.52041682
v 0.34444444 -0.77500000 0.51898452
v 0.35000000 -0.77500000 0.51722889
v 0.35555556 -0.77500000 0.51537098
v 0.36111111 -0.77500000 0.51329223
v 0.36666667 -0.77500000 0.51049869
v 0.37222222 -0.77500000 0.41554831
v 0.47777778 -0.77500000 0.53343719
v 0.48333333 -0.77500000 0.53611375
v 0.48888889 -0.77500000 0.53804187
v 0.49444444 -0.77500000 0.53977672
v 0.50000000 -0.77500000 0.54128201
v 0.50555556 -0.77500000 0.54226820
v 0.51111111 -0.77500000 0.54325293
v 0.51666667 -0.77500000 0.54404372
v 0.52222222 -0.77500000 0.54420097
v 0.52777778 -0.77500000 0.54407612
v 0.53333333 -0.77500000 0.54357891
v 0.53888889 -0.77500000 0.54273977
v 0.54444444 -0.77500000 0.54019750
v 0.55000000 -0.77500000 0.53702434
v 0.30000000 -0.77916667 0.51769273
v 0.30555556 -0.77916667 0.51983367
v 0.31111111 -0.77916667 0.52095215
v 0.31666667 -0.77916667 0.52122899
v 0.32222222 -0.77916667 0.52141750
v 0.32777778 -0.77916667 0.52133024
v 0.33333333 -0.77916667 0.52085345
v 0.33888889 -0.77916667 0.51988084
v 0.34444444 -0.77916667 0.51846703
v 0.35000000 -0.77916667 0.51679641
v 0.35555556 -0.77916667 0.51502068
v 0.36111111 -0.77916667 0.51295084
v 0.36666667 -0.77916667 0.51006274
v 0.37222222 -0.77916667 0.41520503
v 0.47777778 -0.77916667 0.53312742
v 0.48333333 -0.77916667 0.53571353
v 0.48888889 -0.77916667 0.53748618
v 0.49444444 -0.77916667 0.53913606
v 0.50000000 -0.77916667 0.54071656
v 0.50555556 -0.77916667 0.54171892
v 0.51111111 -0.77916667 0.54276105
v 0.51666667 -0.77916667 0.54346422
v 0.52222222 -0.77916667 0.54367322
v 0.52777778 -0.77916667 0.54360495
v 0.53333333 -0.77916667 0.54324961
v 0.53888889 -0.77916667 0.54257122
v 0.54444444 -0.77916667 0.54023176
v 0.55000000 -0.77916667 0.53670130
v 0.30000000 -0.78333333 0.51726079
v 0.30555556 -0.78333333 0.51931329
v 0.31111111 -0.78333333 0.52048466
v 0.31666667 -0.78333333 0.52067785
v 0.32222222 -0.78333333 0.52084225
v 0.32777778 -0.78333333 0.52086049
v 0.33333333 -0.78333333 0.52041893
v 0.33888889 -0.78333333 0.51937244
v 0.34444444 -0.78333333 0.51793485
v 0.35000000 -0.78333333 0.51635338
v 0.35555556 -0.78333333 0.51465926
v 0.36111111 -0.78333333 0.51270397
v 0.36666667 -0.78333333 0.50960262
v 0.37222222 -0.78333333 0.41690429
v 0.47777778 -0.78333333 0.53251455
v 0.48333333 -0.78333333 0.53500460
v 0.48888889 -0.78333333 0.53681070
v 0.49444444 -0.78333333 0.53850217
v 0.50000000 -0.78333333 0.53999723
v 0.50555556 -0.78333333 0.54108481
v 0.51111111 -0.78333333 0.54211575
v 0.51666667 -0.78333333 0.54286169
v 0.52222222 -0.78333333 0.54314003
v 0.52777778 -0.78333333 0.54321642
v 0.53333333 -0.78333333 0.54301153
v 0.53888889 -0.78333333 0.54239513
v 0.54444444 -0.78333333 0.54013971
v 0.55000000 -0.78333333 0.53677340
v 0.30000000 -0.78750000 0.51704006
v 0.30555556 -0.78750000 0.51885012
v 0.31111111 -0.78750000 0.52006634
v 0.31666667 -0.78750000 0.52023547
v 0.32222222 -0.78750000 0.52028039
v 0.32777778 -0.78750000 0.52037480
v 0.33333333 -0.78750000 0.52002103
v 0.33888889 -0.78750000 0.51895359
v 0.34444444 -0.78750000 0.51753126
v 0.35000000 -0.78750000 0.51605265
v 0.35555556 -0.78750000 0.51440098
v 0.36111111 -0.78750000 0.51247834
v 0.36666667 -0.78750000 0.50926859
v 0.47777778 -0.78750000 0.53181310
v 0.48333333 -0.78750000 0.53424672
v 0.48888889 -0.78750000 0.53623888
v 0.49444444 -0.78750000 0.53786842
v 0.50000000 -0.78750000 0.53946344
v 0.50555556 -0.78750000 0.54058986
v 0.51111111 -0.78750000 0.54163599
v 0.51666667 -0.78750000 0.54240010
v 0.52222222 -0.78750000 0.54272418
v 0.52777778 -0.78750000 0.54284366
v 0.53333333 -0.78750000 0.54276638
v 0.53888889 -0.78750000 0.54229953
v 0.54444444 -0.78750000 0.54019847
v 0.55000000 -0.78750000 0.53718935
v 0.30000000 -0.79166667 0.52623521
v 0.30555556 -0.79166667 0.51829873
v 0.31111111 -0.79166667 0.51955694
v 0.31666667 -0.79166667 0.51964077
v 0.32222222 -0.79166667 0.51975886
v 0.32777778 -0.79166667 0.51984580
v 0.33333333 -0.79166667 0.51950980
v 0.33888889 -0.79166667 0.51862346
v 0.34444444 -0.79166667 0.51716001
v 0.35000000 -0.79166667 0.51566098
v 0.35555556 -0.79166667 0.51405523
v 0.36111111 -0.79166667 0.51207047
v 0.36666667 -0.79166667 0.50856721
v 0.47777778 -0.79166667 0.53090140
v 0.48333333 -0.79166667 0.53344624
v 0.48888889 -0.79166667 0.53524064
v 0.49444444 -0.79166667 0.53712713
v 0.50000000 -0.79166667 0.53869236
v 0.50555556 -0.79166667 0.53985146
v 0.51111111 -0.79166667 0.54089466
v 0.51666667 -0.79166667 0.54175569
v 0.52222222 -0.79166667 0.54218581
v 0.52777778 -0.79166667 0.54237546
v 0.53333333 -0.79166667 0.54238021
v 0.53888889 -0.79166667 0.54188594
v 0.54444444 -0.79166667 0.54001064
v 0.55000000 -0.79166667 0.53730608
v 0.30000000 -0.79583333 0.52619498
v 0.30555556 -0.79583333 0.51800072
v 0.31111111 -0.79583333 0.51928389
v 0.31666667 -0.79583333 0.51928385
v 0.32222222 -0.79583333 0.51933804
v 0.32777778 -0.79583333 0.51934243
v 0.33333333 -0.79583333 0.51907625
v 0.33888889 -0.79583333 0.51817178
v 0.34444444 -0.79583333 0.51676337
v 0.35000000 -0.79583333 0.51531712
v 0.35555556 -0.79583333 0.51353456
v 0.36111111 -0.79583333 0.51152308
v 0.36666667 -0.79583333 0.50741308
v 0.47777778 -0.79583333 0.52997725
v 0.48333333 -0.79583333 0.53263704
v 0.48888889 -0.79583333 0.53449795
v 0.49444444 -0.79583333 0.53642811
v 0.50000000 -0.79583333 0.53788061
v 0.50555556 -0.79583333 0.53910105
v 0.51111111 -0.79583333 0.54027969
v 0.51666667 -0.79583333 0.54120762
v 0.52222222 -0.79583333 0.54172379
v 0.52777778 -0.79583333 0.54192470
v 0.53333333 -0.79583333 0.54192080
v 0.53888889 -0.79583333 0.54148643
v 0.54444444 -0.79583333 0.53951032
v 0.55000000 -0.79583333 0.53691906
v 0.30000000 -0.80000000 0.52742178
v 0.30555556 -0.80000000 0.51750734
v 0.31111111 -0.80000000 0.51897937
v 0.31666667 -0.80000000 0.51887662
v 0.32222222 -0.80000000 0.51889447
v 0.32777778 -0.80000000 0.51885892
v 0.33333333 -0.80000000 0.51858559
v 0.33888889 -0.80000000 0.51767707
v 0.34444444 -0.80000000 0.51632470
v 0.35000000 -0.80000000 0.51492938
v 0.35555556 -0.80000000 0.51321938
v 0.36111111 -0.80000000 0.51101714
v 0.36666667 -0.80000000 0.50708199
v 0.47777778 -0.80000000 0.53063504
v 0.48333333 -0.80000000 0.53171604
v 0.48888889 -0.80000000 0.53367026
v 0.49444444 -0.80000000 0.53561161
v 0.50000000 -0.80000000 0.53718424
v 0.50555556 -0.80000000 0.53851368
v 0.51111111 -0.80000000 0.53975301
v 0.51666667 -0.80000000 0.54071835
v 0.52222222 -0.80000000 0.54128737
v 0.52777778 -0.80000000 0.54149029
v 0.53333333 -0.80000000 0.54151783
v 0.53888889 -0.80000000 0.54113145
v 0.54444444 -0.80000000 0.53963120
v 0.55000000 -0.80000000 0.53662802
v 0.30000000 -0.80416667 0.43757833
v 0.30555556 -0.80416667 0.51637484
v 0.31111111 -0.80416667 0.51845952
v 0.31666667 -0.80416667 0.51842011
v 0.32222222 -0.80416667 0.51840377
v 0.32777778 -0.80416667 0.51829830
v 0.33333333 -0.80416667 0.51804110
v 0.33888889 -0.80416667 0.51720393
v 0.34444444 -0.80416667 0.51587530
v 0.35000000 -0.80416667 0.51444361
v 0.35555556 -0.80416667 0.51290238
v 0.36111111 -0.80416667 0.51060566
v 0.36666667 -0.80416667 0.50726599
v 0.47777778 -0.80416667 0.54148386
v 0.48333333 -0.80416667 0.53090951
v 0.48888889 -0.80416667 0.53289499
v 0.49444444 -0.80416667 0.53499352
v 0.50000000 -0.80416667 0.53650703
v 0.50555556 -0.80416667 0.53796444
v 0.51111111 -0.80416667 0.53925401
v 0.51666667 -0.80416667 0.54025100
v 0.52222222 -0.80416667 0.54083176
v 0.52777778 -0.80416667 0.54111511
v 0.53333333 -0.80416667 0.54113309
v 0.53888889 -0.80416667 0.54070920
v 0.54444444 -0.80416667 0.53906618
v 0.55000000 -0.80416667 0.53615878
v 0.30555556 -0.80833333 0.51594983
v 0.31111111 -0.80833333 0.51772714
v 0.31666667 -0.80833333 0.51784923
v 0.32222222 -0.80833333 0.51786021
v 0.32777778 -0.80833333 0.51765225
v 0.33333333 -0.80833333 0.51754929
v 0.33888889 -0.80833333 0.51677721
v 0.34444444 -0.80833333 0.51560758
v 0.35000000 -0.80833333 0.51423072
v 0.35555556 -0.80833333 0.51262962
v 0.36111111 -0.80833333 0.51030908
v 0.36666667 -0.80833333 0.51470797
v 0.47777778 -0.80833333 0.53869389
v 0.48333333 -0.80833333 0.53029014
v 0.48888889 -0.80833333 0.53222340
v 0.49444444 -0.80833333 0.53428545
v 0.50000000 -0.80833333 0.53581499
v 0.50555556 -0.80833333 0.53720677
v 0.51111111 -0.80833333 0.53854287
v 0.51666667 -0.80833333 0.53965605
v 0.52222222 -0.80833333 0.54035354
v 0.52777778 -0.80833333 0.54069672
v 0.53333333 -0.80833333 0.54082611
v 0.53888889 -0.80833333 0.54050431
v 0.54444444 -0.80833333 0.53877343
v 0.55000000 -0.80833333 0.53512334
v 0.30555556 -0.81250000 0.51511027
v 0.31111111 -0.81250000 0.51667374
v 0.31666667 -0.81250000 0.51726587
v 0.32222222 -0.81250000 0.51721809
v 0.32777778 -0.81250000 0.51696829
v 0.33333333 -0.81250000 0.51693660
v 0.33888889 -0.81250000 0.51630067
v 0.34444444 -0.81250000 0.51515014
v 0.35000000 -0.81250000 0.51386855
v 0.35555556 -0.81250000 0.51236604
v 0.36111111 -0.81250000 0.51008266
v 0.36666667 -0.81250000 0.50846990
v 0.47777778 -0.81250000 0.52706441
v 0.48333333 -0.81250000 0.52877026
v 0.48888889 -0.81250000 0.53130430
v 0.49444444 -0.81250000 0.53351183
v 0.50000000 -0.81250000 0.53511035
v 0.50555556 -0.81250000 0.53646408
v 0.51111111 -0.81250000 0.53780769
v 0.51666667 -0.81250000 0.53894495
v 0.52222222 -0.81250000 0.53969243
v 0.52777778 -0.81250000 0.54017833
v 0.53333333 -0.81250000 0.54036287
v 0.53888889 -0.81250000 0.53998851
v 0.54444444 -0.81250000 0.53837539
v 0.55000000 -0.81250000 0.54055313
v 0.30555556 -0.81666667 0.52054296
v 0.31111111 -0.81666667 0.51590223
v 0.31666667 -0.81666667 0.51684065
v 0.32222222 -0.81666667 0.51662650
v 0.32777778 -0.81666667 0.51640069
v 0.33333333 -0.81666667 0.51642576
v 0.33888889 -0.81666667 0.51586672
v 0.34444444 -0.81666667 0.51483253
v 0.35000000 -0.81666667 0.51360927
v 0.35555556 -0.81666667 0.51208763
v 0.36111111 -0.81666667 0.50976530
v 0.36666667 -0.81666667 0.42904093
v 0.48333333 -0.81666667 0.52855861
v 0.48888889 -0.81666667 0.53070409
v 0.49444444 -0.81666667 0.53284099
v 0.50000000 -0.81666667 0.53445396
v 0.50555556 -0.81666667 0.53592392
v 0.51111111 -0.81666667 0.53739524
v 0.51666667 -0.81666667 0.53850607
v 0.52222222 -0.81666667 0.53929135
v 0.52777778 -0.81666667 0.53972661
v 0.53333333 -0.81666667 0.53996236
v 0.53888889 -0.81666667 0.53964025
v 0.54444444 -0.81666667 0.53810424
v 0.55000000 -0.81666667 0.54477392
v 0.30555556 -0.82083333 0.51855294
v 0.31111111 -0.82083333 0.51512482
v 0.31666667 -0.82083333 0.51625918
v 0.32222222 -0.82083333 0.51610633
v 0.32777778 -0.82083333 0.51597136
v 0.33333333 -0.82083333 0.51594951
v 0.33888889 -0.82083333 0.51561016
v 0.34444444 -0.82083333 0.51462847
v 0.35000000 -0.82083333 0.51328382
v 0.35555556 -0.82083333 0.51152254
v 0.36111111 -0.82083333 0.50899962
v 0.48333333 -0.82083333 0.52817370
v 0.48888889 -0.82083333 0.53034225
v 0.49444444 -0.82083333 0.53222033
v 0.50000000 -0.82083333 0.53386534
v 0.50555556 -0.82083333 0.53536724
v 0.51111111 -0.82083333 0.53697764
v 0.51666667 -0.82083333 0.53808063
v 0.52222222 -0.82083333 0.53889492
v 0.52777778 -0.82083333 0.53931577
v 0.53333333 -0.82083333 0.53957952
v 0.53888889 -0.82083333 0.53919579
v 0.54444444 -0.82083333 0.53777100
v 0.55000000 -0.82083333 0.54263431
v 0.31111111 -0.82500000 0.51387198
v 0.31666667 -0.82500000 0.51567822
v 0.32222222 -0.82500000 0.51557786
v 0.32777778 -0.82500000 0.51555065
v 0.33333333 -0.82500000 0.51561978
v 0.33888889 -0.82500000 0.51531129
v 0.34444444 -0.82500000 0.51435195
v 0.35000000 -0.82500000 0.51292262
v 0.35555556 -0.82500000 0.51086665
v 0.36111111 -0.82500000 0.50770665
v 0.48333333 -0.82500000 0.52731696
v 0.48888889 -0.82500000 0.52991427
v 0.49444444 -0.82500000 0.53161308
v 0.50000000 -0.82500000 0.53316547
v 0.50555556 -0.82500000 0.53489299
v 0.51111111 -0.82500000 0.53646687
v 0.51666667 -0.82500000 0.53761983
v 0.52222222 -0.82500000 0.53844309
v 0.52777778 -0.82500000 0.53893690
v 0.53333333 -0.82500000 0.53925995
v 0.53888889 -0.82500000 0.53869339
v 0.54444444 -0.82500000 0.53747832
v 0.55000000 -0.82500000 0.49445726
v 0.31111111 -0.82916667 0.51378440
v 0.31666667 -0.82916667 0.51540170
v 0.32222222 -0.82916667 0.51538321
v 0.32777778 -0.82916667 0.51528872
v 0.33333333 -0.82916667 0.51540906
v 0.33888889 -0.82916667 0.51520257
v 0.34444444 -0.82916667 0.51410919
v 0.35000000 -0.82916667 0.51244050
v 0.35555556 -0.82916667 0.51036161
v 0.36111111 -0.82916667 0.50585496
v 0.48333333 -0.82916667 0.53689502
v 0.48888889 -0.82916667 0.52936184
v 0.49444444 -0.82916667 0.53096058
v 0.50000000 -0.82916667 0.53254659
v 0.50555556 -0.82916667 0.53422472
v 0.51111111 -0.82916667 0.53588412
v 0.51666667 -0.82916667 0.53703439
v 0.52222222 -0.82916667 0.53793851
v 0.52777778 -0.82916667 0.53860030
v 0.53333333 -0.82916667 0.53896444
v 0.53888889 -0.82916667 0.53837954
v 0.54444444 -0.82916667 0.53711604
v 0.55000000 -0.82916667 0.44528654
v 0.31111111 -0.83333333 0.51334162
v 0.31666667 -0.83333333 0.51504225
v 0.32222222 -0.83333333 0.51506613
v 0.32777778 -0.83333333 0.51510000
v 0.33333333 -0.83333333 0.51524059
v 0.33888889 -0.83333333 0.51509743
v 0.34444444 -0.83333333 0.51402329
v 0.35000000 -0.83333333 0.51216438
v 0.35555556 -0.83333333 0.51001886
v 0.36111111 -0.83333333 0.50715247
v 0.48888889 -0.83333333 0.52768307
v 0.49444444 -0.83333333 0.52996516
v 0.50000000 -0.83333333 0.53180984
v 0.50555556 -0.83333333 0.53361182
v 0.51111111 -0.83333333 0.53528545
v 0.51666667 -0.83333333 0.53647832
v 0.52222222 -0.83333333 0.53733627
v 0.52777778 -0.83333333 0.53803003
v 0.53333333 -0.83333333 0.53842074
v 0.53888889 -0.83333333 0.53776553
v 0.54444444 -0.83333333 0.53674879
v 0.55000000 -0.83333333 0.44526007
v 0.31111111 -0.83750000 0.51312318
v 0.31666667 -0.83750000 0.51467965
v 0.32222222 -0.83750000 0.51504604
v 0.32777778 -0.83750000 0.51503316
v 0.33333333 -0.83750000 0.51510673
v 0.33888889 -0.83750000 0.51495767
v 0.34444444 -0.83750000 0.51393632
v 0.35000000 -0.83750000 0.51206363
v 0.35555556 -0.83750000 0.51033057
v 0.36111111 -0.83750000 0.50699240
v 0.48888889 -0.83750000 0.52714334
v 0.49444444 -0.83750000 0.52938262
v 0.50000000 -0.83750000 0.53120316
v 0.50555556 -0.83750000 0.53314769
v 0.51111111 -0.83750000 0.53478034
v 0.51666667 -0.83750000 0.53596970
v 0.52222222 -0.83750000 0.53678645
v 0.52777778 -0.83750000 0.53749516
v 0.53333333 -0.83750000 0.53781570
v 0.53888889 -0.83750000 0.53708922
v 0.54444444 -0.83750000 0.53621807
v 0.55000000 -0.83750000 0.44226369
v 0.31111111 -0.84166667 0.51203928
v 0.31666667 -0.84166667 0.51428708
v 0.32222222 -0.84166667 0.51502054
v 0.32777778 -0.84166667 0.51503824
v 0.33333333 -0.84166667 0.51511059
v 0.33888889 -0.84166667 0.51501932
v 0.34444444 -0.84166667 0.51402998
v 0.35000000 -0.84166667 0.51224248
v 0.35555556 -0.84166667 0.51051450
v 0.36111111 -0.84166667 0.50584102
v 0.48888889 -0.84166667 0.52628388
v 0.49444444 -0.84166667 0.52886596
v 0.50000000 -0.84166667 0.53092593
v 0.50555556 -0.84166667 0.53269233
v 0.51111111 -0.84166667 0.53428502
v 0.51666667 -0.84166667 0.53546773
v 0.52222222 -0.84166667 0.53615406
v 0.52777778 -0.84166667 0.53684682
v 0.53333333 -0.84166667 0.53717473
v 0.53888889 -0.84166667 0.53639696
v 0.54444444 -0.84166667 0.53514444
v 0.31111111 -0.84583333 0.51151114
v 0.31666667 -0.84583333 0.51386830
v 0.32222222 -0.84583333 0.51510730
v 0.32777778 -0.84583333 0.51512479
v 0.33333333 -0.84583333 0.51512758
v 0.33888889 -0.84583333 0.51506395
v 0.34444444 -0.84583333 0.51411474
v 0.35000000 -0.84583333 0.51218437
v 0.35555556 -0.84583333 0.51027235
v 0.36111111 -0.84583333 0.48785663
v 0.48888889 -0.84583333 0.53074819
v 0.49444444 -0.84583333 0.52857023
v 0.50000000 -0.84583333 0.53061601
v 0.50555556 -0.84583333 0.53216593
v 0.51111111 -0.84583333 0.53369161
v 0.51666667 -0.84583333 0.53475466
v 0.52222222 -0.84583333 0.53544956
v 0.52777778 -0.84583333 0.53614479
v 0.53333333 -0.84583333 0.53632643
v 0.53888889 -0.84583333 0.53582615
v 0.54444444 -0.84583333 0.53375902
v 0.31111111 -0.85000000 0.51015719
v 0.31666667 -0.85000000 0.51351142
v 0.32222222 -0.85000000 0.51502701
v 0.32777778 -0.85000000 0.51513544
v 0.33333333 -0.85000000 0.51513054
v 0.33888889 -0.85000000 0.51519467
v 0.34444444 -0.85000000 0.51446292
v 0.35000000 -0.85000000 0.51212862
v 0.35555556 -0.85000000 0.50994712
v 0.36111111 -0.85000000 0.44463512
v 0.48888889 -0.85000000 0.52890029
v 0.49444444 -0.85000000 0.52793752
v 0.50000000 -0.85000000 0.53006415
v 0.50555556 -0.85000000 0.53143079
v 0.51111111 -0.85000000 0.53290147
v 0.51666667 -0.85000000 0.53394749
v 0.52222222 -0.85000000 0.53469393
v 0.52777778 -0.85000000 0.53535386
v 0.53333333 -0.85000000 0.53562012
v 0.53888889 -0.85000000 0.53471829
v 0.54444444 -0.85000000 0.53185616
v 0.31666667 -0.85416667 0.51281143
v 0.32222222 -0.85416667 0.51438997
v 0.32777778 -0.85416667 0.51480335
v 0.33333333 -0.85416667 0.51507028
v 0.33888889 -0.85416667 0.51513283
v 0.34444444 -0.85416667 0.51443346
v 0.35000000 -0.85416667 0.51199658
v 0.35555556 -0.85416667 0.50953910
v 0.49444444 -0.85416667 0.52681296
v 0.50000000 -0.85416667 0.52904316
v 0.50555556 -0.85416667 0.53058332
v 0.51111111 -0.85416667 0.53221207
v 0.51666667 -0.85416667 0.53314347
v 0.52222222 -0.85416667 0.53395371
v 0.52777778 -0.85416667 0.53466729
v 0.53333333 -0.85416667 0.53486981
v 0.53888889 -0.85416667 0.53371822
v 0.54444444 -0.85416667 0.53291949
v 0.31666667 -0.85833333 0.51130675
v 0.32222222 -0.85833333 0.51371155
v 0.32777778 -0.85833333 0.51446021
v 0.33333333 -0.85833333 0.51487105
v 0.33888889 -0.85833333 0.51508391
v 0.34444444 -0.85833333 0.51443803
v 0.35000000 -0.85833333 0.51211545
v 0.35555556 -0.85833333 0.50940667
v 0.49444444 -0.85833333 0.52646331
v 0.50000000 -0.85833333 0.52828596
v 0.50555556 -0.85833333 0.53000979
v 0.51111111 -0.85833333 0.53156551
v 0.51666667 -0.85833333 0.53249742
v 0.52222222 -0.85833333 0.53323209
v 0.52777778 -0.85833333 0.53388247
v 0.53333333 -0.85833333 0.53393580
v 0.53888889 -0.85833333 0.53269708
v 0.54444444 -0.85833333 0.53309373
v 0.31666667 -0.86250000 0.51087606
v 0.32222222 -0.86250000 0.51296897
v 0.32777778 -0.86250000 0.51407558
v 0.33333333 -0.86250000 0.51460022
v 0.33888889 -0.86250000 0.51484244
v 0.34444444 -0.86250000 0.51443853
v 0.35000000 -0.86250000 0.51216756
v 0.35555556 -0.86250000 0.50906138
v 0.49444444 -0.86250000 0.52515900
v 0.50000000 -0.86250000 0.52740344
v 0.50555556 -0.86250000 0.52951069
v 0.51111111 -0.86250000 0.53097310
v 0.51666667 -0.86250000 0.53188069
v 0.52222222 -0.86250000 0.53258783
v 0.52777778 -0.86250000 0.53322512
v 0.53333333 -0.86250000 0.53308944
v 0.53888889 -0.86250000 0.53201669
v 0.54444444 -0.86250000 0.53076965
v 0.31666667 -0.86666667 0.50923598
v 0.32222222 -0.86666667 0.51236336
v 0.32777778 -0.86666667 0.51392316
v 0.33333333 -0.86666667 0.51440853
v 0.33888889 -0.86666667 0.51462908
v 0.34444444 -0.86666667 0.51423368
v 0.35000000 -0.86666667 0.51194293
v 0.35555556 -0.86666667 0.50868788
v 0.49444444 -0.86666667 0.52266047
v 0.50000000 -0.86666667 0.52690945
v 0.50555556 -0.86666667 0.52903572
v 0.51111111 -0.86666667 0.53052095
v 0.51666667 -0.86666667 0.53133938
v 0.52222222 -0.86666667 0.53213936
v 0.52777778 -0.86666667 0.53265760
v 0.53333333 -0.86666667 0.53229600
v 0.53888889 -0.86666667 0.53120710
v 0.54444444 -0.86666667 0.48866057
v 0.31666667 -0.87083333 0.50477589
v 0.32222222 -0.87083333 0.51240585
v 0.32777778 -0.87083333 0.51384223
v 0.33333333 -0.87083333 0.51426848
v 0.33888889 -0.87083333 0.51431869
v 0.34444444 -0.87083333 0.51400795
v 0.35000000 -0.87083333 0.51152158
v 0.35555556 -0.87083333 0.50868444
v 0.49444444 -0.87083333 0.52007332
v 0.50000000 -0.87083333 0.52635441
v 0.50555556 -0.87083333 0.52822666
v 0.51111111 -0.87083333 0.52987500
v 0.51666667 -0.87083333 0.53068460
v 0.52222222 -0.87083333 0.53167466
v 0.52777778 -0.87083333 0.53211343
v 0.53333333 -0.87083333 0.53147564
v 0.53888889 -0.87083333 0.53030545
v 0.54444444 -0.87083333 0.46057130
v 0.32222222 -0.87500000 0.51238639
v 0.32777778 -0.87500000 0.51364821
v 0.33333333 -0.87500000 0.51404225
v 0.33888889 -0.87500000 0.51402079
v 0.34444444 -0.87500000 0.51350867
v 0.35000000 -0.87500000 0.51103728
v 0.35555556 -0.87500000 0.50783461
v 0.50000000 -0.87500000 0.52469834
v 0.50555556 -0.87500000 0.52695426
v 0.51111111 -0.87500000 0.52891277
v 0.51666667 -0.87500000 0.52988945
v 0.52222222 -0.87500000 0.53101355
v 0.52777778 -0.87500000 0.53147800
v 0.53333333 -0.87500000 0.53060675
v 0.53888889 -0.87500000 0.52919236
v 0.54444444 -0.87500000 0.45810306
v 0.32222222 -0.87916667 0.51204286
v 0.32777778 -0.87916667 0.51351721
v 0.33333333 -0.87916667 0.51393217
v 0.33888889 -0.87916667 0.51389376
v 0.34444444 -0.87916667 0.51331340
v 0.35000000 -0.87916667 0.51081301
v 0.35555556 -0.87916667 0.50693407
v 0.50000000 -0.87916667 0.52353212
v 0.50555556 -0.87916667 0.52588735
v 0.51111111 -0.87916667 0.52821794
v 0.51666667 -0.87916667 0.52949288
v 0.52222222 -0.87916667 0.53058136
v 0.52777778 -0.87916667 0.53098783
v 0.53333333 -0.87916667 0.52989550
v 0.53888889 -0.87916667 0.52818825
v 0.32222222 -0.88333333 0.51196007
v 0.32777778 -0.88333333 0.51352587
v 0.33333333 -0.88333333 0.51397312
v 0.33888889 -0.88333333 0.51393903
v 0.34444444 -0.88333333 0.51314524
v 0.35000000 -0.88333333 0.51085975
v 0.35555556 -0.88333333 0.50712343
v 0.50000000 -0.88333333 0.52239479
v 0.50555556 -0.88333333 0.52515560
v 0.51111111 -0.88333333 0.52764108
v 0.51666667 -0.88333333 0.52903451
v 0.52222222 -0.88333333 0.53017091
v 0.52777778 -0.88333333 0.53077226
v 0.53333333 -0.88333333 0.52944642
v 0.53888889 -0.88333333 0.52750776
v 0.32222222 -0.88750000 0.51211756
v 0.32777778 -0.88750000 0.51368226
v 0.33333333 -0.88750000 0.51411134
v 0.33888889 -0.88750000 0.51406674
v 0.34444444 -0.88750000 0.51312025
v 0.35000000 -0.88750000 0.51115501
v 0.35555556 -0.88750000 0.50726177
v 0.36111111 -0.88750000 0.47140067
v 0.50000000 -0.88750000 0.52182945
v 0.50555556 -0.88750000 0.52483084
v 0.51111111 -0.88750000 0.52741871
v 0.51666667 -0.88750000 0.52889178
v 0.52222222 -0.88750000 0.52999088
v 0.52777778 -0.88750000 0.53064036
v 0.53333333 -0.88750000 0.52935873
v 0.53888889 -0.88750000 0.52689414
v 0.31666667 -0.89166667 0.49219444
v 0.32222222 -0.89166667 0.51234001
v 0.32777778 -0.89166667 0.51398056
v 0.33333333 -0.89166667 0.51430081
v 0.33888889 -0.89166667 0.51421677
v 0.34444444 -0.89166667 0.51339823
v 0.35000000 -0.89166667 0.51125561
v 0.35555556 -0.89166667 0.50733819
v 0.36111111 -0.89166667 0.47548496
v 0.50000000 -0.89166667 0.51511338
v 0.50555556 -0.89166667 0.52470986
v 0.51111111 -0.89166667 0.52713672
v 0.51666667 -0.89166667 0.52863225
v 0.52222222 -0.89166667 0.52989045
v 0.52777778 -0.89166667 0.53066175
v 0.53333333 -0.89166667 0.52924308
v 0.53888889 -0.89166667 0.52648151
v 0.31666667 -0.89583333 0.50509107
v 0.32222222 -0.89583333 0.51275253
v 0.32777778 -0.89583333 0.51433207
v 0.33333333 -0.89583333 0.51465890
v 0.33888889 -0.89583333 0.51450412
v 0.34444444 -0.89583333 0.51372714
v 0.35000000 -0.89583333 0.51139455
v 0.35555556 -0.89583333 0.50770047
v 0.36111111 -0.89583333 0.47843996
v 0.50555556 -0.89583333 0.52443355
v 0.51111111 -0.89583333 0.52678413
v 0.51666667 -0.89583333 0.52847507
v 0.52222222 -0.89583333 0.52971729
v 0.52777778 -0.89583333 0.53044217
v 0.53333333 -0.89583333 0.52886982
v 0.53888889 -0.89583333 0.52610711
v 0.31666667 -0.90000000 0.50866635
v 0.32222222 -0.90000000 0.51363913
v 0.32777778 -0.90000000 0.51498227
v 0.33333333 -0.90000000 0.51538546
v 0.33888889 -0.90000000 0.51508480
v 0.34444444 -0.90000000 0.51428311
v 0.35000000 -0.90000000 0.51195892
v 0.35555556 -0.90000000 0.50803038
v 0.50555556 -0.90000000 0.52403097
v 0.51111111 -0.90000000 0.52644457
v 0.51666667 -0.90000000 0.52837168
v 0.52222222 -0.90000000 0.52974175
v 0.52777778 -0.90000000 0.53052295
v 0.53333333 -0.90000000 0.52906762
v 0.53888889 -0.90000000 0.52660064
v 0.31666667 -0.90416667 0.51223680
v 0.32222222 -0.90416667 0.51473998
v 0.32777778 -0.90416667 0.51614739
v 0.33333333 -0.90416667 0.51647619
v 0.33888889 -0.90416667 0.51596078
v 0.34444444 -0.90416667 0.51494004
v 0.35000000 -0.90416667 0.51271012
v 0.35555556 -0.90416667 0.50870329
v 0.50555556 -0.90416667 0.52340569
v 0.51111111 -0.90416667 0.52604445
v 0.51666667 -0.90416667 0.52816923
v 0.52222222 -0.90416667 0.52978724
v 0.52777778 -0.90416667 0.53062856
v 0.53333333 -0.90416667 0.52954377
v 0.53888889 -0.90416667 0.52714537
v 0.54444444 -0.90416667 0.48005372
v 0.31666667 -0.90833333 0.51434190
v 0.32222222 -0.90833333 0.51599411
v 0.32777778 -0.90833333 0.51730045
v 0.33333333 -0.90833333 0.51748620
v 0.33888889 -0.90833333 0.51708065
v 0.34444444 -0.90833333 0.51595037
v 0.35000000 -0.90833333 0.51332284
v 0.35555556 -0.90833333 0.50869285
v 0.50555556 -0.90833333 0.52315400
v 0.51111111 -0.90833333 0.52584254
v 0.51666667 -0.90833333 0.52797292
v 0.52222222 -0.90833333 0.52968106
v 0.52777778 -0.90833333 0.53065528
v 0.53333333 -0.90833333 0.53016404
v 0.53888889 -0.90833333 0.52797385
v 0.54444444 -0.90833333 0.51638489
v 0.31111111 -0.91250000 0.51247079
v 0.31666667 -0.91250000 0.51624448
v 0.32222222 -0.91250000 0.51769878
v 0.32777778 -0.91250000 0.51851771
v 0.33333333 -0.91250000 0.51867635
v 0.33888889 -0.91250000 0.51816845
v 0.34444444 -0.91250000 0.51699675
v 0.35000000 -0.91250000 0.51376326
v 0.35555556 -0.91250000 0.50842803
v 0.50000000 -0.91250000 0.50535353
v 0.50555556 -0.91250000 0.52313229
v 0.51111111 -0.91250000 0.52580556
v 0.51666667 -0.91250000 0.52791917
v 0.52222222 -0.91250000 0.52949917
v 0.52777778 -0.91250000 0.53058504
v 0.53333333 -0.91250000 0.53041760
v 0.53888889 -0.91250000 0.52843931
v 0.54444444 -0.91250000 0.52404853
v 0.30555556 -0.91666667 0.51005058
v 0.31111111 -0.91666667 0.51657887
v 0.31666667 -0.91666667 0.51840910
v 0.32222222 -0.91666667 0.51948971
v 0.32777778 -0.91666667 0.52001814
v 0.33333333 -0.91666667 0.51993982
v 0.33888889 -0.91666667 0.51937551
v 0.34444444 -0.91666667 0.51774555
v 0.35000000 -0.91666667 0.51428010
v 0.35555556 -0.91666667 0.50792313
v 0.50000000 -0.91666667 0.50947073
v 0.50555556 -0.91666667 0.52294832
v 0.51111111 -0.91666667 0.52559584
v 0.51666667 -0.91666667 0.52770567
v 0.52222222 -0.91666667 0.52938355
v 0.52777778 -0.91666667 0.53057896
v 0.53333333 -0.91666667 0.53107860
v 0.53888889 -0.91666667 0.52956583
v 0.54444444 -0.91666667 0.52667069
v 0.55000000 -0.91666667 0.49491770
v 0.30000000 -0.92083333 0.51145416
v 0.30555556 -0.92083333 0.51601675
v 0.31111111 -0.92083333 0.51857078
v 0.31666667 -0.92083333 0.51983414
v 0.32222222 -0.92083333 0.52072030
v 0.32777778 -0.92083333 0.52120442
v 0.33333333 -0.92083333 0.52112750
v 0.33888889 -0.92083333 0.52013236
v 0.34444444 -0.92083333 0.51818944
v 0.35000000 -0.92083333 0.51454325
v 0.35555556 -0.92083333 0.50527943
v 0.50000000 -0.92083333 0.51099422
v 0.50555556 -0.92083333 0.52260203
v 0.51111111 -0.92083333 0.52522860
v 0.51666667 -0.92083333 0.52741234
v 0.52222222 -0.92083333 0.52924333
v 0.52777778 -0.92083333 0.53053179
v 0.53333333 -0.92083333 0.53112731
v 0.53888889 -0.92083333 0.53045533
v 0.54444444 -0.92083333 0.52931975
v 0.55000000 -0.92083333 0.52595576
v 0.55555556 -0.92083333 0.49198769
v 0.29444444 -0.92500000 0.51676279
v 0.30000000 -0.92500000 0.52011981
v 0.30555556 -0.92500000 0.52088292
v 0.31111111 -0.92500000 0.52161945
v 0.31666667 -0.92500000 0.52185055
v 0.32222222 -0.92500000 0.52222763
v 0.32777778 -0.92500000 0.52259163
v 0.33333333 -0.92500000 0.52239228
v 0.33888889 -0.92500000 0.52153906
v 0.34444444 -0.92500000 0.51945916
v 0.35000000 -0.92500000 0.51399179
v 0.50000000 -0.92500000 0.51225672
v 0.50555556 -0.92500000 0.52238599
v 0.51111111 -0.92500000 0.52497396
v 0.51666667 -0.92500000 0.52729450
v 0.52222222 -0.92500000 0.52916197
v 0.52777778 -0.92500000 0.53054105
v 0.53333333 -0.92500000 0.53144170
v 0.53888889 -0.92500000 0.53163925
v 0.54444444 -0.92500000 0.53104742
v 0.55000000 -0.92500000 0.52926207
v 0.55555556 -0.92500000 0.52654638
v 0.28888889 -0.92916667 0.52161963
v 0.29444444 -0.92916667 0.52431722
v 0.30000000 -0.92916667 0.52501456
v 0.30555556 -0.92916667 0.52562975
v 0.31111111 -0.92916667 0.52594281
v 0.31666667 -0.92916667 0.52579175
v 0.32222222 -0.92916667 0.52578667
v 0.32777778 -0.92916667 0.52576221
v 0.33333333 -0.92916667 0.52512417
v 0.33888889 -0.92916667 0.52364759
v 0.34444444 -0.92916667 0.52069784
v 0.35000000 -0.92916667 0.51180696
v 0.50000000 -0.92916667 0.51365479
v 0.50555556 -0.92916667 0.52257385
v 0.51111111 -0.92916667 0.52522974
v 0.51666667 -0.92916667 0.52777562
v 0.52222222 -0.92916667 0.52979372
v 0.52777778 -0.92916667 0.53109301
v 0.53333333 -0.92916667 0.53185498
v 0.53888889 -0.92916667 0.53236552
v 0.54444444 -0.92916667 0.53210113
v 0.55000000 -0.92916667 0.53164111
v 0.55555556 -0.92916667 0.52965109
v 0.56111111 -0.92916667 0.52730087
v 0.28333333 -0.93333333 0.52236325
v 0.28888889 -0.93333333 0.52644063
v 0.29444444 -0.93333333 0.52759784
v 0.30000000 -0.93333333 0.52813447
v 0.30555556 -0.93333333 0.52858812
v 0.31111111 -0.93333333 0.52883195
v 0.31666667 -0.93333333 0.52893763
v 0.32222222 -0.93333333 0.52871904
v 0.32777778 -0.93333333 0.52838888
v 0.33333333 -0.93333333 0.52758061
v 0.33888889 -0.93333333 0.52645472
v 0.34444444 -0.93333333 0.52286096
v 0.35000000 -0.93333333 0.51293714
v 0.50000000 -0.93333333 0.51559027
v 0.50555556 -0.93333333 0.52299746
v 0.51111111 -0.93333333 0.52560546
v 0.51666667 -0.93333333 0.52814398
v 0.52222222 -0.93333333 0.53016511
v 0.52777778 -0.93333333 0.53159956
v 0.53333333 -0.93333333 0.53239710
v 0.53888889 -0.93333333 0.53303479
v 0.54444444 -0.93333333 0.53325173
v 0.55000000 -0.93333333 0.53264519
v 0.55555556 -0.93333333 0.53209966
v 0.56111111 -0.93333333 0.52991949
v 0.56666667 -0.93333333 0.52520914
v 0.28333333 -0.93750000 0.52634364
v 0.28888889 -0.93750000 0.52827873
v 0.29444444 -0.93750000 0.52921525
v 0.30000000 -0.93750000 0.52957817
v 0.30555556 -0.93750000 0.52994853
v 0.31111111 -0.93750000 0.53051645
v 0.31666667 -0.93750000 0.53075259
v 0.32222222 -0.93750000 0.53053515
v 0.32777778 -0.93750000 0.53009158
v 0.33333333 -0.93750000 0.52914623
v 0.33888889 -0.93750000 0.52817620
v 0.34444444 -0.93750000 0.52395004
v 0.35000000 -0.93750000 0.51647708
v 0.50555556 -0.93750000 0.52362717
v 0.51111111 -0.93750000 0.52615575
v 0.51666667 -0.93750000 0.52859201
v 0.52222222 -0.93750000 0.53055146
v 0.52777778 -0.93750000 0.53202649
v 0.53333333 -0.93750000 0.53296105
v 0.53888889 -0.93750000 0.53352925
v 0.54444444 -0.93750000 0.53395565
v 0.55000000 -0.93750000 0.53394971
v 0.55555556 -0.93750000 0.53327912
v 0.56111111 -0.93750000 0.53249545
v 0.56666667 -0.93750000 0.53030516
v 0.57222222 -0.93750000 0.52669766
v 0.57777778 -0.93750000 0.50561010
v 0.28333333 -0.94166667 0.52793831
v 0.28888889 -0.94166667 0.52940687
v 0.29444444 -0.94166667 0.53030198
v 0.30000000 -0.94166667 0.53050128
v 0.30555556 -0.94166667 0.53105489
v 0.31111111 -0.94166667 0.53179604
v 0.31666667 -0.94166667 0.53202202
v 0.32222222 -0.94166667 0.53158582
v 0.32777778 -0.94166667 0.53144860
v 0.33333333 -0.94166667 0.53067423
v 0.33888889 -0.94166667 0.52972405
v 0.34444444 -0.94166667 0.52495097
v 0.51111111 -0.94166667 0.52663819
v 0.51666667 -0.94166667 0.52896752
v 0.52222222 -0.94166667 0.53095447
v 0.52777778 -0.94166667 0.53256100
v 0.53333333 -0.94166667 0.53355342
v 0.53888889 -0.94166667 0.53428574
v 0.54444444 -0.94166667 0.53493465
v 0.55000000 -0.94166667 0.53506179
v 0.55555556 -0.94166667 0.53503697
v 0.56111111 -0.94166667 0.53464758
v 0.56666667 -0.94166667 0.53340998
v 0.57222222 -0.94166667 0.53065728
v 0.57777778 -0.94166667 0.52788377
v 0.58333333 -0.94166667 0.51954507
v 0.28888889 -0.94583333 0.52982998
v 0.29444444 -0.94583333 0.53046945
v 0.30000000 -0.94583333 0.53110027
v 0.30555556 -0.94583333 0.53166161
v 0.31111111 -0.94583333 0.53250661
v 0.31666667 -0.94583333 0.53275909
v 0.32222222 -0.94583333 0.53279028
v 0.32777778 -0.94583333 0.53305457
v 0.33333333 -0.94583333 0.53227826
v 0.33888889 -0.94583333 0.52996684
v 0.52777778 -0.94583333 0.53282304
v 0.53333333 -0.94583333 0.53421364
v 0.53888889 -0.94583333 0.53510556
v 0.54444444 -0.94583333 0.53586255
v 0.55000000 -0.94583333 0.53611228
v 0.55555556 -0.94583333 0.53623384
v 0.56111111 -0.94583333 0.53621721
v 0.56666667 -0.94583333 0.53529979
v 0.57222222 -0.94583333 0.53330530
v 0.57777778 -0.94583333 0.53088516
v 0.58333333 -0.94583333 0.52838709
v 0.58888889 -0.94583333 0.52482222
v 0.59444444 -0.94583333 0.51743095
v 0.30555556 -0.95000000 0.53285744
v 0.31111111 -0.95000000 0.53332887
v 0.31666667 -0.95000000 0.53346920
v 0.32222222 -0.95000000 0.53370456
v 0.32777778 -0.95000000 0.53365957
v 0.33333333 -0.95000000 0.53283355
v 0.53333333 -0.95000000 0.53401394
v 0.53888889 -0.95000000 0.53537607
v 0.54444444 -0.95000000 0.53623027
v 0.55000000 -0.95000000 0.53681073
v 0.55555556 -0.95000000 0.53735905
v 0.56111111 -0.95000000 0.53755803
v 0.56666667 -0.95000000 0.53714229
v 0.57222222 -0.95000000 0.53567415
v 0.57777778 -0.95000000 0.53367194
v 0.58333333 -0.95000000 0.53197825
v 0.58888889 -0.95000000 0.52959663
v 0.59444444 -0.95000000 0.52663518
v 0.60000000 -0.95000000 0.52228146
v 0.60555556 -0.95000000 0.51847647
v 0.54444444 -0.95416667 0.53574815
v 0.55000000 -0.95416667 0.53678055
v 0.55555556 -0.95416667 0.53758775
v 0.56111111 -0.95416667 0.53810767
v 0.56666667 -0.95416667 0.53851315
v 0.57222222 -0.95416667 0.53845003
v 0.57777778 -0.95416667 0.53722519
v 0.58333333 -0.95416667 0.53476639
v 0.58888889 -0.95416667 0.53355721
v 0.59444444 -0.95416667 0.53171006
v 0.60000000 -0.95416667 0.52939171
v 0.60555556 -0.95416667 0.52729071
v 0.55000000 -0.95833333 0.53589807
v 0.55555556 -0.95833333 0.53724418
v 0.56111111 -0.95833333 0.53816457
v 0.56666667 -0.95833333 0.53900818
v 0.57222222 -0.95833333 0.53952148
v 0.57777778 -0.95833333 0.53929607
v 0.58333333 -0.95833333 0.53662734
v 0.58888889 -0.95833333 0.53561068
v 0.59444444 -0.95833333 0.53521500
v 0.60000000 -0.95833333 0.53397696
v 0.60555556 -0.95833333 0.53263596
v 0.61111111 -0.95833333 0.52933695
v 0.56111111 -0.96250000 0.53743061
v 0.56666667 -0.96250000 0.53889681
v 0.57222222 -0.96250000 0.53979349
v 0.57777778 -0.96250000 0.54005231
v 0.58333333 -0.96250000 0.53953393
v 0.58888889 -0.96250000 0.53871517
v 0.59444444 -0.96250000 0.53761314
v 0.60000000 -0.96250000 0.53686284
v 0.60555556 -0.96250000 0.53588344
v 0.61111111 -0.96250000 0.53200983
v 0.57777778 -0.96666667 0.53940668
v 0.58333333 -0.96666667 0.53982314
v 0.58888889 -0.96666667 0.53959883
v 0.59444444 -0.96666667 0.53814719
f 